driver_number,broadcast_name,full_name,name_acronym,team_name,team_colour,first_name,last_name,headshot_url,country_code,session_key,meeting_key
1,M VERSTAPPEN,Max VERSTAPPEN,VER,Red Bull Racing,3671C6,Max,Verstappen,https://www.formula1.com/content/dam/fom-website/drivers/M/MAXVER01_Max_Verstappen/maxver01.png.transform/1col/image.png,NED,7763,1140
2,L SARGEANT,Logan SARGEANT,SAR,Williams,37BEDD,Logan,Sargeant,https://www.formula1.com/content/dam/fom-website/drivers/L/LOGSAR01_Logan_Sargeant/logsar01.png.transform/1col/image.png,USA,7763,1140
4,L NORRIS,Lando NORRIS,NOR,McLaren,F58020,Lando,Norris,https://www.formula1.com/content/dam/fom-website/drivers/L/LANNOR01_Lando_Norris/lannor01.png.transform/1col/image.png,GBR,7763,1140
10,P GASLY,Pierre GASLY,GAS,Alpine,2293D1,Pierre,Gasly,https://www.formula1.com/content/dam/fom-website/drivers/P/PIEGAS01_Pierre_Gasly/piegas01.png.transform/1col/image.png,FRA,7763,1140
11,S PEREZ,Sergio PEREZ,PER,Red Bull Racing,3671C6,Sergio,Perez,https://www.formula1.com/content/dam/fom-website/drivers/S/SERPER01_Sergio_Perez/serper01.png.transform/1col/image.png,MEX,7763,1140
14,F ALONSO,Fernando ALONSO,ALO,Aston Martin,358C75,Fernando,Alonso,https://www.formula1.com/content/dam/fom-website/drivers/F/FERALO01_Fernando_Alonso/feralo01.png.transform/1col/image.png,ESP,7763,1140
16,C LECLERC,Charles LECLERC,LEC,Ferrari,F91536,Charles,Leclerc,https://www.formula1.com/content/dam/fom-website/drivers/C/CHALEC01_Charles_Leclerc/chalec01.png.transform/1col/image.png,MON,7763,1140
20,K MAGNUSSEN,Kevin MAGNUSSEN,MAG,Haas F1 Team,B6BABD,Kevin,Magnussen,https://www.formula1.com/content/dam/fom-website/drivers/K/KEVMAG01_Kevin_Magnussen/kevmag01.png.transform/1col/image.png,DEN,7763,1140
21,N DE VRIES,Nyck DE VRIES,DEV,AlphaTauri,5E8FAA,Nyck,De Vries,https://www.formula1.com/content/dam/fom-website/drivers/N/NYCDEV01_Nyck_De%20Vries/nycdev01.png.transform/1col/image.png,NED,7763,1140
22,Y TSUNODA,Yuki TSUNODA,TSU,AlphaTauri,5E8FAA,Yuki,Tsunoda,https://www.formula1.com/content/dam/fom-website/drivers/Y/YUKTSU01_Yuki_Tsunoda/yuktsu01.png.transform/1col/image.png,JPN,7763,1140
24,G ZHOU,ZHOU Guanyu,ZHO,Alfa Romeo,C92D4B,Guanyu,Zhou,https://www.formula1.com/content/dam/fom-website/drivers/G/GUAZHO01_Guanyu_Zhou/guazho01.png.transform/1col/image.png,CHN,7763,1140
27,N HULKENBERG,Nico HULKENBERG,HUL,Haas F1 Team,B6BABD,Nico,Hulkenberg,https://www.formula1.com/content/dam/fom-website/drivers/N/NICHUL01_Nico_Hulkenberg/nichul01.png.transform/1col/image.png,GER,7763,1140
31,E OCON,Esteban OCON,OCO,Alpine,2293D1,Esteban,Ocon,https://www.formula1.com/content/dam/fom-website/drivers/E/ESTOCO01_Esteban_Ocon/estoco01.png.transform/1col/image.png,FRA,7763,1140
44,L HAMILTON,Lewis HAMILTON,HAM,Mercedes,6CD3BF,Lewis,Hamilton,https://www.formula1.com/content/dam/fom-website/drivers/L/LEWHAM01_Lewis_Hamilton/lewham01.png.transform/1col/image.png,GBR,7763,1140
55,C SAINZ,Carlos SAINZ,SAI,Ferrari,F91536,Carlos,Sainz,https://www.formula1.com/content/dam/fom-website/drivers/C/CARSAI01_Carlos_Sainz/carsai01.png.transform/1col/image.png,ESP,7763,1140
63,G RUSSELL,George RUSSELL,RUS,Mercedes,6CD3BF,George,Russell,https://www.formula1.com/content/dam/fom-website/drivers/G/GEORUS01_George_Russell/georus01.png.transform/1col/image.png,GBR,7763,1140
81,O PIASTRI,Oscar PIASTRI,PIA,McLaren,F58020,Oscar,Piastri,https://www.formula1.com/content/dam/fom-website/drivers/O/OSCPIA01_Oscar_Piastri/oscpia01.png.transform/1col/image.png,AUS,7763,1140
4,L NORRIS,Lando NORRIS,NOR,McLaren,F58020,Lando,Norris,https://www.formula1.com/content/dam/fom-website/drivers/L/LANNOR01_Lando_Norris/lannor01.png.transform/1col/image.png,GBR,7764,1140
10,P GASLY,Pierre GASLY,GAS,Alpine,2293D1,Pierre,Gasly,https://www.formula1.com/content/dam/fom-website/drivers/P/PIEGAS01_Pierre_Gasly/piegas01.png.transform/1col/image.png,FRA,7764,1140
11,S PEREZ,Sergio PEREZ,PER,Red Bull Racing,3671C6,Sergio,Perez,https://www.formula1.com/content/dam/fom-website/drivers/S/SERPER01_Sergio_Perez/serper01.png.transform/1col/image.png,MEX,7764,1140
14,F ALONSO,Fernando ALONSO,ALO,Aston Martin,358C75,Fernando,Alonso,https://www.formula1.com/content/dam/fom-website/drivers/F/FERALO01_Fernando_Alonso/feralo01.png.transform/1col/image.png,ESP,7764,1140
16,C LECLERC,Charles LECLERC,LEC,Ferrari,F91536,Charles,Leclerc,https://www.formula1.com/content/dam/fom-website/drivers/C/CHALEC01_Charles_Leclerc/chalec01.png.transform/1col/image.png,MON,7764,1140
20,K MAGNUSSEN,Kevin MAGNUSSEN,MAG,Haas F1 Team,B6BABD,Kevin,Magnussen,https://www.formula1.com/content/dam/fom-website/drivers/K/KEVMAG01_Kevin_Magnussen/kevmag01.png.transform/1col/image.png,DEN,7764,1140
21,N DE VRIES,Nyck DE VRIES,DEV,AlphaTauri,5E8FAA,Nyck,De Vries,https://www.formula1.com/content/dam/fom-website/drivers/N/NYCDEV01_Nyck_De%20Vries/nycdev01.png.transform/1col/image.png,NED,7764,1140
22,Y TSUNODA,Yuki TSUNODA,TSU,AlphaTauri,5E8FAA,Yuki,Tsunoda,https://www.formula1.com/content/dam/fom-website/drivers/Y/YUKTSU01_Yuki_Tsunoda/yuktsu01.png.transform/1col/image.png,JPN,7764,1140
23,A ALBON,Alexander ALBON,ALB,Williams,37BEDD,Alexander,Albon,https://www.formula1.com/content/dam/fom-website/drivers/A/ALEALB01_Alexander_Albon/alealb01.png.transform/1col/image.png,THA,7764,1140
27,N HULKENBERG,Nico HULKENBERG,HUL,Haas F1 Team,B6BABD,Nico,Hulkenberg,https://www.formula1.com/content/dam/fom-website/drivers/N/NICHUL01_Nico_Hulkenberg/nichul01.png.transform/1col/image.png,GER,7764,1140
31,E OCON,Esteban OCON,OCO,Alpine,2293D1,Esteban,Ocon,https://www.formula1.com/content/dam/fom-website/drivers/E/ESTOCO01_Esteban_Ocon/estoco01.png.transform/1col/image.png,FRA,7764,1140
34,F DRUGOVICH,Felipe DRUGOVICH,DRU,Aston Martin,358C75,Felipe,Drugovich,,BRA,7764,1140
44,L HAMILTON,Lewis HAMILTON,HAM,Mercedes,6CD3BF,Lewis,Hamilton,https://www.formula1.com/content/dam/fom-website/drivers/L/LEWHAM01_Lewis_Hamilton/lewham01.png.transform/1col/image.png,GBR,7764,1140
55,C SAINZ,Carlos SAINZ,SAI,Ferrari,F91536,Carlos,Sainz,https://www.formula1.com/content/dam/fom-website/drivers/C/CARSAI01_Carlos_Sainz/carsai01.png.transform/1col/image.png,ESP,7764,1140
63,G RUSSELL,George RUSSELL,RUS,Mercedes,6CD3BF,George,Russell,https://www.formula1.com/content/dam/fom-website/drivers/G/GEORUS01_George_Russell/georus01.png.transform/1col/image.png,GBR,7764,1140
77,V BOTTAS,Valtteri BOTTAS,BOT,Alfa Romeo,C92D4B,Valtteri,Bottas,https://www.formula1.com/content/dam/fom-website/drivers/V/VALBOT01_Valtteri_Bottas/valbot01.png.transform/1col/image.png,FIN,7764,1140
81,O PIASTRI,Oscar PIASTRI,PIA,McLaren,F58020,Oscar,Piastri,https://www.formula1.com/content/dam/fom-website/drivers/O/OSCPIA01_Oscar_Piastri/oscpia01.png.transform/1col/image.png,AUS,7764,1140
1,M VERSTAPPEN,Max VERSTAPPEN,VER,Red Bull Racing,3671C6,Max,Verstappen,https://www.formula1.com/content/dam/fom-website/drivers/M/MAXVER01_Max_Verstappen/maxver01.png.transform/1col/image.png,NED,9222,1140
2,L SARGEANT,Logan SARGEANT,SAR,Williams,37BEDD,Logan,Sargeant,https://www.formula1.com/content/dam/fom-website/drivers/L/LOGSAR01_Logan_Sargeant/logsar01.png.transform/1col/image.png,USA,9222,1140
4,L NORRIS,Lando NORRIS,NOR,McLaren,F58020,Lando,Norris,https://www.formula1.com/content/dam/fom-website/drivers/L/LANNOR01_Lando_Norris/lannor01.png.transform/1col/image.png,GBR,9222,1140
10,P GASLY,Pierre GASLY,GAS,Alpine,2293D1,Pierre,Gasly,https://www.formula1.com/content/dam/fom-website/drivers/P/PIEGAS01_Pierre_Gasly/piegas01.png.transform/1col/image.png,FRA,9222,1140
14,F ALONSO,Fernando ALONSO,ALO,Aston Martin,358C75,Fernando,Alonso,https://www.formula1.com/content/dam/fom-website/drivers/F/FERALO01_Fernando_Alonso/feralo01.png.transform/1col/image.png,ESP,9222,1140
16,C LECLERC,Charles LECLERC,LEC,Ferrari,F91536,Charles,Leclerc,https://www.formula1.com/content/dam/fom-website/drivers/C/CHALEC01_Charles_Leclerc/chalec01.png.transform/1col/image.png,MON,9222,1140
20,K MAGNUSSEN,Kevin MAGNUSSEN,MAG,,,,,,,9222,1140
21,N DE VRIES,Nyck DE VRIES,DEV,AlphaTauri,5E8FAA,Nyck,De Vries,https://www.formula1.com/content/dam/fom-website/drivers/N/NYCDEV01_Nyck_De%20Vries/nycdev01.png.transform/1col/image.png,NED,9222,1140
22,Y TSUNODA,Yuki TSUNODA,TSU,AlphaTauri,5E8FAA,Yuki,Tsunoda,https://www.formula1.com/content/dam/fom-website/drivers/Y/YUKTSU01_Yuki_Tsunoda/yuktsu01.png.transform/1col/image.png,JPN,9222,1140
23,A ALBON,Alexander ALBON,ALB,Williams,37BEDD,Alexander,Albon,https://www.formula1.com/content/dam/fom-website/drivers/A/ALEALB01_Alexander_Albon/alealb01.png.transform/1col/image.png,THA,9222,1140
24,G ZHOU,ZHOU Guanyu,ZHO,Alfa Romeo,C92D4B,Guanyu,Zhou,https://www.formula1.com/content/dam/fom-website/drivers/G/GUAZHO01_Guanyu_Zhou/guazho01.png.transform/1col/image.png,CHN,9222,1140
27,N HULKENBERG,Nico HULKENBERG,HUL,Haas F1 Team,B6BABD,Nico,Hulkenberg,https://www.formula1.com/content/dam/fom-website/drivers/N/NICHUL01_Nico_Hulkenberg/nichul01.png.transform/1col/image.png,GER,9222,1140
31,E OCON,Esteban OCON,OCO,Alpine,2293D1,Esteban,Ocon,https://www.formula1.com/content/dam/fom-website/drivers/E/ESTOCO01_Esteban_Ocon/estoco01.png.transform/1col/image.png,FRA,9222,1140
34,F DRUGOVICH,Felipe DRUGOVICH,DRU,Aston Martin,358C75,Felipe,Drugovich,,BRA,9222,1140
44,L HAMILTON,Lewis HAMILTON,HAM,Mercedes,6CD3BF,Lewis,Hamilton,https://www.formula1.com/content/dam/fom-website/drivers/L/LEWHAM01_Lewis_Hamilton/lewham01.png.transform/1col/image.png,GBR,9222,1140
55,C SAINZ,Carlos SAINZ,SAI,Ferrari,F91536,Carlos,Sainz,https://www.formula1.com/content/dam/fom-website/drivers/C/CARSAI01_Carlos_Sainz/carsai01.png.transform/1col/image.png,ESP,9222,1140
63,G RUSSELL,George RUSSELL,RUS,Mercedes,6CD3BF,George,Russell,https://www.formula1.com/content/dam/fom-website/drivers/G/GEORUS01_George_Russell/georus01.png.transform/1col/image.png,GBR,9222,1140
77,V BOTTAS,Valtteri BOTTAS,BOT,Alfa Romeo,C92D4B,Valtteri,Bottas,https://www.formula1.com/content/dam/fom-website/drivers/V/VALBOT01_Valtteri_Bottas/valbot01.png.transform/1col/image.png,FIN,9222,1140
81,O PIASTRI,Oscar PIASTRI,PIA,McLaren,F58020,Oscar,Piastri,https://www.formula1.com/content/dam/fom-website/drivers/O/OSCPIA01_Oscar_Piastri/oscpia01.png.transform/1col/image.png,AUS,9222,1140
1,M VERSTAPPEN,Max VERSTAPPEN,VER,Red Bull Racing,3671C6,Max,Verstappen,https://www.formula1.com/content/dam/fom-website/drivers/M/MAXVER01_Max_Verstappen/maxver01.png.transform/1col/image.png,NED,7765,1141
2,L SARGEANT,Logan SARGEANT,SAR,Williams,37BEDD,Logan,Sargeant,https://www.formula1.com/content/dam/fom-website/drivers/L/LOGSAR01_Logan_Sargeant/logsar01.png.transform/1col/image.png,USA,7765,1141
4,L NORRIS,Lando NORRIS,NOR,McLaren,F58020,Lando,Norris,https://www.formula1.com/content/dam/fom-website/drivers/L/LANNOR01_Lando_Norris/lannor01.png.transform/1col/image.png,GBR,7765,1141
10,P GASLY,Pierre GASLY,GAS,Alpine,2293D1,Pierre,Gasly,https://www.formula1.com/content/dam/fom-website/drivers/P/PIEGAS01_Pierre_Gasly/piegas01.png.transform/1col/image.png,FRA,7765,1141
11,S PEREZ,Sergio PEREZ,PER,Red Bull Racing,3671C6,Sergio,Perez,https://www.formula1.com/content/dam/fom-website/drivers/S/SERPER01_Sergio_Perez/serper01.png.transform/1col/image.png,MEX,7765,1141
14,F ALONSO,Fernando ALONSO,ALO,Aston Martin,358C75,Fernando,Alonso,https://www.formula1.com/content/dam/fom-website/drivers/F/FERALO01_Fernando_Alonso/feralo01.png.transform/1col/image.png,ESP,7765,1141
16,C LECLERC,Charles LECLERC,LEC,Ferrari,F91536,Charles,Leclerc,https://www.formula1.com/content/dam/fom-website/drivers/C/CHALEC01_Charles_Leclerc/chalec01.png.transform/1col/image.png,MON,7765,1141
18,L STROLL,Lance STROLL,STR,Aston Martin,358C75,Lance,Stroll,https://www.formula1.com/content/dam/fom-website/drivers/L/LANSTR01_Lance_Stroll/lanstr01.png.transform/1col/image.png,CAN,7765,1141
20,K MAGNUSSEN,Kevin MAGNUSSEN,MAG,Haas F1 Team,B6BABD,Kevin,Magnussen,https://www.formula1.com/content/dam/fom-website/drivers/K/KEVMAG01_Kevin_Magnussen/kevmag01.png.transform/1col/image.png,DEN,7765,1141
21,N DE VRIES,Nyck DE VRIES,DEV,AlphaTauri,5E8FAA,Nyck,De Vries,https://www.formula1.com/content/dam/fom-website/drivers/N/NYCDEV01_Nyck_De%20Vries/nycdev01.png.transform/1col/image.png,NED,7765,1141
22,Y TSUNODA,Yuki TSUNODA,TSU,AlphaTauri,5E8FAA,Yuki,Tsunoda,https://www.formula1.com/content/dam/fom-website/drivers/Y/YUKTSU01_Yuki_Tsunoda/yuktsu01.png.transform/1col/image.png,JPN,7765,1141
23,A ALBON,Alexander ALBON,ALB,Williams,37BEDD,Alexander,Albon,https://www.formula1.com/content/dam/fom-website/drivers/A/ALEALB01_Alexander_Albon/alealb01.png.transform/1col/image.png,THA,7765,1141
24,G ZHOU,ZHOU Guanyu,ZHO,Alfa Romeo,C92D4B,Guanyu,Zhou,https://www.formula1.com/content/dam/fom-website/drivers/G/GUAZHO01_Guanyu_Zhou/guazho01.png.transform/1col/image.png,CHN,7765,1141
27,N HULKENBERG,Nico HULKENBERG,HUL,Haas F1 Team,B6BABD,Nico,Hulkenberg,https://www.formula1.com/content/dam/fom-website/drivers/N/NICHUL01_Nico_Hulkenberg/nichul01.png.transform/1col/image.png,GER,7765,1141
31,E OCON,Esteban OCON,OCO,Alpine,2293D1,Esteban,Ocon,https://www.formula1.com/content/dam/fom-website/drivers/E/ESTOCO01_Esteban_Ocon/estoco01.png.transform/1col/image.png,FRA,7765,1141
44,L HAMILTON,Lewis HAMILTON,HAM,Mercedes,6CD3BF,Lewis,Hamilton,https://www.formula1.com/content/dam/fom-website/drivers/L/LEWHAM01_Lewis_Hamilton/lewham01.png.transform/1col/image.png,GBR,7765,1141
55,C SAINZ,Carlos SAINZ,SAI,Ferrari,F91536,Carlos,Sainz,https://www.formula1.com/content/dam/fom-website/drivers/C/CARSAI01_Carlos_Sainz/carsai01.png.transform/1col/image.png,ESP,7765,1141
63,G RUSSELL,George RUSSELL,RUS,Mercedes,6CD3BF,George,Russell,https://www.formula1.com/content/dam/fom-website/drivers/G/GEORUS01_George_Russell/georus01.png.transform/1col/image.png,GBR,7765,1141
77,V BOTTAS,Valtteri BOTTAS,BOT,Alfa Romeo,C92D4B,Valtteri,Bottas,https://www.formula1.com/content/dam/fom-website/drivers/V/VALBOT01_Valtteri_Bottas/valbot01.png.transform/1col/image.png,FIN,7765,1141
81,O PIASTRI,Oscar PIASTRI,PIA,McLaren,F58020,Oscar,Piastri,https://www.formula1.com/content/dam/fom-website/drivers/O/OSCPIA01_Oscar_Piastri/oscpia01.png.transform/1col/image.png,AUS,7765,1141
1,M VERSTAPPEN,Max VERSTAPPEN,VER,Red Bull Racing,3671C6,Max,Verstappen,https://www.formula1.com/content/dam/fom-website/drivers/M/MAXVER01_Max_Verstappen/maxver01.png.transform/1col/image.png,NED,7766,1141
2,L SARGEANT,Logan SARGEANT,SAR,Williams,37BEDD,Logan,Sargeant,https://www.formula1.com/content/dam/fom-website/drivers/L/LOGSAR01_Logan_Sargeant/logsar01.png.transform/1col/image.png,USA,7766,1141
4,L NORRIS,Lando NORRIS,NOR,McLaren,F58020,Lando,Norris,https://www.formula1.com/content/dam/fom-website/drivers/L/LANNOR01_Lando_Norris/lannor01.png.transform/1col/image.png,GBR,7766,1141
10,P GASLY,Pierre GASLY,GAS,Alpine,2293D1,Pierre,Gasly,https://www.formula1.com/content/dam/fom-website/drivers/P/PIEGAS01_Pierre_Gasly/piegas01.png.transform/1col/image.png,FRA,7766,1141
11,S PEREZ,Sergio PEREZ,PER,Red Bull Racing,3671C6,Sergio,Perez,https://www.formula1.com/content/dam/fom-website/drivers/S/SERPER01_Sergio_Perez/serper01.png.transform/1col/image.png,MEX,7766,1141
14,F ALONSO,Fernando ALONSO,ALO,Aston Martin,358C75,Fernando,Alonso,https://www.formula1.com/content/dam/fom-website/drivers/F/FERALO01_Fernando_Alonso/feralo01.png.transform/1col/image.png,ESP,7766,1141
16,C LECLERC,Charles LECLERC,LEC,Ferrari,F91536,Charles,Leclerc,https://www.formula1.com/content/dam/fom-website/drivers/C/CHALEC01_Charles_Leclerc/chalec01.png.transform/1col/image.png,MON,7766,1141
18,L STROLL,Lance STROLL,STR,Aston Martin,358C75,Lance,Stroll,https://www.formula1.com/content/dam/fom-website/drivers/L/LANSTR01_Lance_Stroll/lanstr01.png.transform/1col/image.png,CAN,7766,1141
20,K MAGNUSSEN,Kevin MAGNUSSEN,MAG,Haas F1 Team,B6BABD,Kevin,Magnussen,https://www.formula1.com/content/dam/fom-website/drivers/K/KEVMAG01_Kevin_Magnussen/kevmag01.png.transform/1col/image.png,DEN,7766,1141
21,N DE VRIES,Nyck DE VRIES,DEV,AlphaTauri,5E8FAA,Nyck,De Vries,https://www.formula1.com/content/dam/fom-website/drivers/N/NYCDEV01_Nyck_De%20Vries/nycdev01.png.transform/1col/image.png,NED,7766,1141
22,Y TSUNODA,Yuki TSUNODA,TSU,AlphaTauri,5E8FAA,Yuki,Tsunoda,https://www.formula1.com/content/dam/fom-website/drivers/Y/YUKTSU01_Yuki_Tsunoda/yuktsu01.png.transform/1col/image.png,JPN,7766,1141
23,A ALBON,Alexander ALBON,ALB,Williams,37BEDD,Alexander,Albon,https://www.formula1.com/content/dam/fom-website/drivers/A/ALEALB01_Alexander_Albon/alealb01.png.transform/1col/image.png,THA,7766,1141
24,G ZHOU,ZHOU Guanyu,ZHO,Alfa Romeo,C92D4B,Guanyu,Zhou,https://www.formula1.com/content/dam/fom-website/drivers/G/GUAZHO01_Guanyu_Zhou/guazho01.png.transform/1col/image.png,CHN,7766,1141
27,N HULKENBERG,Nico HULKENBERG,HUL,Haas F1 Team,B6BABD,Nico,Hulkenberg,https://www.formula1.com/content/dam/fom-website/drivers/N/NICHUL01_Nico_Hulkenberg/nichul01.png.transform/1col/image.png,GER,7766,1141
31,E OCON,Esteban OCON,OCO,Alpine,2293D1,Esteban,Ocon,https://www.formula1.com/content/dam/fom-website/drivers/E/ESTOCO01_Esteban_Ocon/estoco01.png.transform/1col/image.png,FRA,7766,1141
44,L HAMILTON,Lewis HAMILTON,HAM,Mercedes,6CD3BF,Lewis,Hamilton,https://www.formula1.com/content/dam/fom-website/drivers/L/LEWHAM01_Lewis_Hamilton/lewham01.png.transform/1col/image.png,GBR,7766,1141
55,C SAINZ,Carlos SAINZ,SAI,Ferrari,F91536,Carlos,Sainz,https://www.formula1.com/content/dam/fom-website/drivers/C/CARSAI01_Carlos_Sainz/carsai01.png.transform/1col/image.png,ESP,7766,1141
63,G RUSSELL,George RUSSELL,RUS,Mercedes,6CD3BF,George,Russell,https://www.formula1.com/content/dam/fom-website/drivers/G/GEORUS01_George_Russell/georus01.png.transform/1col/image.png,GBR,7766,1141
77,V BOTTAS,Valtteri BOTTAS,BOT,Alfa Romeo,C92D4B,Valtteri,Bottas,https://www.formula1.com/content/dam/fom-website/drivers/V/VALBOT01_Valtteri_Bottas/valbot01.png.transform/1col/image.png,FIN,7766,1141
81,O PIASTRI,Oscar PIASTRI,PIA,McLaren,F58020,Oscar,Piastri,https://www.formula1.com/content/dam/fom-website/drivers/O/OSCPIA01_Oscar_Piastri/oscpia01.png.transform/1col/image.png,AUS,7766,1141
1,M VERSTAPPEN,Max VERSTAPPEN,VER,Red Bull Racing,3671C6,Max,Verstappen,https://www.formula1.com/content/dam/fom-website/drivers/M/MAXVER01_Max_Verstappen/maxver01.png.transform/1col/image.png,NED,7767,1141
2,L SARGEANT,Logan SARGEANT,SAR,Williams,37BEDD,Logan,Sargeant,https://www.formula1.com/content/dam/fom-website/drivers/L/LOGSAR01_Logan_Sargeant/logsar01.png.transform/1col/image.png,USA,7767,1141
4,L NORRIS,Lando NORRIS,NOR,McLaren,F58020,Lando,Norris,https://www.formula1.com/content/dam/fom-website/drivers/L/LANNOR01_Lando_Norris/lannor01.png.transform/1col/image.png,GBR,7767,1141
10,P GASLY,Pierre GASLY,GAS,Alpine,2293D1,Pierre,Gasly,https://www.formula1.com/content/dam/fom-website/drivers/P/PIEGAS01_Pierre_Gasly/piegas01.png.transform/1col/image.png,FRA,7767,1141
11,S PEREZ,Sergio PEREZ,PER,Red Bull Racing,3671C6,Sergio,Perez,https://www.formula1.com/content/dam/fom-website/drivers/S/SERPER01_Sergio_Perez/serper01.png.transform/1col/image.png,MEX,7767,1141
14,F ALONSO,Fernando ALONSO,ALO,Aston Martin,358C75,Fernando,Alonso,https://www.formula1.com/content/dam/fom-website/drivers/F/FERALO01_Fernando_Alonso/feralo01.png.transform/1col/image.png,ESP,7767,1141
16,C LECLERC,Charles LECLERC,LEC,Ferrari,F91536,Charles,Leclerc,https://www.formula1.com/content/dam/fom-website/drivers/C/CHALEC01_Charles_Leclerc/chalec01.png.transform/1col/image.png,MON,7767,1141
18,L STROLL,Lance STROLL,STR,Aston Martin,358C75,Lance,Stroll,https://www.formula1.com/content/dam/fom-website/drivers/L/LANSTR01_Lance_Stroll/lanstr01.png.transform/1col/image.png,CAN,7767,1141
20,K MAGNUSSEN,Kevin MAGNUSSEN,MAG,Haas F1 Team,B6BABD,Kevin,Magnussen,https://www.formula1.com/content/dam/fom-website/drivers/K/KEVMAG01_Kevin_Magnussen/kevmag01.png.transform/1col/image.png,DEN,7767,1141
21,N DE VRIES,Nyck DE VRIES,DEV,AlphaTauri,5E8FAA,Nyck,De Vries,https://www.formula1.com/content/dam/fom-website/drivers/N/NYCDEV01_Nyck_De%20Vries/nycdev01.png.transform/1col/image.png,NED,7767,1141
22,Y TSUNODA,Yuki TSUNODA,TSU,AlphaTauri,5E8FAA,Yuki,Tsunoda,https://www.formula1.com/content/dam/fom-website/drivers/Y/YUKTSU01_Yuki_Tsunoda/yuktsu01.png.transform/1col/image.png,JPN,7767,1141
23,A ALBON,Alexander ALBON,ALB,Williams,37BEDD,Alexander,Albon,https://www.formula1.com/content/dam/fom-website/drivers/A/ALEALB01_Alexander_Albon/alealb01.png.transform/1col/image.png,THA,7767,1141
24,G ZHOU,ZHOU Guanyu,ZHO,Alfa Romeo,C92D4B,Guanyu,Zhou,https://www.formula1.com/content/dam/fom-website/drivers/G/GUAZHO01_Guanyu_Zhou/guazho01.png.transform/1col/image.png,CHN,7767,1141
27,N HULKENBERG,Nico HULKENBERG,HUL,Haas F1 Team,B6BABD,Nico,Hulkenberg,https://www.formula1.com/content/dam/fom-website/drivers/N/NICHUL01_Nico_Hulkenberg/nichul01.png.transform/1col/image.png,GER,7767,1141
31,E OCON,Esteban OCON,OCO,Alpine,2293D1,Esteban,Ocon,https://www.formula1.com/content/dam/fom-website/drivers/E/ESTOCO01_Esteban_Ocon/estoco01.png.transform/1col/image.png,FRA,7767,1141
44,L HAMILTON,Lewis HAMILTON,HAM,Mercedes,6CD3BF,Lewis,Hamilton,https://www.formula1.com/content/dam/fom-website/drivers/L/LEWHAM01_Lewis_Hamilton/lewham01.png.transform/1col/image.png,GBR,7767,1141
55,C SAINZ,Carlos SAINZ,SAI,Ferrari,F91536,Carlos,Sainz,https://www.formula1.com/content/dam/fom-website/drivers/C/CARSAI01_Carlos_Sainz/carsai01.png.transform/1col/image.png,ESP,7767,1141
63,G RUSSELL,George RUSSELL,RUS,Mercedes,6CD3BF,George,Russell,https://www.formula1.com/content/dam/fom-website/drivers/G/GEORUS01_George_Russell/georus01.png.transform/1col/image.png,GBR,7767,1141
77,V BOTTAS,Valtteri BOTTAS,BOT,Alfa Romeo,C92D4B,Valtteri,Bottas,https://www.formula1.com/content/dam/fom-website/drivers/V/VALBOT01_Valtteri_Bottas/valbot01.png.transform/1col/image.png,FIN,7767,1141
81,O PIASTRI,Oscar PIASTRI,PIA,McLaren,F58020,Oscar,Piastri,https://www.formula1.com/content/dam/fom-website/drivers/O/OSCPIA01_Oscar_Piastri/oscpia01.png.transform/1col/image.png,AUS,7767,1141
1,M VERSTAPPEN,Max VERSTAPPEN,VER,Red Bull Racing,3671C6,Max,Verstappen,https://www.formula1.com/content/dam/fom-website/drivers/M/MAXVER01_Max_Verstappen/maxver01.png.transform/1col/image.png,NED,7768,1141
2,L SARGEANT,Logan SARGEANT,SAR,Williams,37BEDD,Logan,Sargeant,https://www.formula1.com/content/dam/fom-website/drivers/L/LOGSAR01_Logan_Sargeant/logsar01.png.transform/1col/image.png,USA,7768,1141
4,L NORRIS,Lando NORRIS,NOR,McLaren,F58020,Lando,Norris,https://www.formula1.com/content/dam/fom-website/drivers/L/LANNOR01_Lando_Norris/lannor01.png.transform/1col/image.png,GBR,7768,1141
10,P GASLY,Pierre GASLY,GAS,Alpine,2293D1,Pierre,Gasly,https://www.formula1.com/content/dam/fom-website/drivers/P/PIEGAS01_Pierre_Gasly/piegas01.png.transform/1col/image.png,FRA,7768,1141
11,S PEREZ,Sergio PEREZ,PER,Red Bull Racing,3671C6,Sergio,Perez,https://www.formula1.com/content/dam/fom-website/drivers/S/SERPER01_Sergio_Perez/serper01.png.transform/1col/image.png,MEX,7768,1141
14,F ALONSO,Fernando ALONSO,ALO,Aston Martin,358C75,Fernando,Alonso,https://www.formula1.com/content/dam/fom-website/drivers/F/FERALO01_Fernando_Alonso/feralo01.png.transform/1col/image.png,ESP,7768,1141
16,C LECLERC,Charles LECLERC,LEC,Ferrari,F91536,Charles,Leclerc,https://www.formula1.com/content/dam/fom-website/drivers/C/CHALEC01_Charles_Leclerc/chalec01.png.transform/1col/image.png,MON,7768,1141
18,L STROLL,Lance STROLL,STR,Aston Martin,358C75,Lance,Stroll,https://www.formula1.com/content/dam/fom-website/drivers/L/LANSTR01_Lance_Stroll/lanstr01.png.transform/1col/image.png,CAN,7768,1141
20,K MAGNUSSEN,Kevin MAGNUSSEN,MAG,Haas F1 Team,B6BABD,Kevin,Magnussen,https://www.formula1.com/content/dam/fom-website/drivers/K/KEVMAG01_Kevin_Magnussen/kevmag01.png.transform/1col/image.png,DEN,7768,1141
21,N DE VRIES,Nyck DE VRIES,DEV,AlphaTauri,5E8FAA,Nyck,De Vries,https://www.formula1.com/content/dam/fom-website/drivers/N/NYCDEV01_Nyck_De%20Vries/nycdev01.png.transform/1col/image.png,NED,7768,1141
22,Y TSUNODA,Yuki TSUNODA,TSU,AlphaTauri,5E8FAA,Yuki,Tsunoda,https://www.formula1.com/content/dam/fom-website/drivers/Y/YUKTSU01_Yuki_Tsunoda/yuktsu01.png.transform/1col/image.png,JPN,7768,1141
23,A ALBON,Alexander ALBON,ALB,Williams,37BEDD,Alexander,Albon,https://www.formula1.com/content/dam/fom-website/drivers/A/ALEALB01_Alexander_Albon/alealb01.png.transform/1col/image.png,THA,7768,1141
24,G ZHOU,ZHOU Guanyu,ZHO,Alfa Romeo,C92D4B,Guanyu,Zhou,https://www.formula1.com/content/dam/fom-website/drivers/G/GUAZHO01_Guanyu_Zhou/guazho01.png.transform/1col/image.png,CHN,7768,1141
27,N HULKENBERG,Nico HULKENBERG,HUL,Haas F1 Team,B6BABD,Nico,Hulkenberg,https://www.formula1.com/content/dam/fom-website/drivers/N/NICHUL01_Nico_Hulkenberg/nichul01.png.transform/1col/image.png,GER,7768,1141
31,E OCON,Esteban OCON,OCO,Alpine,2293D1,Esteban,Ocon,https://www.formula1.com/content/dam/fom-website/drivers/E/ESTOCO01_Esteban_Ocon/estoco01.png.transform/1col/image.png,FRA,7768,1141
44,L HAMILTON,Lewis HAMILTON,HAM,Mercedes,6CD3BF,Lewis,Hamilton,https://www.formula1.com/content/dam/fom-website/drivers/L/LEWHAM01_Lewis_Hamilton/lewham01.png.transform/1col/image.png,GBR,7768,1141
55,C SAINZ,Carlos SAINZ,SAI,Ferrari,F91536,Carlos,Sainz,https://www.formula1.com/content/dam/fom-website/drivers/C/CARSAI01_Carlos_Sainz/carsai01.png.transform/1col/image.png,ESP,7768,1141
63,G RUSSELL,George RUSSELL,RUS,Mercedes,6CD3BF,George,Russell,https://www.formula1.com/content/dam/fom-website/drivers/G/GEORUS01_George_Russell/georus01.png.transform/1col/image.png,GBR,7768,1141
77,V BOTTAS,Valtteri BOTTAS,BOT,Alfa Romeo,C92D4B,Valtteri,Bottas,https://www.formula1.com/content/dam/fom-website/drivers/V/VALBOT01_Valtteri_Bottas/valbot01.png.transform/1col/image.png,FIN,7768,1141
81,O PIASTRI,Oscar PIASTRI,PIA,McLaren,F58020,Oscar,Piastri,https://www.formula1.com/content/dam/fom-website/drivers/O/OSCPIA01_Oscar_Piastri/oscpia01.png.transform/1col/image.png,AUS,7768,1141
1,M VERSTAPPEN,Max VERSTAPPEN,VER,,,,,,,7953,1141
2,L SARGEANT,Logan SARGEANT,SAR,,,,,,,7953,1141
4,L NORRIS,Lando NORRIS,NOR,,,,,,,7953,1141
10,P GASLY,Pierre GASLY,GAS,,,,,,,7953,1141
11,S PEREZ,Sergio PEREZ,PER,,,,,,,7953,1141
14,F ALONSO,Fernando ALONSO,ALO,,,,,,,7953,1141
16,C LECLERC,Charles LECLERC,LEC,,,,,,,7953,1141
18,L STROLL,Lance STROLL,STR,,,,,,,7953,1141
20,K MAGNUSSEN,Kevin MAGNUSSEN,MAG,,,,,,,7953,1141
21,N DE VRIES,Nyck DE VRIES,DEV,,,,,,,7953,1141
22,Y TSUNODA,Yuki TSUNODA,TSU,,,,,,,7953,1141
23,A ALBON,Alexander ALBON,ALB,,,,,,,7953,1141
24,G ZHOU,ZHOU Guanyu,ZHO,,,,,,,7953,1141
27,N HULKENBERG,Nico HULKENBERG,HUL,,,,,,,7953,1141
31,E OCON,Esteban OCON,OCO,,,,,,,7953,1141
44,L HAMILTON,Lewis HAMILTON,HAM,,,,,,,7953,1141
55,C SAINZ,Carlos SAINZ,SAI,,,,,,,7953,1141
63,G RUSSELL,George RUSSELL,RUS,,,,,,,7953,1141
77,V BOTTAS,Valtteri BOTTAS,BOT,,,,,,,7953,1141
81,O PIASTRI,Oscar PIASTRI,PIA,,,,,,,7953,1141
1,M VERSTAPPEN,Max VERSTAPPEN,VER,,,,,,,7772,1142
2,L SARGEANT,Logan SARGEANT,SAR,,,,,,,7772,1142
4,L NORRIS,Lando NORRIS,NOR,,,,,,,7772,1142
10,P GASLY,Pierre GASLY,GAS,,,,,,,7772,1142
11,S PEREZ,Sergio PEREZ,PER,,,,,,,7772,1142
14,F ALONSO,Fernando ALONSO,ALO,,,,,,,7772,1142
16,C LECLERC,Charles LECLERC,LEC,,,,,,,7772,1142
18,L STROLL,Lance STROLL,STR,,,,,,,7772,1142
20,K MAGNUSSEN,Kevin MAGNUSSEN,MAG,,,,,,,7772,1142
21,N DE VRIES,Nyck DE VRIES,DEV,,,,,,,7772,1142
22,Y TSUNODA,Yuki TSUNODA,TSU,,,,,,,7772,1142
23,A ALBON,Alexander ALBON,ALB,,,,,,,7772,1142
24,G ZHOU,ZHOU Guanyu,ZHO,,,,,,,7772,1142
27,N HULKENBERG,Nico HULKENBERG,HUL,,,,,,,7772,1142
31,E OCON,Esteban OCON,OCO,,,,,,,7772,1142
44,L HAMILTON,Lewis HAMILTON,HAM,,,,,,,7772,1142
55,C SAINZ,Carlos SAINZ,SAI,,,,,,,7772,1142
63,G RUSSELL,George RUSSELL,RUS,,,,,,,7772,1142
77,V BOTTAS,Valtteri BOTTAS,BOT,,,,,,,7772,1142
81,O PIASTRI,Oscar PIASTRI,PIA,,,,,,,7772,1142
1,M VERSTAPPEN,Max VERSTAPPEN,VER,,,,,,,7773,1142
2,L SARGEANT,Logan SARGEANT,SAR,,,,,,,7773,1142
4,L NORRIS,Lando NORRIS,NOR,,,,,,,7773,1142
10,P GASLY,Pierre GASLY,GAS,,,,,,,7773,1142
11,S PEREZ,Sergio PEREZ,PER,,,,,,,7773,1142
14,F ALONSO,Fernando ALONSO,ALO,,,,,,,7773,1142
16,C LECLERC,Charles LECLERC,LEC,,,,,,,7773,1142
18,L STROLL,Lance STROLL,STR,,,,,,,7773,1142
20,K MAGNUSSEN,Kevin MAGNUSSEN,MAG,,,,,,,7773,1142
21,N DE VRIES,Nyck DE VRIES,DEV,,,,,,,7773,1142
22,Y TSUNODA,Yuki TSUNODA,TSU,,,,,,,7773,1142
23,A ALBON,Alexander ALBON,ALB,,,,,,,7773,1142
24,G ZHOU,ZHOU Guanyu,ZHO,,,,,,,7773,1142
27,N HULKENBERG,Nico HULKENBERG,HUL,,,,,,,7773,1142
31,E OCON,Esteban OCON,OCO,,,,,,,7773,1142
44,L HAMILTON,Lewis HAMILTON,HAM,,,,,,,7773,1142
55,C SAINZ,Carlos SAINZ,SAI,,,,,,,7773,1142
63,G RUSSELL,George RUSSELL,RUS,,,,,,,7773,1142
77,V BOTTAS,Valtteri BOTTAS,BOT,,,,,,,7773,1142
81,O PIASTRI,Oscar PIASTRI,PIA,,,,,,,7773,1142
1,M VERSTAPPEN,Max VERSTAPPEN,VER,,,,,,,7774,1142
2,L SARGEANT,Logan SARGEANT,SAR,,,,,,,7774,1142
4,L NORRIS,Lando NORRIS,NOR,,,,,,,7774,1142
10,P GASLY,Pierre GASLY,GAS,,,,,,,7774,1142
11,S PEREZ,Sergio PEREZ,PER,,,,,,,7774,1142
14,F ALONSO,Fernando ALONSO,ALO,,,,,,,7774,1142
16,C LECLERC,Charles LECLERC,LEC,,,,,,,7774,1142
18,L STROLL,Lance STROLL,STR,,,,,,,7774,1142
20,K MAGNUSSEN,Kevin MAGNUSSEN,MAG,,,,,,,7774,1142
21,N DE VRIES,Nyck DE VRIES,DEV,,,,,,,7774,1142
22,Y TSUNODA,Yuki TSUNODA,TSU,,,,,,,7774,1142
23,A ALBON,Alexander ALBON,ALB,,,,,,,7774,1142
24,G ZHOU,ZHOU Guanyu,ZHO,,,,,,,7774,1142
27,N HULKENBERG,Nico HULKENBERG,HUL,,,,,,,7774,1142
31,E OCON,Esteban OCON,OCO,,,,,,,7774,1142
44,L HAMILTON,Lewis HAMILTON,HAM,,,,,,,7774,1142
55,C SAINZ,Carlos SAINZ,SAI,,,,,,,7774,1142
63,G RUSSELL,George RUSSELL,RUS,,,,,,,7774,1142
77,V BOTTAS,Valtteri BOTTAS,BOT,,,,,,,7774,1142
81,O PIASTRI,Oscar PIASTRI,PIA,,,,,,,7774,1142
1,M VERSTAPPEN,Max VERSTAPPEN,VER,,,,,,,7775,1142
2,L SARGEANT,Logan SARGEANT,SAR,,,,,,,7775,1142
4,L NORRIS,Lando NORRIS,NOR,,,,,,,7775,1142
10,P GASLY,Pierre GASLY,GAS,,,,,,,7775,1142
11,S PEREZ,Sergio PEREZ,PER,,,,,,,7775,1142
14,F ALONSO,Fernando ALONSO,ALO,,,,,,,7775,1142
16,C LECLERC,Charles LECLERC,LEC,,,,,,,7775,1142
18,L STROLL,Lance STROLL,STR,,,,,,,7775,1142
20,K MAGNUSSEN,Kevin MAGNUSSEN,MAG,,,,,,,7775,1142
21,N DE VRIES,Nyck DE VRIES,DEV,,,,,,,7775,1142
22,Y TSUNODA,Yuki TSUNODA,TSU,,,,,,,7775,1142
23,A ALBON,Alexander ALBON,ALB,,,,,,,7775,1142
24,G ZHOU,ZHOU Guanyu,ZHO,,,,,,,7775,1142
27,N HULKENBERG,Nico HULKENBERG,HUL,,,,,,,7775,1142
31,E OCON,Esteban OCON,OCO,,,,,,,7775,1142
44,L HAMILTON,Lewis HAMILTON,HAM,,,,,,,7775,1142
55,C SAINZ,Carlos SAINZ,SAI,,,,,,,7775,1142
63,G RUSSELL,George RUSSELL,RUS,,,,,,,7775,1142
77,V BOTTAS,Valtteri BOTTAS,BOT,,,,,,,7775,1142
81,O PIASTRI,Oscar PIASTRI,PIA,,,,,,,7775,1142
1,M VERSTAPPEN,Max VERSTAPPEN,VER,,,,,,,7779,1142
2,L SARGEANT,Logan SARGEANT,SAR,,,,,,,7779,1142
4,L NORRIS,Lando NORRIS,NOR,,,,,,,7779,1142
10,P GASLY,Pierre GASLY,GAS,,,,,,,7779,1142
11,S PEREZ,Sergio PEREZ,PER,,,,,,,7779,1142
14,F ALONSO,Fernando ALONSO,ALO,,,,,,,7779,1142
16,C LECLERC,Charles LECLERC,LEC,,,,,,,7779,1142
18,L STROLL,Lance STROLL,STR,,,,,,,7779,1142
20,K MAGNUSSEN,Kevin MAGNUSSEN,MAG,,,,,,,7779,1142
21,N DE VRIES,Nyck DE VRIES,DEV,,,,,,,7779,1142
22,Y TSUNODA,Yuki TSUNODA,TSU,,,,,,,7779,1142
23,A ALBON,Alexander ALBON,ALB,,,,,,,7779,1142
24,G ZHOU,ZHOU Guanyu,ZHO,,,,,,,7779,1142
27,N HULKENBERG,Nico HULKENBERG,HUL,,,,,,,7779,1142
31,E OCON,Esteban OCON,OCO,,,,,,,7779,1142
44,L HAMILTON,Lewis HAMILTON,HAM,,,,,,,7779,1142
55,C SAINZ,Carlos SAINZ,SAI,,,,,,,7779,1142
63,G RUSSELL,George RUSSELL,RUS,,,,,,,7779,1142
77,V BOTTAS,Valtteri BOTTAS,BOT,,,,,,,7779,1142
81,O PIASTRI,Oscar PIASTRI,PIA,,,,,,,7779,1142
1,M VERSTAPPEN,Max VERSTAPPEN,VER,,,,,,,7780,1143
2,L SARGEANT,Logan SARGEANT,SAR,,,,,,,7780,1143
4,L NORRIS,Lando NORRIS,NOR,,,,,,,7780,1143
10,P GASLY,Pierre GASLY,GAS,,,,,,,7780,1143
11,S PEREZ,Sergio PEREZ,PER,,,,,,,7780,1143
14,F ALONSO,Fernando ALONSO,ALO,,,,,,,7780,1143
16,C LECLERC,Charles LECLERC,LEC,,,,,,,7780,1143
18,L STROLL,Lance STROLL,STR,,,,,,,7780,1143
20,K MAGNUSSEN,Kevin MAGNUSSEN,MAG,,,,,,,7780,1143
21,N DE VRIES,Nyck DE VRIES,DEV,,,,,,,7780,1143
22,Y TSUNODA,Yuki TSUNODA,TSU,,,,,,,7780,1143
23,A ALBON,Alexander ALBON,ALB,,,,,,,7780,1143
24,G ZHOU,ZHOU Guanyu,ZHO,,,,,,,7780,1143
27,N HULKENBERG,Nico HULKENBERG,HUL,,,,,,,7780,1143
31,E OCON,Esteban OCON,OCO,,,,,,,7780,1143
44,L HAMILTON,Lewis HAMILTON,HAM,,,,,,,7780,1143
55,C SAINZ,Carlos SAINZ,SAI,,,,,,,7780,1143
63,G RUSSELL,George RUSSELL,RUS,,,,,,,7780,1143
77,V BOTTAS,Valtteri BOTTAS,BOT,,,,,,,7780,1143
81,O PIASTRI,Oscar PIASTRI,PIA,,,,,,,7780,1143
1,M VERSTAPPEN,Max VERSTAPPEN,VER,,,,,,,7781,1143
2,L SARGEANT,Logan SARGEANT,SAR,,,,,,,7781,1143
4,L NORRIS,Lando NORRIS,NOR,,,,,,,7781,1143
10,P GASLY,Pierre GASLY,GAS,,,,,,,7781,1143
11,S PEREZ,Sergio PEREZ,PER,,,,,,,7781,1143
14,F ALONSO,Fernando ALONSO,ALO,,,,,,,7781,1143
16,C LECLERC,Charles LECLERC,LEC,,,,,,,7781,1143
18,L STROLL,Lance STROLL,STR,,,,,,,7781,1143
20,K MAGNUSSEN,Kevin MAGNUSSEN,MAG,,,,,,,7781,1143
21,N DE VRIES,Nyck DE VRIES,DEV,,,,,,,7781,1143
22,Y TSUNODA,Yuki TSUNODA,TSU,,,,,,,7781,1143
23,A ALBON,Alexander ALBON,ALB,,,,,,,7781,1143
24,G ZHOU,ZHOU Guanyu,ZHO,,,,,,,7781,1143
27,N HULKENBERG,Nico HULKENBERG,HUL,,,,,,,7781,1143
31,E OCON,Esteban OCON,OCO,,,,,,,7781,1143
44,L HAMILTON,Lewis HAMILTON,HAM,,,,,,,7781,1143
55,C SAINZ,Carlos SAINZ,SAI,,,,,,,7781,1143
63,G RUSSELL,George RUSSELL,RUS,,,,,,,7781,1143
77,V BOTTAS,Valtteri BOTTAS,BOT,,,,,,,7781,1143
81,O PIASTRI,Oscar PIASTRI,PIA,,,,,,,7781,1143
1,M VERSTAPPEN,Max VERSTAPPEN,VER,,,,,,,7782,1143
2,L SARGEANT,Logan SARGEANT,SAR,,,,,,,7782,1143
4,L NORRIS,Lando NORRIS,NOR,,,,,,,7782,1143
10,P GASLY,Pierre GASLY,GAS,,,,,,,7782,1143
11,S PEREZ,Sergio PEREZ,PER,,,,,,,7782,1143
14,F ALONSO,Fernando ALONSO,ALO,,,,,,,7782,1143
16,C LECLERC,Charles LECLERC,LEC,,,,,,,7782,1143
18,L STROLL,Lance STROLL,STR,,,,,,,7782,1143
20,K MAGNUSSEN,Kevin MAGNUSSEN,MAG,,,,,,,7782,1143
21,N DE VRIES,Nyck DE VRIES,DEV,,,,,,,7782,1143
22,Y TSUNODA,Yuki TSUNODA,TSU,,,,,,,7782,1143
23,A ALBON,Alexander ALBON,ALB,,,,,,,7782,1143
24,G ZHOU,ZHOU Guanyu,ZHO,,,,,,,7782,1143
27,N HULKENBERG,Nico HULKENBERG,HUL,,,,,,,7782,1143
31,E OCON,Esteban OCON,OCO,,,,,,,7782,1143
44,L HAMILTON,Lewis HAMILTON,HAM,,,,,,,7782,1143
55,C SAINZ,Carlos SAINZ,SAI,,,,,,,7782,1143
63,G RUSSELL,George RUSSELL,RUS,,,,,,,7782,1143
77,V BOTTAS,Valtteri BOTTAS,BOT,,,,,,,7782,1143
81,O PIASTRI,Oscar PIASTRI,PIA,,,,,,,7782,1143
1,M VERSTAPPEN,Max VERSTAPPEN,VER,,,,,,,7783,1143
2,L SARGEANT,Logan SARGEANT,SAR,,,,,,,7783,1143
4,L NORRIS,Lando NORRIS,NOR,,,,,,,7783,1143
10,P GASLY,Pierre GASLY,GAS,,,,,,,7783,1143
11,S PEREZ,Sergio PEREZ,PER,,,,,,,7783,1143
14,F ALONSO,Fernando ALONSO,ALO,,,,,,,7783,1143
16,C LECLERC,Charles LECLERC,LEC,,,,,,,7783,1143
18,L STROLL,Lance STROLL,STR,,,,,,,7783,1143
20,K MAGNUSSEN,Kevin MAGNUSSEN,MAG,,,,,,,7783,1143
21,N DE VRIES,Nyck DE VRIES,DEV,,,,,,,7783,1143
22,Y TSUNODA,Yuki TSUNODA,TSU,,,,,,,7783,1143
23,A ALBON,Alexander ALBON,ALB,,,,,,,7783,1143
24,G ZHOU,ZHOU Guanyu,ZHO,,,,,,,7783,1143
27,N HULKENBERG,Nico HULKENBERG,HUL,,,,,,,7783,1143
31,E OCON,Esteban OCON,OCO,,,,,,,7783,1143
44,L HAMILTON,Lewis HAMILTON,HAM,,,,,,,7783,1143
55,C SAINZ,Carlos SAINZ,SAI,,,,,,,7783,1143
63,G RUSSELL,George RUSSELL,RUS,,,,,,,7783,1143
77,V BOTTAS,Valtteri BOTTAS,BOT,,,,,,,7783,1143
81,O PIASTRI,Oscar PIASTRI,PIA,,,,,,,7783,1143
1,M VERSTAPPEN,Max VERSTAPPEN,VER,Red Bull Racing,3671C6,Max,Verstappen,https://www.formula1.com/content/dam/fom-website/drivers/M/MAXVER01_Max_Verstappen/maxver01.png.transform/1col/image.png,NED,7787,1143
2,L SARGEANT,Logan SARGEANT,SAR,Williams,37BEDD,Logan,Sargeant,https://www.formula1.com/content/dam/fom-website/drivers/L/LOGSAR01_Logan_Sargeant/logsar01.png.transform/1col/image.png,USA,7787,1143
4,L NORRIS,Lando NORRIS,NOR,McLaren,F58020,Lando,Norris,https://www.formula1.com/content/dam/fom-website/drivers/L/LANNOR01_Lando_Norris/lannor01.png.transform/1col/image.png,GBR,7787,1143
10,P GASLY,Pierre GASLY,GAS,Alpine,2293D1,Pierre,Gasly,https://www.formula1.com/content/dam/fom-website/drivers/P/PIEGAS01_Pierre_Gasly/piegas01.png.transform/1col/image.png,FRA,7787,1143
11,S PEREZ,Sergio PEREZ,PER,Red Bull Racing,3671C6,Sergio,Perez,https://www.formula1.com/content/dam/fom-website/drivers/S/SERPER01_Sergio_Perez/serper01.png.transform/1col/image.png,MEX,7787,1143
14,F ALONSO,Fernando ALONSO,ALO,Aston Martin,358C75,Fernando,Alonso,https://www.formula1.com/content/dam/fom-website/drivers/F/FERALO01_Fernando_Alonso/feralo01.png.transform/1col/image.png,ESP,7787,1143
16,C LECLERC,Charles LECLERC,LEC,Ferrari,F91536,Charles,Leclerc,https://www.formula1.com/content/dam/fom-website/drivers/C/CHALEC01_Charles_Leclerc/chalec01.png.transform/1col/image.png,MON,7787,1143
18,L STROLL,Lance STROLL,STR,Aston Martin,358C75,Lance,Stroll,https://www.formula1.com/content/dam/fom-website/drivers/L/LANSTR01_Lance_Stroll/lanstr01.png.transform/1col/image.png,CAN,7787,1143
20,K MAGNUSSEN,Kevin MAGNUSSEN,MAG,Haas F1 Team,B6BABD,Kevin,Magnussen,https://www.formula1.com/content/dam/fom-website/drivers/K/KEVMAG01_Kevin_Magnussen/kevmag01.png.transform/1col/image.png,DEN,7787,1143
21,N DE VRIES,Nyck DE VRIES,DEV,AlphaTauri,5E8FAA,Nyck,De Vries,https://www.formula1.com/content/dam/fom-website/drivers/N/NYCDEV01_Nyck_De%20Vries/nycdev01.png.transform/1col/image.png,NED,7787,1143
22,Y TSUNODA,Yuki TSUNODA,TSU,AlphaTauri,5E8FAA,Yuki,Tsunoda,https://www.formula1.com/content/dam/fom-website/drivers/Y/YUKTSU01_Yuki_Tsunoda/yuktsu01.png.transform/1col/image.png,JPN,7787,1143
23,A ALBON,Alexander ALBON,ALB,Williams,37BEDD,Alexander,Albon,https://www.formula1.com/content/dam/fom-website/drivers/A/ALEALB01_Alexander_Albon/alealb01.png.transform/1col/image.png,THA,7787,1143
24,G ZHOU,ZHOU Guanyu,ZHO,Alfa Romeo,C92D4B,Guanyu,Zhou,https://www.formula1.com/content/dam/fom-website/drivers/G/GUAZHO01_Guanyu_Zhou/guazho01.png.transform/1col/image.png,CHN,7787,1143
27,N HULKENBERG,Nico HULKENBERG,HUL,Haas F1 Team,B6BABD,Nico,Hulkenberg,https://www.formula1.com/content/dam/fom-website/drivers/N/NICHUL01_Nico_Hulkenberg/nichul01.png.transform/1col/image.png,GER,7787,1143
31,E OCON,Esteban OCON,OCO,Alpine,2293D1,Esteban,Ocon,https://www.formula1.com/content/dam/fom-website/drivers/E/ESTOCO01_Esteban_Ocon/estoco01.png.transform/1col/image.png,FRA,7787,1143
44,L HAMILTON,Lewis HAMILTON,HAM,Mercedes,6CD3BF,Lewis,Hamilton,https://www.formula1.com/content/dam/fom-website/drivers/L/LEWHAM01_Lewis_Hamilton/lewham01.png.transform/1col/image.png,GBR,7787,1143
55,C SAINZ,Carlos SAINZ,SAI,Ferrari,F91536,Carlos,Sainz,https://www.formula1.com/content/dam/fom-website/drivers/C/CARSAI01_Carlos_Sainz/carsai01.png.transform/1col/image.png,ESP,7787,1143
63,G RUSSELL,George RUSSELL,RUS,Mercedes,6CD3BF,George,Russell,https://www.formula1.com/content/dam/fom-website/drivers/G/GEORUS01_George_Russell/georus01.png.transform/1col/image.png,GBR,7787,1143
77,V BOTTAS,Valtteri BOTTAS,BOT,Alfa Romeo,C92D4B,Valtteri,Bottas,https://www.formula1.com/content/dam/fom-website/drivers/V/VALBOT01_Valtteri_Bottas/valbot01.png.transform/1col/image.png,FIN,7787,1143
81,O PIASTRI,Oscar PIASTRI,PIA,McLaren,F58020,Oscar,Piastri,https://www.formula1.com/content/dam/fom-website/drivers/O/OSCPIA01_Oscar_Piastri/oscpia01.png.transform/1col/image.png,AUS,7787,1143
1,M VERSTAPPEN,Max VERSTAPPEN,VER,,,,,,,9063,1207
2,L SARGEANT,Logan SARGEANT,SAR,,,,,,,9063,1207
4,L NORRIS,Lando NORRIS,NOR,,,,,,,9063,1207
10,P GASLY,Pierre GASLY,GAS,,,,,,,9063,1207
11,S PEREZ,Sergio PEREZ,PER,,,,,,,9063,1207
14,F ALONSO,Fernando ALONSO,ALO,,,,,,,9063,1207
16,C LECLERC,Charles LECLERC,LEC,,,,,,,9063,1207
18,L STROLL,Lance STROLL,STR,,,,,,,9063,1207
20,K MAGNUSSEN,Kevin MAGNUSSEN,MAG,,,,,,,9063,1207
21,N DE VRIES,Nyck DE VRIES,DEV,,,,,,,9063,1207
22,Y TSUNODA,Yuki TSUNODA,TSU,,,,,,,9063,1207
23,A ALBON,Alexander ALBON,ALB,,,,,,,9063,1207
24,G ZHOU,ZHOU Guanyu,ZHO,,,,,,,9063,1207
27,N HULKENBERG,Nico HULKENBERG,HUL,,,,,,,9063,1207
31,E OCON,Esteban OCON,OCO,,,,,,,9063,1207
44,L HAMILTON,Lewis HAMILTON,HAM,,,,,,,9063,1207
55,C SAINZ,Carlos SAINZ,SAI,,,,,,,9063,1207
63,G RUSSELL,George RUSSELL,RUS,,,,,,,9063,1207
77,V BOTTAS,Valtteri BOTTAS,BOT,,,,,,,9063,1207
81,O PIASTRI,Oscar PIASTRI,PIA,,,,,,,9063,1207
1,M VERSTAPPEN,Max VERSTAPPEN,VER,,,,,,,9064,1207
2,L SARGEANT,Logan SARGEANT,SAR,,,,,,,9064,1207
4,L NORRIS,Lando NORRIS,NOR,,,,,,,9064,1207
10,P GASLY,Pierre GASLY,GAS,,,,,,,9064,1207
11,S PEREZ,Sergio PEREZ,PER,,,,,,,9064,1207
14,F ALONSO,Fernando ALONSO,ALO,,,,,,,9064,1207
16,C LECLERC,Charles LECLERC,LEC,,,,,,,9064,1207
18,L STROLL,Lance STROLL,STR,,,,,,,9064,1207
20,K MAGNUSSEN,Kevin MAGNUSSEN,MAG,,,,,,,9064,1207
21,N DE VRIES,Nyck DE VRIES,DEV,,,,,,,9064,1207
22,Y TSUNODA,Yuki TSUNODA,TSU,,,,,,,9064,1207
23,A ALBON,Alexander ALBON,ALB,,,,,,,9064,1207
24,G ZHOU,ZHOU Guanyu,ZHO,,,,,,,9064,1207
27,N HULKENBERG,Nico HULKENBERG,HUL,,,,,,,9064,1207
31,E OCON,Esteban OCON,OCO,,,,,,,9064,1207
44,L HAMILTON,Lewis HAMILTON,HAM,,,,,,,9064,1207
55,C SAINZ,Carlos SAINZ,SAI,,,,,,,9064,1207
63,G RUSSELL,George RUSSELL,RUS,,,,,,,9064,1207
77,V BOTTAS,Valtteri BOTTAS,BOT,,,,,,,9064,1207
81,O PIASTRI,Oscar PIASTRI,PIA,,,,,,,9064,1207
1,M VERSTAPPEN,Max VERSTAPPEN,VER,Red Bull Racing,3671C6,Max,Verstappen,https://www.formula1.com/content/dam/fom-website/drivers/M/MAXVER01_Max_Verstappen/maxver01.png.transform/1col/image.png,NED,9069,1207
4,L NORRIS,Lando NORRIS,NOR,McLaren,F58020,Lando,Norris,https://www.formula1.com/content/dam/fom-website/drivers/L/LANNOR01_Lando_Norris/lannor01.png.transform/1col/image.png,GBR,9069,1207
10,P GASLY,Pierre GASLY,GAS,Alpine,2293D1,Pierre,Gasly,https://www.formula1.com/content/dam/fom-website/drivers/P/PIEGAS01_Pierre_Gasly/piegas01.png.transform/1col/image.png,FRA,9069,1207
11,S PEREZ,Sergio PEREZ,PER,Red Bull Racing,3671C6,Sergio,Perez,https://www.formula1.com/content/dam/fom-website/drivers/S/SERPER01_Sergio_Perez/serper01.png.transform/1col/image.png,MEX,9069,1207
14,F ALONSO,Fernando ALONSO,ALO,Aston Martin,358C75,Fernando,Alonso,https://www.formula1.com/content/dam/fom-website/drivers/F/FERALO01_Fernando_Alonso/feralo01.png.transform/1col/image.png,ESP,9069,1207
16,C LECLERC,Charles LECLERC,LEC,Ferrari,F91536,Charles,Leclerc,https://www.formula1.com/content/dam/fom-website/drivers/C/CHALEC01_Charles_Leclerc/chalec01.png.transform/1col/image.png,MON,9069,1207
18,L STROLL,Lance STROLL,STR,Aston Martin,358C75,Lance,Stroll,https://www.formula1.com/content/dam/fom-website/drivers/L/LANSTR01_Lance_Stroll/lanstr01.png.transform/1col/image.png,CAN,9069,1207
20,K MAGNUSSEN,Kevin MAGNUSSEN,MAG,Haas F1 Team,B6BABD,Kevin,Magnussen,https://www.formula1.com/content/dam/fom-website/drivers/K/KEVMAG01_Kevin_Magnussen/kevmag01.png.transform/1col/image.png,DEN,9069,1207
21,N DE VRIES,Nyck DE VRIES,DEV,AlphaTauri,5E8FAA,Nyck,De Vries,https://www.formula1.com/content/dam/fom-website/drivers/N/NYCDEV01_Nyck_De%20Vries/nycdev01.png.transform/1col/image.png,NED,9069,1207
22,Y TSUNODA,Yuki TSUNODA,TSU,AlphaTauri,5E8FAA,Yuki,Tsunoda,https://www.formula1.com/content/dam/fom-website/drivers/Y/YUKTSU01_Yuki_Tsunoda/yuktsu01.png.transform/1col/image.png,JPN,9069,1207
23,A ALBON,Alexander ALBON,ALB,Williams,37BEDD,Alexander,Albon,https://www.formula1.com/content/dam/fom-website/drivers/A/ALEALB01_Alexander_Albon/alealb01.png.transform/1col/image.png,THA,9069,1207
24,G ZHOU,ZHOU Guanyu,ZHO,Alfa Romeo,C92D4B,Guanyu,Zhou,https://www.formula1.com/content/dam/fom-website/drivers/G/GUAZHO01_Guanyu_Zhou/guazho01.png.transform/1col/image.png,CHN,9069,1207
27,N HULKENBERG,Nico HULKENBERG,HUL,Haas F1 Team,B6BABD,Nico,Hulkenberg,https://www.formula1.com/content/dam/fom-website/drivers/N/NICHUL01_Nico_Hulkenberg/nichul01.png.transform/1col/image.png,GER,9069,1207
31,E OCON,Esteban OCON,OCO,Alpine,2293D1,Esteban,Ocon,https://www.formula1.com/content/dam/fom-website/drivers/E/ESTOCO01_Esteban_Ocon/estoco01.png.transform/1col/image.png,FRA,9069,1207
44,L HAMILTON,Lewis HAMILTON,HAM,Mercedes,6CD3BF,Lewis,Hamilton,https://www.formula1.com/content/dam/fom-website/drivers/L/LEWHAM01_Lewis_Hamilton/lewham01.png.transform/1col/image.png,GBR,9069,1207
55,C SAINZ,Carlos SAINZ,SAI,Ferrari,F91536,Carlos,Sainz,https://www.formula1.com/content/dam/fom-website/drivers/C/CARSAI01_Carlos_Sainz/carsai01.png.transform/1col/image.png,ESP,9069,1207
63,G RUSSELL,George RUSSELL,RUS,Mercedes,6CD3BF,George,Russell,https://www.formula1.com/content/dam/fom-website/drivers/G/GEORUS01_George_Russell/georus01.png.transform/1col/image.png,GBR,9069,1207
77,V BOTTAS,Valtteri BOTTAS,BOT,Alfa Romeo,C92D4B,Valtteri,Bottas,https://www.formula1.com/content/dam/fom-website/drivers/V/VALBOT01_Valtteri_Bottas/valbot01.png.transform/1col/image.png,FIN,9069,1207
81,O PIASTRI,Oscar PIASTRI,PIA,McLaren,F58020,Oscar,Piastri,https://www.formula1.com/content/dam/fom-website/drivers/O/OSCPIA01_Oscar_Piastri/oscpia01.png.transform/1col/image.png,AUS,9069,1207
1,M VERSTAPPEN,Max VERSTAPPEN,VER,,,,,,,9070,1207
2,L SARGEANT,Logan SARGEANT,SAR,,,,,,,9070,1207
4,L NORRIS,Lando NORRIS,NOR,,,,,,,9070,1207
10,P GASLY,Pierre GASLY,GAS,,,,,,,9070,1207
11,S PEREZ,Sergio PEREZ,PER,,,,,,,9070,1207
14,F ALONSO,Fernando ALONSO,ALO,,,,,,,9070,1207
16,C LECLERC,Charles LECLERC,LEC,,,,,,,9070,1207
18,L STROLL,Lance STROLL,STR,,,,,,,9070,1207
20,K MAGNUSSEN,Kevin MAGNUSSEN,MAG,,,,,,,9070,1207
21,N DE VRIES,Nyck DE VRIES,DEV,,,,,,,9070,1207
22,Y TSUNODA,Yuki TSUNODA,TSU,,,,,,,9070,1207
23,A ALBON,Alexander ALBON,ALB,,,,,,,9070,1207
24,G ZHOU,ZHOU Guanyu,ZHO,,,,,,,9070,1207
27,N HULKENBERG,Nico HULKENBERG,HUL,,,,,,,9070,1207
31,E OCON,Esteban OCON,OCO,,,,,,,9070,1207
44,L HAMILTON,Lewis HAMILTON,HAM,,,,,,,9070,1207
55,C SAINZ,Carlos SAINZ,SAI,,,,,,,9070,1207
63,G RUSSELL,George RUSSELL,RUS,,,,,,,9070,1207
77,V BOTTAS,Valtteri BOTTAS,BOT,,,,,,,9070,1207
81,O PIASTRI,Oscar PIASTRI,PIA,,,,,,,9070,1207
1,M VERSTAPPEN,Max VERSTAPPEN,VER,Red Bull Racing,3671C6,Max,Verstappen,https://www.formula1.com/content/dam/fom-website/drivers/M/MAXVER01_Max_Verstappen/maxver01.png.transform/1col/image.png,NED,9278,1207
2,L SARGEANT,Logan SARGEANT,SAR,Williams,37BEDD,Logan,Sargeant,https://www.formula1.com/content/dam/fom-website/drivers/L/LOGSAR01_Logan_Sargeant/logsar01.png.transform/1col/image.png,USA,9278,1207
4,L NORRIS,Lando NORRIS,NOR,McLaren,F58020,Lando,Norris,https://www.formula1.com/content/dam/fom-website/drivers/L/LANNOR01_Lando_Norris/lannor01.png.transform/1col/image.png,GBR,9278,1207
10,P GASLY,Pierre GASLY,GAS,Alpine,2293D1,Pierre,Gasly,https://www.formula1.com/content/dam/fom-website/drivers/P/PIEGAS01_Pierre_Gasly/piegas01.png.transform/1col/image.png,FRA,9278,1207
11,S PEREZ,Sergio PEREZ,PER,Red Bull Racing,3671C6,Sergio,Perez,https://www.formula1.com/content/dam/fom-website/drivers/S/SERPER01_Sergio_Perez/serper01.png.transform/1col/image.png,MEX,9278,1207
14,F ALONSO,Fernando ALONSO,ALO,Aston Martin,358C75,Fernando,Alonso,https://www.formula1.com/content/dam/fom-website/drivers/F/FERALO01_Fernando_Alonso/feralo01.png.transform/1col/image.png,ESP,9278,1207
16,C LECLERC,Charles LECLERC,LEC,Ferrari,F91536,Charles,Leclerc,https://www.formula1.com/content/dam/fom-website/drivers/C/CHALEC01_Charles_Leclerc/chalec01.png.transform/1col/image.png,MON,9278,1207
18,L STROLL,Lance STROLL,STR,Aston Martin,358C75,Lance,Stroll,https://www.formula1.com/content/dam/fom-website/drivers/L/LANSTR01_Lance_Stroll/lanstr01.png.transform/1col/image.png,CAN,9278,1207
20,K MAGNUSSEN,Kevin MAGNUSSEN,MAG,Haas F1 Team,B6BABD,Kevin,Magnussen,https://www.formula1.com/content/dam/fom-website/drivers/K/KEVMAG01_Kevin_Magnussen/kevmag01.png.transform/1col/image.png,DEN,9278,1207
21,N DE VRIES,Nyck DE VRIES,DEV,AlphaTauri,5E8FAA,Nyck,De Vries,https://www.formula1.com/content/dam/fom-website/drivers/N/NYCDEV01_Nyck_De%20Vries/nycdev01.png.transform/1col/image.png,NED,9278,1207
22,Y TSUNODA,Yuki TSUNODA,TSU,AlphaTauri,5E8FAA,Yuki,Tsunoda,https://www.formula1.com/content/dam/fom-website/drivers/Y/YUKTSU01_Yuki_Tsunoda/yuktsu01.png.transform/1col/image.png,JPN,9278,1207
23,A ALBON,Alexander ALBON,ALB,Williams,37BEDD,Alexander,Albon,https://www.formula1.com/content/dam/fom-website/drivers/A/ALEALB01_Alexander_Albon/alealb01.png.transform/1col/image.png,THA,9278,1207
24,G ZHOU,ZHOU Guanyu,ZHO,Alfa Romeo,C92D4B,Guanyu,Zhou,https://www.formula1.com/content/dam/fom-website/drivers/G/GUAZHO01_Guanyu_Zhou/guazho01.png.transform/1col/image.png,CHN,9278,1207
27,N HULKENBERG,Nico HULKENBERG,HUL,Haas F1 Team,B6BABD,Nico,Hulkenberg,https://www.formula1.com/content/dam/fom-website/drivers/N/NICHUL01_Nico_Hulkenberg/nichul01.png.transform/1col/image.png,GER,9278,1207
31,E OCON,Esteban OCON,OCO,Alpine,2293D1,Esteban,Ocon,https://www.formula1.com/content/dam/fom-website/drivers/E/ESTOCO01_Esteban_Ocon/estoco01.png.transform/1col/image.png,FRA,9278,1207
44,L HAMILTON,Lewis HAMILTON,HAM,Mercedes,6CD3BF,Lewis,Hamilton,https://www.formula1.com/content/dam/fom-website/drivers/L/LEWHAM01_Lewis_Hamilton/lewham01.png.transform/1col/image.png,GBR,9278,1207
55,C SAINZ,Carlos SAINZ,SAI,Ferrari,F91536,Carlos,Sainz,https://www.formula1.com/content/dam/fom-website/drivers/C/CARSAI01_Carlos_Sainz/carsai01.png.transform/1col/image.png,ESP,9278,1207
63,G RUSSELL,George RUSSELL,RUS,Mercedes,6CD3BF,George,Russell,https://www.formula1.com/content/dam/fom-website/drivers/G/GEORUS01_George_Russell/georus01.png.transform/1col/image.png,GBR,9278,1207
77,V BOTTAS,Valtteri BOTTAS,BOT,Alfa Romeo,C92D4B,Valtteri,Bottas,https://www.formula1.com/content/dam/fom-website/drivers/V/VALBOT01_Valtteri_Bottas/valbot01.png.transform/1col/image.png,FIN,9278,1207
81,O PIASTRI,Oscar PIASTRI,PIA,McLaren,F58020,Oscar,Piastri,https://www.formula1.com/content/dam/fom-website/drivers/O/OSCPIA01_Oscar_Piastri/oscpia01.png.transform/1col/image.png,AUS,9278,1207
1,M VERSTAPPEN,Max VERSTAPPEN,VER,Red Bull Racing,3671C6,Max,Verstappen,https://www.formula1.com/content/dam/fom-website/drivers/M/MAXVER01_Max_Verstappen/maxver01.png.transform/1col/image.png,NED,9071,1208
2,L SARGEANT,Logan SARGEANT,SAR,Williams,37BEDD,Logan,Sargeant,https://www.formula1.com/content/dam/fom-website/drivers/L/LOGSAR01_Logan_Sargeant/logsar01.png.transform/1col/image.png,USA,9071,1208
4,L NORRIS,Lando NORRIS,NOR,McLaren,F58020,Lando,Norris,https://www.formula1.com/content/dam/fom-website/drivers/L/LANNOR01_Lando_Norris/lannor01.png.transform/1col/image.png,GBR,9071,1208
10,P GASLY,Pierre GASLY,GAS,Alpine,2293D1,Pierre,Gasly,https://www.formula1.com/content/dam/fom-website/drivers/P/PIEGAS01_Pierre_Gasly/piegas01.png.transform/1col/image.png,FRA,9071,1208
11,S PEREZ,Sergio PEREZ,PER,Red Bull Racing,3671C6,Sergio,Perez,https://www.formula1.com/content/dam/fom-website/drivers/S/SERPER01_Sergio_Perez/serper01.png.transform/1col/image.png,MEX,9071,1208
14,F ALONSO,Fernando ALONSO,ALO,Aston Martin,358C75,Fernando,Alonso,https://www.formula1.com/content/dam/fom-website/drivers/F/FERALO01_Fernando_Alonso/feralo01.png.transform/1col/image.png,ESP,9071,1208
16,C LECLERC,Charles LECLERC,LEC,Ferrari,F91536,Charles,Leclerc,https://www.formula1.com/content/dam/fom-website/drivers/C/CHALEC01_Charles_Leclerc/chalec01.png.transform/1col/image.png,MON,9071,1208
18,L STROLL,Lance STROLL,STR,Aston Martin,358C75,Lance,Stroll,https://www.formula1.com/content/dam/fom-website/drivers/L/LANSTR01_Lance_Stroll/lanstr01.png.transform/1col/image.png,CAN,9071,1208
20,K MAGNUSSEN,Kevin MAGNUSSEN,MAG,Haas F1 Team,B6BABD,Kevin,Magnussen,https://www.formula1.com/content/dam/fom-website/drivers/K/KEVMAG01_Kevin_Magnussen/kevmag01.png.transform/1col/image.png,DEN,9071,1208
21,N DE VRIES,Nyck DE VRIES,DEV,AlphaTauri,5E8FAA,Nyck,De Vries,https://www.formula1.com/content/dam/fom-website/drivers/N/NYCDEV01_Nyck_De%20Vries/nycdev01.png.transform/1col/image.png,NED,9071,1208
22,Y TSUNODA,Yuki TSUNODA,TSU,AlphaTauri,5E8FAA,Yuki,Tsunoda,https://www.formula1.com/content/dam/fom-website/drivers/Y/YUKTSU01_Yuki_Tsunoda/yuktsu01.png.transform/1col/image.png,JPN,9071,1208
23,A ALBON,Alexander ALBON,ALB,Williams,37BEDD,Alexander,Albon,https://www.formula1.com/content/dam/fom-website/drivers/A/ALEALB01_Alexander_Albon/alealb01.png.transform/1col/image.png,THA,9071,1208
24,G ZHOU,ZHOU Guanyu,ZHO,Alfa Romeo,C92D4B,Guanyu,Zhou,https://www.formula1.com/content/dam/fom-website/drivers/G/GUAZHO01_Guanyu_Zhou/guazho01.png.transform/1col/image.png,CHN,9071,1208
27,N HULKENBERG,Nico HULKENBERG,HUL,Haas F1 Team,B6BABD,Nico,Hulkenberg,https://www.formula1.com/content/dam/fom-website/drivers/N/NICHUL01_Nico_Hulkenberg/nichul01.png.transform/1col/image.png,GER,9071,1208
31,E OCON,Esteban OCON,OCO,Alpine,2293D1,Esteban,Ocon,https://www.formula1.com/content/dam/fom-website/drivers/E/ESTOCO01_Esteban_Ocon/estoco01.png.transform/1col/image.png,FRA,9071,1208
44,L HAMILTON,Lewis HAMILTON,HAM,Mercedes,6CD3BF,Lewis,Hamilton,https://www.formula1.com/content/dam/fom-website/drivers/L/LEWHAM01_Lewis_Hamilton/lewham01.png.transform/1col/image.png,GBR,9071,1208
55,C SAINZ,Carlos SAINZ,SAI,Ferrari,F91536,Carlos,Sainz,https://www.formula1.com/content/dam/fom-website/drivers/C/CARSAI01_Carlos_Sainz/carsai01.png.transform/1col/image.png,ESP,9071,1208
63,G RUSSELL,George RUSSELL,RUS,Mercedes,6CD3BF,George,Russell,https://www.formula1.com/content/dam/fom-website/drivers/G/GEORUS01_George_Russell/georus01.png.transform/1col/image.png,GBR,9071,1208
77,V BOTTAS,Valtteri BOTTAS,BOT,Alfa Romeo,C92D4B,Valtteri,Bottas,https://www.formula1.com/content/dam/fom-website/drivers/V/VALBOT01_Valtteri_Bottas/valbot01.png.transform/1col/image.png,FIN,9071,1208
81,O PIASTRI,Oscar PIASTRI,PIA,McLaren,F58020,Oscar,Piastri,https://www.formula1.com/content/dam/fom-website/drivers/O/OSCPIA01_Oscar_Piastri/oscpia01.png.transform/1col/image.png,AUS,9071,1208
1,M VERSTAPPEN,Max VERSTAPPEN,VER,,,,,,,9072,1208
2,L SARGEANT,Logan SARGEANT,SAR,,,,,,,9072,1208
4,L NORRIS,Lando NORRIS,NOR,,,,,,,9072,1208
10,P GASLY,Pierre GASLY,GAS,,,,,,,9072,1208
11,S PEREZ,Sergio PEREZ,PER,,,,,,,9072,1208
14,F ALONSO,Fernando ALONSO,ALO,,,,,,,9072,1208
16,C LECLERC,Charles LECLERC,LEC,,,,,,,9072,1208
18,L STROLL,Lance STROLL,STR,,,,,,,9072,1208
20,K MAGNUSSEN,Kevin MAGNUSSEN,MAG,,,,,,,9072,1208
21,N DE VRIES,Nyck DE VRIES,DEV,,,,,,,9072,1208
22,Y TSUNODA,Yuki TSUNODA,TSU,,,,,,,9072,1208
23,A ALBON,Alexander ALBON,ALB,,,,,,,9072,1208
24,G ZHOU,ZHOU Guanyu,ZHO,,,,,,,9072,1208
27,N HULKENBERG,Nico HULKENBERG,HUL,,,,,,,9072,1208
31,E OCON,Esteban OCON,OCO,,,,,,,9072,1208
44,L HAMILTON,Lewis HAMILTON,HAM,,,,,,,9072,1208
55,C SAINZ,Carlos SAINZ,SAI,,,,,,,9072,1208
63,G RUSSELL,George RUSSELL,RUS,,,,,,,9072,1208
77,V BOTTAS,Valtteri BOTTAS,BOT,,,,,,,9072,1208
81,O PIASTRI,Oscar PIASTRI,PIA,,,,,,,9072,1208
1,M VERSTAPPEN,Max VERSTAPPEN,VER,,,,,,,9073,1208
2,L SARGEANT,Logan SARGEANT,SAR,,,,,,,9073,1208
4,L NORRIS,Lando NORRIS,NOR,,,,,,,9073,1208
10,P GASLY,Pierre GASLY,GAS,,,,,,,9073,1208
11,S PEREZ,Sergio PEREZ,PER,,,,,,,9073,1208
14,F ALONSO,Fernando ALONSO,ALO,,,,,,,9073,1208
16,C LECLERC,Charles LECLERC,LEC,,,,,,,9073,1208
18,L STROLL,Lance STROLL,STR,,,,,,,9073,1208
20,K MAGNUSSEN,Kevin MAGNUSSEN,MAG,,,,,,,9073,1208
21,N DE VRIES,Nyck DE VRIES,DEV,,,,,,,9073,1208
22,Y TSUNODA,Yuki TSUNODA,TSU,,,,,,,9073,1208
23,A ALBON,Alexander ALBON,ALB,,,,,,,9073,1208
24,G ZHOU,ZHOU Guanyu,ZHO,,,,,,,9073,1208
27,N HULKENBERG,Nico HULKENBERG,HUL,,,,,,,9073,1208
31,E OCON,Esteban OCON,OCO,,,,,,,9073,1208
44,L HAMILTON,Lewis HAMILTON,HAM,,,,,,,9073,1208
55,C SAINZ,Carlos SAINZ,SAI,,,,,,,9073,1208
63,G RUSSELL,George RUSSELL,RUS,,,,,,,9073,1208
77,V BOTTAS,Valtteri BOTTAS,BOT,,,,,,,9073,1208
81,O PIASTRI,Oscar PIASTRI,PIA,,,,,,,9073,1208
1,M VERSTAPPEN,Max VERSTAPPEN,VER,,,,,,,9074,1208
2,L SARGEANT,Logan SARGEANT,SAR,,,,,,,9074,1208
4,L NORRIS,Lando NORRIS,NOR,,,,,,,9074,1208
10,P GASLY,Pierre GASLY,GAS,,,,,,,9074,1208
11,S PEREZ,Sergio PEREZ,PER,,,,,,,9074,1208
14,F ALONSO,Fernando ALONSO,ALO,,,,,,,9074,1208
16,C LECLERC,Charles LECLERC,LEC,,,,,,,9074,1208
18,L STROLL,Lance STROLL,STR,,,,,,,9074,1208
20,K MAGNUSSEN,Kevin MAGNUSSEN,MAG,,,,,,,9074,1208
21,N DE VRIES,Nyck DE VRIES,DEV,,,,,,,9074,1208
22,Y TSUNODA,Yuki TSUNODA,TSU,,,,,,,9074,1208
23,A ALBON,Alexander ALBON,ALB,,,,,,,9074,1208
24,G ZHOU,ZHOU Guanyu,ZHO,,,,,,,9074,1208
27,N HULKENBERG,Nico HULKENBERG,HUL,,,,,,,9074,1208
31,E OCON,Esteban OCON,OCO,,,,,,,9074,1208
44,L HAMILTON,Lewis HAMILTON,HAM,,,,,,,9074,1208
55,C SAINZ,Carlos SAINZ,SAI,,,,,,,9074,1208
63,G RUSSELL,George RUSSELL,RUS,,,,,,,9074,1208
77,V BOTTAS,Valtteri BOTTAS,BOT,,,,,,,9074,1208
81,O PIASTRI,Oscar PIASTRI,PIA,,,,,,,9074,1208
1,M VERSTAPPEN,Max VERSTAPPEN,VER,Red Bull Racing,3671C6,Max,Verstappen,https://www.formula1.com/content/dam/fom-website/drivers/M/MAXVER01_Max_Verstappen/maxver01.png.transform/1col/image.png,NED,9078,1208
2,L SARGEANT,Logan SARGEANT,SAR,Williams,37BEDD,Logan,Sargeant,https://www.formula1.com/content/dam/fom-website/drivers/L/LOGSAR01_Logan_Sargeant/logsar01.png.transform/1col/image.png,USA,9078,1208
4,L NORRIS,Lando NORRIS,NOR,McLaren,F58020,Lando,Norris,https://www.formula1.com/content/dam/fom-website/drivers/L/LANNOR01_Lando_Norris/lannor01.png.transform/1col/image.png,GBR,9078,1208
10,P GASLY,Pierre GASLY,GAS,Alpine,2293D1,Pierre,Gasly,https://www.formula1.com/content/dam/fom-website/drivers/P/PIEGAS01_Pierre_Gasly/piegas01.png.transform/1col/image.png,FRA,9078,1208
11,S PEREZ,Sergio PEREZ,PER,Red Bull Racing,3671C6,Sergio,Perez,https://www.formula1.com/content/dam/fom-website/drivers/S/SERPER01_Sergio_Perez/serper01.png.transform/1col/image.png,MEX,9078,1208
14,F ALONSO,Fernando ALONSO,ALO,Aston Martin,358C75,Fernando,Alonso,https://www.formula1.com/content/dam/fom-website/drivers/F/FERALO01_Fernando_Alonso/feralo01.png.transform/1col/image.png,ESP,9078,1208
16,C LECLERC,Charles LECLERC,LEC,Ferrari,F91536,Charles,Leclerc,https://www.formula1.com/content/dam/fom-website/drivers/C/CHALEC01_Charles_Leclerc/chalec01.png.transform/1col/image.png,MON,9078,1208
18,L STROLL,Lance STROLL,STR,Aston Martin,358C75,Lance,Stroll,https://www.formula1.com/content/dam/fom-website/drivers/L/LANSTR01_Lance_Stroll/lanstr01.png.transform/1col/image.png,CAN,9078,1208
20,K MAGNUSSEN,Kevin MAGNUSSEN,MAG,Haas F1 Team,B6BABD,Kevin,Magnussen,https://www.formula1.com/content/dam/fom-website/drivers/K/KEVMAG01_Kevin_Magnussen/kevmag01.png.transform/1col/image.png,DEN,9078,1208
21,N DE VRIES,Nyck DE VRIES,DEV,AlphaTauri,5E8FAA,Nyck,De Vries,https://www.formula1.com/content/dam/fom-website/drivers/N/NYCDEV01_Nyck_De%20Vries/nycdev01.png.transform/1col/image.png,NED,9078,1208
22,Y TSUNODA,Yuki TSUNODA,TSU,AlphaTauri,5E8FAA,Yuki,Tsunoda,https://www.formula1.com/content/dam/fom-website/drivers/Y/YUKTSU01_Yuki_Tsunoda/yuktsu01.png.transform/1col/image.png,JPN,9078,1208
23,A ALBON,Alexander ALBON,ALB,Williams,37BEDD,Alexander,Albon,https://www.formula1.com/content/dam/fom-website/drivers/A/ALEALB01_Alexander_Albon/alealb01.png.transform/1col/image.png,THA,9078,1208
24,G ZHOU,ZHOU Guanyu,ZHO,Alfa Romeo,C92D4B,Guanyu,Zhou,https://www.formula1.com/content/dam/fom-website/drivers/G/GUAZHO01_Guanyu_Zhou/guazho01.png.transform/1col/image.png,CHN,9078,1208
27,N HULKENBERG,Nico HULKENBERG,HUL,Haas F1 Team,B6BABD,Nico,Hulkenberg,https://www.formula1.com/content/dam/fom-website/drivers/N/NICHUL01_Nico_Hulkenberg/nichul01.png.transform/1col/image.png,GER,9078,1208
31,E OCON,Esteban OCON,OCO,Alpine,2293D1,Esteban,Ocon,https://www.formula1.com/content/dam/fom-website/drivers/E/ESTOCO01_Esteban_Ocon/estoco01.png.transform/1col/image.png,FRA,9078,1208
44,L HAMILTON,Lewis HAMILTON,HAM,Mercedes,6CD3BF,Lewis,Hamilton,https://www.formula1.com/content/dam/fom-website/drivers/L/LEWHAM01_Lewis_Hamilton/lewham01.png.transform/1col/image.png,GBR,9078,1208
55,C SAINZ,Carlos SAINZ,SAI,Ferrari,F91536,Carlos,Sainz,https://www.formula1.com/content/dam/fom-website/drivers/C/CARSAI01_Carlos_Sainz/carsai01.png.transform/1col/image.png,ESP,9078,1208
63,G RUSSELL,George RUSSELL,RUS,Mercedes,6CD3BF,George,Russell,https://www.formula1.com/content/dam/fom-website/drivers/G/GEORUS01_George_Russell/georus01.png.transform/1col/image.png,GBR,9078,1208
77,V BOTTAS,Valtteri BOTTAS,BOT,Alfa Romeo,C92D4B,Valtteri,Bottas,https://www.formula1.com/content/dam/fom-website/drivers/V/VALBOT01_Valtteri_Bottas/valbot01.png.transform/1col/image.png,FIN,9078,1208
81,O PIASTRI,Oscar PIASTRI,PIA,McLaren,F58020,Oscar,Piastri,https://www.formula1.com/content/dam/fom-website/drivers/O/OSCPIA01_Oscar_Piastri/oscpia01.png.transform/1col/image.png,AUS,9078,1208
1,M VERSTAPPEN,Max VERSTAPPEN,VER,,,,,,,9087,1210
2,L SARGEANT,Logan SARGEANT,SAR,,,,,,,9087,1210
4,L NORRIS,Lando NORRIS,NOR,,,,,,,9087,1210
10,P GASLY,Pierre GASLY,GAS,,,,,,,9087,1210
11,S PEREZ,Sergio PEREZ,PER,,,,,,,9087,1210
14,F ALONSO,Fernando ALONSO,ALO,,,,,,,9087,1210
16,C LECLERC,Charles LECLERC,LEC,,,,,,,9087,1210
18,L STROLL,Lance STROLL,STR,,,,,,,9087,1210
20,K MAGNUSSEN,Kevin MAGNUSSEN,MAG,,,,,,,9087,1210
21,N DE VRIES,Nyck DE VRIES,DEV,,,,,,,9087,1210
22,Y TSUNODA,Yuki TSUNODA,TSU,,,,,,,9087,1210
23,A ALBON,Alexander ALBON,ALB,,,,,,,9087,1210
24,G ZHOU,ZHOU Guanyu,ZHO,,,,,,,9087,1210
27,N HULKENBERG,Nico HULKENBERG,HUL,,,,,,,9087,1210
31,E OCON,Esteban OCON,OCO,,,,,,,9087,1210
44,L HAMILTON,Lewis HAMILTON,HAM,,,,,,,9087,1210
55,C SAINZ,Carlos SAINZ,SAI,,,,,,,9087,1210
63,G RUSSELL,George RUSSELL,RUS,,,,,,,9087,1210
77,V BOTTAS,Valtteri BOTTAS,BOT,,,,,,,9087,1210
81,O PIASTRI,Oscar PIASTRI,PIA,,,,,,,9087,1210
1,M VERSTAPPEN,Max VERSTAPPEN,VER,Red Bull Racing,3671C6,Max,Verstappen,https://www.formula1.com/content/dam/fom-website/drivers/M/MAXVER01_Max_Verstappen/maxver01.png.transform/1col/image.png,NED,9088,1210
2,L SARGEANT,Logan SARGEANT,SAR,Williams,37BEDD,Logan,Sargeant,https://www.formula1.com/content/dam/fom-website/drivers/L/LOGSAR01_Logan_Sargeant/logsar01.png.transform/1col/image.png,USA,9088,1210
4,L NORRIS,Lando NORRIS,NOR,McLaren,F58020,Lando,Norris,https://www.formula1.com/content/dam/fom-website/drivers/L/LANNOR01_Lando_Norris/lannor01.png.transform/1col/image.png,GBR,9088,1210
10,P GASLY,Pierre GASLY,GAS,Alpine,2293D1,Pierre,Gasly,https://www.formula1.com/content/dam/fom-website/drivers/P/PIEGAS01_Pierre_Gasly/piegas01.png.transform/1col/image.png,FRA,9088,1210
11,S PEREZ,Sergio PEREZ,PER,Red Bull Racing,3671C6,Sergio,Perez,https://www.formula1.com/content/dam/fom-website/drivers/S/SERPER01_Sergio_Perez/serper01.png.transform/1col/image.png,MEX,9088,1210
14,F ALONSO,Fernando ALONSO,ALO,Aston Martin,358C75,Fernando,Alonso,https://www.formula1.com/content/dam/fom-website/drivers/F/FERALO01_Fernando_Alonso/feralo01.png.transform/1col/image.png,ESP,9088,1210
16,C LECLERC,Charles LECLERC,LEC,Ferrari,F91536,Charles,Leclerc,https://www.formula1.com/content/dam/fom-website/drivers/C/CHALEC01_Charles_Leclerc/chalec01.png.transform/1col/image.png,MON,9088,1210
18,L STROLL,Lance STROLL,STR,Aston Martin,358C75,Lance,Stroll,https://www.formula1.com/content/dam/fom-website/drivers/L/LANSTR01_Lance_Stroll/lanstr01.png.transform/1col/image.png,CAN,9088,1210
20,K MAGNUSSEN,Kevin MAGNUSSEN,MAG,Haas F1 Team,B6BABD,Kevin,Magnussen,https://www.formula1.com/content/dam/fom-website/drivers/K/KEVMAG01_Kevin_Magnussen/kevmag01.png.transform/1col/image.png,DEN,9088,1210
21,N DE VRIES,Nyck DE VRIES,DEV,AlphaTauri,5E8FAA,Nyck,De Vries,https://www.formula1.com/content/dam/fom-website/drivers/N/NYCDEV01_Nyck_De%20Vries/nycdev01.png.transform/1col/image.png,NED,9088,1210
22,Y TSUNODA,Yuki TSUNODA,TSU,AlphaTauri,5E8FAA,Yuki,Tsunoda,https://www.formula1.com/content/dam/fom-website/drivers/Y/YUKTSU01_Yuki_Tsunoda/yuktsu01.png.transform/1col/image.png,JPN,9088,1210
23,A ALBON,Alexander ALBON,ALB,Williams,37BEDD,Alexander,Albon,https://www.formula1.com/content/dam/fom-website/drivers/A/ALEALB01_Alexander_Albon/alealb01.png.transform/1col/image.png,THA,9088,1210
24,G ZHOU,ZHOU Guanyu,ZHO,Alfa Romeo,C92D4B,Guanyu,Zhou,https://www.formula1.com/content/dam/fom-website/drivers/G/GUAZHO01_Guanyu_Zhou/guazho01.png.transform/1col/image.png,CHN,9088,1210
27,N HULKENBERG,Nico HULKENBERG,HUL,Haas F1 Team,B6BABD,Nico,Hulkenberg,https://www.formula1.com/content/dam/fom-website/drivers/N/NICHUL01_Nico_Hulkenberg/nichul01.png.transform/1col/image.png,GER,9088,1210
31,E OCON,Esteban OCON,OCO,Alpine,2293D1,Esteban,Ocon,https://www.formula1.com/content/dam/fom-website/drivers/E/ESTOCO01_Esteban_Ocon/estoco01.png.transform/1col/image.png,FRA,9088,1210
44,L HAMILTON,Lewis HAMILTON,HAM,Mercedes,6CD3BF,Lewis,Hamilton,https://www.formula1.com/content/dam/fom-website/drivers/L/LEWHAM01_Lewis_Hamilton/lewham01.png.transform/1col/image.png,GBR,9088,1210
55,C SAINZ,Carlos SAINZ,SAI,Ferrari,F91536,Carlos,Sainz,https://www.formula1.com/content/dam/fom-website/drivers/C/CARSAI01_Carlos_Sainz/carsai01.png.transform/1col/image.png,ESP,9088,1210
63,G RUSSELL,George RUSSELL,RUS,Mercedes,6CD3BF,George,Russell,https://www.formula1.com/content/dam/fom-website/drivers/G/GEORUS01_George_Russell/georus01.png.transform/1col/image.png,GBR,9088,1210
77,V BOTTAS,Valtteri BOTTAS,BOT,Alfa Romeo,C92D4B,Valtteri,Bottas,https://www.formula1.com/content/dam/fom-website/drivers/V/VALBOT01_Valtteri_Bottas/valbot01.png.transform/1col/image.png,FIN,9088,1210
81,O PIASTRI,Oscar PIASTRI,PIA,McLaren,F58020,Oscar,Piastri,https://www.formula1.com/content/dam/fom-website/drivers/O/OSCPIA01_Oscar_Piastri/oscpia01.png.transform/1col/image.png,AUS,9088,1210
1,M VERSTAPPEN,Max VERSTAPPEN,VER,Red Bull Racing,3671C6,Max,Verstappen,https://www.formula1.com/content/dam/fom-website/drivers/M/MAXVER01_Max_Verstappen/maxver01.png.transform/1col/image.png,NED,9089,1210
2,L SARGEANT,Logan SARGEANT,SAR,Williams,37BEDD,Logan,Sargeant,https://www.formula1.com/content/dam/fom-website/drivers/L/LOGSAR01_Logan_Sargeant/logsar01.png.transform/1col/image.png,USA,9089,1210
4,L NORRIS,Lando NORRIS,NOR,McLaren,F58020,Lando,Norris,https://www.formula1.com/content/dam/fom-website/drivers/L/LANNOR01_Lando_Norris/lannor01.png.transform/1col/image.png,GBR,9089,1210
10,P GASLY,Pierre GASLY,GAS,Alpine,2293D1,Pierre,Gasly,https://www.formula1.com/content/dam/fom-website/drivers/P/PIEGAS01_Pierre_Gasly/piegas01.png.transform/1col/image.png,FRA,9089,1210
11,S PEREZ,Sergio PEREZ,PER,Red Bull Racing,3671C6,Sergio,Perez,https://www.formula1.com/content/dam/fom-website/drivers/S/SERPER01_Sergio_Perez/serper01.png.transform/1col/image.png,MEX,9089,1210
14,F ALONSO,Fernando ALONSO,ALO,Aston Martin,358C75,Fernando,Alonso,https://www.formula1.com/content/dam/fom-website/drivers/F/FERALO01_Fernando_Alonso/feralo01.png.transform/1col/image.png,ESP,9089,1210
16,C LECLERC,Charles LECLERC,LEC,Ferrari,F91536,Charles,Leclerc,https://www.formula1.com/content/dam/fom-website/drivers/C/CHALEC01_Charles_Leclerc/chalec01.png.transform/1col/image.png,MON,9089,1210
18,L STROLL,Lance STROLL,STR,Aston Martin,358C75,Lance,Stroll,https://www.formula1.com/content/dam/fom-website/drivers/L/LANSTR01_Lance_Stroll/lanstr01.png.transform/1col/image.png,CAN,9089,1210
20,K MAGNUSSEN,Kevin MAGNUSSEN,MAG,Haas F1 Team,B6BABD,Kevin,Magnussen,https://www.formula1.com/content/dam/fom-website/drivers/K/KEVMAG01_Kevin_Magnussen/kevmag01.png.transform/1col/image.png,DEN,9089,1210
21,N DE VRIES,Nyck DE VRIES,DEV,AlphaTauri,5E8FAA,Nyck,De Vries,https://www.formula1.com/content/dam/fom-website/drivers/N/NYCDEV01_Nyck_De%20Vries/nycdev01.png.transform/1col/image.png,NED,9089,1210
22,Y TSUNODA,Yuki TSUNODA,TSU,AlphaTauri,5E8FAA,Yuki,Tsunoda,https://www.formula1.com/content/dam/fom-website/drivers/Y/YUKTSU01_Yuki_Tsunoda/yuktsu01.png.transform/1col/image.png,JPN,9089,1210
23,A ALBON,Alexander ALBON,ALB,Williams,37BEDD,Alexander,Albon,https://www.formula1.com/content/dam/fom-website/drivers/A/ALEALB01_Alexander_Albon/alealb01.png.transform/1col/image.png,THA,9089,1210
24,G ZHOU,ZHOU Guanyu,ZHO,Alfa Romeo,C92D4B,Guanyu,Zhou,https://www.formula1.com/content/dam/fom-website/drivers/G/GUAZHO01_Guanyu_Zhou/guazho01.png.transform/1col/image.png,CHN,9089,1210
27,N HULKENBERG,Nico HULKENBERG,HUL,Haas F1 Team,B6BABD,Nico,Hulkenberg,https://www.formula1.com/content/dam/fom-website/drivers/N/NICHUL01_Nico_Hulkenberg/nichul01.png.transform/1col/image.png,GER,9089,1210
31,E OCON,Esteban OCON,OCO,Alpine,2293D1,Esteban,Ocon,https://www.formula1.com/content/dam/fom-website/drivers/E/ESTOCO01_Esteban_Ocon/estoco01.png.transform/1col/image.png,FRA,9089,1210
44,L HAMILTON,Lewis HAMILTON,HAM,Mercedes,6CD3BF,Lewis,Hamilton,https://www.formula1.com/content/dam/fom-website/drivers/L/LEWHAM01_Lewis_Hamilton/lewham01.png.transform/1col/image.png,GBR,9089,1210
55,C SAINZ,Carlos SAINZ,SAI,Ferrari,F91536,Carlos,Sainz,https://www.formula1.com/content/dam/fom-website/drivers/C/CARSAI01_Carlos_Sainz/carsai01.png.transform/1col/image.png,ESP,9089,1210
63,G RUSSELL,George RUSSELL,RUS,Mercedes,6CD3BF,George,Russell,https://www.formula1.com/content/dam/fom-website/drivers/G/GEORUS01_George_Russell/georus01.png.transform/1col/image.png,GBR,9089,1210
77,V BOTTAS,Valtteri BOTTAS,BOT,Alfa Romeo,C92D4B,Valtteri,Bottas,https://www.formula1.com/content/dam/fom-website/drivers/V/VALBOT01_Valtteri_Bottas/valbot01.png.transform/1col/image.png,FIN,9089,1210
81,O PIASTRI,Oscar PIASTRI,PIA,McLaren,F58020,Oscar,Piastri,https://www.formula1.com/content/dam/fom-website/drivers/O/OSCPIA01_Oscar_Piastri/oscpia01.png.transform/1col/image.png,AUS,9089,1210
1,M VERSTAPPEN,Max VERSTAPPEN,VER,Red Bull Racing,3671C6,Max,Verstappen,https://www.formula1.com/content/dam/fom-website/drivers/M/MAXVER01_Max_Verstappen/maxver01.png.transform/1col/image.png,NED,9090,1210
2,L SARGEANT,Logan SARGEANT,SAR,Williams,37BEDD,Logan,Sargeant,https://www.formula1.com/content/dam/fom-website/drivers/L/LOGSAR01_Logan_Sargeant/logsar01.png.transform/1col/image.png,USA,9090,1210
4,L NORRIS,Lando NORRIS,NOR,McLaren,F58020,Lando,Norris,https://www.formula1.com/content/dam/fom-website/drivers/L/LANNOR01_Lando_Norris/lannor01.png.transform/1col/image.png,GBR,9090,1210
10,P GASLY,Pierre GASLY,GAS,Alpine,2293D1,Pierre,Gasly,https://www.formula1.com/content/dam/fom-website/drivers/P/PIEGAS01_Pierre_Gasly/piegas01.png.transform/1col/image.png,FRA,9090,1210
11,S PEREZ,Sergio PEREZ,PER,Red Bull Racing,3671C6,Sergio,Perez,https://www.formula1.com/content/dam/fom-website/drivers/S/SERPER01_Sergio_Perez/serper01.png.transform/1col/image.png,MEX,9090,1210
14,F ALONSO,Fernando ALONSO,ALO,Aston Martin,358C75,Fernando,Alonso,https://www.formula1.com/content/dam/fom-website/drivers/F/FERALO01_Fernando_Alonso/feralo01.png.transform/1col/image.png,ESP,9090,1210
16,C LECLERC,Charles LECLERC,LEC,Ferrari,F91536,Charles,Leclerc,https://www.formula1.com/content/dam/fom-website/drivers/C/CHALEC01_Charles_Leclerc/chalec01.png.transform/1col/image.png,MON,9090,1210
18,L STROLL,Lance STROLL,STR,Aston Martin,358C75,Lance,Stroll,https://www.formula1.com/content/dam/fom-website/drivers/L/LANSTR01_Lance_Stroll/lanstr01.png.transform/1col/image.png,CAN,9090,1210
20,K MAGNUSSEN,Kevin MAGNUSSEN,MAG,Haas F1 Team,B6BABD,Kevin,Magnussen,https://www.formula1.com/content/dam/fom-website/drivers/K/KEVMAG01_Kevin_Magnussen/kevmag01.png.transform/1col/image.png,DEN,9090,1210
21,N DE VRIES,Nyck DE VRIES,DEV,AlphaTauri,5E8FAA,Nyck,De Vries,https://www.formula1.com/content/dam/fom-website/drivers/N/NYCDEV01_Nyck_De%20Vries/nycdev01.png.transform/1col/image.png,NED,9090,1210
22,Y TSUNODA,Yuki TSUNODA,TSU,AlphaTauri,5E8FAA,Yuki,Tsunoda,https://www.formula1.com/content/dam/fom-website/drivers/Y/YUKTSU01_Yuki_Tsunoda/yuktsu01.png.transform/1col/image.png,JPN,9090,1210
23,A ALBON,Alexander ALBON,ALB,Williams,37BEDD,Alexander,Albon,https://www.formula1.com/content/dam/fom-website/drivers/A/ALEALB01_Alexander_Albon/alealb01.png.transform/1col/image.png,THA,9090,1210
24,G ZHOU,ZHOU Guanyu,ZHO,Alfa Romeo,C92D4B,Guanyu,Zhou,https://www.formula1.com/content/dam/fom-website/drivers/G/GUAZHO01_Guanyu_Zhou/guazho01.png.transform/1col/image.png,CHN,9090,1210
27,N HULKENBERG,Nico HULKENBERG,HUL,Haas F1 Team,B6BABD,Nico,Hulkenberg,https://www.formula1.com/content/dam/fom-website/drivers/N/NICHUL01_Nico_Hulkenberg/nichul01.png.transform/1col/image.png,GER,9090,1210
31,E OCON,Esteban OCON,OCO,Alpine,2293D1,Esteban,Ocon,https://www.formula1.com/content/dam/fom-website/drivers/E/ESTOCO01_Esteban_Ocon/estoco01.png.transform/1col/image.png,FRA,9090,1210
44,L HAMILTON,Lewis HAMILTON,HAM,Mercedes,6CD3BF,Lewis,Hamilton,https://www.formula1.com/content/dam/fom-website/drivers/L/LEWHAM01_Lewis_Hamilton/lewham01.png.transform/1col/image.png,GBR,9090,1210
55,C SAINZ,Carlos SAINZ,SAI,Ferrari,F91536,Carlos,Sainz,https://www.formula1.com/content/dam/fom-website/drivers/C/CARSAI01_Carlos_Sainz/carsai01.png.transform/1col/image.png,ESP,9090,1210
63,G RUSSELL,George RUSSELL,RUS,Mercedes,6CD3BF,George,Russell,https://www.formula1.com/content/dam/fom-website/drivers/G/GEORUS01_George_Russell/georus01.png.transform/1col/image.png,GBR,9090,1210
77,V BOTTAS,Valtteri BOTTAS,BOT,Alfa Romeo,C92D4B,Valtteri,Bottas,https://www.formula1.com/content/dam/fom-website/drivers/V/VALBOT01_Valtteri_Bottas/valbot01.png.transform/1col/image.png,FIN,9090,1210
81,O PIASTRI,Oscar PIASTRI,PIA,McLaren,F58020,Oscar,Piastri,https://www.formula1.com/content/dam/fom-website/drivers/O/OSCPIA01_Oscar_Piastri/oscpia01.png.transform/1col/image.png,AUS,9090,1210
1,M VERSTAPPEN,Max VERSTAPPEN,VER,Red Bull Racing,3671C6,Max,Verstappen,https://www.formula1.com/content/dam/fom-website/drivers/M/MAXVER01_Max_Verstappen/maxver01.png.transform/1col/image.png,NED,9094,1210
2,L SARGEANT,Logan SARGEANT,SAR,Williams,37BEDD,Logan,Sargeant,https://www.formula1.com/content/dam/fom-website/drivers/L/LOGSAR01_Logan_Sargeant/logsar01.png.transform/1col/image.png,USA,9094,1210
4,L NORRIS,Lando NORRIS,NOR,McLaren,F58020,Lando,Norris,https://www.formula1.com/content/dam/fom-website/drivers/L/LANNOR01_Lando_Norris/lannor01.png.transform/1col/image.png,GBR,9094,1210
10,P GASLY,Pierre GASLY,GAS,Alpine,2293D1,Pierre,Gasly,https://www.formula1.com/content/dam/fom-website/drivers/P/PIEGAS01_Pierre_Gasly/piegas01.png.transform/1col/image.png,FRA,9094,1210
11,S PEREZ,Sergio PEREZ,PER,Red Bull Racing,3671C6,Sergio,Perez,https://www.formula1.com/content/dam/fom-website/drivers/S/SERPER01_Sergio_Perez/serper01.png.transform/1col/image.png,MEX,9094,1210
14,F ALONSO,Fernando ALONSO,ALO,Aston Martin,358C75,Fernando,Alonso,https://www.formula1.com/content/dam/fom-website/drivers/F/FERALO01_Fernando_Alonso/feralo01.png.transform/1col/image.png,ESP,9094,1210
16,C LECLERC,Charles LECLERC,LEC,Ferrari,F91536,Charles,Leclerc,https://www.formula1.com/content/dam/fom-website/drivers/C/CHALEC01_Charles_Leclerc/chalec01.png.transform/1col/image.png,MON,9094,1210
18,L STROLL,Lance STROLL,STR,Aston Martin,358C75,Lance,Stroll,https://www.formula1.com/content/dam/fom-website/drivers/L/LANSTR01_Lance_Stroll/lanstr01.png.transform/1col/image.png,CAN,9094,1210
20,K MAGNUSSEN,Kevin MAGNUSSEN,MAG,Haas F1 Team,B6BABD,Kevin,Magnussen,https://www.formula1.com/content/dam/fom-website/drivers/K/KEVMAG01_Kevin_Magnussen/kevmag01.png.transform/1col/image.png,DEN,9094,1210
21,N DE VRIES,Nyck DE VRIES,DEV,AlphaTauri,5E8FAA,Nyck,De Vries,https://www.formula1.com/content/dam/fom-website/drivers/N/NYCDEV01_Nyck_De%20Vries/nycdev01.png.transform/1col/image.png,NED,9094,1210
22,Y TSUNODA,Yuki TSUNODA,TSU,AlphaTauri,5E8FAA,Yuki,Tsunoda,https://www.formula1.com/content/dam/fom-website/drivers/Y/YUKTSU01_Yuki_Tsunoda/yuktsu01.png.transform/1col/image.png,JPN,9094,1210
23,A ALBON,Alexander ALBON,ALB,Williams,37BEDD,Alexander,Albon,https://www.formula1.com/content/dam/fom-website/drivers/A/ALEALB01_Alexander_Albon/alealb01.png.transform/1col/image.png,THA,9094,1210
24,G ZHOU,ZHOU Guanyu,ZHO,Alfa Romeo,C92D4B,Guanyu,Zhou,https://www.formula1.com/content/dam/fom-website/drivers/G/GUAZHO01_Guanyu_Zhou/guazho01.png.transform/1col/image.png,CHN,9094,1210
27,N HULKENBERG,Nico HULKENBERG,HUL,Haas F1 Team,B6BABD,Nico,Hulkenberg,https://www.formula1.com/content/dam/fom-website/drivers/N/NICHUL01_Nico_Hulkenberg/nichul01.png.transform/1col/image.png,GER,9094,1210
31,E OCON,Esteban OCON,OCO,Alpine,2293D1,Esteban,Ocon,https://www.formula1.com/content/dam/fom-website/drivers/E/ESTOCO01_Esteban_Ocon/estoco01.png.transform/1col/image.png,FRA,9094,1210
44,L HAMILTON,Lewis HAMILTON,HAM,Mercedes,6CD3BF,Lewis,Hamilton,https://www.formula1.com/content/dam/fom-website/drivers/L/LEWHAM01_Lewis_Hamilton/lewham01.png.transform/1col/image.png,GBR,9094,1210
55,C SAINZ,Carlos SAINZ,SAI,Ferrari,F91536,Carlos,Sainz,https://www.formula1.com/content/dam/fom-website/drivers/C/CARSAI01_Carlos_Sainz/carsai01.png.transform/1col/image.png,ESP,9094,1210
63,G RUSSELL,George RUSSELL,RUS,Mercedes,6CD3BF,George,Russell,https://www.formula1.com/content/dam/fom-website/drivers/G/GEORUS01_George_Russell/georus01.png.transform/1col/image.png,GBR,9094,1210
77,V BOTTAS,Valtteri BOTTAS,BOT,Alfa Romeo,C92D4B,Valtteri,Bottas,https://www.formula1.com/content/dam/fom-website/drivers/V/VALBOT01_Valtteri_Bottas/valbot01.png.transform/1col/image.png,FIN,9094,1210
81,O PIASTRI,Oscar PIASTRI,PIA,McLaren,F58020,Oscar,Piastri,https://www.formula1.com/content/dam/fom-website/drivers/O/OSCPIA01_Oscar_Piastri/oscpia01.png.transform/1col/image.png,AUS,9094,1210
1,M VERSTAPPEN,Max VERSTAPPEN,VER,Red Bull Racing,3671C6,Max,Verstappen,https://www.formula1.com/content/dam/fom-website/drivers/M/MAXVER01_Max_Verstappen/maxver01.png.transform/1col/image.png,NED,9095,1211
2,L SARGEANT,Logan SARGEANT,SAR,Williams,37BEDD,Logan,Sargeant,https://www.formula1.com/content/dam/fom-website/drivers/L/LOGSAR01_Logan_Sargeant/logsar01.png.transform/1col/image.png,USA,9095,1211
4,L NORRIS,Lando NORRIS,NOR,McLaren,F58020,Lando,Norris,https://www.formula1.com/content/dam/fom-website/drivers/L/LANNOR01_Lando_Norris/lannor01.png.transform/1col/image.png,GBR,9095,1211
10,P GASLY,Pierre GASLY,GAS,Alpine,2293D1,Pierre,Gasly,https://www.formula1.com/content/dam/fom-website/drivers/P/PIEGAS01_Pierre_Gasly/piegas01.png.transform/1col/image.png,FRA,9095,1211
11,S PEREZ,Sergio PEREZ,PER,Red Bull Racing,3671C6,Sergio,Perez,https://www.formula1.com/content/dam/fom-website/drivers/S/SERPER01_Sergio_Perez/serper01.png.transform/1col/image.png,MEX,9095,1211
14,F ALONSO,Fernando ALONSO,ALO,Aston Martin,358C75,Fernando,Alonso,https://www.formula1.com/content/dam/fom-website/drivers/F/FERALO01_Fernando_Alonso/feralo01.png.transform/1col/image.png,ESP,9095,1211
16,C LECLERC,Charles LECLERC,LEC,Ferrari,F91536,Charles,Leclerc,https://www.formula1.com/content/dam/fom-website/drivers/C/CHALEC01_Charles_Leclerc/chalec01.png.transform/1col/image.png,MON,9095,1211
18,L STROLL,Lance STROLL,STR,Aston Martin,358C75,Lance,Stroll,https://www.formula1.com/content/dam/fom-website/drivers/L/LANSTR01_Lance_Stroll/lanstr01.png.transform/1col/image.png,CAN,9095,1211
20,K MAGNUSSEN,Kevin MAGNUSSEN,MAG,Haas F1 Team,B6BABD,Kevin,Magnussen,https://www.formula1.com/content/dam/fom-website/drivers/K/KEVMAG01_Kevin_Magnussen/kevmag01.png.transform/1col/image.png,DEN,9095,1211
21,N DE VRIES,Nyck DE VRIES,DEV,AlphaTauri,5E8FAA,Nyck,De Vries,https://www.formula1.com/content/dam/fom-website/drivers/N/NYCDEV01_Nyck_De%20Vries/nycdev01.png.transform/1col/image.png,NED,9095,1211
22,Y TSUNODA,Yuki TSUNODA,TSU,AlphaTauri,5E8FAA,Yuki,Tsunoda,https://www.formula1.com/content/dam/fom-website/drivers/Y/YUKTSU01_Yuki_Tsunoda/yuktsu01.png.transform/1col/image.png,JPN,9095,1211
23,A ALBON,Alexander ALBON,ALB,Williams,37BEDD,Alexander,Albon,https://www.formula1.com/content/dam/fom-website/drivers/A/ALEALB01_Alexander_Albon/alealb01.png.transform/1col/image.png,THA,9095,1211
24,G ZHOU,ZHOU Guanyu,ZHO,Alfa Romeo,C92D4B,Guanyu,Zhou,https://www.formula1.com/content/dam/fom-website/drivers/G/GUAZHO01_Guanyu_Zhou/guazho01.png.transform/1col/image.png,CHN,9095,1211
27,N HULKENBERG,Nico HULKENBERG,HUL,Haas F1 Team,B6BABD,Nico,Hulkenberg,https://www.formula1.com/content/dam/fom-website/drivers/N/NICHUL01_Nico_Hulkenberg/nichul01.png.transform/1col/image.png,GER,9095,1211
31,E OCON,Esteban OCON,OCO,Alpine,2293D1,Esteban,Ocon,https://www.formula1.com/content/dam/fom-website/drivers/E/ESTOCO01_Esteban_Ocon/estoco01.png.transform/1col/image.png,FRA,9095,1211
44,L HAMILTON,Lewis HAMILTON,HAM,Mercedes,6CD3BF,Lewis,Hamilton,https://www.formula1.com/content/dam/fom-website/drivers/L/LEWHAM01_Lewis_Hamilton/lewham01.png.transform/1col/image.png,GBR,9095,1211
55,C SAINZ,Carlos SAINZ,SAI,Ferrari,F91536,Carlos,Sainz,https://www.formula1.com/content/dam/fom-website/drivers/C/CARSAI01_Carlos_Sainz/carsai01.png.transform/1col/image.png,ESP,9095,1211
63,G RUSSELL,George RUSSELL,RUS,Mercedes,6CD3BF,George,Russell,https://www.formula1.com/content/dam/fom-website/drivers/G/GEORUS01_George_Russell/georus01.png.transform/1col/image.png,GBR,9095,1211
77,V BOTTAS,Valtteri BOTTAS,BOT,Alfa Romeo,C92D4B,Valtteri,Bottas,https://www.formula1.com/content/dam/fom-website/drivers/V/VALBOT01_Valtteri_Bottas/valbot01.png.transform/1col/image.png,FIN,9095,1211
81,O PIASTRI,Oscar PIASTRI,PIA,McLaren,F58020,Oscar,Piastri,https://www.formula1.com/content/dam/fom-website/drivers/O/OSCPIA01_Oscar_Piastri/oscpia01.png.transform/1col/image.png,AUS,9095,1211
1,M VERSTAPPEN,Max VERSTAPPEN,VER,Red Bull Racing,3671C6,Max,Verstappen,https://www.formula1.com/content/dam/fom-website/drivers/M/MAXVER01_Max_Verstappen/maxver01.png.transform/1col/image.png,NED,9096,1211
2,L SARGEANT,Logan SARGEANT,SAR,Williams,37BEDD,Logan,Sargeant,https://www.formula1.com/content/dam/fom-website/drivers/L/LOGSAR01_Logan_Sargeant/logsar01.png.transform/1col/image.png,USA,9096,1211
4,L NORRIS,Lando NORRIS,NOR,McLaren,F58020,Lando,Norris,https://www.formula1.com/content/dam/fom-website/drivers/L/LANNOR01_Lando_Norris/lannor01.png.transform/1col/image.png,GBR,9096,1211
10,P GASLY,Pierre GASLY,GAS,Alpine,2293D1,Pierre,Gasly,https://www.formula1.com/content/dam/fom-website/drivers/P/PIEGAS01_Pierre_Gasly/piegas01.png.transform/1col/image.png,FRA,9096,1211
11,S PEREZ,Sergio PEREZ,PER,Red Bull Racing,3671C6,Sergio,Perez,https://www.formula1.com/content/dam/fom-website/drivers/S/SERPER01_Sergio_Perez/serper01.png.transform/1col/image.png,MEX,9096,1211
14,F ALONSO,Fernando ALONSO,ALO,Aston Martin,358C75,Fernando,Alonso,https://www.formula1.com/content/dam/fom-website/drivers/F/FERALO01_Fernando_Alonso/feralo01.png.transform/1col/image.png,ESP,9096,1211
16,C LECLERC,Charles LECLERC,LEC,Ferrari,F91536,Charles,Leclerc,https://www.formula1.com/content/dam/fom-website/drivers/C/CHALEC01_Charles_Leclerc/chalec01.png.transform/1col/image.png,MON,9096,1211
18,L STROLL,Lance STROLL,STR,Aston Martin,358C75,Lance,Stroll,https://www.formula1.com/content/dam/fom-website/drivers/L/LANSTR01_Lance_Stroll/lanstr01.png.transform/1col/image.png,CAN,9096,1211
20,K MAGNUSSEN,Kevin MAGNUSSEN,MAG,Haas F1 Team,B6BABD,Kevin,Magnussen,https://www.formula1.com/content/dam/fom-website/drivers/K/KEVMAG01_Kevin_Magnussen/kevmag01.png.transform/1col/image.png,DEN,9096,1211
21,N DE VRIES,Nyck DE VRIES,DEV,AlphaTauri,5E8FAA,Nyck,De Vries,https://www.formula1.com/content/dam/fom-website/drivers/N/NYCDEV01_Nyck_De%20Vries/nycdev01.png.transform/1col/image.png,NED,9096,1211
22,Y TSUNODA,Yuki TSUNODA,TSU,AlphaTauri,5E8FAA,Yuki,Tsunoda,https://www.formula1.com/content/dam/fom-website/drivers/Y/YUKTSU01_Yuki_Tsunoda/yuktsu01.png.transform/1col/image.png,JPN,9096,1211
23,A ALBON,Alexander ALBON,ALB,Williams,37BEDD,Alexander,Albon,https://www.formula1.com/content/dam/fom-website/drivers/A/ALEALB01_Alexander_Albon/alealb01.png.transform/1col/image.png,THA,9096,1211
24,G ZHOU,ZHOU Guanyu,ZHO,Alfa Romeo,C92D4B,Guanyu,Zhou,https://www.formula1.com/content/dam/fom-website/drivers/G/GUAZHO01_Guanyu_Zhou/guazho01.png.transform/1col/image.png,CHN,9096,1211
27,N HULKENBERG,Nico HULKENBERG,HUL,Haas F1 Team,B6BABD,Nico,Hulkenberg,https://www.formula1.com/content/dam/fom-website/drivers/N/NICHUL01_Nico_Hulkenberg/nichul01.png.transform/1col/image.png,GER,9096,1211
31,E OCON,Esteban OCON,OCO,Alpine,2293D1,Esteban,Ocon,https://www.formula1.com/content/dam/fom-website/drivers/E/ESTOCO01_Esteban_Ocon/estoco01.png.transform/1col/image.png,FRA,9096,1211
44,L HAMILTON,Lewis HAMILTON,HAM,Mercedes,6CD3BF,Lewis,Hamilton,https://www.formula1.com/content/dam/fom-website/drivers/L/LEWHAM01_Lewis_Hamilton/lewham01.png.transform/1col/image.png,GBR,9096,1211
55,C SAINZ,Carlos SAINZ,SAI,Ferrari,F91536,Carlos,Sainz,https://www.formula1.com/content/dam/fom-website/drivers/C/CARSAI01_Carlos_Sainz/carsai01.png.transform/1col/image.png,ESP,9096,1211
63,G RUSSELL,George RUSSELL,RUS,Mercedes,6CD3BF,George,Russell,https://www.formula1.com/content/dam/fom-website/drivers/G/GEORUS01_George_Russell/georus01.png.transform/1col/image.png,GBR,9096,1211
77,V BOTTAS,Valtteri BOTTAS,BOT,Alfa Romeo,C92D4B,Valtteri,Bottas,https://www.formula1.com/content/dam/fom-website/drivers/V/VALBOT01_Valtteri_Bottas/valbot01.png.transform/1col/image.png,FIN,9096,1211
81,O PIASTRI,Oscar PIASTRI,PIA,McLaren,F58020,Oscar,Piastri,https://www.formula1.com/content/dam/fom-website/drivers/O/OSCPIA01_Oscar_Piastri/oscpia01.png.transform/1col/image.png,AUS,9096,1211
1,M VERSTAPPEN,Max VERSTAPPEN,VER,Red Bull Racing,3671C6,Max,Verstappen,https://www.formula1.com/content/dam/fom-website/drivers/M/MAXVER01_Max_Verstappen/maxver01.png.transform/1col/image.png,NED,9097,1211
2,L SARGEANT,Logan SARGEANT,SAR,Williams,37BEDD,Logan,Sargeant,https://www.formula1.com/content/dam/fom-website/drivers/L/LOGSAR01_Logan_Sargeant/logsar01.png.transform/1col/image.png,USA,9097,1211
4,L NORRIS,Lando NORRIS,NOR,McLaren,F58020,Lando,Norris,https://www.formula1.com/content/dam/fom-website/drivers/L/LANNOR01_Lando_Norris/lannor01.png.transform/1col/image.png,GBR,9097,1211
10,P GASLY,Pierre GASLY,GAS,Alpine,2293D1,Pierre,Gasly,https://www.formula1.com/content/dam/fom-website/drivers/P/PIEGAS01_Pierre_Gasly/piegas01.png.transform/1col/image.png,FRA,9097,1211
11,S PEREZ,Sergio PEREZ,PER,Red Bull Racing,3671C6,Sergio,Perez,https://www.formula1.com/content/dam/fom-website/drivers/S/SERPER01_Sergio_Perez/serper01.png.transform/1col/image.png,MEX,9097,1211
14,F ALONSO,Fernando ALONSO,ALO,Aston Martin,358C75,Fernando,Alonso,https://www.formula1.com/content/dam/fom-website/drivers/F/FERALO01_Fernando_Alonso/feralo01.png.transform/1col/image.png,ESP,9097,1211
16,C LECLERC,Charles LECLERC,LEC,Ferrari,F91536,Charles,Leclerc,https://www.formula1.com/content/dam/fom-website/drivers/C/CHALEC01_Charles_Leclerc/chalec01.png.transform/1col/image.png,MON,9097,1211
18,L STROLL,Lance STROLL,STR,Aston Martin,358C75,Lance,Stroll,https://www.formula1.com/content/dam/fom-website/drivers/L/LANSTR01_Lance_Stroll/lanstr01.png.transform/1col/image.png,CAN,9097,1211
20,K MAGNUSSEN,Kevin MAGNUSSEN,MAG,Haas F1 Team,B6BABD,Kevin,Magnussen,https://www.formula1.com/content/dam/fom-website/drivers/K/KEVMAG01_Kevin_Magnussen/kevmag01.png.transform/1col/image.png,DEN,9097,1211
21,N DE VRIES,Nyck DE VRIES,DEV,AlphaTauri,5E8FAA,Nyck,De Vries,https://www.formula1.com/content/dam/fom-website/drivers/N/NYCDEV01_Nyck_De%20Vries/nycdev01.png.transform/1col/image.png,NED,9097,1211
22,Y TSUNODA,Yuki TSUNODA,TSU,AlphaTauri,5E8FAA,Yuki,Tsunoda,https://www.formula1.com/content/dam/fom-website/drivers/Y/YUKTSU01_Yuki_Tsunoda/yuktsu01.png.transform/1col/image.png,JPN,9097,1211
23,A ALBON,Alexander ALBON,ALB,Williams,37BEDD,Alexander,Albon,https://www.formula1.com/content/dam/fom-website/drivers/A/ALEALB01_Alexander_Albon/alealb01.png.transform/1col/image.png,THA,9097,1211
24,G ZHOU,ZHOU Guanyu,ZHO,Alfa Romeo,C92D4B,Guanyu,Zhou,https://www.formula1.com/content/dam/fom-website/drivers/G/GUAZHO01_Guanyu_Zhou/guazho01.png.transform/1col/image.png,CHN,9097,1211
27,N HULKENBERG,Nico HULKENBERG,HUL,Haas F1 Team,B6BABD,Nico,Hulkenberg,https://www.formula1.com/content/dam/fom-website/drivers/N/NICHUL01_Nico_Hulkenberg/nichul01.png.transform/1col/image.png,GER,9097,1211
31,E OCON,Esteban OCON,OCO,Alpine,2293D1,Esteban,Ocon,https://www.formula1.com/content/dam/fom-website/drivers/E/ESTOCO01_Esteban_Ocon/estoco01.png.transform/1col/image.png,FRA,9097,1211
44,L HAMILTON,Lewis HAMILTON,HAM,Mercedes,6CD3BF,Lewis,Hamilton,https://www.formula1.com/content/dam/fom-website/drivers/L/LEWHAM01_Lewis_Hamilton/lewham01.png.transform/1col/image.png,GBR,9097,1211
55,C SAINZ,Carlos SAINZ,SAI,Ferrari,F91536,Carlos,Sainz,https://www.formula1.com/content/dam/fom-website/drivers/C/CARSAI01_Carlos_Sainz/carsai01.png.transform/1col/image.png,ESP,9097,1211
63,G RUSSELL,George RUSSELL,RUS,Mercedes,6CD3BF,George,Russell,https://www.formula1.com/content/dam/fom-website/drivers/G/GEORUS01_George_Russell/georus01.png.transform/1col/image.png,GBR,9097,1211
77,V BOTTAS,Valtteri BOTTAS,BOT,Alfa Romeo,C92D4B,Valtteri,Bottas,https://www.formula1.com/content/dam/fom-website/drivers/V/VALBOT01_Valtteri_Bottas/valbot01.png.transform/1col/image.png,FIN,9097,1211
81,O PIASTRI,Oscar PIASTRI,PIA,McLaren,F58020,Oscar,Piastri,https://www.formula1.com/content/dam/fom-website/drivers/O/OSCPIA01_Oscar_Piastri/oscpia01.png.transform/1col/image.png,AUS,9097,1211
1,M VERSTAPPEN,Max VERSTAPPEN,VER,Red Bull Racing,3671C6,Max,Verstappen,https://www.formula1.com/content/dam/fom-website/drivers/M/MAXVER01_Max_Verstappen/maxver01.png.transform/1col/image.png,NED,9098,1211
2,L SARGEANT,Logan SARGEANT,SAR,Williams,37BEDD,Logan,Sargeant,https://www.formula1.com/content/dam/fom-website/drivers/L/LOGSAR01_Logan_Sargeant/logsar01.png.transform/1col/image.png,USA,9098,1211
4,L NORRIS,Lando NORRIS,NOR,McLaren,F58020,Lando,Norris,https://www.formula1.com/content/dam/fom-website/drivers/L/LANNOR01_Lando_Norris/lannor01.png.transform/1col/image.png,GBR,9098,1211
10,P GASLY,Pierre GASLY,GAS,Alpine,2293D1,Pierre,Gasly,https://www.formula1.com/content/dam/fom-website/drivers/P/PIEGAS01_Pierre_Gasly/piegas01.png.transform/1col/image.png,FRA,9098,1211
11,S PEREZ,Sergio PEREZ,PER,Red Bull Racing,3671C6,Sergio,Perez,https://www.formula1.com/content/dam/fom-website/drivers/S/SERPER01_Sergio_Perez/serper01.png.transform/1col/image.png,MEX,9098,1211
14,F ALONSO,Fernando ALONSO,ALO,Aston Martin,358C75,Fernando,Alonso,https://www.formula1.com/content/dam/fom-website/drivers/F/FERALO01_Fernando_Alonso/feralo01.png.transform/1col/image.png,ESP,9098,1211
16,C LECLERC,Charles LECLERC,LEC,Ferrari,F91536,Charles,Leclerc,https://www.formula1.com/content/dam/fom-website/drivers/C/CHALEC01_Charles_Leclerc/chalec01.png.transform/1col/image.png,MON,9098,1211
18,L STROLL,Lance STROLL,STR,Aston Martin,358C75,Lance,Stroll,https://www.formula1.com/content/dam/fom-website/drivers/L/LANSTR01_Lance_Stroll/lanstr01.png.transform/1col/image.png,CAN,9098,1211
20,K MAGNUSSEN,Kevin MAGNUSSEN,MAG,Haas F1 Team,B6BABD,Kevin,Magnussen,https://www.formula1.com/content/dam/fom-website/drivers/K/KEVMAG01_Kevin_Magnussen/kevmag01.png.transform/1col/image.png,DEN,9098,1211
21,N DE VRIES,Nyck DE VRIES,DEV,AlphaTauri,5E8FAA,Nyck,De Vries,https://www.formula1.com/content/dam/fom-website/drivers/N/NYCDEV01_Nyck_De%20Vries/nycdev01.png.transform/1col/image.png,NED,9098,1211
22,Y TSUNODA,Yuki TSUNODA,TSU,AlphaTauri,5E8FAA,Yuki,Tsunoda,https://www.formula1.com/content/dam/fom-website/drivers/Y/YUKTSU01_Yuki_Tsunoda/yuktsu01.png.transform/1col/image.png,JPN,9098,1211
23,A ALBON,Alexander ALBON,ALB,Williams,37BEDD,Alexander,Albon,https://www.formula1.com/content/dam/fom-website/drivers/A/ALEALB01_Alexander_Albon/alealb01.png.transform/1col/image.png,THA,9098,1211
24,G ZHOU,ZHOU Guanyu,ZHO,Alfa Romeo,C92D4B,Guanyu,Zhou,https://www.formula1.com/content/dam/fom-website/drivers/G/GUAZHO01_Guanyu_Zhou/guazho01.png.transform/1col/image.png,CHN,9098,1211
27,N HULKENBERG,Nico HULKENBERG,HUL,Haas F1 Team,B6BABD,Nico,Hulkenberg,https://www.formula1.com/content/dam/fom-website/drivers/N/NICHUL01_Nico_Hulkenberg/nichul01.png.transform/1col/image.png,GER,9098,1211
31,E OCON,Esteban OCON,OCO,Alpine,2293D1,Esteban,Ocon,https://www.formula1.com/content/dam/fom-website/drivers/E/ESTOCO01_Esteban_Ocon/estoco01.png.transform/1col/image.png,FRA,9098,1211
44,L HAMILTON,Lewis HAMILTON,HAM,Mercedes,6CD3BF,Lewis,Hamilton,https://www.formula1.com/content/dam/fom-website/drivers/L/LEWHAM01_Lewis_Hamilton/lewham01.png.transform/1col/image.png,GBR,9098,1211
55,C SAINZ,Carlos SAINZ,SAI,Ferrari,F91536,Carlos,Sainz,https://www.formula1.com/content/dam/fom-website/drivers/C/CARSAI01_Carlos_Sainz/carsai01.png.transform/1col/image.png,ESP,9098,1211
63,G RUSSELL,George RUSSELL,RUS,Mercedes,6CD3BF,George,Russell,https://www.formula1.com/content/dam/fom-website/drivers/G/GEORUS01_George_Russell/georus01.png.transform/1col/image.png,GBR,9098,1211
77,V BOTTAS,Valtteri BOTTAS,BOT,Alfa Romeo,C92D4B,Valtteri,Bottas,https://www.formula1.com/content/dam/fom-website/drivers/V/VALBOT01_Valtteri_Bottas/valbot01.png.transform/1col/image.png,FIN,9098,1211
81,O PIASTRI,Oscar PIASTRI,PIA,McLaren,F58020,Oscar,Piastri,https://www.formula1.com/content/dam/fom-website/drivers/O/OSCPIA01_Oscar_Piastri/oscpia01.png.transform/1col/image.png,AUS,9098,1211
1,M VERSTAPPEN,Max VERSTAPPEN,VER,Red Bull Racing,3671C6,Max,Verstappen,https://www.formula1.com/content/dam/fom-website/drivers/M/MAXVER01_Max_Verstappen/maxver01.png.transform/1col/image.png,NED,9102,1211
2,L SARGEANT,Logan SARGEANT,SAR,Williams,37BEDD,Logan,Sargeant,https://www.formula1.com/content/dam/fom-website/drivers/L/LOGSAR01_Logan_Sargeant/logsar01.png.transform/1col/image.png,USA,9102,1211
4,L NORRIS,Lando NORRIS,NOR,McLaren,F58020,Lando,Norris,https://www.formula1.com/content/dam/fom-website/drivers/L/LANNOR01_Lando_Norris/lannor01.png.transform/1col/image.png,GBR,9102,1211
10,P GASLY,Pierre GASLY,GAS,Alpine,2293D1,Pierre,Gasly,https://www.formula1.com/content/dam/fom-website/drivers/P/PIEGAS01_Pierre_Gasly/piegas01.png.transform/1col/image.png,FRA,9102,1211
11,S PEREZ,Sergio PEREZ,PER,Red Bull Racing,3671C6,Sergio,Perez,https://www.formula1.com/content/dam/fom-website/drivers/S/SERPER01_Sergio_Perez/serper01.png.transform/1col/image.png,MEX,9102,1211
14,F ALONSO,Fernando ALONSO,ALO,Aston Martin,358C75,Fernando,Alonso,https://www.formula1.com/content/dam/fom-website/drivers/F/FERALO01_Fernando_Alonso/feralo01.png.transform/1col/image.png,ESP,9102,1211
16,C LECLERC,Charles LECLERC,LEC,Ferrari,F91536,Charles,Leclerc,https://www.formula1.com/content/dam/fom-website/drivers/C/CHALEC01_Charles_Leclerc/chalec01.png.transform/1col/image.png,MON,9102,1211
18,L STROLL,Lance STROLL,STR,Aston Martin,358C75,Lance,Stroll,https://www.formula1.com/content/dam/fom-website/drivers/L/LANSTR01_Lance_Stroll/lanstr01.png.transform/1col/image.png,CAN,9102,1211
20,K MAGNUSSEN,Kevin MAGNUSSEN,MAG,Haas F1 Team,B6BABD,Kevin,Magnussen,https://www.formula1.com/content/dam/fom-website/drivers/K/KEVMAG01_Kevin_Magnussen/kevmag01.png.transform/1col/image.png,DEN,9102,1211
21,N DE VRIES,Nyck DE VRIES,DEV,AlphaTauri,5E8FAA,Nyck,De Vries,https://www.formula1.com/content/dam/fom-website/drivers/N/NYCDEV01_Nyck_De%20Vries/nycdev01.png.transform/1col/image.png,NED,9102,1211
22,Y TSUNODA,Yuki TSUNODA,TSU,AlphaTauri,5E8FAA,Yuki,Tsunoda,https://www.formula1.com/content/dam/fom-website/drivers/Y/YUKTSU01_Yuki_Tsunoda/yuktsu01.png.transform/1col/image.png,JPN,9102,1211
23,A ALBON,Alexander ALBON,ALB,Williams,37BEDD,Alexander,Albon,https://www.formula1.com/content/dam/fom-website/drivers/A/ALEALB01_Alexander_Albon/alealb01.png.transform/1col/image.png,THA,9102,1211
24,G ZHOU,ZHOU Guanyu,ZHO,Alfa Romeo,C92D4B,Guanyu,Zhou,https://www.formula1.com/content/dam/fom-website/drivers/G/GUAZHO01_Guanyu_Zhou/guazho01.png.transform/1col/image.png,CHN,9102,1211
27,N HULKENBERG,Nico HULKENBERG,HUL,Haas F1 Team,B6BABD,Nico,Hulkenberg,https://www.formula1.com/content/dam/fom-website/drivers/N/NICHUL01_Nico_Hulkenberg/nichul01.png.transform/1col/image.png,GER,9102,1211
31,E OCON,Esteban OCON,OCO,Alpine,2293D1,Esteban,Ocon,https://www.formula1.com/content/dam/fom-website/drivers/E/ESTOCO01_Esteban_Ocon/estoco01.png.transform/1col/image.png,FRA,9102,1211
44,L HAMILTON,Lewis HAMILTON,HAM,Mercedes,6CD3BF,Lewis,Hamilton,https://www.formula1.com/content/dam/fom-website/drivers/L/LEWHAM01_Lewis_Hamilton/lewham01.png.transform/1col/image.png,GBR,9102,1211
55,C SAINZ,Carlos SAINZ,SAI,Ferrari,F91536,Carlos,Sainz,https://www.formula1.com/content/dam/fom-website/drivers/C/CARSAI01_Carlos_Sainz/carsai01.png.transform/1col/image.png,ESP,9102,1211
63,G RUSSELL,George RUSSELL,RUS,Mercedes,6CD3BF,George,Russell,https://www.formula1.com/content/dam/fom-website/drivers/G/GEORUS01_George_Russell/georus01.png.transform/1col/image.png,GBR,9102,1211
77,V BOTTAS,Valtteri BOTTAS,BOT,Alfa Romeo,C92D4B,Valtteri,Bottas,https://www.formula1.com/content/dam/fom-website/drivers/V/VALBOT01_Valtteri_Bottas/valbot01.png.transform/1col/image.png,FIN,9102,1211
81,O PIASTRI,Oscar PIASTRI,PIA,McLaren,F58020,Oscar,Piastri,https://www.formula1.com/content/dam/fom-website/drivers/O/OSCPIA01_Oscar_Piastri/oscpia01.png.transform/1col/image.png,AUS,9102,1211
1,M VERSTAPPEN,Max VERSTAPPEN,VER,,,,,,,9103,1212
2,L SARGEANT,Logan SARGEANT,SAR,,,,,,,9103,1212
4,L NORRIS,Lando NORRIS,NOR,,,,,,,9103,1212
10,P GASLY,Pierre GASLY,GAS,,,,,,,9103,1212
11,S PEREZ,Sergio PEREZ,PER,,,,,,,9103,1212
14,F ALONSO,Fernando ALONSO,ALO,,,,,,,9103,1212
16,C LECLERC,Charles LECLERC,LEC,,,,,,,9103,1212
18,L STROLL,Lance STROLL,STR,,,,,,,9103,1212
20,K MAGNUSSEN,Kevin MAGNUSSEN,MAG,,,,,,,9103,1212
21,N DE VRIES,Nyck DE VRIES,DEV,,,,,,,9103,1212
22,Y TSUNODA,Yuki TSUNODA,TSU,,,,,,,9103,1212
23,A ALBON,Alexander ALBON,ALB,,,,,,,9103,1212
24,G ZHOU,ZHOU Guanyu,ZHO,,,,,,,9103,1212
27,N HULKENBERG,Nico HULKENBERG,HUL,,,,,,,9103,1212
31,E OCON,Esteban OCON,OCO,,,,,,,9103,1212
44,L HAMILTON,Lewis HAMILTON,HAM,,,,,,,9103,1212
55,C SAINZ,Carlos SAINZ,SAI,,,,,,,9103,1212
63,G RUSSELL,George RUSSELL,RUS,,,,,,,9103,1212
77,V BOTTAS,Valtteri BOTTAS,BOT,,,,,,,9103,1212
81,O PIASTRI,Oscar PIASTRI,PIA,,,,,,,9103,1212
1,M VERSTAPPEN,Max VERSTAPPEN,VER,,,,,,,9104,1212
2,L SARGEANT,Logan SARGEANT,SAR,,,,,,,9104,1212
4,L NORRIS,Lando NORRIS,NOR,,,,,,,9104,1212
10,P GASLY,Pierre GASLY,GAS,,,,,,,9104,1212
11,S PEREZ,Sergio PEREZ,PER,,,,,,,9104,1212
14,F ALONSO,Fernando ALONSO,ALO,,,,,,,9104,1212
16,C LECLERC,Charles LECLERC,LEC,,,,,,,9104,1212
18,L STROLL,Lance STROLL,STR,,,,,,,9104,1212
20,K MAGNUSSEN,Kevin MAGNUSSEN,MAG,,,,,,,9104,1212
21,N DE VRIES,Nyck DE VRIES,DEV,,,,,,,9104,1212
22,Y TSUNODA,Yuki TSUNODA,TSU,,,,,,,9104,1212
23,A ALBON,Alexander ALBON,ALB,,,,,,,9104,1212
24,G ZHOU,ZHOU Guanyu,ZHO,,,,,,,9104,1212
27,N HULKENBERG,Nico HULKENBERG,HUL,,,,,,,9104,1212
31,E OCON,Esteban OCON,OCO,,,,,,,9104,1212
44,L HAMILTON,Lewis HAMILTON,HAM,,,,,,,9104,1212
55,C SAINZ,Carlos SAINZ,SAI,,,,,,,9104,1212
63,G RUSSELL,George RUSSELL,RUS,,,,,,,9104,1212
77,V BOTTAS,Valtteri BOTTAS,BOT,,,,,,,9104,1212
81,O PIASTRI,Oscar PIASTRI,PIA,,,,,,,9104,1212
1,M VERSTAPPEN,Max VERSTAPPEN,VER,,,,,,,9105,1212
2,L SARGEANT,Logan SARGEANT,SAR,,,,,,,9105,1212
4,L NORRIS,Lando NORRIS,NOR,,,,,,,9105,1212
10,P GASLY,Pierre GASLY,GAS,,,,,,,9105,1212
11,S PEREZ,Sergio PEREZ,PER,,,,,,,9105,1212
14,F ALONSO,Fernando ALONSO,ALO,,,,,,,9105,1212
16,C LECLERC,Charles LECLERC,LEC,,,,,,,9105,1212
18,L STROLL,Lance STROLL,STR,,,,,,,9105,1212
20,K MAGNUSSEN,Kevin MAGNUSSEN,MAG,,,,,,,9105,1212
21,N DE VRIES,Nyck DE VRIES,DEV,,,,,,,9105,1212
22,Y TSUNODA,Yuki TSUNODA,TSU,,,,,,,9105,1212
23,A ALBON,Alexander ALBON,ALB,,,,,,,9105,1212
24,G ZHOU,ZHOU Guanyu,ZHO,,,,,,,9105,1212
27,N HULKENBERG,Nico HULKENBERG,HUL,,,,,,,9105,1212
31,E OCON,Esteban OCON,OCO,,,,,,,9105,1212
44,L HAMILTON,Lewis HAMILTON,HAM,,,,,,,9105,1212
55,C SAINZ,Carlos SAINZ,SAI,,,,,,,9105,1212
63,G RUSSELL,George RUSSELL,RUS,,,,,,,9105,1212
77,V BOTTAS,Valtteri BOTTAS,BOT,,,,,,,9105,1212
81,O PIASTRI,Oscar PIASTRI,PIA,,,,,,,9105,1212
1,M VERSTAPPEN,Max VERSTAPPEN,VER,,,,,,,9106,1212
2,L SARGEANT,Logan SARGEANT,SAR,,,,,,,9106,1212
4,L NORRIS,Lando NORRIS,NOR,,,,,,,9106,1212
10,P GASLY,Pierre GASLY,GAS,,,,,,,9106,1212
11,S PEREZ,Sergio PEREZ,PER,,,,,,,9106,1212
14,F ALONSO,Fernando ALONSO,ALO,,,,,,,9106,1212
16,C LECLERC,Charles LECLERC,LEC,,,,,,,9106,1212
18,L STROLL,Lance STROLL,STR,,,,,,,9106,1212
20,K MAGNUSSEN,Kevin MAGNUSSEN,MAG,,,,,,,9106,1212
21,N DE VRIES,Nyck DE VRIES,DEV,,,,,,,9106,1212
22,Y TSUNODA,Yuki TSUNODA,TSU,,,,,,,9106,1212
23,A ALBON,Alexander ALBON,ALB,,,,,,,9106,1212
24,G ZHOU,ZHOU Guanyu,ZHO,,,,,,,9106,1212
27,N HULKENBERG,Nico HULKENBERG,HUL,,,,,,,9106,1212
31,E OCON,Esteban OCON,OCO,,,,,,,9106,1212
44,L HAMILTON,Lewis HAMILTON,HAM,,,,,,,9106,1212
55,C SAINZ,Carlos SAINZ,SAI,,,,,,,9106,1212
63,G RUSSELL,George RUSSELL,RUS,,,,,,,9106,1212
77,V BOTTAS,Valtteri BOTTAS,BOT,,,,,,,9106,1212
81,O PIASTRI,Oscar PIASTRI,PIA,,,,,,,9106,1212
1,M VERSTAPPEN,Max VERSTAPPEN,VER,Red Bull Racing,3671C6,Max,Verstappen,https://www.formula1.com/content/dam/fom-website/drivers/M/MAXVER01_Max_Verstappen/maxver01.png.transform/1col/image.png,NED,9110,1212
2,L SARGEANT,Logan SARGEANT,SAR,Williams,37BEDD,Logan,Sargeant,https://www.formula1.com/content/dam/fom-website/drivers/L/LOGSAR01_Logan_Sargeant/logsar01.png.transform/1col/image.png,USA,9110,1212
4,L NORRIS,Lando NORRIS,NOR,McLaren,F58020,Lando,Norris,https://www.formula1.com/content/dam/fom-website/drivers/L/LANNOR01_Lando_Norris/lannor01.png.transform/1col/image.png,GBR,9110,1212
10,P GASLY,Pierre GASLY,GAS,Alpine,2293D1,Pierre,Gasly,https://www.formula1.com/content/dam/fom-website/drivers/P/PIEGAS01_Pierre_Gasly/piegas01.png.transform/1col/image.png,FRA,9110,1212
11,S PEREZ,Sergio PEREZ,PER,Red Bull Racing,3671C6,Sergio,Perez,https://www.formula1.com/content/dam/fom-website/drivers/S/SERPER01_Sergio_Perez/serper01.png.transform/1col/image.png,MEX,9110,1212
14,F ALONSO,Fernando ALONSO,ALO,Aston Martin,358C75,Fernando,Alonso,https://www.formula1.com/content/dam/fom-website/drivers/F/FERALO01_Fernando_Alonso/feralo01.png.transform/1col/image.png,ESP,9110,1212
16,C LECLERC,Charles LECLERC,LEC,Ferrari,F91536,Charles,Leclerc,https://www.formula1.com/content/dam/fom-website/drivers/C/CHALEC01_Charles_Leclerc/chalec01.png.transform/1col/image.png,MON,9110,1212
18,L STROLL,Lance STROLL,STR,Aston Martin,358C75,Lance,Stroll,https://www.formula1.com/content/dam/fom-website/drivers/L/LANSTR01_Lance_Stroll/lanstr01.png.transform/1col/image.png,CAN,9110,1212
20,K MAGNUSSEN,Kevin MAGNUSSEN,MAG,Haas F1 Team,B6BABD,Kevin,Magnussen,https://www.formula1.com/content/dam/fom-website/drivers/K/KEVMAG01_Kevin_Magnussen/kevmag01.png.transform/1col/image.png,DEN,9110,1212
21,N DE VRIES,Nyck DE VRIES,DEV,AlphaTauri,5E8FAA,Nyck,De Vries,https://www.formula1.com/content/dam/fom-website/drivers/N/NYCDEV01_Nyck_De%20Vries/nycdev01.png.transform/1col/image.png,NED,9110,1212
22,Y TSUNODA,Yuki TSUNODA,TSU,AlphaTauri,5E8FAA,Yuki,Tsunoda,https://www.formula1.com/content/dam/fom-website/drivers/Y/YUKTSU01_Yuki_Tsunoda/yuktsu01.png.transform/1col/image.png,JPN,9110,1212
23,A ALBON,Alexander ALBON,ALB,Williams,37BEDD,Alexander,Albon,https://www.formula1.com/content/dam/fom-website/drivers/A/ALEALB01_Alexander_Albon/alealb01.png.transform/1col/image.png,THA,9110,1212
24,G ZHOU,ZHOU Guanyu,ZHO,Alfa Romeo,C92D4B,Guanyu,Zhou,https://www.formula1.com/content/dam/fom-website/drivers/G/GUAZHO01_Guanyu_Zhou/guazho01.png.transform/1col/image.png,CHN,9110,1212
27,N HULKENBERG,Nico HULKENBERG,HUL,Haas F1 Team,B6BABD,Nico,Hulkenberg,https://www.formula1.com/content/dam/fom-website/drivers/N/NICHUL01_Nico_Hulkenberg/nichul01.png.transform/1col/image.png,GER,9110,1212
31,E OCON,Esteban OCON,OCO,Alpine,2293D1,Esteban,Ocon,https://www.formula1.com/content/dam/fom-website/drivers/E/ESTOCO01_Esteban_Ocon/estoco01.png.transform/1col/image.png,FRA,9110,1212
44,L HAMILTON,Lewis HAMILTON,HAM,Mercedes,6CD3BF,Lewis,Hamilton,https://www.formula1.com/content/dam/fom-website/drivers/L/LEWHAM01_Lewis_Hamilton/lewham01.png.transform/1col/image.png,GBR,9110,1212
55,C SAINZ,Carlos SAINZ,SAI,Ferrari,F91536,Carlos,Sainz,https://www.formula1.com/content/dam/fom-website/drivers/C/CARSAI01_Carlos_Sainz/carsai01.png.transform/1col/image.png,ESP,9110,1212
63,G RUSSELL,George RUSSELL,RUS,Mercedes,6CD3BF,George,Russell,https://www.formula1.com/content/dam/fom-website/drivers/G/GEORUS01_George_Russell/georus01.png.transform/1col/image.png,GBR,9110,1212
77,V BOTTAS,Valtteri BOTTAS,BOT,Alfa Romeo,C92D4B,Valtteri,Bottas,https://www.formula1.com/content/dam/fom-website/drivers/V/VALBOT01_Valtteri_Bottas/valbot01.png.transform/1col/image.png,FIN,9110,1212
81,O PIASTRI,Oscar PIASTRI,PIA,McLaren,F58020,Oscar,Piastri,https://www.formula1.com/content/dam/fom-website/drivers/O/OSCPIA01_Oscar_Piastri/oscpia01.png.transform/1col/image.png,AUS,9110,1212
1,M VERSTAPPEN,Max VERSTAPPEN,VER,Red Bull Racing,3671C6,Max,Verstappen,https://www.formula1.com/content/dam/fom-website/drivers/M/MAXVER01_Max_Verstappen/maxver01.png.transform/1col/image.png,NED,9112,1213
2,L SARGEANT,Logan SARGEANT,SAR,Williams,37BEDD,Logan,Sargeant,https://www.formula1.com/content/dam/fom-website/drivers/L/LOGSAR01_Logan_Sargeant/logsar01.png.transform/1col/image.png,USA,9112,1213
4,L NORRIS,Lando NORRIS,NOR,McLaren,F58020,Lando,Norris,https://www.formula1.com/content/dam/fom-website/drivers/L/LANNOR01_Lando_Norris/lannor01.png.transform/1col/image.png,GBR,9112,1213
10,P GASLY,Pierre GASLY,GAS,Alpine,2293D1,Pierre,Gasly,https://www.formula1.com/content/dam/fom-website/drivers/P/PIEGAS01_Pierre_Gasly/piegas01.png.transform/1col/image.png,FRA,9112,1213
11,S PEREZ,Sergio PEREZ,PER,Red Bull Racing,3671C6,Sergio,Perez,https://www.formula1.com/content/dam/fom-website/drivers/S/SERPER01_Sergio_Perez/serper01.png.transform/1col/image.png,MEX,9112,1213
14,F ALONSO,Fernando ALONSO,ALO,Aston Martin,358C75,Fernando,Alonso,https://www.formula1.com/content/dam/fom-website/drivers/F/FERALO01_Fernando_Alonso/feralo01.png.transform/1col/image.png,ESP,9112,1213
16,C LECLERC,Charles LECLERC,LEC,Ferrari,F91536,Charles,Leclerc,https://www.formula1.com/content/dam/fom-website/drivers/C/CHALEC01_Charles_Leclerc/chalec01.png.transform/1col/image.png,MON,9112,1213
18,L STROLL,Lance STROLL,STR,Aston Martin,358C75,Lance,Stroll,https://www.formula1.com/content/dam/fom-website/drivers/L/LANSTR01_Lance_Stroll/lanstr01.png.transform/1col/image.png,CAN,9112,1213
20,K MAGNUSSEN,Kevin MAGNUSSEN,MAG,Haas F1 Team,B6BABD,Kevin,Magnussen,https://www.formula1.com/content/dam/fom-website/drivers/K/KEVMAG01_Kevin_Magnussen/kevmag01.png.transform/1col/image.png,DEN,9112,1213
21,N DE VRIES,Nyck DE VRIES,DEV,AlphaTauri,5E8FAA,Nyck,De Vries,https://www.formula1.com/content/dam/fom-website/drivers/N/NYCDEV01_Nyck_De%20Vries/nycdev01.png.transform/1col/image.png,NED,9112,1213
22,Y TSUNODA,Yuki TSUNODA,TSU,AlphaTauri,5E8FAA,Yuki,Tsunoda,https://www.formula1.com/content/dam/fom-website/drivers/Y/YUKTSU01_Yuki_Tsunoda/yuktsu01.png.transform/1col/image.png,JPN,9112,1213
23,A ALBON,Alexander ALBON,ALB,Williams,37BEDD,Alexander,Albon,https://www.formula1.com/content/dam/fom-website/drivers/A/ALEALB01_Alexander_Albon/alealb01.png.transform/1col/image.png,THA,9112,1213
24,G ZHOU,ZHOU Guanyu,ZHO,Alfa Romeo,C92D4B,Guanyu,Zhou,https://www.formula1.com/content/dam/fom-website/drivers/G/GUAZHO01_Guanyu_Zhou/guazho01.png.transform/1col/image.png,CHN,9112,1213
27,N HULKENBERG,Nico HULKENBERG,HUL,Haas F1 Team,B6BABD,Nico,Hulkenberg,https://www.formula1.com/content/dam/fom-website/drivers/N/NICHUL01_Nico_Hulkenberg/nichul01.png.transform/1col/image.png,GER,9112,1213
31,E OCON,Esteban OCON,OCO,Alpine,2293D1,Esteban,Ocon,https://www.formula1.com/content/dam/fom-website/drivers/E/ESTOCO01_Esteban_Ocon/estoco01.png.transform/1col/image.png,FRA,9112,1213
44,L HAMILTON,Lewis HAMILTON,HAM,Mercedes,6CD3BF,Lewis,Hamilton,https://www.formula1.com/content/dam/fom-website/drivers/L/LEWHAM01_Lewis_Hamilton/lewham01.png.transform/1col/image.png,GBR,9112,1213
55,C SAINZ,Carlos SAINZ,SAI,Ferrari,F91536,Carlos,Sainz,https://www.formula1.com/content/dam/fom-website/drivers/C/CARSAI01_Carlos_Sainz/carsai01.png.transform/1col/image.png,ESP,9112,1213
63,G RUSSELL,George RUSSELL,RUS,Mercedes,6CD3BF,George,Russell,https://www.formula1.com/content/dam/fom-website/drivers/G/GEORUS01_George_Russell/georus01.png.transform/1col/image.png,GBR,9112,1213
77,V BOTTAS,Valtteri BOTTAS,BOT,Alfa Romeo,C92D4B,Valtteri,Bottas,https://www.formula1.com/content/dam/fom-website/drivers/V/VALBOT01_Valtteri_Bottas/valbot01.png.transform/1col/image.png,FIN,9112,1213
81,O PIASTRI,Oscar PIASTRI,PIA,McLaren,F58020,Oscar,Piastri,https://www.formula1.com/content/dam/fom-website/drivers/O/OSCPIA01_Oscar_Piastri/oscpia01.png.transform/1col/image.png,AUS,9112,1213
1,M VERSTAPPEN,Max VERSTAPPEN,VER,,,,,,,9117,1213
2,L SARGEANT,Logan SARGEANT,SAR,,,,,,,9117,1213
4,L NORRIS,Lando NORRIS,NOR,,,,,,,9117,1213
10,P GASLY,Pierre GASLY,GAS,,,,,,,9117,1213
11,S PEREZ,Sergio PEREZ,PER,,,,,,,9117,1213
14,F ALONSO,Fernando ALONSO,ALO,,,,,,,9117,1213
16,C LECLERC,Charles LECLERC,LEC,,,,,,,9117,1213
18,L STROLL,Lance STROLL,STR,,,,,,,9117,1213
20,K MAGNUSSEN,Kevin MAGNUSSEN,MAG,,,,,,,9117,1213
21,N DE VRIES,Nyck DE VRIES,DEV,,,,,,,9117,1213
22,Y TSUNODA,Yuki TSUNODA,TSU,,,,,,,9117,1213
23,A ALBON,Alexander ALBON,ALB,,,,,,,9117,1213
24,G ZHOU,ZHOU Guanyu,ZHO,,,,,,,9117,1213
27,N HULKENBERG,Nico HULKENBERG,HUL,,,,,,,9117,1213
31,E OCON,Esteban OCON,OCO,,,,,,,9117,1213
44,L HAMILTON,Lewis HAMILTON,HAM,,,,,,,9117,1213
55,C SAINZ,Carlos SAINZ,SAI,,,,,,,9117,1213
63,G RUSSELL,George RUSSELL,RUS,,,,,,,9117,1213
77,V BOTTAS,Valtteri BOTTAS,BOT,,,,,,,9117,1213
81,O PIASTRI,Oscar PIASTRI,PIA,,,,,,,9117,1213
1,M VERSTAPPEN,Max VERSTAPPEN,VER,Red Bull Racing,3671C6,Max,Verstappen,https://www.formula1.com/content/dam/fom-website/drivers/M/MAXVER01_Max_Verstappen/maxver01.png.transform/1col/image.png,NED,9118,1213
2,L SARGEANT,Logan SARGEANT,SAR,Williams,37BEDD,Logan,Sargeant,https://www.formula1.com/content/dam/fom-website/drivers/L/LOGSAR01_Logan_Sargeant/logsar01.png.transform/1col/image.png,USA,9118,1213
4,L NORRIS,Lando NORRIS,NOR,McLaren,F58020,Lando,Norris,https://www.formula1.com/content/dam/fom-website/drivers/L/LANNOR01_Lando_Norris/lannor01.png.transform/1col/image.png,GBR,9118,1213
10,P GASLY,Pierre GASLY,GAS,Alpine,2293D1,Pierre,Gasly,https://www.formula1.com/content/dam/fom-website/drivers/P/PIEGAS01_Pierre_Gasly/piegas01.png.transform/1col/image.png,FRA,9118,1213
11,S PEREZ,Sergio PEREZ,PER,Red Bull Racing,3671C6,Sergio,Perez,https://www.formula1.com/content/dam/fom-website/drivers/S/SERPER01_Sergio_Perez/serper01.png.transform/1col/image.png,MEX,9118,1213
14,F ALONSO,Fernando ALONSO,ALO,Aston Martin,358C75,Fernando,Alonso,https://www.formula1.com/content/dam/fom-website/drivers/F/FERALO01_Fernando_Alonso/feralo01.png.transform/1col/image.png,ESP,9118,1213
16,C LECLERC,Charles LECLERC,LEC,Ferrari,F91536,Charles,Leclerc,https://www.formula1.com/content/dam/fom-website/drivers/C/CHALEC01_Charles_Leclerc/chalec01.png.transform/1col/image.png,MON,9118,1213
18,L STROLL,Lance STROLL,STR,Aston Martin,358C75,Lance,Stroll,https://www.formula1.com/content/dam/fom-website/drivers/L/LANSTR01_Lance_Stroll/lanstr01.png.transform/1col/image.png,CAN,9118,1213
20,K MAGNUSSEN,Kevin MAGNUSSEN,MAG,Haas F1 Team,B6BABD,Kevin,Magnussen,https://www.formula1.com/content/dam/fom-website/drivers/K/KEVMAG01_Kevin_Magnussen/kevmag01.png.transform/1col/image.png,DEN,9118,1213
21,N DE VRIES,Nyck DE VRIES,DEV,AlphaTauri,5E8FAA,Nyck,De Vries,https://www.formula1.com/content/dam/fom-website/drivers/N/NYCDEV01_Nyck_De%20Vries/nycdev01.png.transform/1col/image.png,NED,9118,1213
22,Y TSUNODA,Yuki TSUNODA,TSU,AlphaTauri,5E8FAA,Yuki,Tsunoda,https://www.formula1.com/content/dam/fom-website/drivers/Y/YUKTSU01_Yuki_Tsunoda/yuktsu01.png.transform/1col/image.png,JPN,9118,1213
23,A ALBON,Alexander ALBON,ALB,Williams,37BEDD,Alexander,Albon,https://www.formula1.com/content/dam/fom-website/drivers/A/ALEALB01_Alexander_Albon/alealb01.png.transform/1col/image.png,THA,9118,1213
24,G ZHOU,ZHOU Guanyu,ZHO,Alfa Romeo,C92D4B,Guanyu,Zhou,https://www.formula1.com/content/dam/fom-website/drivers/G/GUAZHO01_Guanyu_Zhou/guazho01.png.transform/1col/image.png,CHN,9118,1213
27,N HULKENBERG,Nico HULKENBERG,HUL,Haas F1 Team,B6BABD,Nico,Hulkenberg,https://www.formula1.com/content/dam/fom-website/drivers/N/NICHUL01_Nico_Hulkenberg/nichul01.png.transform/1col/image.png,GER,9118,1213
31,E OCON,Esteban OCON,OCO,Alpine,2293D1,Esteban,Ocon,https://www.formula1.com/content/dam/fom-website/drivers/E/ESTOCO01_Esteban_Ocon/estoco01.png.transform/1col/image.png,FRA,9118,1213
44,L HAMILTON,Lewis HAMILTON,HAM,Mercedes,6CD3BF,Lewis,Hamilton,https://www.formula1.com/content/dam/fom-website/drivers/L/LEWHAM01_Lewis_Hamilton/lewham01.png.transform/1col/image.png,GBR,9118,1213
55,C SAINZ,Carlos SAINZ,SAI,Ferrari,F91536,Carlos,Sainz,https://www.formula1.com/content/dam/fom-website/drivers/C/CARSAI01_Carlos_Sainz/carsai01.png.transform/1col/image.png,ESP,9118,1213
63,G RUSSELL,George RUSSELL,RUS,Mercedes,6CD3BF,George,Russell,https://www.formula1.com/content/dam/fom-website/drivers/G/GEORUS01_George_Russell/georus01.png.transform/1col/image.png,GBR,9118,1213
77,V BOTTAS,Valtteri BOTTAS,BOT,Alfa Romeo,C92D4B,Valtteri,Bottas,https://www.formula1.com/content/dam/fom-website/drivers/V/VALBOT01_Valtteri_Bottas/valbot01.png.transform/1col/image.png,FIN,9118,1213
81,O PIASTRI,Oscar PIASTRI,PIA,McLaren,F58020,Oscar,Piastri,https://www.formula1.com/content/dam/fom-website/drivers/O/OSCPIA01_Oscar_Piastri/oscpia01.png.transform/1col/image.png,AUS,9118,1213
1,M VERSTAPPEN,Max VERSTAPPEN,VER,,,,,,,9282,1213
2,L SARGEANT,Logan SARGEANT,SAR,,,,,,,9282,1213
4,L NORRIS,Lando NORRIS,NOR,,,,,,,9282,1213
10,P GASLY,Pierre GASLY,GAS,,,,,,,9282,1213
11,S PEREZ,Sergio PEREZ,PER,,,,,,,9282,1213
14,F ALONSO,Fernando ALONSO,ALO,,,,,,,9282,1213
16,C LECLERC,Charles LECLERC,LEC,,,,,,,9282,1213
18,L STROLL,Lance STROLL,STR,,,,,,,9282,1213
20,K MAGNUSSEN,Kevin MAGNUSSEN,MAG,,,,,,,9282,1213
21,N DE VRIES,Nyck DE VRIES,DEV,,,,,,,9282,1213
22,Y TSUNODA,Yuki TSUNODA,TSU,,,,,,,9282,1213
23,A ALBON,Alexander ALBON,ALB,,,,,,,9282,1213
24,G ZHOU,ZHOU Guanyu,ZHO,,,,,,,9282,1213
27,N HULKENBERG,Nico HULKENBERG,HUL,,,,,,,9282,1213
31,E OCON,Esteban OCON,OCO,,,,,,,9282,1213
44,L HAMILTON,Lewis HAMILTON,HAM,,,,,,,9282,1213
55,C SAINZ,Carlos SAINZ,SAI,,,,,,,9282,1213
63,G RUSSELL,George RUSSELL,RUS,,,,,,,9282,1213
77,V BOTTAS,Valtteri BOTTAS,BOT,,,,,,,9282,1213
81,O PIASTRI,Oscar PIASTRI,PIA,,,,,,,9282,1213
1,M VERSTAPPEN,Max VERSTAPPEN,VER,Red Bull Racing,3671C6,Max,Verstappen,https://www.formula1.com/content/dam/fom-website/drivers/M/MAXVER01_Max_Verstappen/maxver01.png.transform/1col/image.png,NED,9119,1214
2,L SARGEANT,Logan SARGEANT,SAR,Williams,37BEDD,Logan,Sargeant,https://www.formula1.com/content/dam/fom-website/drivers/L/LOGSAR01_Logan_Sargeant/logsar01.png.transform/1col/image.png,USA,9119,1214
4,L NORRIS,Lando NORRIS,NOR,McLaren,F58020,Lando,Norris,https://www.formula1.com/content/dam/fom-website/drivers/L/LANNOR01_Lando_Norris/lannor01.png.transform/1col/image.png,GBR,9119,1214
10,P GASLY,Pierre GASLY,GAS,Alpine,2293D1,Pierre,Gasly,https://www.formula1.com/content/dam/fom-website/drivers/P/PIEGAS01_Pierre_Gasly/piegas01.png.transform/1col/image.png,FRA,9119,1214
11,S PEREZ,Sergio PEREZ,PER,Red Bull Racing,3671C6,Sergio,Perez,https://www.formula1.com/content/dam/fom-website/drivers/S/SERPER01_Sergio_Perez/serper01.png.transform/1col/image.png,MEX,9119,1214
14,F ALONSO,Fernando ALONSO,ALO,Aston Martin,358C75,Fernando,Alonso,https://www.formula1.com/content/dam/fom-website/drivers/F/FERALO01_Fernando_Alonso/feralo01.png.transform/1col/image.png,ESP,9119,1214
16,C LECLERC,Charles LECLERC,LEC,Ferrari,F91536,Charles,Leclerc,https://www.formula1.com/content/dam/fom-website/drivers/C/CHALEC01_Charles_Leclerc/chalec01.png.transform/1col/image.png,MON,9119,1214
18,L STROLL,Lance STROLL,STR,Aston Martin,358C75,Lance,Stroll,https://www.formula1.com/content/dam/fom-website/drivers/L/LANSTR01_Lance_Stroll/lanstr01.png.transform/1col/image.png,CAN,9119,1214
20,K MAGNUSSEN,Kevin MAGNUSSEN,MAG,Haas F1 Team,B6BABD,Kevin,Magnussen,https://www.formula1.com/content/dam/fom-website/drivers/K/KEVMAG01_Kevin_Magnussen/kevmag01.png.transform/1col/image.png,DEN,9119,1214
21,N DE VRIES,Nyck DE VRIES,DEV,AlphaTauri,5E8FAA,Nyck,De Vries,https://www.formula1.com/content/dam/fom-website/drivers/N/NYCDEV01_Nyck_De%20Vries/nycdev01.png.transform/1col/image.png,NED,9119,1214
22,Y TSUNODA,Yuki TSUNODA,TSU,AlphaTauri,5E8FAA,Yuki,Tsunoda,https://www.formula1.com/content/dam/fom-website/drivers/Y/YUKTSU01_Yuki_Tsunoda/yuktsu01.png.transform/1col/image.png,JPN,9119,1214
23,A ALBON,Alexander ALBON,ALB,Williams,37BEDD,Alexander,Albon,https://www.formula1.com/content/dam/fom-website/drivers/A/ALEALB01_Alexander_Albon/alealb01.png.transform/1col/image.png,THA,9119,1214
24,G ZHOU,ZHOU Guanyu,ZHO,Alfa Romeo,C92D4B,Guanyu,Zhou,https://www.formula1.com/content/dam/fom-website/drivers/G/GUAZHO01_Guanyu_Zhou/guazho01.png.transform/1col/image.png,CHN,9119,1214
27,N HULKENBERG,Nico HULKENBERG,HUL,Haas F1 Team,B6BABD,Nico,Hulkenberg,https://www.formula1.com/content/dam/fom-website/drivers/N/NICHUL01_Nico_Hulkenberg/nichul01.png.transform/1col/image.png,GER,9119,1214
31,E OCON,Esteban OCON,OCO,Alpine,2293D1,Esteban,Ocon,https://www.formula1.com/content/dam/fom-website/drivers/E/ESTOCO01_Esteban_Ocon/estoco01.png.transform/1col/image.png,FRA,9119,1214
44,L HAMILTON,Lewis HAMILTON,HAM,Mercedes,6CD3BF,Lewis,Hamilton,https://www.formula1.com/content/dam/fom-website/drivers/L/LEWHAM01_Lewis_Hamilton/lewham01.png.transform/1col/image.png,GBR,9119,1214
55,C SAINZ,Carlos SAINZ,SAI,Ferrari,F91536,Carlos,Sainz,https://www.formula1.com/content/dam/fom-website/drivers/C/CARSAI01_Carlos_Sainz/carsai01.png.transform/1col/image.png,ESP,9119,1214
63,G RUSSELL,George RUSSELL,RUS,Mercedes,6CD3BF,George,Russell,https://www.formula1.com/content/dam/fom-website/drivers/G/GEORUS01_George_Russell/georus01.png.transform/1col/image.png,GBR,9119,1214
77,V BOTTAS,Valtteri BOTTAS,BOT,Alfa Romeo,C92D4B,Valtteri,Bottas,https://www.formula1.com/content/dam/fom-website/drivers/V/VALBOT01_Valtteri_Bottas/valbot01.png.transform/1col/image.png,FIN,9119,1214
81,O PIASTRI,Oscar PIASTRI,PIA,McLaren,F58020,Oscar,Piastri,https://www.formula1.com/content/dam/fom-website/drivers/O/OSCPIA01_Oscar_Piastri/oscpia01.png.transform/1col/image.png,AUS,9119,1214
1,M VERSTAPPEN,Max VERSTAPPEN,VER,Red Bull Racing,3671C6,Max,Verstappen,https://www.formula1.com/content/dam/fom-website/drivers/M/MAXVER01_Max_Verstappen/maxver01.png.transform/1col/image.png,NED,9120,1214
2,L SARGEANT,Logan SARGEANT,SAR,Williams,37BEDD,Logan,Sargeant,https://www.formula1.com/content/dam/fom-website/drivers/L/LOGSAR01_Logan_Sargeant/logsar01.png.transform/1col/image.png,USA,9120,1214
4,L NORRIS,Lando NORRIS,NOR,McLaren,F58020,Lando,Norris,https://www.formula1.com/content/dam/fom-website/drivers/L/LANNOR01_Lando_Norris/lannor01.png.transform/1col/image.png,GBR,9120,1214
10,P GASLY,Pierre GASLY,GAS,Alpine,2293D1,Pierre,Gasly,https://www.formula1.com/content/dam/fom-website/drivers/P/PIEGAS01_Pierre_Gasly/piegas01.png.transform/1col/image.png,FRA,9120,1214
11,S PEREZ,Sergio PEREZ,PER,Red Bull Racing,3671C6,Sergio,Perez,https://www.formula1.com/content/dam/fom-website/drivers/S/SERPER01_Sergio_Perez/serper01.png.transform/1col/image.png,MEX,9120,1214
14,F ALONSO,Fernando ALONSO,ALO,Aston Martin,358C75,Fernando,Alonso,https://www.formula1.com/content/dam/fom-website/drivers/F/FERALO01_Fernando_Alonso/feralo01.png.transform/1col/image.png,ESP,9120,1214
16,C LECLERC,Charles LECLERC,LEC,Ferrari,F91536,Charles,Leclerc,https://www.formula1.com/content/dam/fom-website/drivers/C/CHALEC01_Charles_Leclerc/chalec01.png.transform/1col/image.png,MON,9120,1214
18,L STROLL,Lance STROLL,STR,Aston Martin,358C75,Lance,Stroll,https://www.formula1.com/content/dam/fom-website/drivers/L/LANSTR01_Lance_Stroll/lanstr01.png.transform/1col/image.png,CAN,9120,1214
20,K MAGNUSSEN,Kevin MAGNUSSEN,MAG,Haas F1 Team,B6BABD,Kevin,Magnussen,https://www.formula1.com/content/dam/fom-website/drivers/K/KEVMAG01_Kevin_Magnussen/kevmag01.png.transform/1col/image.png,DEN,9120,1214
21,N DE VRIES,Nyck DE VRIES,DEV,AlphaTauri,5E8FAA,Nyck,De Vries,https://www.formula1.com/content/dam/fom-website/drivers/N/NYCDEV01_Nyck_De%20Vries/nycdev01.png.transform/1col/image.png,NED,9120,1214
22,Y TSUNODA,Yuki TSUNODA,TSU,AlphaTauri,5E8FAA,Yuki,Tsunoda,https://www.formula1.com/content/dam/fom-website/drivers/Y/YUKTSU01_Yuki_Tsunoda/yuktsu01.png.transform/1col/image.png,JPN,9120,1214
23,A ALBON,Alexander ALBON,ALB,Williams,37BEDD,Alexander,Albon,https://www.formula1.com/content/dam/fom-website/drivers/A/ALEALB01_Alexander_Albon/alealb01.png.transform/1col/image.png,THA,9120,1214
24,G ZHOU,ZHOU Guanyu,ZHO,Alfa Romeo,C92D4B,Guanyu,Zhou,https://www.formula1.com/content/dam/fom-website/drivers/G/GUAZHO01_Guanyu_Zhou/guazho01.png.transform/1col/image.png,CHN,9120,1214
27,N HULKENBERG,Nico HULKENBERG,HUL,Haas F1 Team,B6BABD,Nico,Hulkenberg,https://www.formula1.com/content/dam/fom-website/drivers/N/NICHUL01_Nico_Hulkenberg/nichul01.png.transform/1col/image.png,GER,9120,1214
31,E OCON,Esteban OCON,OCO,Alpine,2293D1,Esteban,Ocon,https://www.formula1.com/content/dam/fom-website/drivers/E/ESTOCO01_Esteban_Ocon/estoco01.png.transform/1col/image.png,FRA,9120,1214
44,L HAMILTON,Lewis HAMILTON,HAM,Mercedes,6CD3BF,Lewis,Hamilton,https://www.formula1.com/content/dam/fom-website/drivers/L/LEWHAM01_Lewis_Hamilton/lewham01.png.transform/1col/image.png,GBR,9120,1214
55,C SAINZ,Carlos SAINZ,SAI,Ferrari,F91536,Carlos,Sainz,https://www.formula1.com/content/dam/fom-website/drivers/C/CARSAI01_Carlos_Sainz/carsai01.png.transform/1col/image.png,ESP,9120,1214
63,G RUSSELL,George RUSSELL,RUS,Mercedes,6CD3BF,George,Russell,https://www.formula1.com/content/dam/fom-website/drivers/G/GEORUS01_George_Russell/georus01.png.transform/1col/image.png,GBR,9120,1214
77,V BOTTAS,Valtteri BOTTAS,BOT,Alfa Romeo,C92D4B,Valtteri,Bottas,https://www.formula1.com/content/dam/fom-website/drivers/V/VALBOT01_Valtteri_Bottas/valbot01.png.transform/1col/image.png,FIN,9120,1214
81,O PIASTRI,Oscar PIASTRI,PIA,McLaren,F58020,Oscar,Piastri,https://www.formula1.com/content/dam/fom-website/drivers/O/OSCPIA01_Oscar_Piastri/oscpia01.png.transform/1col/image.png,AUS,9120,1214
1,M VERSTAPPEN,Max VERSTAPPEN,VER,,,,,,,9121,1214
2,L SARGEANT,Logan SARGEANT,SAR,,,,,,,9121,1214
4,L NORRIS,Lando NORRIS,NOR,,,,,,,9121,1214
10,P GASLY,Pierre GASLY,GAS,,,,,,,9121,1214
11,S PEREZ,Sergio PEREZ,PER,,,,,,,9121,1214
14,F ALONSO,Fernando ALONSO,ALO,,,,,,,9121,1214
16,C LECLERC,Charles LECLERC,LEC,,,,,,,9121,1214
18,L STROLL,Lance STROLL,STR,,,,,,,9121,1214
20,K MAGNUSSEN,Kevin MAGNUSSEN,MAG,,,,,,,9121,1214
21,N DE VRIES,Nyck DE VRIES,DEV,,,,,,,9121,1214
22,Y TSUNODA,Yuki TSUNODA,TSU,,,,,,,9121,1214
23,A ALBON,Alexander ALBON,ALB,,,,,,,9121,1214
24,G ZHOU,ZHOU Guanyu,ZHO,,,,,,,9121,1214
27,N HULKENBERG,Nico HULKENBERG,HUL,,,,,,,9121,1214
31,E OCON,Esteban OCON,OCO,,,,,,,9121,1214
44,L HAMILTON,Lewis HAMILTON,HAM,,,,,,,9121,1214
55,C SAINZ,Carlos SAINZ,SAI,,,,,,,9121,1214
63,G RUSSELL,George RUSSELL,RUS,,,,,,,9121,1214
77,V BOTTAS,Valtteri BOTTAS,BOT,,,,,,,9121,1214
81,O PIASTRI,Oscar PIASTRI,PIA,,,,,,,9121,1214
1,M VERSTAPPEN,Max VERSTAPPEN,VER,,,,,,,9122,1214
2,L SARGEANT,Logan SARGEANT,SAR,,,,,,,9122,1214
4,L NORRIS,Lando NORRIS,NOR,,,,,,,9122,1214
10,P GASLY,Pierre GASLY,GAS,,,,,,,9122,1214
11,S PEREZ,Sergio PEREZ,PER,,,,,,,9122,1214
14,F ALONSO,Fernando ALONSO,ALO,,,,,,,9122,1214
16,C LECLERC,Charles LECLERC,LEC,,,,,,,9122,1214
18,L STROLL,Lance STROLL,STR,,,,,,,9122,1214
20,K MAGNUSSEN,Kevin MAGNUSSEN,MAG,,,,,,,9122,1214
21,N DE VRIES,Nyck DE VRIES,DEV,,,,,,,9122,1214
22,Y TSUNODA,Yuki TSUNODA,TSU,,,,,,,9122,1214
23,A ALBON,Alexander ALBON,ALB,,,,,,,9122,1214
24,G ZHOU,ZHOU Guanyu,ZHO,,,,,,,9122,1214
27,N HULKENBERG,Nico HULKENBERG,HUL,,,,,,,9122,1214
31,E OCON,Esteban OCON,OCO,,,,,,,9122,1214
44,L HAMILTON,Lewis HAMILTON,HAM,,,,,,,9122,1214
55,C SAINZ,Carlos SAINZ,SAI,,,,,,,9122,1214
63,G RUSSELL,George RUSSELL,RUS,,,,,,,9122,1214
77,V BOTTAS,Valtteri BOTTAS,BOT,,,,,,,9122,1214
81,O PIASTRI,Oscar PIASTRI,PIA,,,,,,,9122,1214
1,M VERSTAPPEN,Max VERSTAPPEN,VER,,,,,,,9126,1214
2,L SARGEANT,Logan SARGEANT,SAR,,,,,,,9126,1214
4,L NORRIS,Lando NORRIS,NOR,,,,,,,9126,1214
10,P GASLY,Pierre GASLY,GAS,,,,,,,9126,1214
11,S PEREZ,Sergio PEREZ,PER,,,,,,,9126,1214
14,F ALONSO,Fernando ALONSO,ALO,,,,,,,9126,1214
16,C LECLERC,Charles LECLERC,LEC,,,,,,,9126,1214
18,L STROLL,Lance STROLL,STR,,,,,,,9126,1214
20,K MAGNUSSEN,Kevin MAGNUSSEN,MAG,,,,,,,9126,1214
21,N DE VRIES,Nyck DE VRIES,DEV,,,,,,,9126,1214
22,Y TSUNODA,Yuki TSUNODA,TSU,,,,,,,9126,1214
23,A ALBON,Alexander ALBON,ALB,,,,,,,9126,1214
24,G ZHOU,ZHOU Guanyu,ZHO,,,,,,,9126,1214
27,N HULKENBERG,Nico HULKENBERG,HUL,,,,,,,9126,1214
31,E OCON,Esteban OCON,OCO,,,,,,,9126,1214
44,L HAMILTON,Lewis HAMILTON,HAM,,,,,,,9126,1214
55,C SAINZ,Carlos SAINZ,SAI,,,,,,,9126,1214
63,G RUSSELL,George RUSSELL,RUS,,,,,,,9126,1214
77,V BOTTAS,Valtteri BOTTAS,BOT,,,,,,,9126,1214
81,O PIASTRI,Oscar PIASTRI,PIA,,,,,,,9126,1214
1,M VERSTAPPEN,Max VERSTAPPEN,VER,Red Bull Racing,3671C6,Max,Verstappen,https://www.formula1.com/content/dam/fom-website/drivers/M/MAXVER01_Max_Verstappen/maxver01.png.transform/1col/image.png,NED,9127,1215
2,L SARGEANT,Logan SARGEANT,SAR,Williams,37BEDD,Logan,Sargeant,https://www.formula1.com/content/dam/fom-website/drivers/L/LOGSAR01_Logan_Sargeant/logsar01.png.transform/1col/image.png,USA,9127,1215
3,D RICCIARDO,Daniel RICCIARDO,RIC,AlphaTauri,5E8FAA,Daniel,Ricciardo,,AUS,9127,1215
4,L NORRIS,Lando NORRIS,NOR,McLaren,F58020,Lando,Norris,https://www.formula1.com/content/dam/fom-website/drivers/L/LANNOR01_Lando_Norris/lannor01.png.transform/1col/image.png,GBR,9127,1215
10,P GASLY,Pierre GASLY,GAS,Alpine,2293D1,Pierre,Gasly,https://www.formula1.com/content/dam/fom-website/drivers/P/PIEGAS01_Pierre_Gasly/piegas01.png.transform/1col/image.png,FRA,9127,1215
11,S PEREZ,Sergio PEREZ,PER,Red Bull Racing,3671C6,Sergio,Perez,https://www.formula1.com/content/dam/fom-website/drivers/S/SERPER01_Sergio_Perez/serper01.png.transform/1col/image.png,MEX,9127,1215
14,F ALONSO,Fernando ALONSO,ALO,Aston Martin,358C75,Fernando,Alonso,https://www.formula1.com/content/dam/fom-website/drivers/F/FERALO01_Fernando_Alonso/feralo01.png.transform/1col/image.png,ESP,9127,1215
16,C LECLERC,Charles LECLERC,LEC,Ferrari,F91536,Charles,Leclerc,https://www.formula1.com/content/dam/fom-website/drivers/C/CHALEC01_Charles_Leclerc/chalec01.png.transform/1col/image.png,MON,9127,1215
18,L STROLL,Lance STROLL,STR,Aston Martin,358C75,Lance,Stroll,https://www.formula1.com/content/dam/fom-website/drivers/L/LANSTR01_Lance_Stroll/lanstr01.png.transform/1col/image.png,CAN,9127,1215
20,K MAGNUSSEN,Kevin MAGNUSSEN,MAG,Haas F1 Team,B6BABD,Kevin,Magnussen,https://www.formula1.com/content/dam/fom-website/drivers/K/KEVMAG01_Kevin_Magnussen/kevmag01.png.transform/1col/image.png,DEN,9127,1215
22,Y TSUNODA,Yuki TSUNODA,TSU,AlphaTauri,5E8FAA,Yuki,Tsunoda,https://www.formula1.com/content/dam/fom-website/drivers/Y/YUKTSU01_Yuki_Tsunoda/yuktsu01.png.transform/1col/image.png,JPN,9127,1215
23,A ALBON,Alexander ALBON,ALB,Williams,37BEDD,Alexander,Albon,https://www.formula1.com/content/dam/fom-website/drivers/A/ALEALB01_Alexander_Albon/alealb01.png.transform/1col/image.png,THA,9127,1215
24,G ZHOU,ZHOU Guanyu,ZHO,Alfa Romeo,C92D4B,Guanyu,Zhou,https://www.formula1.com/content/dam/fom-website/drivers/G/GUAZHO01_Guanyu_Zhou/guazho01.png.transform/1col/image.png,CHN,9127,1215
27,N HULKENBERG,Nico HULKENBERG,HUL,Haas F1 Team,B6BABD,Nico,Hulkenberg,https://www.formula1.com/content/dam/fom-website/drivers/N/NICHUL01_Nico_Hulkenberg/nichul01.png.transform/1col/image.png,GER,9127,1215
31,E OCON,Esteban OCON,OCO,Alpine,2293D1,Esteban,Ocon,https://www.formula1.com/content/dam/fom-website/drivers/E/ESTOCO01_Esteban_Ocon/estoco01.png.transform/1col/image.png,FRA,9127,1215
44,L HAMILTON,Lewis HAMILTON,HAM,Mercedes,6CD3BF,Lewis,Hamilton,https://www.formula1.com/content/dam/fom-website/drivers/L/LEWHAM01_Lewis_Hamilton/lewham01.png.transform/1col/image.png,GBR,9127,1215
55,C SAINZ,Carlos SAINZ,SAI,Ferrari,F91536,Carlos,Sainz,https://www.formula1.com/content/dam/fom-website/drivers/C/CARSAI01_Carlos_Sainz/carsai01.png.transform/1col/image.png,ESP,9127,1215
63,G RUSSELL,George RUSSELL,RUS,Mercedes,6CD3BF,George,Russell,https://www.formula1.com/content/dam/fom-website/drivers/G/GEORUS01_George_Russell/georus01.png.transform/1col/image.png,GBR,9127,1215
77,V BOTTAS,Valtteri BOTTAS,BOT,Alfa Romeo,C92D4B,Valtteri,Bottas,https://www.formula1.com/content/dam/fom-website/drivers/V/VALBOT01_Valtteri_Bottas/valbot01.png.transform/1col/image.png,FIN,9127,1215
81,O PIASTRI,Oscar PIASTRI,PIA,McLaren,F58020,Oscar,Piastri,https://www.formula1.com/content/dam/fom-website/drivers/O/OSCPIA01_Oscar_Piastri/oscpia01.png.transform/1col/image.png,AUS,9127,1215
1,M VERSTAPPEN,Max VERSTAPPEN,VER,Red Bull Racing,3671C6,Max,Verstappen,https://www.formula1.com/content/dam/fom-website/drivers/M/MAXVER01_Max_Verstappen/maxver01.png.transform/1col/image.png,NED,9128,1215
2,L SARGEANT,Logan SARGEANT,SAR,Williams,37BEDD,Logan,Sargeant,https://www.formula1.com/content/dam/fom-website/drivers/L/LOGSAR01_Logan_Sargeant/logsar01.png.transform/1col/image.png,USA,9128,1215
3,D RICCIARDO,Daniel RICCIARDO,RIC,AlphaTauri,5E8FAA,Daniel,Ricciardo,,AUS,9128,1215
4,L NORRIS,Lando NORRIS,NOR,McLaren,F58020,Lando,Norris,https://www.formula1.com/content/dam/fom-website/drivers/L/LANNOR01_Lando_Norris/lannor01.png.transform/1col/image.png,GBR,9128,1215
10,P GASLY,Pierre GASLY,GAS,Alpine,2293D1,Pierre,Gasly,https://www.formula1.com/content/dam/fom-website/drivers/P/PIEGAS01_Pierre_Gasly/piegas01.png.transform/1col/image.png,FRA,9128,1215
11,S PEREZ,Sergio PEREZ,PER,Red Bull Racing,3671C6,Sergio,Perez,https://www.formula1.com/content/dam/fom-website/drivers/S/SERPER01_Sergio_Perez/serper01.png.transform/1col/image.png,MEX,9128,1215
14,F ALONSO,Fernando ALONSO,ALO,Aston Martin,358C75,Fernando,Alonso,https://www.formula1.com/content/dam/fom-website/drivers/F/FERALO01_Fernando_Alonso/feralo01.png.transform/1col/image.png,ESP,9128,1215
16,C LECLERC,Charles LECLERC,LEC,Ferrari,F91536,Charles,Leclerc,https://www.formula1.com/content/dam/fom-website/drivers/C/CHALEC01_Charles_Leclerc/chalec01.png.transform/1col/image.png,MON,9128,1215
18,L STROLL,Lance STROLL,STR,Aston Martin,358C75,Lance,Stroll,https://www.formula1.com/content/dam/fom-website/drivers/L/LANSTR01_Lance_Stroll/lanstr01.png.transform/1col/image.png,CAN,9128,1215
20,K MAGNUSSEN,Kevin MAGNUSSEN,MAG,Haas F1 Team,B6BABD,Kevin,Magnussen,https://www.formula1.com/content/dam/fom-website/drivers/K/KEVMAG01_Kevin_Magnussen/kevmag01.png.transform/1col/image.png,DEN,9128,1215
22,Y TSUNODA,Yuki TSUNODA,TSU,AlphaTauri,5E8FAA,Yuki,Tsunoda,https://www.formula1.com/content/dam/fom-website/drivers/Y/YUKTSU01_Yuki_Tsunoda/yuktsu01.png.transform/1col/image.png,JPN,9128,1215
23,A ALBON,Alexander ALBON,ALB,Williams,37BEDD,Alexander,Albon,https://www.formula1.com/content/dam/fom-website/drivers/A/ALEALB01_Alexander_Albon/alealb01.png.transform/1col/image.png,THA,9128,1215
24,G ZHOU,ZHOU Guanyu,ZHO,Alfa Romeo,C92D4B,Guanyu,Zhou,https://www.formula1.com/content/dam/fom-website/drivers/G/GUAZHO01_Guanyu_Zhou/guazho01.png.transform/1col/image.png,CHN,9128,1215
27,N HULKENBERG,Nico HULKENBERG,HUL,Haas F1 Team,B6BABD,Nico,Hulkenberg,https://www.formula1.com/content/dam/fom-website/drivers/N/NICHUL01_Nico_Hulkenberg/nichul01.png.transform/1col/image.png,GER,9128,1215
31,E OCON,Esteban OCON,OCO,Alpine,2293D1,Esteban,Ocon,https://www.formula1.com/content/dam/fom-website/drivers/E/ESTOCO01_Esteban_Ocon/estoco01.png.transform/1col/image.png,FRA,9128,1215
44,L HAMILTON,Lewis HAMILTON,HAM,Mercedes,6CD3BF,Lewis,Hamilton,https://www.formula1.com/content/dam/fom-website/drivers/L/LEWHAM01_Lewis_Hamilton/lewham01.png.transform/1col/image.png,GBR,9128,1215
55,C SAINZ,Carlos SAINZ,SAI,Ferrari,F91536,Carlos,Sainz,https://www.formula1.com/content/dam/fom-website/drivers/C/CARSAI01_Carlos_Sainz/carsai01.png.transform/1col/image.png,ESP,9128,1215
63,G RUSSELL,George RUSSELL,RUS,Mercedes,6CD3BF,George,Russell,https://www.formula1.com/content/dam/fom-website/drivers/G/GEORUS01_George_Russell/georus01.png.transform/1col/image.png,GBR,9128,1215
77,V BOTTAS,Valtteri BOTTAS,BOT,Alfa Romeo,C92D4B,Valtteri,Bottas,https://www.formula1.com/content/dam/fom-website/drivers/V/VALBOT01_Valtteri_Bottas/valbot01.png.transform/1col/image.png,FIN,9128,1215
81,O PIASTRI,Oscar PIASTRI,PIA,McLaren,F58020,Oscar,Piastri,https://www.formula1.com/content/dam/fom-website/drivers/O/OSCPIA01_Oscar_Piastri/oscpia01.png.transform/1col/image.png,AUS,9128,1215
1,M VERSTAPPEN,Max VERSTAPPEN,VER,Red Bull Racing,3671C6,Max,Verstappen,https://www.formula1.com/content/dam/fom-website/drivers/M/MAXVER01_Max_Verstappen/maxver01.png.transform/1col/image.png,NED,9129,1215
2,L SARGEANT,Logan SARGEANT,SAR,Williams,37BEDD,Logan,Sargeant,https://www.formula1.com/content/dam/fom-website/drivers/L/LOGSAR01_Logan_Sargeant/logsar01.png.transform/1col/image.png,USA,9129,1215
3,D RICCIARDO,Daniel RICCIARDO,RIC,AlphaTauri,5E8FAA,Daniel,Ricciardo,,AUS,9129,1215
4,L NORRIS,Lando NORRIS,NOR,McLaren,F58020,Lando,Norris,https://www.formula1.com/content/dam/fom-website/drivers/L/LANNOR01_Lando_Norris/lannor01.png.transform/1col/image.png,GBR,9129,1215
10,P GASLY,Pierre GASLY,GAS,Alpine,2293D1,Pierre,Gasly,https://www.formula1.com/content/dam/fom-website/drivers/P/PIEGAS01_Pierre_Gasly/piegas01.png.transform/1col/image.png,FRA,9129,1215
11,S PEREZ,Sergio PEREZ,PER,Red Bull Racing,3671C6,Sergio,Perez,https://www.formula1.com/content/dam/fom-website/drivers/S/SERPER01_Sergio_Perez/serper01.png.transform/1col/image.png,MEX,9129,1215
14,F ALONSO,Fernando ALONSO,ALO,Aston Martin,358C75,Fernando,Alonso,https://www.formula1.com/content/dam/fom-website/drivers/F/FERALO01_Fernando_Alonso/feralo01.png.transform/1col/image.png,ESP,9129,1215
16,C LECLERC,Charles LECLERC,LEC,Ferrari,F91536,Charles,Leclerc,https://www.formula1.com/content/dam/fom-website/drivers/C/CHALEC01_Charles_Leclerc/chalec01.png.transform/1col/image.png,MON,9129,1215
18,L STROLL,Lance STROLL,STR,Aston Martin,358C75,Lance,Stroll,https://www.formula1.com/content/dam/fom-website/drivers/L/LANSTR01_Lance_Stroll/lanstr01.png.transform/1col/image.png,CAN,9129,1215
20,K MAGNUSSEN,Kevin MAGNUSSEN,MAG,Haas F1 Team,B6BABD,Kevin,Magnussen,https://www.formula1.com/content/dam/fom-website/drivers/K/KEVMAG01_Kevin_Magnussen/kevmag01.png.transform/1col/image.png,DEN,9129,1215
22,Y TSUNODA,Yuki TSUNODA,TSU,AlphaTauri,5E8FAA,Yuki,Tsunoda,https://www.formula1.com/content/dam/fom-website/drivers/Y/YUKTSU01_Yuki_Tsunoda/yuktsu01.png.transform/1col/image.png,JPN,9129,1215
23,A ALBON,Alexander ALBON,ALB,Williams,37BEDD,Alexander,Albon,https://www.formula1.com/content/dam/fom-website/drivers/A/ALEALB01_Alexander_Albon/alealb01.png.transform/1col/image.png,THA,9129,1215
24,G ZHOU,ZHOU Guanyu,ZHO,Alfa Romeo,C92D4B,Guanyu,Zhou,https://www.formula1.com/content/dam/fom-website/drivers/G/GUAZHO01_Guanyu_Zhou/guazho01.png.transform/1col/image.png,CHN,9129,1215
27,N HULKENBERG,Nico HULKENBERG,HUL,Haas F1 Team,B6BABD,Nico,Hulkenberg,https://www.formula1.com/content/dam/fom-website/drivers/N/NICHUL01_Nico_Hulkenberg/nichul01.png.transform/1col/image.png,GER,9129,1215
31,E OCON,Esteban OCON,OCO,Alpine,2293D1,Esteban,Ocon,https://www.formula1.com/content/dam/fom-website/drivers/E/ESTOCO01_Esteban_Ocon/estoco01.png.transform/1col/image.png,FRA,9129,1215
44,L HAMILTON,Lewis HAMILTON,HAM,Mercedes,6CD3BF,Lewis,Hamilton,https://www.formula1.com/content/dam/fom-website/drivers/L/LEWHAM01_Lewis_Hamilton/lewham01.png.transform/1col/image.png,GBR,9129,1215
55,C SAINZ,Carlos SAINZ,SAI,Ferrari,F91536,Carlos,Sainz,https://www.formula1.com/content/dam/fom-website/drivers/C/CARSAI01_Carlos_Sainz/carsai01.png.transform/1col/image.png,ESP,9129,1215
63,G RUSSELL,George RUSSELL,RUS,Mercedes,6CD3BF,George,Russell,https://www.formula1.com/content/dam/fom-website/drivers/G/GEORUS01_George_Russell/georus01.png.transform/1col/image.png,GBR,9129,1215
77,V BOTTAS,Valtteri BOTTAS,BOT,Alfa Romeo,C92D4B,Valtteri,Bottas,https://www.formula1.com/content/dam/fom-website/drivers/V/VALBOT01_Valtteri_Bottas/valbot01.png.transform/1col/image.png,FIN,9129,1215
81,O PIASTRI,Oscar PIASTRI,PIA,McLaren,F58020,Oscar,Piastri,https://www.formula1.com/content/dam/fom-website/drivers/O/OSCPIA01_Oscar_Piastri/oscpia01.png.transform/1col/image.png,AUS,9129,1215
1,M VERSTAPPEN,Max VERSTAPPEN,VER,,,,,,,9133,1215
2,L SARGEANT,Logan SARGEANT,SAR,,,,,,,9133,1215
3,D RICCIARDO,Daniel RICCIARDO,RIC,,,,,,,9133,1215
4,L NORRIS,Lando NORRIS,NOR,,,,,,,9133,1215
10,P GASLY,Pierre GASLY,GAS,,,,,,,9133,1215
11,S PEREZ,Sergio PEREZ,PER,,,,,,,9133,1215
14,F ALONSO,Fernando ALONSO,ALO,,,,,,,9133,1215
16,C LECLERC,Charles LECLERC,LEC,,,,,,,9133,1215
18,L STROLL,Lance STROLL,STR,,,,,,,9133,1215
20,K MAGNUSSEN,Kevin MAGNUSSEN,MAG,,,,,,,9133,1215
22,Y TSUNODA,Yuki TSUNODA,TSU,,,,,,,9133,1215
23,A ALBON,Alexander ALBON,ALB,,,,,,,9133,1215
24,G ZHOU,ZHOU Guanyu,ZHO,,,,,,,9133,1215
27,N HULKENBERG,Nico HULKENBERG,HUL,,,,,,,9133,1215
31,E OCON,Esteban OCON,OCO,,,,,,,9133,1215
44,L HAMILTON,Lewis HAMILTON,HAM,,,,,,,9133,1215
55,C SAINZ,Carlos SAINZ,SAI,,,,,,,9133,1215
63,G RUSSELL,George RUSSELL,RUS,,,,,,,9133,1215
77,V BOTTAS,Valtteri BOTTAS,BOT,,,,,,,9133,1215
81,O PIASTRI,Oscar PIASTRI,PIA,,,,,,,9133,1215
1,M VERSTAPPEN,Max VERSTAPPEN,VER,Red Bull Racing,3671C6,Max,Verstappen,https://www.formula1.com/content/dam/fom-website/drivers/M/MAXVER01_Max_Verstappen/maxver01.png.transform/1col/image.png,NED,9223,1215
2,L SARGEANT,Logan SARGEANT,SAR,Williams,37BEDD,Logan,Sargeant,https://www.formula1.com/content/dam/fom-website/drivers/L/LOGSAR01_Logan_Sargeant/logsar01.png.transform/1col/image.png,USA,9223,1215
3,D RICCIARDO,Daniel RICCIARDO,RIC,AlphaTauri,5E8FAA,Daniel,Ricciardo,,AUS,9223,1215
4,L NORRIS,Lando NORRIS,NOR,McLaren,F58020,Lando,Norris,https://www.formula1.com/content/dam/fom-website/drivers/L/LANNOR01_Lando_Norris/lannor01.png.transform/1col/image.png,GBR,9223,1215
5,G BORTOLETO,Gabriel BORTOLETO,BOR,,,,,,,9223,1215
6,O GOETHE,Oliver GOETHE,GOE,,,,,,,9223,1215
7,K FREDERICK,Kaylen FREDERICK,FRE,,,,,,,9223,1215
8,G SAUCY,Gregoire SAUCY,SAU,,,,,,,9223,1215
9,N TSOLOV,Nikola TSOLOV,TSO,,,,,,,9223,1215
10,P GASLY,Pierre GASLY,GAS,Alpine,2293D1,Pierre,Gasly,https://www.formula1.com/content/dam/fom-website/drivers/P/PIEGAS01_Pierre_Gasly/piegas01.png.transform/1col/image.png,FRA,9223,1215
11,S PEREZ,Sergio PEREZ,PER,Red Bull Racing,3671C6,Sergio,Perez,https://www.formula1.com/content/dam/fom-website/drivers/S/SERPER01_Sergio_Perez/serper01.png.transform/1col/image.png,MEX,9223,1215
12,J EDGAR,Jonny EDGAR,EDG,,,,,,,9223,1215
14,F ALONSO,Fernando ALONSO,ALO,Aston Martin,358C75,Fernando,Alonso,https://www.formula1.com/content/dam/fom-website/drivers/F/FERALO01_Fernando_Alonso/feralo01.png.transform/1col/image.png,ESP,9223,1215
15,G MINI,Gabriele MINI,MIN,,,,,,,9223,1215
16,C LECLERC,Charles LECLERC,LEC,Ferrari,F91536,Charles,Leclerc,https://www.formula1.com/content/dam/fom-website/drivers/C/CHALEC01_Charles_Leclerc/chalec01.png.transform/1col/image.png,MON,9223,1215
17,C COLLET,Caio COLLET,CCO,,,,,,,9223,1215
18,L STROLL,Lance STROLL,STR,Aston Martin,358C75,Lance,Stroll,https://www.formula1.com/content/dam/fom-website/drivers/L/LANSTR01_Lance_Stroll/lanstr01.png.transform/1col/image.png,CAN,9223,1215
19,T SMITH,Tommy SMITH,SMI,,,,,,,9223,1215
20,K MAGNUSSEN,Kevin MAGNUSSEN,MAG,Haas F1 Team,B6BABD,Kevin,Magnussen,https://www.formula1.com/content/dam/fom-website/drivers/K/KEVMAG01_Kevin_Magnussen/kevmag01.png.transform/1col/image.png,DEN,9223,1215
21,M ESTERSON,Maxwell ESTERSON,EST,,,,,,,9223,1215
22,Y TSUNODA,Yuki TSUNODA,TSU,AlphaTauri,5E8FAA,Yuki,Tsunoda,https://www.formula1.com/content/dam/fom-website/drivers/Y/YUKTSU01_Yuki_Tsunoda/yuktsu01.png.transform/1col/image.png,JPN,9223,1215
23,A ALBON,Alexander ALBON,ALB,Williams,37BEDD,Alexander,Albon,https://www.formula1.com/content/dam/fom-website/drivers/A/ALEALB01_Alexander_Albon/alealb01.png.transform/1col/image.png,THA,9223,1215
24,G ZHOU,ZHOU Guanyu,ZHO,Alfa Romeo,C92D4B,Guanyu,Zhou,https://www.formula1.com/content/dam/fom-website/drivers/G/GUAZHO01_Guanyu_Zhou/guazho01.png.transform/1col/image.png,CHN,9223,1215
25,H BARTER,Hugh BARTER,HBA,,,,,,,9223,1215
26,N BEDRIN,Nikita BEDRIN,BED,,,,,,,9223,1215
27,N HULKENBERG,Nico HULKENBERG,HUL,Haas F1 Team,B6BABD,Nico,Hulkenberg,https://www.formula1.com/content/dam/fom-website/drivers/N/NICHUL01_Nico_Hulkenberg/nichul01.png.transform/1col/image.png,GER,9223,1215
28,A GARCIA,Alejandro GARCIA,GAR,,,,,,,9223,1215
29,S FLOERSCH,Sophia FLOERSCH,FLO,,,,,,,9223,1215
30,R FARIA,Roberto FARIA,FAR,,,,,,,9223,1215
31,E OCON,Esteban OCON,OCO,Alpine,2293D1,Esteban,Ocon,https://www.formula1.com/content/dam/fom-website/drivers/E/ESTOCO01_Esteban_Ocon/estoco01.png.transform/1col/image.png,FRA,9223,1215
44,L HAMILTON,Lewis HAMILTON,HAM,Mercedes,6CD3BF,Lewis,Hamilton,https://www.formula1.com/content/dam/fom-website/drivers/L/LEWHAM01_Lewis_Hamilton/lewham01.png.transform/1col/image.png,GBR,9223,1215
55,C SAINZ,Carlos SAINZ,SAI,Ferrari,F91536,Carlos,Sainz,https://www.formula1.com/content/dam/fom-website/drivers/C/CARSAI01_Carlos_Sainz/carsai01.png.transform/1col/image.png,ESP,9223,1215
63,G RUSSELL,George RUSSELL,RUS,Mercedes,6CD3BF,George,Russell,https://www.formula1.com/content/dam/fom-website/drivers/G/GEORUS01_George_Russell/georus01.png.transform/1col/image.png,GBR,9223,1215
77,V BOTTAS,Valtteri BOTTAS,BOT,Alfa Romeo,C92D4B,Valtteri,Bottas,https://www.formula1.com/content/dam/fom-website/drivers/V/VALBOT01_Valtteri_Bottas/valbot01.png.transform/1col/image.png,FIN,9223,1215
81,O PIASTRI,Oscar PIASTRI,PIA,McLaren,F58020,Oscar,Piastri,https://www.formula1.com/content/dam/fom-website/drivers/O/OSCPIA01_Oscar_Piastri/oscpia01.png.transform/1col/image.png,AUS,9223,1215
1,M VERSTAPPEN,Max VERSTAPPEN,VER,Red Bull Racing,3671C6,Max,Verstappen,https://www.formula1.com/content/dam/fom-website/drivers/M/MAXVER01_Max_Verstappen/maxver01.png.transform/1col/image.png,NED,9134,1216
2,L SARGEANT,Logan SARGEANT,SAR,Williams,37BEDD,Logan,Sargeant,https://www.formula1.com/content/dam/fom-website/drivers/L/LOGSAR01_Logan_Sargeant/logsar01.png.transform/1col/image.png,USA,9134,1216
3,D RICCIARDO,Daniel RICCIARDO,RIC,AlphaTauri,5E8FAA,Daniel,Ricciardo,,AUS,9134,1216
4,L NORRIS,Lando NORRIS,NOR,McLaren,F58020,Lando,Norris,https://www.formula1.com/content/dam/fom-website/drivers/L/LANNOR01_Lando_Norris/lannor01.png.transform/1col/image.png,GBR,9134,1216
10,P GASLY,Pierre GASLY,GAS,Alpine,2293D1,Pierre,Gasly,https://www.formula1.com/content/dam/fom-website/drivers/P/PIEGAS01_Pierre_Gasly/piegas01.png.transform/1col/image.png,FRA,9134,1216
11,S PEREZ,Sergio PEREZ,PER,Red Bull Racing,3671C6,Sergio,Perez,https://www.formula1.com/content/dam/fom-website/drivers/S/SERPER01_Sergio_Perez/serper01.png.transform/1col/image.png,MEX,9134,1216
14,F ALONSO,Fernando ALONSO,ALO,Aston Martin,358C75,Fernando,Alonso,https://www.formula1.com/content/dam/fom-website/drivers/F/FERALO01_Fernando_Alonso/feralo01.png.transform/1col/image.png,ESP,9134,1216
16,C LECLERC,Charles LECLERC,LEC,Ferrari,F91536,Charles,Leclerc,https://www.formula1.com/content/dam/fom-website/drivers/C/CHALEC01_Charles_Leclerc/chalec01.png.transform/1col/image.png,MON,9134,1216
18,L STROLL,Lance STROLL,STR,Aston Martin,358C75,Lance,Stroll,https://www.formula1.com/content/dam/fom-website/drivers/L/LANSTR01_Lance_Stroll/lanstr01.png.transform/1col/image.png,CAN,9134,1216
20,K MAGNUSSEN,Kevin MAGNUSSEN,MAG,Haas F1 Team,B6BABD,Kevin,Magnussen,https://www.formula1.com/content/dam/fom-website/drivers/K/KEVMAG01_Kevin_Magnussen/kevmag01.png.transform/1col/image.png,DEN,9134,1216
22,Y TSUNODA,Yuki TSUNODA,TSU,AlphaTauri,5E8FAA,Yuki,Tsunoda,https://www.formula1.com/content/dam/fom-website/drivers/Y/YUKTSU01_Yuki_Tsunoda/yuktsu01.png.transform/1col/image.png,JPN,9134,1216
23,A ALBON,Alexander ALBON,ALB,Williams,37BEDD,Alexander,Albon,https://www.formula1.com/content/dam/fom-website/drivers/A/ALEALB01_Alexander_Albon/alealb01.png.transform/1col/image.png,THA,9134,1216
24,G ZHOU,ZHOU Guanyu,ZHO,Alfa Romeo,C92D4B,Guanyu,Zhou,https://www.formula1.com/content/dam/fom-website/drivers/G/GUAZHO01_Guanyu_Zhou/guazho01.png.transform/1col/image.png,CHN,9134,1216
27,N HULKENBERG,Nico HULKENBERG,HUL,Haas F1 Team,B6BABD,Nico,Hulkenberg,https://www.formula1.com/content/dam/fom-website/drivers/N/NICHUL01_Nico_Hulkenberg/nichul01.png.transform/1col/image.png,GER,9134,1216
31,E OCON,Esteban OCON,OCO,Alpine,2293D1,Esteban,Ocon,https://www.formula1.com/content/dam/fom-website/drivers/E/ESTOCO01_Esteban_Ocon/estoco01.png.transform/1col/image.png,FRA,9134,1216
44,L HAMILTON,Lewis HAMILTON,HAM,Mercedes,6CD3BF,Lewis,Hamilton,https://www.formula1.com/content/dam/fom-website/drivers/L/LEWHAM01_Lewis_Hamilton/lewham01.png.transform/1col/image.png,GBR,9134,1216
55,C SAINZ,Carlos SAINZ,SAI,Ferrari,F91536,Carlos,Sainz,https://www.formula1.com/content/dam/fom-website/drivers/C/CARSAI01_Carlos_Sainz/carsai01.png.transform/1col/image.png,ESP,9134,1216
63,G RUSSELL,George RUSSELL,RUS,Mercedes,6CD3BF,George,Russell,https://www.formula1.com/content/dam/fom-website/drivers/G/GEORUS01_George_Russell/georus01.png.transform/1col/image.png,GBR,9134,1216
77,V BOTTAS,Valtteri BOTTAS,BOT,Alfa Romeo,C92D4B,Valtteri,Bottas,https://www.formula1.com/content/dam/fom-website/drivers/V/VALBOT01_Valtteri_Bottas/valbot01.png.transform/1col/image.png,FIN,9134,1216
81,O PIASTRI,Oscar PIASTRI,PIA,McLaren,F58020,Oscar,Piastri,https://www.formula1.com/content/dam/fom-website/drivers/O/OSCPIA01_Oscar_Piastri/oscpia01.png.transform/1col/image.png,AUS,9134,1216
1,M VERSTAPPEN,Max VERSTAPPEN,VER,Red Bull Racing,3671C6,Max,Verstappen,https://www.formula1.com/content/dam/fom-website/drivers/M/MAXVER01_Max_Verstappen/maxver01.png.transform/1col/image.png,NED,9135,1216
2,L SARGEANT,Logan SARGEANT,SAR,Williams,37BEDD,Logan,Sargeant,https://www.formula1.com/content/dam/fom-website/drivers/L/LOGSAR01_Logan_Sargeant/logsar01.png.transform/1col/image.png,USA,9135,1216
3,D RICCIARDO,Daniel RICCIARDO,RIC,AlphaTauri,5E8FAA,Daniel,Ricciardo,,AUS,9135,1216
4,L NORRIS,Lando NORRIS,NOR,McLaren,F58020,Lando,Norris,https://www.formula1.com/content/dam/fom-website/drivers/L/LANNOR01_Lando_Norris/lannor01.png.transform/1col/image.png,GBR,9135,1216
10,P GASLY,Pierre GASLY,GAS,Alpine,2293D1,Pierre,Gasly,https://www.formula1.com/content/dam/fom-website/drivers/P/PIEGAS01_Pierre_Gasly/piegas01.png.transform/1col/image.png,FRA,9135,1216
11,S PEREZ,Sergio PEREZ,PER,Red Bull Racing,3671C6,Sergio,Perez,https://www.formula1.com/content/dam/fom-website/drivers/S/SERPER01_Sergio_Perez/serper01.png.transform/1col/image.png,MEX,9135,1216
14,F ALONSO,Fernando ALONSO,ALO,Aston Martin,358C75,Fernando,Alonso,https://www.formula1.com/content/dam/fom-website/drivers/F/FERALO01_Fernando_Alonso/feralo01.png.transform/1col/image.png,ESP,9135,1216
16,C LECLERC,Charles LECLERC,LEC,Ferrari,F91536,Charles,Leclerc,https://www.formula1.com/content/dam/fom-website/drivers/C/CHALEC01_Charles_Leclerc/chalec01.png.transform/1col/image.png,MON,9135,1216
18,L STROLL,Lance STROLL,STR,Aston Martin,358C75,Lance,Stroll,https://www.formula1.com/content/dam/fom-website/drivers/L/LANSTR01_Lance_Stroll/lanstr01.png.transform/1col/image.png,CAN,9135,1216
20,K MAGNUSSEN,Kevin MAGNUSSEN,MAG,Haas F1 Team,B6BABD,Kevin,Magnussen,https://www.formula1.com/content/dam/fom-website/drivers/K/KEVMAG01_Kevin_Magnussen/kevmag01.png.transform/1col/image.png,DEN,9135,1216
22,Y TSUNODA,Yuki TSUNODA,TSU,AlphaTauri,5E8FAA,Yuki,Tsunoda,https://www.formula1.com/content/dam/fom-website/drivers/Y/YUKTSU01_Yuki_Tsunoda/yuktsu01.png.transform/1col/image.png,JPN,9135,1216
23,A ALBON,Alexander ALBON,ALB,Williams,37BEDD,Alexander,Albon,https://www.formula1.com/content/dam/fom-website/drivers/A/ALEALB01_Alexander_Albon/alealb01.png.transform/1col/image.png,THA,9135,1216
24,G ZHOU,ZHOU Guanyu,ZHO,Alfa Romeo,C92D4B,Guanyu,Zhou,https://www.formula1.com/content/dam/fom-website/drivers/G/GUAZHO01_Guanyu_Zhou/guazho01.png.transform/1col/image.png,CHN,9135,1216
27,N HULKENBERG,Nico HULKENBERG,HUL,Haas F1 Team,B6BABD,Nico,Hulkenberg,https://www.formula1.com/content/dam/fom-website/drivers/N/NICHUL01_Nico_Hulkenberg/nichul01.png.transform/1col/image.png,GER,9135,1216
31,E OCON,Esteban OCON,OCO,Alpine,2293D1,Esteban,Ocon,https://www.formula1.com/content/dam/fom-website/drivers/E/ESTOCO01_Esteban_Ocon/estoco01.png.transform/1col/image.png,FRA,9135,1216
44,L HAMILTON,Lewis HAMILTON,HAM,Mercedes,6CD3BF,Lewis,Hamilton,https://www.formula1.com/content/dam/fom-website/drivers/L/LEWHAM01_Lewis_Hamilton/lewham01.png.transform/1col/image.png,GBR,9135,1216
55,C SAINZ,Carlos SAINZ,SAI,Ferrari,F91536,Carlos,Sainz,https://www.formula1.com/content/dam/fom-website/drivers/C/CARSAI01_Carlos_Sainz/carsai01.png.transform/1col/image.png,ESP,9135,1216
63,G RUSSELL,George RUSSELL,RUS,Mercedes,6CD3BF,George,Russell,https://www.formula1.com/content/dam/fom-website/drivers/G/GEORUS01_George_Russell/georus01.png.transform/1col/image.png,GBR,9135,1216
77,V BOTTAS,Valtteri BOTTAS,BOT,Alfa Romeo,C92D4B,Valtteri,Bottas,https://www.formula1.com/content/dam/fom-website/drivers/V/VALBOT01_Valtteri_Bottas/valbot01.png.transform/1col/image.png,FIN,9135,1216
81,O PIASTRI,Oscar PIASTRI,PIA,McLaren,F58020,Oscar,Piastri,https://www.formula1.com/content/dam/fom-website/drivers/O/OSCPIA01_Oscar_Piastri/oscpia01.png.transform/1col/image.png,AUS,9135,1216
1,M VERSTAPPEN,Max VERSTAPPEN,VER,,,,,,,9140,1216
2,L SARGEANT,Logan SARGEANT,SAR,,,,,,,9140,1216
3,D RICCIARDO,Daniel RICCIARDO,RIC,,,,,,,9140,1216
4,L NORRIS,Lando NORRIS,NOR,,,,,,,9140,1216
10,P GASLY,Pierre GASLY,GAS,,,,,,,9140,1216
11,S PEREZ,Sergio PEREZ,PER,,,,,,,9140,1216
14,F ALONSO,Fernando ALONSO,ALO,,,,,,,9140,1216
16,C LECLERC,Charles LECLERC,LEC,,,,,,,9140,1216
18,L STROLL,Lance STROLL,STR,,,,,,,9140,1216
20,K MAGNUSSEN,Kevin MAGNUSSEN,MAG,,,,,,,9140,1216
22,Y TSUNODA,Yuki TSUNODA,TSU,,,,,,,9140,1216
23,A ALBON,Alexander ALBON,ALB,,,,,,,9140,1216
24,G ZHOU,ZHOU Guanyu,ZHO,,,,,,,9140,1216
27,N HULKENBERG,Nico HULKENBERG,HUL,,,,,,,9140,1216
31,E OCON,Esteban OCON,OCO,,,,,,,9140,1216
44,L HAMILTON,Lewis HAMILTON,HAM,,,,,,,9140,1216
55,C SAINZ,Carlos SAINZ,SAI,,,,,,,9140,1216
63,G RUSSELL,George RUSSELL,RUS,,,,,,,9140,1216
77,V BOTTAS,Valtteri BOTTAS,BOT,,,,,,,9140,1216
81,O PIASTRI,Oscar PIASTRI,PIA,,,,,,,9140,1216
1,M VERSTAPPEN,Max VERSTAPPEN,VER,,,,,,,9141,1216
2,L SARGEANT,Logan SARGEANT,SAR,,,,,,,9141,1216
3,D RICCIARDO,Daniel RICCIARDO,RIC,,,,,,,9141,1216
4,L NORRIS,Lando NORRIS,NOR,,,,,,,9141,1216
10,P GASLY,Pierre GASLY,GAS,,,,,,,9141,1216
11,S PEREZ,Sergio PEREZ,PER,,,,,,,9141,1216
14,F ALONSO,Fernando ALONSO,ALO,,,,,,,9141,1216
16,C LECLERC,Charles LECLERC,LEC,,,,,,,9141,1216
18,L STROLL,Lance STROLL,STR,,,,,,,9141,1216
20,K MAGNUSSEN,Kevin MAGNUSSEN,MAG,,,,,,,9141,1216
22,Y TSUNODA,Yuki TSUNODA,TSU,,,,,,,9141,1216
23,A ALBON,Alexander ALBON,ALB,,,,,,,9141,1216
24,G ZHOU,ZHOU Guanyu,ZHO,,,,,,,9141,1216
27,N HULKENBERG,Nico HULKENBERG,HUL,,,,,,,9141,1216
31,E OCON,Esteban OCON,OCO,,,,,,,9141,1216
44,L HAMILTON,Lewis HAMILTON,HAM,,,,,,,9141,1216
55,C SAINZ,Carlos SAINZ,SAI,,,,,,,9141,1216
63,G RUSSELL,George RUSSELL,RUS,,,,,,,9141,1216
77,V BOTTAS,Valtteri BOTTAS,BOT,,,,,,,9141,1216
81,O PIASTRI,Oscar PIASTRI,PIA,,,,,,,9141,1216
1,M VERSTAPPEN,Max VERSTAPPEN,VER,,,,,,,9286,1216
2,L SARGEANT,Logan SARGEANT,SAR,,,,,,,9286,1216
3,D RICCIARDO,Daniel RICCIARDO,RIC,,,,,,,9286,1216
4,L NORRIS,Lando NORRIS,NOR,,,,,,,9286,1216
10,P GASLY,Pierre GASLY,GAS,,,,,,,9286,1216
11,S PEREZ,Sergio PEREZ,PER,,,,,,,9286,1216
14,F ALONSO,Fernando ALONSO,ALO,,,,,,,9286,1216
16,C LECLERC,Charles LECLERC,LEC,,,,,,,9286,1216
18,L STROLL,Lance STROLL,STR,,,,,,,9286,1216
20,K MAGNUSSEN,Kevin MAGNUSSEN,MAG,,,,,,,9286,1216
22,Y TSUNODA,Yuki TSUNODA,TSU,,,,,,,9286,1216
23,A ALBON,Alexander ALBON,ALB,,,,,,,9286,1216
24,G ZHOU,ZHOU Guanyu,ZHO,,,,,,,9286,1216
27,N HULKENBERG,Nico HULKENBERG,HUL,,,,,,,9286,1216
31,E OCON,Esteban OCON,OCO,,,,,,,9286,1216
44,L HAMILTON,Lewis HAMILTON,HAM,,,,,,,9286,1216
55,C SAINZ,Carlos SAINZ,SAI,,,,,,,9286,1216
63,G RUSSELL,George RUSSELL,RUS,,,,,,,9286,1216
77,V BOTTAS,Valtteri BOTTAS,BOT,,,,,,,9286,1216
81,O PIASTRI,Oscar PIASTRI,PIA,,,,,,,9286,1216
1,M VERSTAPPEN,Max VERSTAPPEN,VER,,,,,,,9142,1217
2,L SARGEANT,Logan SARGEANT,SAR,,,,,,,9142,1217
3,D RICCIARDO,Daniel RICCIARDO,RIC,,,,,,,9142,1217
4,L NORRIS,Lando NORRIS,NOR,,,,,,,9142,1217
10,P GASLY,Pierre GASLY,GAS,,,,,,,9142,1217
11,S PEREZ,Sergio PEREZ,PER,,,,,,,9142,1217
14,F ALONSO,Fernando ALONSO,ALO,,,,,,,9142,1217
16,C LECLERC,Charles LECLERC,LEC,,,,,,,9142,1217
18,L STROLL,Lance STROLL,STR,,,,,,,9142,1217
20,K MAGNUSSEN,Kevin MAGNUSSEN,MAG,,,,,,,9142,1217
22,Y TSUNODA,Yuki TSUNODA,TSU,,,,,,,9142,1217
23,A ALBON,Alexander ALBON,ALB,,,,,,,9142,1217
24,G ZHOU,ZHOU Guanyu,ZHO,,,,,,,9142,1217
27,N HULKENBERG,Nico HULKENBERG,HUL,,,,,,,9142,1217
31,E OCON,Esteban OCON,OCO,,,,,,,9142,1217
39,R SHWARTZMAN,Robert SHWARTZMAN,SHW,,,,,,,9142,1217
44,L HAMILTON,Lewis HAMILTON,HAM,,,,,,,9142,1217
63,G RUSSELL,George RUSSELL,RUS,,,,,,,9142,1217
77,V BOTTAS,Valtteri BOTTAS,BOT,,,,,,,9142,1217
81,O PIASTRI,Oscar PIASTRI,PIA,,,,,,,9142,1217
1,M VERSTAPPEN,Max VERSTAPPEN,VER,,,,,,,9143,1217
2,L SARGEANT,Logan SARGEANT,SAR,,,,,,,9143,1217
3,D RICCIARDO,Daniel RICCIARDO,RIC,,,,,,,9143,1217
4,L NORRIS,Lando NORRIS,NOR,,,,,,,9143,1217
10,P GASLY,Pierre GASLY,GAS,,,,,,,9143,1217
11,S PEREZ,Sergio PEREZ,PER,,,,,,,9143,1217
14,F ALONSO,Fernando ALONSO,ALO,,,,,,,9143,1217
16,C LECLERC,Charles LECLERC,LEC,,,,,,,9143,1217
18,L STROLL,Lance STROLL,STR,,,,,,,9143,1217
20,K MAGNUSSEN,Kevin MAGNUSSEN,MAG,,,,,,,9143,1217
22,Y TSUNODA,Yuki TSUNODA,TSU,,,,,,,9143,1217
23,A ALBON,Alexander ALBON,ALB,,,,,,,9143,1217
24,G ZHOU,ZHOU Guanyu,ZHO,,,,,,,9143,1217
27,N HULKENBERG,Nico HULKENBERG,HUL,,,,,,,9143,1217
31,E OCON,Esteban OCON,OCO,,,,,,,9143,1217
44,L HAMILTON,Lewis HAMILTON,HAM,,,,,,,9143,1217
55,C SAINZ,Carlos SAINZ,SAI,,,,,,,9143,1217
63,G RUSSELL,George RUSSELL,RUS,,,,,,,9143,1217
77,V BOTTAS,Valtteri BOTTAS,BOT,,,,,,,9143,1217
81,O PIASTRI,Oscar PIASTRI,PIA,,,,,,,9143,1217
1,M VERSTAPPEN,Max VERSTAPPEN,VER,Red Bull Racing,3671C6,Max,Verstappen,https://www.formula1.com/content/dam/fom-website/drivers/M/MAXVER01_Max_Verstappen/maxver01.png.transform/1col/image.png,NED,9144,1217
2,L SARGEANT,Logan SARGEANT,SAR,Williams,37BEDD,Logan,Sargeant,https://www.formula1.com/content/dam/fom-website/drivers/L/LOGSAR01_Logan_Sargeant/logsar01.png.transform/1col/image.png,USA,9144,1217
4,L NORRIS,Lando NORRIS,NOR,McLaren,F58020,Lando,Norris,https://www.formula1.com/content/dam/fom-website/drivers/L/LANNOR01_Lando_Norris/lannor01.png.transform/1col/image.png,GBR,9144,1217
10,P GASLY,Pierre GASLY,GAS,Alpine,2293D1,Pierre,Gasly,https://www.formula1.com/content/dam/fom-website/drivers/P/PIEGAS01_Pierre_Gasly/piegas01.png.transform/1col/image.png,FRA,9144,1217
11,S PEREZ,Sergio PEREZ,PER,Red Bull Racing,3671C6,Sergio,Perez,https://www.formula1.com/content/dam/fom-website/drivers/S/SERPER01_Sergio_Perez/serper01.png.transform/1col/image.png,MEX,9144,1217
14,F ALONSO,Fernando ALONSO,ALO,Aston Martin,358C75,Fernando,Alonso,https://www.formula1.com/content/dam/fom-website/drivers/F/FERALO01_Fernando_Alonso/feralo01.png.transform/1col/image.png,ESP,9144,1217
16,C LECLERC,Charles LECLERC,LEC,Ferrari,F91536,Charles,Leclerc,https://www.formula1.com/content/dam/fom-website/drivers/C/CHALEC01_Charles_Leclerc/chalec01.png.transform/1col/image.png,MON,9144,1217
18,L STROLL,Lance STROLL,STR,Aston Martin,358C75,Lance,Stroll,https://www.formula1.com/content/dam/fom-website/drivers/L/LANSTR01_Lance_Stroll/lanstr01.png.transform/1col/image.png,CAN,9144,1217
20,K MAGNUSSEN,Kevin MAGNUSSEN,MAG,Haas F1 Team,B6BABD,Kevin,Magnussen,https://www.formula1.com/content/dam/fom-website/drivers/K/KEVMAG01_Kevin_Magnussen/kevmag01.png.transform/1col/image.png,DEN,9144,1217
22,Y TSUNODA,Yuki TSUNODA,TSU,AlphaTauri,5E8FAA,Yuki,Tsunoda,https://www.formula1.com/content/dam/fom-website/drivers/Y/YUKTSU01_Yuki_Tsunoda/yuktsu01.png.transform/1col/image.png,JPN,9144,1217
23,A ALBON,Alexander ALBON,ALB,Williams,37BEDD,Alexander,Albon,https://www.formula1.com/content/dam/fom-website/drivers/A/ALEALB01_Alexander_Albon/alealb01.png.transform/1col/image.png,THA,9144,1217
24,G ZHOU,ZHOU Guanyu,ZHO,Alfa Romeo,C92D4B,Guanyu,Zhou,https://www.formula1.com/content/dam/fom-website/drivers/G/GUAZHO01_Guanyu_Zhou/guazho01.png.transform/1col/image.png,CHN,9144,1217
27,N HULKENBERG,Nico HULKENBERG,HUL,Haas F1 Team,B6BABD,Nico,Hulkenberg,https://www.formula1.com/content/dam/fom-website/drivers/N/NICHUL01_Nico_Hulkenberg/nichul01.png.transform/1col/image.png,GER,9144,1217
31,E OCON,Esteban OCON,OCO,Alpine,2293D1,Esteban,Ocon,https://www.formula1.com/content/dam/fom-website/drivers/E/ESTOCO01_Esteban_Ocon/estoco01.png.transform/1col/image.png,FRA,9144,1217
40,L LAWSON,Liam LAWSON,LAW,AlphaTauri,5E8FAA,Liam,Lawson,,NZL,9144,1217
44,L HAMILTON,Lewis HAMILTON,HAM,Mercedes,6CD3BF,Lewis,Hamilton,https://www.formula1.com/content/dam/fom-website/drivers/L/LEWHAM01_Lewis_Hamilton/lewham01.png.transform/1col/image.png,GBR,9144,1217
55,C SAINZ,Carlos SAINZ,SAI,Ferrari,F91536,Carlos,Sainz,https://www.formula1.com/content/dam/fom-website/drivers/C/CARSAI01_Carlos_Sainz/carsai01.png.transform/1col/image.png,ESP,9144,1217
63,G RUSSELL,George RUSSELL,RUS,Mercedes,6CD3BF,George,Russell,https://www.formula1.com/content/dam/fom-website/drivers/G/GEORUS01_George_Russell/georus01.png.transform/1col/image.png,GBR,9144,1217
77,V BOTTAS,Valtteri BOTTAS,BOT,Alfa Romeo,C92D4B,Valtteri,Bottas,https://www.formula1.com/content/dam/fom-website/drivers/V/VALBOT01_Valtteri_Bottas/valbot01.png.transform/1col/image.png,FIN,9144,1217
81,O PIASTRI,Oscar PIASTRI,PIA,McLaren,F58020,Oscar,Piastri,https://www.formula1.com/content/dam/fom-website/drivers/O/OSCPIA01_Oscar_Piastri/oscpia01.png.transform/1col/image.png,AUS,9144,1217
1,M VERSTAPPEN,Max VERSTAPPEN,VER,Red Bull Racing,3671C6,Max,Verstappen,https://www.formula1.com/content/dam/fom-website/drivers/M/MAXVER01_Max_Verstappen/maxver01.png.transform/1col/image.png,NED,9145,1217
2,L SARGEANT,Logan SARGEANT,SAR,Williams,37BEDD,Logan,Sargeant,https://www.formula1.com/content/dam/fom-website/drivers/L/LOGSAR01_Logan_Sargeant/logsar01.png.transform/1col/image.png,USA,9145,1217
4,L NORRIS,Lando NORRIS,NOR,McLaren,F58020,Lando,Norris,https://www.formula1.com/content/dam/fom-website/drivers/L/LANNOR01_Lando_Norris/lannor01.png.transform/1col/image.png,GBR,9145,1217
10,P GASLY,Pierre GASLY,GAS,Alpine,2293D1,Pierre,Gasly,https://www.formula1.com/content/dam/fom-website/drivers/P/PIEGAS01_Pierre_Gasly/piegas01.png.transform/1col/image.png,FRA,9145,1217
11,S PEREZ,Sergio PEREZ,PER,Red Bull Racing,3671C6,Sergio,Perez,https://www.formula1.com/content/dam/fom-website/drivers/S/SERPER01_Sergio_Perez/serper01.png.transform/1col/image.png,MEX,9145,1217
14,F ALONSO,Fernando ALONSO,ALO,Aston Martin,358C75,Fernando,Alonso,https://www.formula1.com/content/dam/fom-website/drivers/F/FERALO01_Fernando_Alonso/feralo01.png.transform/1col/image.png,ESP,9145,1217
16,C LECLERC,Charles LECLERC,LEC,Ferrari,F91536,Charles,Leclerc,https://www.formula1.com/content/dam/fom-website/drivers/C/CHALEC01_Charles_Leclerc/chalec01.png.transform/1col/image.png,MON,9145,1217
18,L STROLL,Lance STROLL,STR,Aston Martin,358C75,Lance,Stroll,https://www.formula1.com/content/dam/fom-website/drivers/L/LANSTR01_Lance_Stroll/lanstr01.png.transform/1col/image.png,CAN,9145,1217
20,K MAGNUSSEN,Kevin MAGNUSSEN,MAG,Haas F1 Team,B6BABD,Kevin,Magnussen,https://www.formula1.com/content/dam/fom-website/drivers/K/KEVMAG01_Kevin_Magnussen/kevmag01.png.transform/1col/image.png,DEN,9145,1217
22,Y TSUNODA,Yuki TSUNODA,TSU,AlphaTauri,5E8FAA,Yuki,Tsunoda,https://www.formula1.com/content/dam/fom-website/drivers/Y/YUKTSU01_Yuki_Tsunoda/yuktsu01.png.transform/1col/image.png,JPN,9145,1217
23,A ALBON,Alexander ALBON,ALB,Williams,37BEDD,Alexander,Albon,https://www.formula1.com/content/dam/fom-website/drivers/A/ALEALB01_Alexander_Albon/alealb01.png.transform/1col/image.png,THA,9145,1217
24,G ZHOU,ZHOU Guanyu,ZHO,Alfa Romeo,C92D4B,Guanyu,Zhou,https://www.formula1.com/content/dam/fom-website/drivers/G/GUAZHO01_Guanyu_Zhou/guazho01.png.transform/1col/image.png,CHN,9145,1217
27,N HULKENBERG,Nico HULKENBERG,HUL,Haas F1 Team,B6BABD,Nico,Hulkenberg,https://www.formula1.com/content/dam/fom-website/drivers/N/NICHUL01_Nico_Hulkenberg/nichul01.png.transform/1col/image.png,GER,9145,1217
31,E OCON,Esteban OCON,OCO,Alpine,2293D1,Esteban,Ocon,https://www.formula1.com/content/dam/fom-website/drivers/E/ESTOCO01_Esteban_Ocon/estoco01.png.transform/1col/image.png,FRA,9145,1217
40,L LAWSON,Liam LAWSON,LAW,AlphaTauri,5E8FAA,Liam,Lawson,,NZL,9145,1217
44,L HAMILTON,Lewis HAMILTON,HAM,Mercedes,6CD3BF,Lewis,Hamilton,https://www.formula1.com/content/dam/fom-website/drivers/L/LEWHAM01_Lewis_Hamilton/lewham01.png.transform/1col/image.png,GBR,9145,1217
55,C SAINZ,Carlos SAINZ,SAI,Ferrari,F91536,Carlos,Sainz,https://www.formula1.com/content/dam/fom-website/drivers/C/CARSAI01_Carlos_Sainz/carsai01.png.transform/1col/image.png,ESP,9145,1217
63,G RUSSELL,George RUSSELL,RUS,Mercedes,6CD3BF,George,Russell,https://www.formula1.com/content/dam/fom-website/drivers/G/GEORUS01_George_Russell/georus01.png.transform/1col/image.png,GBR,9145,1217
77,V BOTTAS,Valtteri BOTTAS,BOT,Alfa Romeo,C92D4B,Valtteri,Bottas,https://www.formula1.com/content/dam/fom-website/drivers/V/VALBOT01_Valtteri_Bottas/valbot01.png.transform/1col/image.png,FIN,9145,1217
81,O PIASTRI,Oscar PIASTRI,PIA,McLaren,F58020,Oscar,Piastri,https://www.formula1.com/content/dam/fom-website/drivers/O/OSCPIA01_Oscar_Piastri/oscpia01.png.transform/1col/image.png,AUS,9145,1217
1,M VERSTAPPEN,Max VERSTAPPEN,VER,Red Bull Racing,3671C6,Max,Verstappen,https://www.formula1.com/content/dam/fom-website/drivers/M/MAXVER01_Max_Verstappen/maxver01.png.transform/1col/image.png,NED,9149,1217
2,L SARGEANT,Logan SARGEANT,SAR,Williams,37BEDD,Logan,Sargeant,https://www.formula1.com/content/dam/fom-website/drivers/L/LOGSAR01_Logan_Sargeant/logsar01.png.transform/1col/image.png,USA,9149,1217
4,L NORRIS,Lando NORRIS,NOR,McLaren,F58020,Lando,Norris,https://www.formula1.com/content/dam/fom-website/drivers/L/LANNOR01_Lando_Norris/lannor01.png.transform/1col/image.png,GBR,9149,1217
10,P GASLY,Pierre GASLY,GAS,Alpine,2293D1,Pierre,Gasly,https://www.formula1.com/content/dam/fom-website/drivers/P/PIEGAS01_Pierre_Gasly/piegas01.png.transform/1col/image.png,FRA,9149,1217
11,S PEREZ,Sergio PEREZ,PER,Red Bull Racing,3671C6,Sergio,Perez,https://www.formula1.com/content/dam/fom-website/drivers/S/SERPER01_Sergio_Perez/serper01.png.transform/1col/image.png,MEX,9149,1217
14,F ALONSO,Fernando ALONSO,ALO,Aston Martin,358C75,Fernando,Alonso,https://www.formula1.com/content/dam/fom-website/drivers/F/FERALO01_Fernando_Alonso/feralo01.png.transform/1col/image.png,ESP,9149,1217
16,C LECLERC,Charles LECLERC,LEC,Ferrari,F91536,Charles,Leclerc,https://www.formula1.com/content/dam/fom-website/drivers/C/CHALEC01_Charles_Leclerc/chalec01.png.transform/1col/image.png,MON,9149,1217
18,L STROLL,Lance STROLL,STR,Aston Martin,358C75,Lance,Stroll,https://www.formula1.com/content/dam/fom-website/drivers/L/LANSTR01_Lance_Stroll/lanstr01.png.transform/1col/image.png,CAN,9149,1217
20,K MAGNUSSEN,Kevin MAGNUSSEN,MAG,Haas F1 Team,B6BABD,Kevin,Magnussen,https://www.formula1.com/content/dam/fom-website/drivers/K/KEVMAG01_Kevin_Magnussen/kevmag01.png.transform/1col/image.png,DEN,9149,1217
22,Y TSUNODA,Yuki TSUNODA,TSU,AlphaTauri,5E8FAA,Yuki,Tsunoda,https://www.formula1.com/content/dam/fom-website/drivers/Y/YUKTSU01_Yuki_Tsunoda/yuktsu01.png.transform/1col/image.png,JPN,9149,1217
23,A ALBON,Alexander ALBON,ALB,Williams,37BEDD,Alexander,Albon,https://www.formula1.com/content/dam/fom-website/drivers/A/ALEALB01_Alexander_Albon/alealb01.png.transform/1col/image.png,THA,9149,1217
24,G ZHOU,ZHOU Guanyu,ZHO,Alfa Romeo,C92D4B,Guanyu,Zhou,https://www.formula1.com/content/dam/fom-website/drivers/G/GUAZHO01_Guanyu_Zhou/guazho01.png.transform/1col/image.png,CHN,9149,1217
27,N HULKENBERG,Nico HULKENBERG,HUL,Haas F1 Team,B6BABD,Nico,Hulkenberg,https://www.formula1.com/content/dam/fom-website/drivers/N/NICHUL01_Nico_Hulkenberg/nichul01.png.transform/1col/image.png,GER,9149,1217
31,E OCON,Esteban OCON,OCO,Alpine,2293D1,Esteban,Ocon,https://www.formula1.com/content/dam/fom-website/drivers/E/ESTOCO01_Esteban_Ocon/estoco01.png.transform/1col/image.png,FRA,9149,1217
40,L LAWSON,Liam LAWSON,LAW,AlphaTauri,5E8FAA,Liam,Lawson,,NZL,9149,1217
44,L HAMILTON,Lewis HAMILTON,HAM,Mercedes,6CD3BF,Lewis,Hamilton,https://www.formula1.com/content/dam/fom-website/drivers/L/LEWHAM01_Lewis_Hamilton/lewham01.png.transform/1col/image.png,GBR,9149,1217
55,C SAINZ,Carlos SAINZ,SAI,Ferrari,F91536,Carlos,Sainz,https://www.formula1.com/content/dam/fom-website/drivers/C/CARSAI01_Carlos_Sainz/carsai01.png.transform/1col/image.png,ESP,9149,1217
63,G RUSSELL,George RUSSELL,RUS,Mercedes,6CD3BF,George,Russell,https://www.formula1.com/content/dam/fom-website/drivers/G/GEORUS01_George_Russell/georus01.png.transform/1col/image.png,GBR,9149,1217
77,V BOTTAS,Valtteri BOTTAS,BOT,Alfa Romeo,C92D4B,Valtteri,Bottas,https://www.formula1.com/content/dam/fom-website/drivers/V/VALBOT01_Valtteri_Bottas/valbot01.png.transform/1col/image.png,FIN,9149,1217
81,O PIASTRI,Oscar PIASTRI,PIA,McLaren,F58020,Oscar,Piastri,https://www.formula1.com/content/dam/fom-website/drivers/O/OSCPIA01_Oscar_Piastri/oscpia01.png.transform/1col/image.png,AUS,9149,1217
1,M VERSTAPPEN,Max VERSTAPPEN,VER,Red Bull Racing,3671C6,Max,Verstappen,https://www.formula1.com/content/dam/fom-website/drivers/M/MAXVER01_Max_Verstappen/maxver01.png.transform/1col/image.png,NED,9150,1218
2,L SARGEANT,Logan SARGEANT,SAR,Williams,37BEDD,Logan,Sargeant,https://www.formula1.com/content/dam/fom-website/drivers/L/LOGSAR01_Logan_Sargeant/logsar01.png.transform/1col/image.png,USA,9150,1218
4,L NORRIS,Lando NORRIS,NOR,McLaren,F58020,Lando,Norris,https://www.formula1.com/content/dam/fom-website/drivers/L/LANNOR01_Lando_Norris/lannor01.png.transform/1col/image.png,GBR,9150,1218
10,P GASLY,Pierre GASLY,GAS,Alpine,2293D1,Pierre,Gasly,https://www.formula1.com/content/dam/fom-website/drivers/P/PIEGAS01_Pierre_Gasly/piegas01.png.transform/1col/image.png,FRA,9150,1218
11,S PEREZ,Sergio PEREZ,PER,Red Bull Racing,3671C6,Sergio,Perez,https://www.formula1.com/content/dam/fom-website/drivers/S/SERPER01_Sergio_Perez/serper01.png.transform/1col/image.png,MEX,9150,1218
14,F ALONSO,Fernando ALONSO,ALO,Aston Martin,358C75,Fernando,Alonso,https://www.formula1.com/content/dam/fom-website/drivers/F/FERALO01_Fernando_Alonso/feralo01.png.transform/1col/image.png,ESP,9150,1218
16,C LECLERC,Charles LECLERC,LEC,Ferrari,F91536,Charles,Leclerc,https://www.formula1.com/content/dam/fom-website/drivers/C/CHALEC01_Charles_Leclerc/chalec01.png.transform/1col/image.png,MON,9150,1218
20,K MAGNUSSEN,Kevin MAGNUSSEN,MAG,Haas F1 Team,B6BABD,Kevin,Magnussen,https://www.formula1.com/content/dam/fom-website/drivers/K/KEVMAG01_Kevin_Magnussen/kevmag01.png.transform/1col/image.png,DEN,9150,1218
22,Y TSUNODA,Yuki TSUNODA,TSU,AlphaTauri,5E8FAA,Yuki,Tsunoda,https://www.formula1.com/content/dam/fom-website/drivers/Y/YUKTSU01_Yuki_Tsunoda/yuktsu01.png.transform/1col/image.png,JPN,9150,1218
23,A ALBON,Alexander ALBON,ALB,Williams,37BEDD,Alexander,Albon,https://www.formula1.com/content/dam/fom-website/drivers/A/ALEALB01_Alexander_Albon/alealb01.png.transform/1col/image.png,THA,9150,1218
24,G ZHOU,ZHOU Guanyu,ZHO,Alfa Romeo,C92D4B,Guanyu,Zhou,https://www.formula1.com/content/dam/fom-website/drivers/G/GUAZHO01_Guanyu_Zhou/guazho01.png.transform/1col/image.png,CHN,9150,1218
27,N HULKENBERG,Nico HULKENBERG,HUL,Haas F1 Team,B6BABD,Nico,Hulkenberg,https://www.formula1.com/content/dam/fom-website/drivers/N/NICHUL01_Nico_Hulkenberg/nichul01.png.transform/1col/image.png,GER,9150,1218
31,E OCON,Esteban OCON,OCO,Alpine,2293D1,Esteban,Ocon,https://www.formula1.com/content/dam/fom-website/drivers/E/ESTOCO01_Esteban_Ocon/estoco01.png.transform/1col/image.png,FRA,9150,1218
34,F DRUGOVICH,Felipe DRUGOVICH,DRU,Aston Martin,358C75,Felipe,Drugovich,,BRA,9150,1218
40,L LAWSON,Liam LAWSON,LAW,AlphaTauri,5E8FAA,Liam,Lawson,,NZL,9150,1218
44,L HAMILTON,Lewis HAMILTON,HAM,Mercedes,6CD3BF,Lewis,Hamilton,https://www.formula1.com/content/dam/fom-website/drivers/L/LEWHAM01_Lewis_Hamilton/lewham01.png.transform/1col/image.png,GBR,9150,1218
55,C SAINZ,Carlos SAINZ,SAI,Ferrari,F91536,Carlos,Sainz,https://www.formula1.com/content/dam/fom-website/drivers/C/CARSAI01_Carlos_Sainz/carsai01.png.transform/1col/image.png,ESP,9150,1218
63,G RUSSELL,George RUSSELL,RUS,Mercedes,6CD3BF,George,Russell,https://www.formula1.com/content/dam/fom-website/drivers/G/GEORUS01_George_Russell/georus01.png.transform/1col/image.png,GBR,9150,1218
77,V BOTTAS,Valtteri BOTTAS,BOT,Alfa Romeo,C92D4B,Valtteri,Bottas,https://www.formula1.com/content/dam/fom-website/drivers/V/VALBOT01_Valtteri_Bottas/valbot01.png.transform/1col/image.png,FIN,9150,1218
81,O PIASTRI,Oscar PIASTRI,PIA,McLaren,F58020,Oscar,Piastri,https://www.formula1.com/content/dam/fom-website/drivers/O/OSCPIA01_Oscar_Piastri/oscpia01.png.transform/1col/image.png,AUS,9150,1218
1,M VERSTAPPEN,Max VERSTAPPEN,VER,Red Bull Racing,3671C6,Max,Verstappen,https://www.formula1.com/content/dam/fom-website/drivers/M/MAXVER01_Max_Verstappen/maxver01.png.transform/1col/image.png,NED,9151,1218
2,L SARGEANT,Logan SARGEANT,SAR,Williams,37BEDD,Logan,Sargeant,https://www.formula1.com/content/dam/fom-website/drivers/L/LOGSAR01_Logan_Sargeant/logsar01.png.transform/1col/image.png,USA,9151,1218
4,L NORRIS,Lando NORRIS,NOR,McLaren,F58020,Lando,Norris,https://www.formula1.com/content/dam/fom-website/drivers/L/LANNOR01_Lando_Norris/lannor01.png.transform/1col/image.png,GBR,9151,1218
10,P GASLY,Pierre GASLY,GAS,Alpine,2293D1,Pierre,Gasly,https://www.formula1.com/content/dam/fom-website/drivers/P/PIEGAS01_Pierre_Gasly/piegas01.png.transform/1col/image.png,FRA,9151,1218
11,S PEREZ,Sergio PEREZ,PER,Red Bull Racing,3671C6,Sergio,Perez,https://www.formula1.com/content/dam/fom-website/drivers/S/SERPER01_Sergio_Perez/serper01.png.transform/1col/image.png,MEX,9151,1218
14,F ALONSO,Fernando ALONSO,ALO,Aston Martin,358C75,Fernando,Alonso,https://www.formula1.com/content/dam/fom-website/drivers/F/FERALO01_Fernando_Alonso/feralo01.png.transform/1col/image.png,ESP,9151,1218
16,C LECLERC,Charles LECLERC,LEC,Ferrari,F91536,Charles,Leclerc,https://www.formula1.com/content/dam/fom-website/drivers/C/CHALEC01_Charles_Leclerc/chalec01.png.transform/1col/image.png,MON,9151,1218
18,L STROLL,Lance STROLL,STR,Aston Martin,358C75,Lance,Stroll,https://www.formula1.com/content/dam/fom-website/drivers/L/LANSTR01_Lance_Stroll/lanstr01.png.transform/1col/image.png,CAN,9151,1218
20,K MAGNUSSEN,Kevin MAGNUSSEN,MAG,Haas F1 Team,B6BABD,Kevin,Magnussen,https://www.formula1.com/content/dam/fom-website/drivers/K/KEVMAG01_Kevin_Magnussen/kevmag01.png.transform/1col/image.png,DEN,9151,1218
22,Y TSUNODA,Yuki TSUNODA,TSU,AlphaTauri,5E8FAA,Yuki,Tsunoda,https://www.formula1.com/content/dam/fom-website/drivers/Y/YUKTSU01_Yuki_Tsunoda/yuktsu01.png.transform/1col/image.png,JPN,9151,1218
23,A ALBON,Alexander ALBON,ALB,Williams,37BEDD,Alexander,Albon,https://www.formula1.com/content/dam/fom-website/drivers/A/ALEALB01_Alexander_Albon/alealb01.png.transform/1col/image.png,THA,9151,1218
24,G ZHOU,ZHOU Guanyu,ZHO,Alfa Romeo,C92D4B,Guanyu,Zhou,https://www.formula1.com/content/dam/fom-website/drivers/G/GUAZHO01_Guanyu_Zhou/guazho01.png.transform/1col/image.png,CHN,9151,1218
27,N HULKENBERG,Nico HULKENBERG,HUL,Haas F1 Team,B6BABD,Nico,Hulkenberg,https://www.formula1.com/content/dam/fom-website/drivers/N/NICHUL01_Nico_Hulkenberg/nichul01.png.transform/1col/image.png,GER,9151,1218
31,E OCON,Esteban OCON,OCO,Alpine,2293D1,Esteban,Ocon,https://www.formula1.com/content/dam/fom-website/drivers/E/ESTOCO01_Esteban_Ocon/estoco01.png.transform/1col/image.png,FRA,9151,1218
40,L LAWSON,Liam LAWSON,LAW,AlphaTauri,5E8FAA,Liam,Lawson,,NZL,9151,1218
44,L HAMILTON,Lewis HAMILTON,HAM,Mercedes,6CD3BF,Lewis,Hamilton,https://www.formula1.com/content/dam/fom-website/drivers/L/LEWHAM01_Lewis_Hamilton/lewham01.png.transform/1col/image.png,GBR,9151,1218
55,C SAINZ,Carlos SAINZ,SAI,Ferrari,F91536,Carlos,Sainz,https://www.formula1.com/content/dam/fom-website/drivers/C/CARSAI01_Carlos_Sainz/carsai01.png.transform/1col/image.png,ESP,9151,1218
63,G RUSSELL,George RUSSELL,RUS,Mercedes,6CD3BF,George,Russell,https://www.formula1.com/content/dam/fom-website/drivers/G/GEORUS01_George_Russell/georus01.png.transform/1col/image.png,GBR,9151,1218
77,V BOTTAS,Valtteri BOTTAS,BOT,Alfa Romeo,C92D4B,Valtteri,Bottas,https://www.formula1.com/content/dam/fom-website/drivers/V/VALBOT01_Valtteri_Bottas/valbot01.png.transform/1col/image.png,FIN,9151,1218
81,O PIASTRI,Oscar PIASTRI,PIA,McLaren,F58020,Oscar,Piastri,https://www.formula1.com/content/dam/fom-website/drivers/O/OSCPIA01_Oscar_Piastri/oscpia01.png.transform/1col/image.png,AUS,9151,1218
1,M VERSTAPPEN,Max VERSTAPPEN,VER,,,,,,,9152,1218
2,L SARGEANT,Logan SARGEANT,SAR,,,,,,,9152,1218
4,L NORRIS,Lando NORRIS,NOR,,,,,,,9152,1218
10,P GASLY,Pierre GASLY,GAS,,,,,,,9152,1218
11,S PEREZ,Sergio PEREZ,PER,,,,,,,9152,1218
14,F ALONSO,Fernando ALONSO,ALO,,,,,,,9152,1218
16,C LECLERC,Charles LECLERC,LEC,,,,,,,9152,1218
18,L STROLL,Lance STROLL,STR,,,,,,,9152,1218
20,K MAGNUSSEN,Kevin MAGNUSSEN,MAG,,,,,,,9152,1218
22,Y TSUNODA,Yuki TSUNODA,TSU,,,,,,,9152,1218
23,A ALBON,Alexander ALBON,ALB,,,,,,,9152,1218
24,G ZHOU,ZHOU Guanyu,ZHO,,,,,,,9152,1218
27,N HULKENBERG,Nico HULKENBERG,HUL,,,,,,,9152,1218
31,E OCON,Esteban OCON,OCO,,,,,,,9152,1218
40,L LAWSON,Liam LAWSON,LAW,,,,,,,9152,1218
44,L HAMILTON,Lewis HAMILTON,HAM,,,,,,,9152,1218
55,C SAINZ,Carlos SAINZ,SAI,,,,,,,9152,1218
63,G RUSSELL,George RUSSELL,RUS,,,,,,,9152,1218
77,V BOTTAS,Valtteri BOTTAS,BOT,,,,,,,9152,1218
81,O PIASTRI,Oscar PIASTRI,PIA,,,,,,,9152,1218
1,M VERSTAPPEN,Max VERSTAPPEN,VER,Red Bull Racing,3671C6,Max,Verstappen,https://www.formula1.com/content/dam/fom-website/drivers/M/MAXVER01_Max_Verstappen/maxver01.png.transform/1col/image.png,NED,9153,1218
2,L SARGEANT,Logan SARGEANT,SAR,Williams,37BEDD,Logan,Sargeant,https://www.formula1.com/content/dam/fom-website/drivers/L/LOGSAR01_Logan_Sargeant/logsar01.png.transform/1col/image.png,USA,9153,1218
4,L NORRIS,Lando NORRIS,NOR,McLaren,F58020,Lando,Norris,https://www.formula1.com/content/dam/fom-website/drivers/L/LANNOR01_Lando_Norris/lannor01.png.transform/1col/image.png,GBR,9153,1218
10,P GASLY,Pierre GASLY,GAS,Alpine,2293D1,Pierre,Gasly,https://www.formula1.com/content/dam/fom-website/drivers/P/PIEGAS01_Pierre_Gasly/piegas01.png.transform/1col/image.png,FRA,9153,1218
11,S PEREZ,Sergio PEREZ,PER,Red Bull Racing,3671C6,Sergio,Perez,https://www.formula1.com/content/dam/fom-website/drivers/S/SERPER01_Sergio_Perez/serper01.png.transform/1col/image.png,MEX,9153,1218
14,F ALONSO,Fernando ALONSO,ALO,Aston Martin,358C75,Fernando,Alonso,https://www.formula1.com/content/dam/fom-website/drivers/F/FERALO01_Fernando_Alonso/feralo01.png.transform/1col/image.png,ESP,9153,1218
16,C LECLERC,Charles LECLERC,LEC,Ferrari,F91536,Charles,Leclerc,https://www.formula1.com/content/dam/fom-website/drivers/C/CHALEC01_Charles_Leclerc/chalec01.png.transform/1col/image.png,MON,9153,1218
18,L STROLL,Lance STROLL,STR,Aston Martin,358C75,Lance,Stroll,https://www.formula1.com/content/dam/fom-website/drivers/L/LANSTR01_Lance_Stroll/lanstr01.png.transform/1col/image.png,CAN,9153,1218
20,K MAGNUSSEN,Kevin MAGNUSSEN,MAG,Haas F1 Team,B6BABD,Kevin,Magnussen,https://www.formula1.com/content/dam/fom-website/drivers/K/KEVMAG01_Kevin_Magnussen/kevmag01.png.transform/1col/image.png,DEN,9153,1218
22,Y TSUNODA,Yuki TSUNODA,TSU,AlphaTauri,5E8FAA,Yuki,Tsunoda,https://www.formula1.com/content/dam/fom-website/drivers/Y/YUKTSU01_Yuki_Tsunoda/yuktsu01.png.transform/1col/image.png,JPN,9153,1218
23,A ALBON,Alexander ALBON,ALB,Williams,37BEDD,Alexander,Albon,https://www.formula1.com/content/dam/fom-website/drivers/A/ALEALB01_Alexander_Albon/alealb01.png.transform/1col/image.png,THA,9153,1218
24,G ZHOU,ZHOU Guanyu,ZHO,Alfa Romeo,C92D4B,Guanyu,Zhou,https://www.formula1.com/content/dam/fom-website/drivers/G/GUAZHO01_Guanyu_Zhou/guazho01.png.transform/1col/image.png,CHN,9153,1218
27,N HULKENBERG,Nico HULKENBERG,HUL,Haas F1 Team,B6BABD,Nico,Hulkenberg,https://www.formula1.com/content/dam/fom-website/drivers/N/NICHUL01_Nico_Hulkenberg/nichul01.png.transform/1col/image.png,GER,9153,1218
31,E OCON,Esteban OCON,OCO,Alpine,2293D1,Esteban,Ocon,https://www.formula1.com/content/dam/fom-website/drivers/E/ESTOCO01_Esteban_Ocon/estoco01.png.transform/1col/image.png,FRA,9153,1218
40,L LAWSON,Liam LAWSON,LAW,AlphaTauri,5E8FAA,Liam,Lawson,,NZL,9153,1218
44,L HAMILTON,Lewis HAMILTON,HAM,Mercedes,6CD3BF,Lewis,Hamilton,https://www.formula1.com/content/dam/fom-website/drivers/L/LEWHAM01_Lewis_Hamilton/lewham01.png.transform/1col/image.png,GBR,9153,1218
55,C SAINZ,Carlos SAINZ,SAI,Ferrari,F91536,Carlos,Sainz,https://www.formula1.com/content/dam/fom-website/drivers/C/CARSAI01_Carlos_Sainz/carsai01.png.transform/1col/image.png,ESP,9153,1218
63,G RUSSELL,George RUSSELL,RUS,Mercedes,6CD3BF,George,Russell,https://www.formula1.com/content/dam/fom-website/drivers/G/GEORUS01_George_Russell/georus01.png.transform/1col/image.png,GBR,9153,1218
77,V BOTTAS,Valtteri BOTTAS,BOT,Alfa Romeo,C92D4B,Valtteri,Bottas,https://www.formula1.com/content/dam/fom-website/drivers/V/VALBOT01_Valtteri_Bottas/valbot01.png.transform/1col/image.png,FIN,9153,1218
81,O PIASTRI,Oscar PIASTRI,PIA,McLaren,F58020,Oscar,Piastri,https://www.formula1.com/content/dam/fom-website/drivers/O/OSCPIA01_Oscar_Piastri/oscpia01.png.transform/1col/image.png,AUS,9153,1218
1,M VERSTAPPEN,Max VERSTAPPEN,VER,,,,,,,9157,1218
2,L SARGEANT,Logan SARGEANT,SAR,,,,,,,9157,1218
4,L NORRIS,Lando NORRIS,NOR,,,,,,,9157,1218
10,P GASLY,Pierre GASLY,GAS,,,,,,,9157,1218
11,S PEREZ,Sergio PEREZ,PER,,,,,,,9157,1218
14,F ALONSO,Fernando ALONSO,ALO,,,,,,,9157,1218
16,C LECLERC,Charles LECLERC,LEC,,,,,,,9157,1218
18,L STROLL,Lance STROLL,STR,,,,,,,9157,1218
20,K MAGNUSSEN,Kevin MAGNUSSEN,MAG,,,,,,,9157,1218
22,Y TSUNODA,Yuki TSUNODA,TSU,,,,,,,9157,1218
23,A ALBON,Alexander ALBON,ALB,,,,,,,9157,1218
24,G ZHOU,ZHOU Guanyu,ZHO,,,,,,,9157,1218
27,N HULKENBERG,Nico HULKENBERG,HUL,,,,,,,9157,1218
31,E OCON,Esteban OCON,OCO,,,,,,,9157,1218
40,L LAWSON,Liam LAWSON,LAW,,,,,,,9157,1218
44,L HAMILTON,Lewis HAMILTON,HAM,,,,,,,9157,1218
55,C SAINZ,Carlos SAINZ,SAI,,,,,,,9157,1218
63,G RUSSELL,George RUSSELL,RUS,,,,,,,9157,1218
77,V BOTTAS,Valtteri BOTTAS,BOT,,,,,,,9157,1218
81,O PIASTRI,Oscar PIASTRI,PIA,,,,,,,9157,1218
1,M VERSTAPPEN,Max VERSTAPPEN,VER,Red Bull Racing,3671C6,Max,Verstappen,https://www.formula1.com/content/dam/fom-website/drivers/M/MAXVER01_Max_Verstappen/maxver01.png.transform/1col/image.png,NED,9158,1219
2,L SARGEANT,Logan SARGEANT,SAR,Williams,37BEDD,Logan,Sargeant,https://www.formula1.com/content/dam/fom-website/drivers/L/LOGSAR01_Logan_Sargeant/logsar01.png.transform/1col/image.png,USA,9158,1219
4,L NORRIS,Lando NORRIS,NOR,McLaren,F58020,Lando,Norris,https://www.formula1.com/content/dam/fom-website/drivers/L/LANNOR01_Lando_Norris/lannor01.png.transform/1col/image.png,GBR,9158,1219
10,P GASLY,Pierre GASLY,GAS,Alpine,2293D1,Pierre,Gasly,https://www.formula1.com/content/dam/fom-website/drivers/P/PIEGAS01_Pierre_Gasly/piegas01.png.transform/1col/image.png,FRA,9158,1219
11,S PEREZ,Sergio PEREZ,PER,Red Bull Racing,3671C6,Sergio,Perez,https://www.formula1.com/content/dam/fom-website/drivers/S/SERPER01_Sergio_Perez/serper01.png.transform/1col/image.png,MEX,9158,1219
14,F ALONSO,Fernando ALONSO,ALO,Aston Martin,358C75,Fernando,Alonso,https://www.formula1.com/content/dam/fom-website/drivers/F/FERALO01_Fernando_Alonso/feralo01.png.transform/1col/image.png,ESP,9158,1219
16,C LECLERC,Charles LECLERC,LEC,Ferrari,F91536,Charles,Leclerc,https://www.formula1.com/content/dam/fom-website/drivers/C/CHALEC01_Charles_Leclerc/chalec01.png.transform/1col/image.png,MON,9158,1219
18,L STROLL,Lance STROLL,STR,Aston Martin,358C75,Lance,Stroll,https://www.formula1.com/content/dam/fom-website/drivers/L/LANSTR01_Lance_Stroll/lanstr01.png.transform/1col/image.png,CAN,9158,1219
20,K MAGNUSSEN,Kevin MAGNUSSEN,MAG,Haas F1 Team,B6BABD,Kevin,Magnussen,https://www.formula1.com/content/dam/fom-website/drivers/K/KEVMAG01_Kevin_Magnussen/kevmag01.png.transform/1col/image.png,DEN,9158,1219
22,Y TSUNODA,Yuki TSUNODA,TSU,AlphaTauri,5E8FAA,Yuki,Tsunoda,https://www.formula1.com/content/dam/fom-website/drivers/Y/YUKTSU01_Yuki_Tsunoda/yuktsu01.png.transform/1col/image.png,JPN,9158,1219
23,A ALBON,Alexander ALBON,ALB,Williams,37BEDD,Alexander,Albon,https://www.formula1.com/content/dam/fom-website/drivers/A/ALEALB01_Alexander_Albon/alealb01.png.transform/1col/image.png,THA,9158,1219
24,G ZHOU,ZHOU Guanyu,ZHO,Alfa Romeo,C92D4B,Guanyu,Zhou,https://www.formula1.com/content/dam/fom-website/drivers/G/GUAZHO01_Guanyu_Zhou/guazho01.png.transform/1col/image.png,CHN,9158,1219
27,N HULKENBERG,Nico HULKENBERG,HUL,Haas F1 Team,B6BABD,Nico,Hulkenberg,https://www.formula1.com/content/dam/fom-website/drivers/N/NICHUL01_Nico_Hulkenberg/nichul01.png.transform/1col/image.png,GER,9158,1219
31,E OCON,Esteban OCON,OCO,Alpine,2293D1,Esteban,Ocon,https://www.formula1.com/content/dam/fom-website/drivers/E/ESTOCO01_Esteban_Ocon/estoco01.png.transform/1col/image.png,FRA,9158,1219
40,L LAWSON,Liam LAWSON,LAW,AlphaTauri,5E8FAA,Liam,Lawson,,NZL,9158,1219
44,L HAMILTON,Lewis HAMILTON,HAM,Mercedes,6CD3BF,Lewis,Hamilton,https://www.formula1.com/content/dam/fom-website/drivers/L/LEWHAM01_Lewis_Hamilton/lewham01.png.transform/1col/image.png,GBR,9158,1219
55,C SAINZ,Carlos SAINZ,SAI,Ferrari,F91536,Carlos,Sainz,https://www.formula1.com/content/dam/fom-website/drivers/C/CARSAI01_Carlos_Sainz/carsai01.png.transform/1col/image.png,ESP,9158,1219
63,G RUSSELL,George RUSSELL,RUS,Mercedes,6CD3BF,George,Russell,https://www.formula1.com/content/dam/fom-website/drivers/G/GEORUS01_George_Russell/georus01.png.transform/1col/image.png,GBR,9158,1219
77,V BOTTAS,Valtteri BOTTAS,BOT,Alfa Romeo,C92D4B,Valtteri,Bottas,https://www.formula1.com/content/dam/fom-website/drivers/V/VALBOT01_Valtteri_Bottas/valbot01.png.transform/1col/image.png,FIN,9158,1219
81,O PIASTRI,Oscar PIASTRI,PIA,McLaren,F58020,Oscar,Piastri,https://www.formula1.com/content/dam/fom-website/drivers/O/OSCPIA01_Oscar_Piastri/oscpia01.png.transform/1col/image.png,AUS,9158,1219
1,M VERSTAPPEN,Max VERSTAPPEN,VER,Red Bull Racing,3671C6,Max,Verstappen,https://www.formula1.com/content/dam/fom-website/drivers/M/MAXVER01_Max_Verstappen/maxver01.png.transform/1col/image.png,NED,9159,1219
2,L SARGEANT,Logan SARGEANT,SAR,Williams,37BEDD,Logan,Sargeant,https://www.formula1.com/content/dam/fom-website/drivers/L/LOGSAR01_Logan_Sargeant/logsar01.png.transform/1col/image.png,USA,9159,1219
4,L NORRIS,Lando NORRIS,NOR,McLaren,F58020,Lando,Norris,https://www.formula1.com/content/dam/fom-website/drivers/L/LANNOR01_Lando_Norris/lannor01.png.transform/1col/image.png,GBR,9159,1219
10,P GASLY,Pierre GASLY,GAS,Alpine,2293D1,Pierre,Gasly,https://www.formula1.com/content/dam/fom-website/drivers/P/PIEGAS01_Pierre_Gasly/piegas01.png.transform/1col/image.png,FRA,9159,1219
11,S PEREZ,Sergio PEREZ,PER,Red Bull Racing,3671C6,Sergio,Perez,https://www.formula1.com/content/dam/fom-website/drivers/S/SERPER01_Sergio_Perez/serper01.png.transform/1col/image.png,MEX,9159,1219
14,F ALONSO,Fernando ALONSO,ALO,Aston Martin,358C75,Fernando,Alonso,https://www.formula1.com/content/dam/fom-website/drivers/F/FERALO01_Fernando_Alonso/feralo01.png.transform/1col/image.png,ESP,9159,1219
16,C LECLERC,Charles LECLERC,LEC,Ferrari,F91536,Charles,Leclerc,https://www.formula1.com/content/dam/fom-website/drivers/C/CHALEC01_Charles_Leclerc/chalec01.png.transform/1col/image.png,MON,9159,1219
18,L STROLL,Lance STROLL,STR,Aston Martin,358C75,Lance,Stroll,https://www.formula1.com/content/dam/fom-website/drivers/L/LANSTR01_Lance_Stroll/lanstr01.png.transform/1col/image.png,CAN,9159,1219
20,K MAGNUSSEN,Kevin MAGNUSSEN,MAG,Haas F1 Team,B6BABD,Kevin,Magnussen,https://www.formula1.com/content/dam/fom-website/drivers/K/KEVMAG01_Kevin_Magnussen/kevmag01.png.transform/1col/image.png,DEN,9159,1219
22,Y TSUNODA,Yuki TSUNODA,TSU,AlphaTauri,5E8FAA,Yuki,Tsunoda,https://www.formula1.com/content/dam/fom-website/drivers/Y/YUKTSU01_Yuki_Tsunoda/yuktsu01.png.transform/1col/image.png,JPN,9159,1219
23,A ALBON,Alexander ALBON,ALB,Williams,37BEDD,Alexander,Albon,https://www.formula1.com/content/dam/fom-website/drivers/A/ALEALB01_Alexander_Albon/alealb01.png.transform/1col/image.png,THA,9159,1219
24,G ZHOU,ZHOU Guanyu,ZHO,Alfa Romeo,C92D4B,Guanyu,Zhou,https://www.formula1.com/content/dam/fom-website/drivers/G/GUAZHO01_Guanyu_Zhou/guazho01.png.transform/1col/image.png,CHN,9159,1219
27,N HULKENBERG,Nico HULKENBERG,HUL,Haas F1 Team,B6BABD,Nico,Hulkenberg,https://www.formula1.com/content/dam/fom-website/drivers/N/NICHUL01_Nico_Hulkenberg/nichul01.png.transform/1col/image.png,GER,9159,1219
31,E OCON,Esteban OCON,OCO,Alpine,2293D1,Esteban,Ocon,https://www.formula1.com/content/dam/fom-website/drivers/E/ESTOCO01_Esteban_Ocon/estoco01.png.transform/1col/image.png,FRA,9159,1219
40,L LAWSON,Liam LAWSON,LAW,AlphaTauri,5E8FAA,Liam,Lawson,,NZL,9159,1219
44,L HAMILTON,Lewis HAMILTON,HAM,Mercedes,6CD3BF,Lewis,Hamilton,https://www.formula1.com/content/dam/fom-website/drivers/L/LEWHAM01_Lewis_Hamilton/lewham01.png.transform/1col/image.png,GBR,9159,1219
55,C SAINZ,Carlos SAINZ,SAI,Ferrari,F91536,Carlos,Sainz,https://www.formula1.com/content/dam/fom-website/drivers/C/CARSAI01_Carlos_Sainz/carsai01.png.transform/1col/image.png,ESP,9159,1219
63,G RUSSELL,George RUSSELL,RUS,Mercedes,6CD3BF,George,Russell,https://www.formula1.com/content/dam/fom-website/drivers/G/GEORUS01_George_Russell/georus01.png.transform/1col/image.png,GBR,9159,1219
77,V BOTTAS,Valtteri BOTTAS,BOT,Alfa Romeo,C92D4B,Valtteri,Bottas,https://www.formula1.com/content/dam/fom-website/drivers/V/VALBOT01_Valtteri_Bottas/valbot01.png.transform/1col/image.png,FIN,9159,1219
81,O PIASTRI,Oscar PIASTRI,PIA,McLaren,F58020,Oscar,Piastri,https://www.formula1.com/content/dam/fom-website/drivers/O/OSCPIA01_Oscar_Piastri/oscpia01.png.transform/1col/image.png,AUS,9159,1219
1,M VERSTAPPEN,Max VERSTAPPEN,VER,,,,,,,9160,1219
2,L SARGEANT,Logan SARGEANT,SAR,,,,,,,9160,1219
4,L NORRIS,Lando NORRIS,NOR,,,,,,,9160,1219
10,P GASLY,Pierre GASLY,GAS,,,,,,,9160,1219
11,S PEREZ,Sergio PEREZ,PER,,,,,,,9160,1219
14,F ALONSO,Fernando ALONSO,ALO,,,,,,,9160,1219
16,C LECLERC,Charles LECLERC,LEC,,,,,,,9160,1219
18,L STROLL,Lance STROLL,STR,,,,,,,9160,1219
20,K MAGNUSSEN,Kevin MAGNUSSEN,MAG,,,,,,,9160,1219
22,Y TSUNODA,Yuki TSUNODA,TSU,,,,,,,9160,1219
23,A ALBON,Alexander ALBON,ALB,,,,,,,9160,1219
24,G ZHOU,ZHOU Guanyu,ZHO,,,,,,,9160,1219
27,N HULKENBERG,Nico HULKENBERG,HUL,,,,,,,9160,1219
31,E OCON,Esteban OCON,OCO,,,,,,,9160,1219
40,L LAWSON,Liam LAWSON,LAW,,,,,,,9160,1219
44,L HAMILTON,Lewis HAMILTON,HAM,,,,,,,9160,1219
55,C SAINZ,Carlos SAINZ,SAI,,,,,,,9160,1219
63,G RUSSELL,George RUSSELL,RUS,,,,,,,9160,1219
77,V BOTTAS,Valtteri BOTTAS,BOT,,,,,,,9160,1219
81,O PIASTRI,Oscar PIASTRI,PIA,,,,,,,9160,1219
1,M VERSTAPPEN,Max VERSTAPPEN,VER,Red Bull Racing,3671C6,Max,Verstappen,https://www.formula1.com/content/dam/fom-website/drivers/M/MAXVER01_Max_Verstappen/maxver01.png.transform/1col/image.png,NED,9161,1219
2,L SARGEANT,Logan SARGEANT,SAR,Williams,37BEDD,Logan,Sargeant,https://www.formula1.com/content/dam/fom-website/drivers/L/LOGSAR01_Logan_Sargeant/logsar01.png.transform/1col/image.png,USA,9161,1219
4,L NORRIS,Lando NORRIS,NOR,McLaren,F58020,Lando,Norris,https://www.formula1.com/content/dam/fom-website/drivers/L/LANNOR01_Lando_Norris/lannor01.png.transform/1col/image.png,GBR,9161,1219
10,P GASLY,Pierre GASLY,GAS,Alpine,2293D1,Pierre,Gasly,https://www.formula1.com/content/dam/fom-website/drivers/P/PIEGAS01_Pierre_Gasly/piegas01.png.transform/1col/image.png,FRA,9161,1219
11,S PEREZ,Sergio PEREZ,PER,Red Bull Racing,3671C6,Sergio,Perez,https://www.formula1.com/content/dam/fom-website/drivers/S/SERPER01_Sergio_Perez/serper01.png.transform/1col/image.png,MEX,9161,1219
14,F ALONSO,Fernando ALONSO,ALO,Aston Martin,358C75,Fernando,Alonso,https://www.formula1.com/content/dam/fom-website/drivers/F/FERALO01_Fernando_Alonso/feralo01.png.transform/1col/image.png,ESP,9161,1219
16,C LECLERC,Charles LECLERC,LEC,Ferrari,F91536,Charles,Leclerc,https://www.formula1.com/content/dam/fom-website/drivers/C/CHALEC01_Charles_Leclerc/chalec01.png.transform/1col/image.png,MON,9161,1219
18,L STROLL,Lance STROLL,STR,Aston Martin,358C75,Lance,Stroll,https://www.formula1.com/content/dam/fom-website/drivers/L/LANSTR01_Lance_Stroll/lanstr01.png.transform/1col/image.png,CAN,9161,1219
20,K MAGNUSSEN,Kevin MAGNUSSEN,MAG,Haas F1 Team,B6BABD,Kevin,Magnussen,https://www.formula1.com/content/dam/fom-website/drivers/K/KEVMAG01_Kevin_Magnussen/kevmag01.png.transform/1col/image.png,DEN,9161,1219
22,Y TSUNODA,Yuki TSUNODA,TSU,AlphaTauri,5E8FAA,Yuki,Tsunoda,https://www.formula1.com/content/dam/fom-website/drivers/Y/YUKTSU01_Yuki_Tsunoda/yuktsu01.png.transform/1col/image.png,JPN,9161,1219
23,A ALBON,Alexander ALBON,ALB,Williams,37BEDD,Alexander,Albon,https://www.formula1.com/content/dam/fom-website/drivers/A/ALEALB01_Alexander_Albon/alealb01.png.transform/1col/image.png,THA,9161,1219
24,G ZHOU,ZHOU Guanyu,ZHO,Alfa Romeo,C92D4B,Guanyu,Zhou,https://www.formula1.com/content/dam/fom-website/drivers/G/GUAZHO01_Guanyu_Zhou/guazho01.png.transform/1col/image.png,CHN,9161,1219
27,N HULKENBERG,Nico HULKENBERG,HUL,Haas F1 Team,B6BABD,Nico,Hulkenberg,https://www.formula1.com/content/dam/fom-website/drivers/N/NICHUL01_Nico_Hulkenberg/nichul01.png.transform/1col/image.png,GER,9161,1219
31,E OCON,Esteban OCON,OCO,Alpine,2293D1,Esteban,Ocon,https://www.formula1.com/content/dam/fom-website/drivers/E/ESTOCO01_Esteban_Ocon/estoco01.png.transform/1col/image.png,FRA,9161,1219
40,L LAWSON,Liam LAWSON,LAW,AlphaTauri,5E8FAA,Liam,Lawson,,NZL,9161,1219
44,L HAMILTON,Lewis HAMILTON,HAM,Mercedes,6CD3BF,Lewis,Hamilton,https://www.formula1.com/content/dam/fom-website/drivers/L/LEWHAM01_Lewis_Hamilton/lewham01.png.transform/1col/image.png,GBR,9161,1219
55,C SAINZ,Carlos SAINZ,SAI,Ferrari,F91536,Carlos,Sainz,https://www.formula1.com/content/dam/fom-website/drivers/C/CARSAI01_Carlos_Sainz/carsai01.png.transform/1col/image.png,ESP,9161,1219
63,G RUSSELL,George RUSSELL,RUS,Mercedes,6CD3BF,George,Russell,https://www.formula1.com/content/dam/fom-website/drivers/G/GEORUS01_George_Russell/georus01.png.transform/1col/image.png,GBR,9161,1219
77,V BOTTAS,Valtteri BOTTAS,BOT,Alfa Romeo,C92D4B,Valtteri,Bottas,https://www.formula1.com/content/dam/fom-website/drivers/V/VALBOT01_Valtteri_Bottas/valbot01.png.transform/1col/image.png,FIN,9161,1219
81,O PIASTRI,Oscar PIASTRI,PIA,McLaren,F58020,Oscar,Piastri,https://www.formula1.com/content/dam/fom-website/drivers/O/OSCPIA01_Oscar_Piastri/oscpia01.png.transform/1col/image.png,AUS,9161,1219
1,M VERSTAPPEN,Max VERSTAPPEN,VER,Red Bull Racing,3671C6,Max,Verstappen,https://www.formula1.com/content/dam/fom-website/drivers/M/MAXVER01_Max_Verstappen/maxver01.png.transform/1col/image.png,NED,9165,1219
2,L SARGEANT,Logan SARGEANT,SAR,Williams,37BEDD,Logan,Sargeant,https://www.formula1.com/content/dam/fom-website/drivers/L/LOGSAR01_Logan_Sargeant/logsar01.png.transform/1col/image.png,USA,9165,1219
4,L NORRIS,Lando NORRIS,NOR,McLaren,F58020,Lando,Norris,https://www.formula1.com/content/dam/fom-website/drivers/L/LANNOR01_Lando_Norris/lannor01.png.transform/1col/image.png,GBR,9165,1219
10,P GASLY,Pierre GASLY,GAS,Alpine,2293D1,Pierre,Gasly,https://www.formula1.com/content/dam/fom-website/drivers/P/PIEGAS01_Pierre_Gasly/piegas01.png.transform/1col/image.png,FRA,9165,1219
11,S PEREZ,Sergio PEREZ,PER,Red Bull Racing,3671C6,Sergio,Perez,https://www.formula1.com/content/dam/fom-website/drivers/S/SERPER01_Sergio_Perez/serper01.png.transform/1col/image.png,MEX,9165,1219
14,F ALONSO,Fernando ALONSO,ALO,Aston Martin,358C75,Fernando,Alonso,https://www.formula1.com/content/dam/fom-website/drivers/F/FERALO01_Fernando_Alonso/feralo01.png.transform/1col/image.png,ESP,9165,1219
16,C LECLERC,Charles LECLERC,LEC,Ferrari,F91536,Charles,Leclerc,https://www.formula1.com/content/dam/fom-website/drivers/C/CHALEC01_Charles_Leclerc/chalec01.png.transform/1col/image.png,MON,9165,1219
20,K MAGNUSSEN,Kevin MAGNUSSEN,MAG,Haas F1 Team,B6BABD,Kevin,Magnussen,https://www.formula1.com/content/dam/fom-website/drivers/K/KEVMAG01_Kevin_Magnussen/kevmag01.png.transform/1col/image.png,DEN,9165,1219
22,Y TSUNODA,Yuki TSUNODA,TSU,AlphaTauri,5E8FAA,Yuki,Tsunoda,https://www.formula1.com/content/dam/fom-website/drivers/Y/YUKTSU01_Yuki_Tsunoda/yuktsu01.png.transform/1col/image.png,JPN,9165,1219
23,A ALBON,Alexander ALBON,ALB,Williams,37BEDD,Alexander,Albon,https://www.formula1.com/content/dam/fom-website/drivers/A/ALEALB01_Alexander_Albon/alealb01.png.transform/1col/image.png,THA,9165,1219
24,G ZHOU,ZHOU Guanyu,ZHO,Alfa Romeo,C92D4B,Guanyu,Zhou,https://www.formula1.com/content/dam/fom-website/drivers/G/GUAZHO01_Guanyu_Zhou/guazho01.png.transform/1col/image.png,CHN,9165,1219
27,N HULKENBERG,Nico HULKENBERG,HUL,Haas F1 Team,B6BABD,Nico,Hulkenberg,https://www.formula1.com/content/dam/fom-website/drivers/N/NICHUL01_Nico_Hulkenberg/nichul01.png.transform/1col/image.png,GER,9165,1219
31,E OCON,Esteban OCON,OCO,Alpine,2293D1,Esteban,Ocon,https://www.formula1.com/content/dam/fom-website/drivers/E/ESTOCO01_Esteban_Ocon/estoco01.png.transform/1col/image.png,FRA,9165,1219
40,L LAWSON,Liam LAWSON,LAW,AlphaTauri,5E8FAA,Liam,Lawson,,NZL,9165,1219
44,L HAMILTON,Lewis HAMILTON,HAM,Mercedes,6CD3BF,Lewis,Hamilton,https://www.formula1.com/content/dam/fom-website/drivers/L/LEWHAM01_Lewis_Hamilton/lewham01.png.transform/1col/image.png,GBR,9165,1219
55,C SAINZ,Carlos SAINZ,SAI,Ferrari,F91536,Carlos,Sainz,https://www.formula1.com/content/dam/fom-website/drivers/C/CARSAI01_Carlos_Sainz/carsai01.png.transform/1col/image.png,ESP,9165,1219
63,G RUSSELL,George RUSSELL,RUS,Mercedes,6CD3BF,George,Russell,https://www.formula1.com/content/dam/fom-website/drivers/G/GEORUS01_George_Russell/georus01.png.transform/1col/image.png,GBR,9165,1219
77,V BOTTAS,Valtteri BOTTAS,BOT,Alfa Romeo,C92D4B,Valtteri,Bottas,https://www.formula1.com/content/dam/fom-website/drivers/V/VALBOT01_Valtteri_Bottas/valbot01.png.transform/1col/image.png,FIN,9165,1219
81,O PIASTRI,Oscar PIASTRI,PIA,McLaren,F58020,Oscar,Piastri,https://www.formula1.com/content/dam/fom-website/drivers/O/OSCPIA01_Oscar_Piastri/oscpia01.png.transform/1col/image.png,AUS,9165,1219
1,M VERSTAPPEN,Max VERSTAPPEN,VER,Red Bull Racing,3671C6,Max,Verstappen,https://www.formula1.com/content/dam/fom-website/drivers/M/MAXVER01_Max_Verstappen/maxver01.png.transform/1col/image.png,NED,9166,1220
2,L SARGEANT,Logan SARGEANT,SAR,Williams,37BEDD,Logan,Sargeant,https://www.formula1.com/content/dam/fom-website/drivers/L/LOGSAR01_Logan_Sargeant/logsar01.png.transform/1col/image.png,USA,9166,1220
4,L NORRIS,Lando NORRIS,NOR,McLaren,F58020,Lando,Norris,https://www.formula1.com/content/dam/fom-website/drivers/L/LANNOR01_Lando_Norris/lannor01.png.transform/1col/image.png,GBR,9166,1220
10,P GASLY,Pierre GASLY,GAS,Alpine,2293D1,Pierre,Gasly,https://www.formula1.com/content/dam/fom-website/drivers/P/PIEGAS01_Pierre_Gasly/piegas01.png.transform/1col/image.png,FRA,9166,1220
11,S PEREZ,Sergio PEREZ,PER,Red Bull Racing,3671C6,Sergio,Perez,https://www.formula1.com/content/dam/fom-website/drivers/S/SERPER01_Sergio_Perez/serper01.png.transform/1col/image.png,MEX,9166,1220
14,F ALONSO,Fernando ALONSO,ALO,Aston Martin,358C75,Fernando,Alonso,https://www.formula1.com/content/dam/fom-website/drivers/F/FERALO01_Fernando_Alonso/feralo01.png.transform/1col/image.png,ESP,9166,1220
16,C LECLERC,Charles LECLERC,LEC,Ferrari,F91536,Charles,Leclerc,https://www.formula1.com/content/dam/fom-website/drivers/C/CHALEC01_Charles_Leclerc/chalec01.png.transform/1col/image.png,MON,9166,1220
18,L STROLL,Lance STROLL,STR,Aston Martin,358C75,Lance,Stroll,https://www.formula1.com/content/dam/fom-website/drivers/L/LANSTR01_Lance_Stroll/lanstr01.png.transform/1col/image.png,CAN,9166,1220
20,K MAGNUSSEN,Kevin MAGNUSSEN,MAG,Haas F1 Team,B6BABD,Kevin,Magnussen,https://www.formula1.com/content/dam/fom-website/drivers/K/KEVMAG01_Kevin_Magnussen/kevmag01.png.transform/1col/image.png,DEN,9166,1220
22,Y TSUNODA,Yuki TSUNODA,TSU,AlphaTauri,5E8FAA,Yuki,Tsunoda,https://www.formula1.com/content/dam/fom-website/drivers/Y/YUKTSU01_Yuki_Tsunoda/yuktsu01.png.transform/1col/image.png,JPN,9166,1220
23,A ALBON,Alexander ALBON,ALB,Williams,37BEDD,Alexander,Albon,https://www.formula1.com/content/dam/fom-website/drivers/A/ALEALB01_Alexander_Albon/alealb01.png.transform/1col/image.png,THA,9166,1220
24,G ZHOU,ZHOU Guanyu,ZHO,Alfa Romeo,C92D4B,Guanyu,Zhou,https://www.formula1.com/content/dam/fom-website/drivers/G/GUAZHO01_Guanyu_Zhou/guazho01.png.transform/1col/image.png,CHN,9166,1220
27,N HULKENBERG,Nico HULKENBERG,HUL,Haas F1 Team,B6BABD,Nico,Hulkenberg,https://www.formula1.com/content/dam/fom-website/drivers/N/NICHUL01_Nico_Hulkenberg/nichul01.png.transform/1col/image.png,GER,9166,1220
31,E OCON,Esteban OCON,OCO,Alpine,2293D1,Esteban,Ocon,https://www.formula1.com/content/dam/fom-website/drivers/E/ESTOCO01_Esteban_Ocon/estoco01.png.transform/1col/image.png,FRA,9166,1220
40,L LAWSON,Liam LAWSON,LAW,AlphaTauri,5E8FAA,Liam,Lawson,,NZL,9166,1220
44,L HAMILTON,Lewis HAMILTON,HAM,Mercedes,6CD3BF,Lewis,Hamilton,https://www.formula1.com/content/dam/fom-website/drivers/L/LEWHAM01_Lewis_Hamilton/lewham01.png.transform/1col/image.png,GBR,9166,1220
55,C SAINZ,Carlos SAINZ,SAI,Ferrari,F91536,Carlos,Sainz,https://www.formula1.com/content/dam/fom-website/drivers/C/CARSAI01_Carlos_Sainz/carsai01.png.transform/1col/image.png,ESP,9166,1220
63,G RUSSELL,George RUSSELL,RUS,Mercedes,6CD3BF,George,Russell,https://www.formula1.com/content/dam/fom-website/drivers/G/GEORUS01_George_Russell/georus01.png.transform/1col/image.png,GBR,9166,1220
77,V BOTTAS,Valtteri BOTTAS,BOT,Alfa Romeo,C92D4B,Valtteri,Bottas,https://www.formula1.com/content/dam/fom-website/drivers/V/VALBOT01_Valtteri_Bottas/valbot01.png.transform/1col/image.png,FIN,9166,1220
81,O PIASTRI,Oscar PIASTRI,PIA,McLaren,F58020,Oscar,Piastri,https://www.formula1.com/content/dam/fom-website/drivers/O/OSCPIA01_Oscar_Piastri/oscpia01.png.transform/1col/image.png,AUS,9166,1220
1,M VERSTAPPEN,Max VERSTAPPEN,VER,,,,,,,9167,1220
2,L SARGEANT,Logan SARGEANT,SAR,,,,,,,9167,1220
4,L NORRIS,Lando NORRIS,NOR,,,,,,,9167,1220
10,P GASLY,Pierre GASLY,GAS,,,,,,,9167,1220
11,S PEREZ,Sergio PEREZ,PER,,,,,,,9167,1220
14,F ALONSO,Fernando ALONSO,ALO,,,,,,,9167,1220
16,C LECLERC,Charles LECLERC,LEC,,,,,,,9167,1220
18,L STROLL,Lance STROLL,STR,,,,,,,9167,1220
20,K MAGNUSSEN,Kevin MAGNUSSEN,MAG,,,,,,,9167,1220
22,Y TSUNODA,Yuki TSUNODA,TSU,,,,,,,9167,1220
23,A ALBON,Alexander ALBON,ALB,,,,,,,9167,1220
24,G ZHOU,ZHOU Guanyu,ZHO,,,,,,,9167,1220
27,N HULKENBERG,Nico HULKENBERG,HUL,,,,,,,9167,1220
31,E OCON,Esteban OCON,OCO,,,,,,,9167,1220
40,L LAWSON,Liam LAWSON,LAW,,,,,,,9167,1220
44,L HAMILTON,Lewis HAMILTON,HAM,,,,,,,9167,1220
55,C SAINZ,Carlos SAINZ,SAI,,,,,,,9167,1220
63,G RUSSELL,George RUSSELL,RUS,,,,,,,9167,1220
77,V BOTTAS,Valtteri BOTTAS,BOT,,,,,,,9167,1220
81,O PIASTRI,Oscar PIASTRI,PIA,,,,,,,9167,1220
1,M VERSTAPPEN,Max VERSTAPPEN,VER,Red Bull Racing,3671C6,Max,Verstappen,https://www.formula1.com/content/dam/fom-website/drivers/M/MAXVER01_Max_Verstappen/maxver01.png.transform/1col/image.png,NED,9168,1220
2,L SARGEANT,Logan SARGEANT,SAR,Williams,37BEDD,Logan,Sargeant,https://www.formula1.com/content/dam/fom-website/drivers/L/LOGSAR01_Logan_Sargeant/logsar01.png.transform/1col/image.png,USA,9168,1220
4,L NORRIS,Lando NORRIS,NOR,McLaren,F58020,Lando,Norris,https://www.formula1.com/content/dam/fom-website/drivers/L/LANNOR01_Lando_Norris/lannor01.png.transform/1col/image.png,GBR,9168,1220
10,P GASLY,Pierre GASLY,GAS,Alpine,2293D1,Pierre,Gasly,https://www.formula1.com/content/dam/fom-website/drivers/P/PIEGAS01_Pierre_Gasly/piegas01.png.transform/1col/image.png,FRA,9168,1220
11,S PEREZ,Sergio PEREZ,PER,Red Bull Racing,3671C6,Sergio,Perez,https://www.formula1.com/content/dam/fom-website/drivers/S/SERPER01_Sergio_Perez/serper01.png.transform/1col/image.png,MEX,9168,1220
14,F ALONSO,Fernando ALONSO,ALO,Aston Martin,358C75,Fernando,Alonso,https://www.formula1.com/content/dam/fom-website/drivers/F/FERALO01_Fernando_Alonso/feralo01.png.transform/1col/image.png,ESP,9168,1220
16,C LECLERC,Charles LECLERC,LEC,Ferrari,F91536,Charles,Leclerc,https://www.formula1.com/content/dam/fom-website/drivers/C/CHALEC01_Charles_Leclerc/chalec01.png.transform/1col/image.png,MON,9168,1220
18,L STROLL,Lance STROLL,STR,Aston Martin,358C75,Lance,Stroll,https://www.formula1.com/content/dam/fom-website/drivers/L/LANSTR01_Lance_Stroll/lanstr01.png.transform/1col/image.png,CAN,9168,1220
20,K MAGNUSSEN,Kevin MAGNUSSEN,MAG,Haas F1 Team,B6BABD,Kevin,Magnussen,https://www.formula1.com/content/dam/fom-website/drivers/K/KEVMAG01_Kevin_Magnussen/kevmag01.png.transform/1col/image.png,DEN,9168,1220
22,Y TSUNODA,Yuki TSUNODA,TSU,AlphaTauri,5E8FAA,Yuki,Tsunoda,https://www.formula1.com/content/dam/fom-website/drivers/Y/YUKTSU01_Yuki_Tsunoda/yuktsu01.png.transform/1col/image.png,JPN,9168,1220
23,A ALBON,Alexander ALBON,ALB,Williams,37BEDD,Alexander,Albon,https://www.formula1.com/content/dam/fom-website/drivers/A/ALEALB01_Alexander_Albon/alealb01.png.transform/1col/image.png,THA,9168,1220
24,G ZHOU,ZHOU Guanyu,ZHO,Alfa Romeo,C92D4B,Guanyu,Zhou,https://www.formula1.com/content/dam/fom-website/drivers/G/GUAZHO01_Guanyu_Zhou/guazho01.png.transform/1col/image.png,CHN,9168,1220
27,N HULKENBERG,Nico HULKENBERG,HUL,Haas F1 Team,B6BABD,Nico,Hulkenberg,https://www.formula1.com/content/dam/fom-website/drivers/N/NICHUL01_Nico_Hulkenberg/nichul01.png.transform/1col/image.png,GER,9168,1220
31,E OCON,Esteban OCON,OCO,Alpine,2293D1,Esteban,Ocon,https://www.formula1.com/content/dam/fom-website/drivers/E/ESTOCO01_Esteban_Ocon/estoco01.png.transform/1col/image.png,FRA,9168,1220
40,L LAWSON,Liam LAWSON,LAW,AlphaTauri,5E8FAA,Liam,Lawson,,NZL,9168,1220
44,L HAMILTON,Lewis HAMILTON,HAM,Mercedes,6CD3BF,Lewis,Hamilton,https://www.formula1.com/content/dam/fom-website/drivers/L/LEWHAM01_Lewis_Hamilton/lewham01.png.transform/1col/image.png,GBR,9168,1220
55,C SAINZ,Carlos SAINZ,SAI,Ferrari,F91536,Carlos,Sainz,https://www.formula1.com/content/dam/fom-website/drivers/C/CARSAI01_Carlos_Sainz/carsai01.png.transform/1col/image.png,ESP,9168,1220
63,G RUSSELL,George RUSSELL,RUS,Mercedes,6CD3BF,George,Russell,https://www.formula1.com/content/dam/fom-website/drivers/G/GEORUS01_George_Russell/georus01.png.transform/1col/image.png,GBR,9168,1220
77,V BOTTAS,Valtteri BOTTAS,BOT,Alfa Romeo,C92D4B,Valtteri,Bottas,https://www.formula1.com/content/dam/fom-website/drivers/V/VALBOT01_Valtteri_Bottas/valbot01.png.transform/1col/image.png,FIN,9168,1220
81,O PIASTRI,Oscar PIASTRI,PIA,McLaren,F58020,Oscar,Piastri,https://www.formula1.com/content/dam/fom-website/drivers/O/OSCPIA01_Oscar_Piastri/oscpia01.png.transform/1col/image.png,AUS,9168,1220
1,M VERSTAPPEN,Max VERSTAPPEN,VER,,,,,,,9169,1220
2,L SARGEANT,Logan SARGEANT,SAR,,,,,,,9169,1220
4,L NORRIS,Lando NORRIS,NOR,,,,,,,9169,1220
10,P GASLY,Pierre GASLY,GAS,,,,,,,9169,1220
11,S PEREZ,Sergio PEREZ,PER,,,,,,,9169,1220
14,F ALONSO,Fernando ALONSO,ALO,,,,,,,9169,1220
16,C LECLERC,Charles LECLERC,LEC,,,,,,,9169,1220
18,L STROLL,Lance STROLL,STR,,,,,,,9169,1220
20,K MAGNUSSEN,Kevin MAGNUSSEN,MAG,,,,,,,9169,1220
22,Y TSUNODA,Yuki TSUNODA,TSU,,,,,,,9169,1220
23,A ALBON,Alexander ALBON,ALB,,,,,,,9169,1220
24,G ZHOU,ZHOU Guanyu,ZHO,,,,,,,9169,1220
27,N HULKENBERG,Nico HULKENBERG,HUL,,,,,,,9169,1220
31,E OCON,Esteban OCON,OCO,,,,,,,9169,1220
40,L LAWSON,Liam LAWSON,LAW,,,,,,,9169,1220
44,L HAMILTON,Lewis HAMILTON,HAM,,,,,,,9169,1220
55,C SAINZ,Carlos SAINZ,SAI,,,,,,,9169,1220
63,G RUSSELL,George RUSSELL,RUS,,,,,,,9169,1220
77,V BOTTAS,Valtteri BOTTAS,BOT,,,,,,,9169,1220
81,O PIASTRI,Oscar PIASTRI,PIA,,,,,,,9169,1220
1,M VERSTAPPEN,Max VERSTAPPEN,VER,Red Bull Racing,3671C6,Max,Verstappen,https://www.formula1.com/content/dam/fom-website/drivers/M/MAXVER01_Max_Verstappen/maxver01.png.transform/1col/image.png,NED,9173,1220
2,L SARGEANT,Logan SARGEANT,SAR,Williams,37BEDD,Logan,Sargeant,https://www.formula1.com/content/dam/fom-website/drivers/L/LOGSAR01_Logan_Sargeant/logsar01.png.transform/1col/image.png,USA,9173,1220
4,L NORRIS,Lando NORRIS,NOR,McLaren,F58020,Lando,Norris,https://www.formula1.com/content/dam/fom-website/drivers/L/LANNOR01_Lando_Norris/lannor01.png.transform/1col/image.png,GBR,9173,1220
10,P GASLY,Pierre GASLY,GAS,Alpine,2293D1,Pierre,Gasly,https://www.formula1.com/content/dam/fom-website/drivers/P/PIEGAS01_Pierre_Gasly/piegas01.png.transform/1col/image.png,FRA,9173,1220
11,S PEREZ,Sergio PEREZ,PER,Red Bull Racing,3671C6,Sergio,Perez,https://www.formula1.com/content/dam/fom-website/drivers/S/SERPER01_Sergio_Perez/serper01.png.transform/1col/image.png,MEX,9173,1220
14,F ALONSO,Fernando ALONSO,ALO,Aston Martin,358C75,Fernando,Alonso,https://www.formula1.com/content/dam/fom-website/drivers/F/FERALO01_Fernando_Alonso/feralo01.png.transform/1col/image.png,ESP,9173,1220
16,C LECLERC,Charles LECLERC,LEC,Ferrari,F91536,Charles,Leclerc,https://www.formula1.com/content/dam/fom-website/drivers/C/CHALEC01_Charles_Leclerc/chalec01.png.transform/1col/image.png,MON,9173,1220
18,L STROLL,Lance STROLL,STR,Aston Martin,358C75,Lance,Stroll,https://www.formula1.com/content/dam/fom-website/drivers/L/LANSTR01_Lance_Stroll/lanstr01.png.transform/1col/image.png,CAN,9173,1220
20,K MAGNUSSEN,Kevin MAGNUSSEN,MAG,Haas F1 Team,B6BABD,Kevin,Magnussen,https://www.formula1.com/content/dam/fom-website/drivers/K/KEVMAG01_Kevin_Magnussen/kevmag01.png.transform/1col/image.png,DEN,9173,1220
22,Y TSUNODA,Yuki TSUNODA,TSU,AlphaTauri,5E8FAA,Yuki,Tsunoda,https://www.formula1.com/content/dam/fom-website/drivers/Y/YUKTSU01_Yuki_Tsunoda/yuktsu01.png.transform/1col/image.png,JPN,9173,1220
23,A ALBON,Alexander ALBON,ALB,Williams,37BEDD,Alexander,Albon,https://www.formula1.com/content/dam/fom-website/drivers/A/ALEALB01_Alexander_Albon/alealb01.png.transform/1col/image.png,THA,9173,1220
24,G ZHOU,ZHOU Guanyu,ZHO,Alfa Romeo,C92D4B,Guanyu,Zhou,https://www.formula1.com/content/dam/fom-website/drivers/G/GUAZHO01_Guanyu_Zhou/guazho01.png.transform/1col/image.png,CHN,9173,1220
27,N HULKENBERG,Nico HULKENBERG,HUL,Haas F1 Team,B6BABD,Nico,Hulkenberg,https://www.formula1.com/content/dam/fom-website/drivers/N/NICHUL01_Nico_Hulkenberg/nichul01.png.transform/1col/image.png,GER,9173,1220
31,E OCON,Esteban OCON,OCO,Alpine,2293D1,Esteban,Ocon,https://www.formula1.com/content/dam/fom-website/drivers/E/ESTOCO01_Esteban_Ocon/estoco01.png.transform/1col/image.png,FRA,9173,1220
40,L LAWSON,Liam LAWSON,LAW,AlphaTauri,5E8FAA,Liam,Lawson,,NZL,9173,1220
44,L HAMILTON,Lewis HAMILTON,HAM,Mercedes,6CD3BF,Lewis,Hamilton,https://www.formula1.com/content/dam/fom-website/drivers/L/LEWHAM01_Lewis_Hamilton/lewham01.png.transform/1col/image.png,GBR,9173,1220
55,C SAINZ,Carlos SAINZ,SAI,Ferrari,F91536,Carlos,Sainz,https://www.formula1.com/content/dam/fom-website/drivers/C/CARSAI01_Carlos_Sainz/carsai01.png.transform/1col/image.png,ESP,9173,1220
63,G RUSSELL,George RUSSELL,RUS,Mercedes,6CD3BF,George,Russell,https://www.formula1.com/content/dam/fom-website/drivers/G/GEORUS01_George_Russell/georus01.png.transform/1col/image.png,GBR,9173,1220
77,V BOTTAS,Valtteri BOTTAS,BOT,Alfa Romeo,C92D4B,Valtteri,Bottas,https://www.formula1.com/content/dam/fom-website/drivers/V/VALBOT01_Valtteri_Bottas/valbot01.png.transform/1col/image.png,FIN,9173,1220
81,O PIASTRI,Oscar PIASTRI,PIA,McLaren,F58020,Oscar,Piastri,https://www.formula1.com/content/dam/fom-website/drivers/O/OSCPIA01_Oscar_Piastri/oscpia01.png.transform/1col/image.png,AUS,9173,1220
1,M VERSTAPPEN,Max VERSTAPPEN,VER,Red Bull Racing,3671C6,Max,Verstappen,https://www.formula1.com/content/dam/fom-website/drivers/M/MAXVER01_Max_Verstappen/maxver01.png.transform/1col/image.png,NED,9214,1221
2,L SARGEANT,Logan SARGEANT,SAR,Williams,37BEDD,Logan,Sargeant,https://www.formula1.com/content/dam/fom-website/drivers/L/LOGSAR01_Logan_Sargeant/logsar01.png.transform/1col/image.png,USA,9214,1221
4,L NORRIS,Lando NORRIS,NOR,McLaren,F58020,Lando,Norris,https://www.formula1.com/content/dam/fom-website/drivers/L/LANNOR01_Lando_Norris/lannor01.png.transform/1col/image.png,GBR,9214,1221
10,P GASLY,Pierre GASLY,GAS,Alpine,2293D1,Pierre,Gasly,https://www.formula1.com/content/dam/fom-website/drivers/P/PIEGAS01_Pierre_Gasly/piegas01.png.transform/1col/image.png,FRA,9214,1221
11,S PEREZ,Sergio PEREZ,PER,Red Bull Racing,3671C6,Sergio,Perez,https://www.formula1.com/content/dam/fom-website/drivers/S/SERPER01_Sergio_Perez/serper01.png.transform/1col/image.png,MEX,9214,1221
14,F ALONSO,Fernando ALONSO,ALO,Aston Martin,358C75,Fernando,Alonso,https://www.formula1.com/content/dam/fom-website/drivers/F/FERALO01_Fernando_Alonso/feralo01.png.transform/1col/image.png,ESP,9214,1221
16,C LECLERC,Charles LECLERC,LEC,Ferrari,F91536,Charles,Leclerc,https://www.formula1.com/content/dam/fom-website/drivers/C/CHALEC01_Charles_Leclerc/chalec01.png.transform/1col/image.png,MON,9214,1221
18,L STROLL,Lance STROLL,STR,Aston Martin,358C75,Lance,Stroll,https://www.formula1.com/content/dam/fom-website/drivers/L/LANSTR01_Lance_Stroll/lanstr01.png.transform/1col/image.png,CAN,9214,1221
20,K MAGNUSSEN,Kevin MAGNUSSEN,MAG,Haas F1 Team,B6BABD,Kevin,Magnussen,https://www.formula1.com/content/dam/fom-website/drivers/K/KEVMAG01_Kevin_Magnussen/kevmag01.png.transform/1col/image.png,DEN,9214,1221
22,Y TSUNODA,Yuki TSUNODA,TSU,AlphaTauri,5E8FAA,Yuki,Tsunoda,https://www.formula1.com/content/dam/fom-website/drivers/Y/YUKTSU01_Yuki_Tsunoda/yuktsu01.png.transform/1col/image.png,JPN,9214,1221
23,A ALBON,Alexander ALBON,ALB,Williams,37BEDD,Alexander,Albon,https://www.formula1.com/content/dam/fom-website/drivers/A/ALEALB01_Alexander_Albon/alealb01.png.transform/1col/image.png,THA,9214,1221
24,G ZHOU,ZHOU Guanyu,ZHO,Alfa Romeo,C92D4B,Guanyu,Zhou,https://www.formula1.com/content/dam/fom-website/drivers/G/GUAZHO01_Guanyu_Zhou/guazho01.png.transform/1col/image.png,CHN,9214,1221
27,N HULKENBERG,Nico HULKENBERG,HUL,Haas F1 Team,B6BABD,Nico,Hulkenberg,https://www.formula1.com/content/dam/fom-website/drivers/N/NICHUL01_Nico_Hulkenberg/nichul01.png.transform/1col/image.png,GER,9214,1221
31,E OCON,Esteban OCON,OCO,Alpine,2293D1,Esteban,Ocon,https://www.formula1.com/content/dam/fom-website/drivers/E/ESTOCO01_Esteban_Ocon/estoco01.png.transform/1col/image.png,FRA,9214,1221
40,L LAWSON,Liam LAWSON,LAW,AlphaTauri,5E8FAA,Liam,Lawson,,NZL,9214,1221
44,L HAMILTON,Lewis HAMILTON,HAM,Mercedes,6CD3BF,Lewis,Hamilton,https://www.formula1.com/content/dam/fom-website/drivers/L/LEWHAM01_Lewis_Hamilton/lewham01.png.transform/1col/image.png,GBR,9214,1221
55,C SAINZ,Carlos SAINZ,SAI,Ferrari,F91536,Carlos,Sainz,https://www.formula1.com/content/dam/fom-website/drivers/C/CARSAI01_Carlos_Sainz/carsai01.png.transform/1col/image.png,ESP,9214,1221
63,G RUSSELL,George RUSSELL,RUS,Mercedes,6CD3BF,George,Russell,https://www.formula1.com/content/dam/fom-website/drivers/G/GEORUS01_George_Russell/georus01.png.transform/1col/image.png,GBR,9214,1221
77,V BOTTAS,Valtteri BOTTAS,BOT,Alfa Romeo,C92D4B,Valtteri,Bottas,https://www.formula1.com/content/dam/fom-website/drivers/V/VALBOT01_Valtteri_Bottas/valbot01.png.transform/1col/image.png,FIN,9214,1221
81,O PIASTRI,Oscar PIASTRI,PIA,McLaren,F58020,Oscar,Piastri,https://www.formula1.com/content/dam/fom-website/drivers/O/OSCPIA01_Oscar_Piastri/oscpia01.png.transform/1col/image.png,AUS,9214,1221
1,M VERSTAPPEN,Max VERSTAPPEN,VER,Red Bull Racing,3671C6,Max,Verstappen,https://www.formula1.com/content/dam/fom-website/drivers/M/MAXVER01_Max_Verstappen/maxver01.png.transform/1col/image.png,NED,9215,1221
2,L SARGEANT,Logan SARGEANT,SAR,Williams,37BEDD,Logan,Sargeant,https://www.formula1.com/content/dam/fom-website/drivers/L/LOGSAR01_Logan_Sargeant/logsar01.png.transform/1col/image.png,USA,9215,1221
4,L NORRIS,Lando NORRIS,NOR,McLaren,F58020,Lando,Norris,https://www.formula1.com/content/dam/fom-website/drivers/L/LANNOR01_Lando_Norris/lannor01.png.transform/1col/image.png,GBR,9215,1221
10,P GASLY,Pierre GASLY,GAS,Alpine,2293D1,Pierre,Gasly,https://www.formula1.com/content/dam/fom-website/drivers/P/PIEGAS01_Pierre_Gasly/piegas01.png.transform/1col/image.png,FRA,9215,1221
11,S PEREZ,Sergio PEREZ,PER,Red Bull Racing,3671C6,Sergio,Perez,https://www.formula1.com/content/dam/fom-website/drivers/S/SERPER01_Sergio_Perez/serper01.png.transform/1col/image.png,MEX,9215,1221
14,F ALONSO,Fernando ALONSO,ALO,Aston Martin,358C75,Fernando,Alonso,https://www.formula1.com/content/dam/fom-website/drivers/F/FERALO01_Fernando_Alonso/feralo01.png.transform/1col/image.png,ESP,9215,1221
16,C LECLERC,Charles LECLERC,LEC,Ferrari,F91536,Charles,Leclerc,https://www.formula1.com/content/dam/fom-website/drivers/C/CHALEC01_Charles_Leclerc/chalec01.png.transform/1col/image.png,MON,9215,1221
18,L STROLL,Lance STROLL,STR,Aston Martin,358C75,Lance,Stroll,https://www.formula1.com/content/dam/fom-website/drivers/L/LANSTR01_Lance_Stroll/lanstr01.png.transform/1col/image.png,CAN,9215,1221
20,K MAGNUSSEN,Kevin MAGNUSSEN,MAG,Haas F1 Team,B6BABD,Kevin,Magnussen,https://www.formula1.com/content/dam/fom-website/drivers/K/KEVMAG01_Kevin_Magnussen/kevmag01.png.transform/1col/image.png,DEN,9215,1221
22,Y TSUNODA,Yuki TSUNODA,TSU,AlphaTauri,5E8FAA,Yuki,Tsunoda,https://www.formula1.com/content/dam/fom-website/drivers/Y/YUKTSU01_Yuki_Tsunoda/yuktsu01.png.transform/1col/image.png,JPN,9215,1221
23,A ALBON,Alexander ALBON,ALB,Williams,37BEDD,Alexander,Albon,https://www.formula1.com/content/dam/fom-website/drivers/A/ALEALB01_Alexander_Albon/alealb01.png.transform/1col/image.png,THA,9215,1221
24,G ZHOU,ZHOU Guanyu,ZHO,Alfa Romeo,C92D4B,Guanyu,Zhou,https://www.formula1.com/content/dam/fom-website/drivers/G/GUAZHO01_Guanyu_Zhou/guazho01.png.transform/1col/image.png,CHN,9215,1221
27,N HULKENBERG,Nico HULKENBERG,HUL,Haas F1 Team,B6BABD,Nico,Hulkenberg,https://www.formula1.com/content/dam/fom-website/drivers/N/NICHUL01_Nico_Hulkenberg/nichul01.png.transform/1col/image.png,GER,9215,1221
31,E OCON,Esteban OCON,OCO,Alpine,2293D1,Esteban,Ocon,https://www.formula1.com/content/dam/fom-website/drivers/E/ESTOCO01_Esteban_Ocon/estoco01.png.transform/1col/image.png,FRA,9215,1221
40,L LAWSON,Liam LAWSON,LAW,AlphaTauri,5E8FAA,Liam,Lawson,,NZL,9215,1221
44,L HAMILTON,Lewis HAMILTON,HAM,Mercedes,6CD3BF,Lewis,Hamilton,https://www.formula1.com/content/dam/fom-website/drivers/L/LEWHAM01_Lewis_Hamilton/lewham01.png.transform/1col/image.png,GBR,9215,1221
55,C SAINZ,Carlos SAINZ,SAI,Ferrari,F91536,Carlos,Sainz,https://www.formula1.com/content/dam/fom-website/drivers/C/CARSAI01_Carlos_Sainz/carsai01.png.transform/1col/image.png,ESP,9215,1221
63,G RUSSELL,George RUSSELL,RUS,Mercedes,6CD3BF,George,Russell,https://www.formula1.com/content/dam/fom-website/drivers/G/GEORUS01_George_Russell/georus01.png.transform/1col/image.png,GBR,9215,1221
77,V BOTTAS,Valtteri BOTTAS,BOT,Alfa Romeo,C92D4B,Valtteri,Bottas,https://www.formula1.com/content/dam/fom-website/drivers/V/VALBOT01_Valtteri_Bottas/valbot01.png.transform/1col/image.png,FIN,9215,1221
81,O PIASTRI,Oscar PIASTRI,PIA,McLaren,F58020,Oscar,Piastri,https://www.formula1.com/content/dam/fom-website/drivers/O/OSCPIA01_Oscar_Piastri/oscpia01.png.transform/1col/image.png,AUS,9215,1221
1,M VERSTAPPEN,Max VERSTAPPEN,VER,,,,,,,9220,1221
2,L SARGEANT,Logan SARGEANT,SAR,,,,,,,9220,1221
4,L NORRIS,Lando NORRIS,NOR,,,,,,,9220,1221
10,P GASLY,Pierre GASLY,GAS,,,,,,,9220,1221
11,S PEREZ,Sergio PEREZ,PER,,,,,,,9220,1221
14,F ALONSO,Fernando ALONSO,ALO,,,,,,,9220,1221
16,C LECLERC,Charles LECLERC,LEC,,,,,,,9220,1221
18,L STROLL,Lance STROLL,STR,,,,,,,9220,1221
20,K MAGNUSSEN,Kevin MAGNUSSEN,MAG,,,,,,,9220,1221
22,Y TSUNODA,Yuki TSUNODA,TSU,,,,,,,9220,1221
23,A ALBON,Alexander ALBON,ALB,,,,,,,9220,1221
24,G ZHOU,ZHOU Guanyu,ZHO,,,,,,,9220,1221
27,N HULKENBERG,Nico HULKENBERG,HUL,,,,,,,9220,1221
31,E OCON,Esteban OCON,OCO,,,,,,,9220,1221
40,L LAWSON,Liam LAWSON,LAW,,,,,,,9220,1221
44,L HAMILTON,Lewis HAMILTON,HAM,,,,,,,9220,1221
55,C SAINZ,Carlos SAINZ,SAI,,,,,,,9220,1221
63,G RUSSELL,George RUSSELL,RUS,,,,,,,9220,1221
77,V BOTTAS,Valtteri BOTTAS,BOT,,,,,,,9220,1221
81,O PIASTRI,Oscar PIASTRI,PIA,,,,,,,9220,1221
1,M VERSTAPPEN,Max VERSTAPPEN,VER,Red Bull Racing,3671C6,Max,Verstappen,https://www.formula1.com/content/dam/fom-website/drivers/M/MAXVER01_Max_Verstappen/maxver01.png.transform/1col/image.png,NED,9221,1221
2,L SARGEANT,Logan SARGEANT,SAR,Williams,37BEDD,Logan,Sargeant,https://www.formula1.com/content/dam/fom-website/drivers/L/LOGSAR01_Logan_Sargeant/logsar01.png.transform/1col/image.png,USA,9221,1221
4,L NORRIS,Lando NORRIS,NOR,McLaren,F58020,Lando,Norris,https://www.formula1.com/content/dam/fom-website/drivers/L/LANNOR01_Lando_Norris/lannor01.png.transform/1col/image.png,GBR,9221,1221
10,P GASLY,Pierre GASLY,GAS,Alpine,2293D1,Pierre,Gasly,https://www.formula1.com/content/dam/fom-website/drivers/P/PIEGAS01_Pierre_Gasly/piegas01.png.transform/1col/image.png,FRA,9221,1221
11,S PEREZ,Sergio PEREZ,PER,Red Bull Racing,3671C6,Sergio,Perez,https://www.formula1.com/content/dam/fom-website/drivers/S/SERPER01_Sergio_Perez/serper01.png.transform/1col/image.png,MEX,9221,1221
14,F ALONSO,Fernando ALONSO,ALO,Aston Martin,358C75,Fernando,Alonso,https://www.formula1.com/content/dam/fom-website/drivers/F/FERALO01_Fernando_Alonso/feralo01.png.transform/1col/image.png,ESP,9221,1221
16,C LECLERC,Charles LECLERC,LEC,Ferrari,F91536,Charles,Leclerc,https://www.formula1.com/content/dam/fom-website/drivers/C/CHALEC01_Charles_Leclerc/chalec01.png.transform/1col/image.png,MON,9221,1221
18,L STROLL,Lance STROLL,STR,Aston Martin,358C75,Lance,Stroll,https://www.formula1.com/content/dam/fom-website/drivers/L/LANSTR01_Lance_Stroll/lanstr01.png.transform/1col/image.png,CAN,9221,1221
20,K MAGNUSSEN,Kevin MAGNUSSEN,MAG,Haas F1 Team,B6BABD,Kevin,Magnussen,https://www.formula1.com/content/dam/fom-website/drivers/K/KEVMAG01_Kevin_Magnussen/kevmag01.png.transform/1col/image.png,DEN,9221,1221
22,Y TSUNODA,Yuki TSUNODA,TSU,AlphaTauri,5E8FAA,Yuki,Tsunoda,https://www.formula1.com/content/dam/fom-website/drivers/Y/YUKTSU01_Yuki_Tsunoda/yuktsu01.png.transform/1col/image.png,JPN,9221,1221
23,A ALBON,Alexander ALBON,ALB,Williams,37BEDD,Alexander,Albon,https://www.formula1.com/content/dam/fom-website/drivers/A/ALEALB01_Alexander_Albon/alealb01.png.transform/1col/image.png,THA,9221,1221
24,G ZHOU,ZHOU Guanyu,ZHO,Alfa Romeo,C92D4B,Guanyu,Zhou,https://www.formula1.com/content/dam/fom-website/drivers/G/GUAZHO01_Guanyu_Zhou/guazho01.png.transform/1col/image.png,CHN,9221,1221
27,N HULKENBERG,Nico HULKENBERG,HUL,Haas F1 Team,B6BABD,Nico,Hulkenberg,https://www.formula1.com/content/dam/fom-website/drivers/N/NICHUL01_Nico_Hulkenberg/nichul01.png.transform/1col/image.png,GER,9221,1221
31,E OCON,Esteban OCON,OCO,Alpine,2293D1,Esteban,Ocon,https://www.formula1.com/content/dam/fom-website/drivers/E/ESTOCO01_Esteban_Ocon/estoco01.png.transform/1col/image.png,FRA,9221,1221
40,L LAWSON,Liam LAWSON,LAW,AlphaTauri,5E8FAA,Liam,Lawson,,NZL,9221,1221
44,L HAMILTON,Lewis HAMILTON,HAM,Mercedes,6CD3BF,Lewis,Hamilton,https://www.formula1.com/content/dam/fom-website/drivers/L/LEWHAM01_Lewis_Hamilton/lewham01.png.transform/1col/image.png,GBR,9221,1221
55,C SAINZ,Carlos SAINZ,SAI,Ferrari,F91536,Carlos,Sainz,https://www.formula1.com/content/dam/fom-website/drivers/C/CARSAI01_Carlos_Sainz/carsai01.png.transform/1col/image.png,ESP,9221,1221
63,G RUSSELL,George RUSSELL,RUS,Mercedes,6CD3BF,George,Russell,https://www.formula1.com/content/dam/fom-website/drivers/G/GEORUS01_George_Russell/georus01.png.transform/1col/image.png,GBR,9221,1221
77,V BOTTAS,Valtteri BOTTAS,BOT,Alfa Romeo,C92D4B,Valtteri,Bottas,https://www.formula1.com/content/dam/fom-website/drivers/V/VALBOT01_Valtteri_Bottas/valbot01.png.transform/1col/image.png,FIN,9221,1221
81,O PIASTRI,Oscar PIASTRI,PIA,McLaren,F58020,Oscar,Piastri,https://www.formula1.com/content/dam/fom-website/drivers/O/OSCPIA01_Oscar_Piastri/oscpia01.png.transform/1col/image.png,AUS,9221,1221
1,M VERSTAPPEN,Max VERSTAPPEN,VER,,,,,,,9298,1221
2,L SARGEANT,Logan SARGEANT,SAR,,,,,,,9298,1221
4,L NORRIS,Lando NORRIS,NOR,,,,,,,9298,1221
10,P GASLY,Pierre GASLY,GAS,,,,,,,9298,1221
11,S PEREZ,Sergio PEREZ,PER,,,,,,,9298,1221
14,F ALONSO,Fernando ALONSO,ALO,,,,,,,9298,1221
16,C LECLERC,Charles LECLERC,LEC,,,,,,,9298,1221
18,L STROLL,Lance STROLL,STR,,,,,,,9298,1221
20,K MAGNUSSEN,Kevin MAGNUSSEN,MAG,,,,,,,9298,1221
22,Y TSUNODA,Yuki TSUNODA,TSU,,,,,,,9298,1221
23,A ALBON,Alexander ALBON,ALB,,,,,,,9298,1221
24,G ZHOU,ZHOU Guanyu,ZHO,,,,,,,9298,1221
27,N HULKENBERG,Nico HULKENBERG,HUL,,,,,,,9298,1221
31,E OCON,Esteban OCON,OCO,,,,,,,9298,1221
40,L LAWSON,Liam LAWSON,LAW,,,,,,,9298,1221
44,L HAMILTON,Lewis HAMILTON,HAM,,,,,,,9298,1221
55,C SAINZ,Carlos SAINZ,SAI,,,,,,,9298,1221
63,G RUSSELL,George RUSSELL,RUS,,,,,,,9298,1221
77,V BOTTAS,Valtteri BOTTAS,BOT,,,,,,,9298,1221
81,O PIASTRI,Oscar PIASTRI,PIA,,,,,,,9298,1221
1,M VERSTAPPEN,Max VERSTAPPEN,VER,,,,,,,9206,1222
2,L SARGEANT,Logan SARGEANT,SAR,,,,,,,9206,1222
3,D RICCIARDO,Daniel RICCIARDO,RIC,,,,,,,9206,1222
4,L NORRIS,Lando NORRIS,NOR,,,,,,,9206,1222
10,P GASLY,Pierre GASLY,GAS,,,,,,,9206,1222
11,S PEREZ,Sergio PEREZ,PER,,,,,,,9206,1222
14,F ALONSO,Fernando ALONSO,ALO,,,,,,,9206,1222
16,C LECLERC,Charles LECLERC,LEC,,,,,,,9206,1222
18,L STROLL,Lance STROLL,STR,,,,,,,9206,1222
20,K MAGNUSSEN,Kevin MAGNUSSEN,MAG,,,,,,,9206,1222
22,Y TSUNODA,Yuki TSUNODA,TSU,,,,,,,9206,1222
23,A ALBON,Alexander ALBON,ALB,,,,,,,9206,1222
24,G ZHOU,ZHOU Guanyu,ZHO,,,,,,,9206,1222
27,N HULKENBERG,Nico HULKENBERG,HUL,,,,,,,9206,1222
31,E OCON,Esteban OCON,OCO,,,,,,,9206,1222
44,L HAMILTON,Lewis HAMILTON,HAM,,,,,,,9206,1222
55,C SAINZ,Carlos SAINZ,SAI,,,,,,,9206,1222
63,G RUSSELL,George RUSSELL,RUS,,,,,,,9206,1222
77,V BOTTAS,Valtteri BOTTAS,BOT,,,,,,,9206,1222
81,O PIASTRI,Oscar PIASTRI,PIA,,,,,,,9206,1222
1,M VERSTAPPEN,Max VERSTAPPEN,VER,Red Bull Racing,3671C6,Max,Verstappen,https://www.formula1.com/content/dam/fom-website/drivers/M/MAXVER01_Max_Verstappen/maxver01.png.transform/1col/image.png,NED,9207,1222
2,L SARGEANT,Logan SARGEANT,SAR,Williams,37BEDD,Logan,Sargeant,https://www.formula1.com/content/dam/fom-website/drivers/L/LOGSAR01_Logan_Sargeant/logsar01.png.transform/1col/image.png,USA,9207,1222
3,D RICCIARDO,Daniel RICCIARDO,RIC,AlphaTauri,5E8FAA,Daniel,Ricciardo,,AUS,9207,1222
4,L NORRIS,Lando NORRIS,NOR,McLaren,F58020,Lando,Norris,https://www.formula1.com/content/dam/fom-website/drivers/L/LANNOR01_Lando_Norris/lannor01.png.transform/1col/image.png,GBR,9207,1222
10,P GASLY,Pierre GASLY,GAS,Alpine,2293D1,Pierre,Gasly,https://www.formula1.com/content/dam/fom-website/drivers/P/PIEGAS01_Pierre_Gasly/piegas01.png.transform/1col/image.png,FRA,9207,1222
11,S PEREZ,Sergio PEREZ,PER,Red Bull Racing,3671C6,Sergio,Perez,https://www.formula1.com/content/dam/fom-website/drivers/S/SERPER01_Sergio_Perez/serper01.png.transform/1col/image.png,MEX,9207,1222
14,F ALONSO,Fernando ALONSO,ALO,Aston Martin,358C75,Fernando,Alonso,https://www.formula1.com/content/dam/fom-website/drivers/F/FERALO01_Fernando_Alonso/feralo01.png.transform/1col/image.png,ESP,9207,1222
16,C LECLERC,Charles LECLERC,LEC,Ferrari,F91536,Charles,Leclerc,https://www.formula1.com/content/dam/fom-website/drivers/C/CHALEC01_Charles_Leclerc/chalec01.png.transform/1col/image.png,MON,9207,1222
18,L STROLL,Lance STROLL,STR,Aston Martin,358C75,Lance,Stroll,https://www.formula1.com/content/dam/fom-website/drivers/L/LANSTR01_Lance_Stroll/lanstr01.png.transform/1col/image.png,CAN,9207,1222
20,K MAGNUSSEN,Kevin MAGNUSSEN,MAG,Haas F1 Team,B6BABD,Kevin,Magnussen,https://www.formula1.com/content/dam/fom-website/drivers/K/KEVMAG01_Kevin_Magnussen/kevmag01.png.transform/1col/image.png,DEN,9207,1222
22,Y TSUNODA,Yuki TSUNODA,TSU,AlphaTauri,5E8FAA,Yuki,Tsunoda,https://www.formula1.com/content/dam/fom-website/drivers/Y/YUKTSU01_Yuki_Tsunoda/yuktsu01.png.transform/1col/image.png,JPN,9207,1222
23,A ALBON,Alexander ALBON,ALB,Williams,37BEDD,Alexander,Albon,https://www.formula1.com/content/dam/fom-website/drivers/A/ALEALB01_Alexander_Albon/alealb01.png.transform/1col/image.png,THA,9207,1222
24,G ZHOU,ZHOU Guanyu,ZHO,Alfa Romeo,C92D4B,Guanyu,Zhou,https://www.formula1.com/content/dam/fom-website/drivers/G/GUAZHO01_Guanyu_Zhou/guazho01.png.transform/1col/image.png,CHN,9207,1222
27,N HULKENBERG,Nico HULKENBERG,HUL,Haas F1 Team,B6BABD,Nico,Hulkenberg,https://www.formula1.com/content/dam/fom-website/drivers/N/NICHUL01_Nico_Hulkenberg/nichul01.png.transform/1col/image.png,GER,9207,1222
31,E OCON,Esteban OCON,OCO,Alpine,2293D1,Esteban,Ocon,https://www.formula1.com/content/dam/fom-website/drivers/E/ESTOCO01_Esteban_Ocon/estoco01.png.transform/1col/image.png,FRA,9207,1222
44,L HAMILTON,Lewis HAMILTON,HAM,Mercedes,6CD3BF,Lewis,Hamilton,https://www.formula1.com/content/dam/fom-website/drivers/L/LEWHAM01_Lewis_Hamilton/lewham01.png.transform/1col/image.png,GBR,9207,1222
55,C SAINZ,Carlos SAINZ,SAI,Ferrari,F91536,Carlos,Sainz,https://www.formula1.com/content/dam/fom-website/drivers/C/CARSAI01_Carlos_Sainz/carsai01.png.transform/1col/image.png,ESP,9207,1222
63,G RUSSELL,George RUSSELL,RUS,Mercedes,6CD3BF,George,Russell,https://www.formula1.com/content/dam/fom-website/drivers/G/GEORUS01_George_Russell/georus01.png.transform/1col/image.png,GBR,9207,1222
77,V BOTTAS,Valtteri BOTTAS,BOT,Alfa Romeo,C92D4B,Valtteri,Bottas,https://www.formula1.com/content/dam/fom-website/drivers/V/VALBOT01_Valtteri_Bottas/valbot01.png.transform/1col/image.png,FIN,9207,1222
81,O PIASTRI,Oscar PIASTRI,PIA,McLaren,F58020,Oscar,Piastri,https://www.formula1.com/content/dam/fom-website/drivers/O/OSCPIA01_Oscar_Piastri/oscpia01.png.transform/1col/image.png,AUS,9207,1222
1,M VERSTAPPEN,Max VERSTAPPEN,VER,,,,,,,9212,1222
2,L SARGEANT,Logan SARGEANT,SAR,,,,,,,9212,1222
3,D RICCIARDO,Daniel RICCIARDO,RIC,,,,,,,9212,1222
4,L NORRIS,Lando NORRIS,NOR,,,,,,,9212,1222
10,P GASLY,Pierre GASLY,GAS,,,,,,,9212,1222
11,S PEREZ,Sergio PEREZ,PER,,,,,,,9212,1222
14,F ALONSO,Fernando ALONSO,ALO,,,,,,,9212,1222
16,C LECLERC,Charles LECLERC,LEC,,,,,,,9212,1222
18,L STROLL,Lance STROLL,STR,,,,,,,9212,1222
20,K MAGNUSSEN,Kevin MAGNUSSEN,MAG,,,,,,,9212,1222
22,Y TSUNODA,Yuki TSUNODA,TSU,,,,,,,9212,1222
23,A ALBON,Alexander ALBON,ALB,,,,,,,9212,1222
24,G ZHOU,ZHOU Guanyu,ZHO,,,,,,,9212,1222
27,N HULKENBERG,Nico HULKENBERG,HUL,,,,,,,9212,1222
31,E OCON,Esteban OCON,OCO,,,,,,,9212,1222
44,L HAMILTON,Lewis HAMILTON,HAM,,,,,,,9212,1222
55,C SAINZ,Carlos SAINZ,SAI,,,,,,,9212,1222
63,G RUSSELL,George RUSSELL,RUS,,,,,,,9212,1222
77,V BOTTAS,Valtteri BOTTAS,BOT,,,,,,,9212,1222
81,O PIASTRI,Oscar PIASTRI,PIA,,,,,,,9212,1222
1,M VERSTAPPEN,Max VERSTAPPEN,VER,Red Bull Racing,3671C6,Max,Verstappen,https://www.formula1.com/content/dam/fom-website/drivers/M/MAXVER01_Max_Verstappen/maxver01.png.transform/1col/image.png,NED,9213,1222
2,L SARGEANT,Logan SARGEANT,SAR,Williams,37BEDD,Logan,Sargeant,https://www.formula1.com/content/dam/fom-website/drivers/L/LOGSAR01_Logan_Sargeant/logsar01.png.transform/1col/image.png,USA,9213,1222
3,D RICCIARDO,Daniel RICCIARDO,RIC,AlphaTauri,5E8FAA,Daniel,Ricciardo,,AUS,9213,1222
4,L NORRIS,Lando NORRIS,NOR,McLaren,F58020,Lando,Norris,https://www.formula1.com/content/dam/fom-website/drivers/L/LANNOR01_Lando_Norris/lannor01.png.transform/1col/image.png,GBR,9213,1222
10,P GASLY,Pierre GASLY,GAS,Alpine,2293D1,Pierre,Gasly,https://www.formula1.com/content/dam/fom-website/drivers/P/PIEGAS01_Pierre_Gasly/piegas01.png.transform/1col/image.png,FRA,9213,1222
11,S PEREZ,Sergio PEREZ,PER,Red Bull Racing,3671C6,Sergio,Perez,https://www.formula1.com/content/dam/fom-website/drivers/S/SERPER01_Sergio_Perez/serper01.png.transform/1col/image.png,MEX,9213,1222
14,F ALONSO,Fernando ALONSO,ALO,Aston Martin,358C75,Fernando,Alonso,https://www.formula1.com/content/dam/fom-website/drivers/F/FERALO01_Fernando_Alonso/feralo01.png.transform/1col/image.png,ESP,9213,1222
16,C LECLERC,Charles LECLERC,LEC,Ferrari,F91536,Charles,Leclerc,https://www.formula1.com/content/dam/fom-website/drivers/C/CHALEC01_Charles_Leclerc/chalec01.png.transform/1col/image.png,MON,9213,1222
18,L STROLL,Lance STROLL,STR,Aston Martin,358C75,Lance,Stroll,https://www.formula1.com/content/dam/fom-website/drivers/L/LANSTR01_Lance_Stroll/lanstr01.png.transform/1col/image.png,CAN,9213,1222
20,K MAGNUSSEN,Kevin MAGNUSSEN,MAG,Haas F1 Team,B6BABD,Kevin,Magnussen,https://www.formula1.com/content/dam/fom-website/drivers/K/KEVMAG01_Kevin_Magnussen/kevmag01.png.transform/1col/image.png,DEN,9213,1222
22,Y TSUNODA,Yuki TSUNODA,TSU,AlphaTauri,5E8FAA,Yuki,Tsunoda,https://www.formula1.com/content/dam/fom-website/drivers/Y/YUKTSU01_Yuki_Tsunoda/yuktsu01.png.transform/1col/image.png,JPN,9213,1222
23,A ALBON,Alexander ALBON,ALB,Williams,37BEDD,Alexander,Albon,https://www.formula1.com/content/dam/fom-website/drivers/A/ALEALB01_Alexander_Albon/alealb01.png.transform/1col/image.png,THA,9213,1222
24,G ZHOU,ZHOU Guanyu,ZHO,Alfa Romeo,C92D4B,Guanyu,Zhou,https://www.formula1.com/content/dam/fom-website/drivers/G/GUAZHO01_Guanyu_Zhou/guazho01.png.transform/1col/image.png,CHN,9213,1222
27,N HULKENBERG,Nico HULKENBERG,HUL,Haas F1 Team,B6BABD,Nico,Hulkenberg,https://www.formula1.com/content/dam/fom-website/drivers/N/NICHUL01_Nico_Hulkenberg/nichul01.png.transform/1col/image.png,GER,9213,1222
31,E OCON,Esteban OCON,OCO,Alpine,2293D1,Esteban,Ocon,https://www.formula1.com/content/dam/fom-website/drivers/E/ESTOCO01_Esteban_Ocon/estoco01.png.transform/1col/image.png,FRA,9213,1222
44,L HAMILTON,Lewis HAMILTON,HAM,Mercedes,6CD3BF,Lewis,Hamilton,https://www.formula1.com/content/dam/fom-website/drivers/L/LEWHAM01_Lewis_Hamilton/lewham01.png.transform/1col/image.png,GBR,9213,1222
55,C SAINZ,Carlos SAINZ,SAI,Ferrari,F91536,Carlos,Sainz,https://www.formula1.com/content/dam/fom-website/drivers/C/CARSAI01_Carlos_Sainz/carsai01.png.transform/1col/image.png,ESP,9213,1222
63,G RUSSELL,George RUSSELL,RUS,Mercedes,6CD3BF,George,Russell,https://www.formula1.com/content/dam/fom-website/drivers/G/GEORUS01_George_Russell/georus01.png.transform/1col/image.png,GBR,9213,1222
77,V BOTTAS,Valtteri BOTTAS,BOT,Alfa Romeo,C92D4B,Valtteri,Bottas,https://www.formula1.com/content/dam/fom-website/drivers/V/VALBOT01_Valtteri_Bottas/valbot01.png.transform/1col/image.png,FIN,9213,1222
81,O PIASTRI,Oscar PIASTRI,PIA,McLaren,F58020,Oscar,Piastri,https://www.formula1.com/content/dam/fom-website/drivers/O/OSCPIA01_Oscar_Piastri/oscpia01.png.transform/1col/image.png,AUS,9213,1222
1,M VERSTAPPEN,Max VERSTAPPEN,VER,,,,,,,9294,1222
2,L SARGEANT,Logan SARGEANT,SAR,,,,,,,9294,1222
3,D RICCIARDO,Daniel RICCIARDO,RIC,,,,,,,9294,1222
4,L NORRIS,Lando NORRIS,NOR,,,,,,,9294,1222
10,P GASLY,Pierre GASLY,GAS,,,,,,,9294,1222
11,S PEREZ,Sergio PEREZ,PER,,,,,,,9294,1222
14,F ALONSO,Fernando ALONSO,ALO,,,,,,,9294,1222
16,C LECLERC,Charles LECLERC,LEC,,,,,,,9294,1222
18,L STROLL,Lance STROLL,STR,,,,,,,9294,1222
20,K MAGNUSSEN,Kevin MAGNUSSEN,MAG,,,,,,,9294,1222
22,Y TSUNODA,Yuki TSUNODA,TSU,,,,,,,9294,1222
23,A ALBON,Alexander ALBON,ALB,,,,,,,9294,1222
24,G ZHOU,ZHOU Guanyu,ZHO,,,,,,,9294,1222
27,N HULKENBERG,Nico HULKENBERG,HUL,,,,,,,9294,1222
31,E OCON,Esteban OCON,OCO,,,,,,,9294,1222
44,L HAMILTON,Lewis HAMILTON,HAM,,,,,,,9294,1222
55,C SAINZ,Carlos SAINZ,SAI,,,,,,,9294,1222
63,G RUSSELL,George RUSSELL,RUS,,,,,,,9294,1222
77,V BOTTAS,Valtteri BOTTAS,BOT,,,,,,,9294,1222
81,O PIASTRI,Oscar PIASTRI,PIA,,,,,,,9294,1222
1,M VERSTAPPEN,Max VERSTAPPEN,VER,Red Bull Racing,3671C6,Max,Verstappen,https://www.formula1.com/content/dam/fom-website/drivers/M/MAXVER01_Max_Verstappen/maxver01.png.transform/1col/image.png,NED,9174,1223
2,L SARGEANT,Logan SARGEANT,SAR,Williams,37BEDD,Logan,Sargeant,https://www.formula1.com/content/dam/fom-website/drivers/L/LOGSAR01_Logan_Sargeant/logsar01.png.transform/1col/image.png,USA,9174,1223
3,D RICCIARDO,Daniel RICCIARDO,RIC,AlphaTauri,5E8FAA,Daniel,Ricciardo,,AUS,9174,1223
4,L NORRIS,Lando NORRIS,NOR,McLaren,F58020,Lando,Norris,https://www.formula1.com/content/dam/fom-website/drivers/L/LANNOR01_Lando_Norris/lannor01.png.transform/1col/image.png,GBR,9174,1223
11,S PEREZ,Sergio PEREZ,PER,Red Bull Racing,3671C6,Sergio,Perez,https://www.formula1.com/content/dam/fom-website/drivers/S/SERPER01_Sergio_Perez/serper01.png.transform/1col/image.png,MEX,9174,1223
14,F ALONSO,Fernando ALONSO,ALO,Aston Martin,358C75,Fernando,Alonso,https://www.formula1.com/content/dam/fom-website/drivers/F/FERALO01_Fernando_Alonso/feralo01.png.transform/1col/image.png,ESP,9174,1223
16,C LECLERC,Charles LECLERC,LEC,Ferrari,F91536,Charles,Leclerc,https://www.formula1.com/content/dam/fom-website/drivers/C/CHALEC01_Charles_Leclerc/chalec01.png.transform/1col/image.png,MON,9174,1223
18,L STROLL,Lance STROLL,STR,Aston Martin,358C75,Lance,Stroll,https://www.formula1.com/content/dam/fom-website/drivers/L/LANSTR01_Lance_Stroll/lanstr01.png.transform/1col/image.png,CAN,9174,1223
23,A ALBON,Alexander ALBON,ALB,Williams,37BEDD,Alexander,Albon,https://www.formula1.com/content/dam/fom-website/drivers/A/ALEALB01_Alexander_Albon/alealb01.png.transform/1col/image.png,THA,9174,1223
24,G ZHOU,ZHOU Guanyu,ZHO,Alfa Romeo,C92D4B,Guanyu,Zhou,https://www.formula1.com/content/dam/fom-website/drivers/G/GUAZHO01_Guanyu_Zhou/guazho01.png.transform/1col/image.png,CHN,9174,1223
27,N HULKENBERG,Nico HULKENBERG,HUL,Haas F1 Team,B6BABD,Nico,Hulkenberg,https://www.formula1.com/content/dam/fom-website/drivers/N/NICHUL01_Nico_Hulkenberg/nichul01.png.transform/1col/image.png,GER,9174,1223
31,E OCON,Esteban OCON,OCO,Alpine,2293D1,Esteban,Ocon,https://www.formula1.com/content/dam/fom-website/drivers/E/ESTOCO01_Esteban_Ocon/estoco01.png.transform/1col/image.png,FRA,9174,1223
41,I HADJAR,Isack HADJAR,HAD,AlphaTauri,5E8FAA,Isack,Hadjar,,FRA,9174,1223
42,F VESTI,Frederik VESTI,VES,Mercedes,6CD3BF,Frederik,Vesti,,DEN,9174,1223
44,L HAMILTON,Lewis HAMILTON,HAM,Mercedes,6CD3BF,Lewis,Hamilton,https://www.formula1.com/content/dam/fom-website/drivers/L/LEWHAM01_Lewis_Hamilton/lewham01.png.transform/1col/image.png,GBR,9174,1223
50,O BEARMAN,Oliver BEARMAN,BEA,Haas F1 Team,B6BABD,Oliver,Bearman,,GBR,9174,1223
55,C SAINZ,Carlos SAINZ,SAI,Ferrari,F91536,Carlos,Sainz,https://www.formula1.com/content/dam/fom-website/drivers/C/CARSAI01_Carlos_Sainz/carsai01.png.transform/1col/image.png,ESP,9174,1223
61,J DOOHAN,Jack DOOHAN,DOO,Alpine,2293D1,Jack,Doohan,,AUS,9174,1223
81,O PIASTRI,Oscar PIASTRI,PIA,McLaren,F58020,Oscar,Piastri,https://www.formula1.com/content/dam/fom-website/drivers/O/OSCPIA01_Oscar_Piastri/oscpia01.png.transform/1col/image.png,AUS,9174,1223
98,T POURCHAIRE,Theo POURCHAIRE,POU,Alfa Romeo,C92D4B,Theo,Pourchaire,,FRA,9174,1223
1,M VERSTAPPEN,Max VERSTAPPEN,VER,Red Bull Racing,3671C6,Max,Verstappen,https://www.formula1.com/content/dam/fom-website/drivers/M/MAXVER01_Max_Verstappen/maxver01.png.transform/1col/image.png,NED,9175,1223
2,L SARGEANT,Logan SARGEANT,SAR,Williams,37BEDD,Logan,Sargeant,https://www.formula1.com/content/dam/fom-website/drivers/L/LOGSAR01_Logan_Sargeant/logsar01.png.transform/1col/image.png,USA,9175,1223
3,D RICCIARDO,Daniel RICCIARDO,RIC,AlphaTauri,5E8FAA,Daniel,Ricciardo,,AUS,9175,1223
4,L NORRIS,Lando NORRIS,NOR,McLaren,F58020,Lando,Norris,https://www.formula1.com/content/dam/fom-website/drivers/L/LANNOR01_Lando_Norris/lannor01.png.transform/1col/image.png,GBR,9175,1223
10,P GASLY,Pierre GASLY,GAS,Alpine,2293D1,Pierre,Gasly,https://www.formula1.com/content/dam/fom-website/drivers/P/PIEGAS01_Pierre_Gasly/piegas01.png.transform/1col/image.png,FRA,9175,1223
11,S PEREZ,Sergio PEREZ,PER,Red Bull Racing,3671C6,Sergio,Perez,https://www.formula1.com/content/dam/fom-website/drivers/S/SERPER01_Sergio_Perez/serper01.png.transform/1col/image.png,MEX,9175,1223
14,F ALONSO,Fernando ALONSO,ALO,Aston Martin,358C75,Fernando,Alonso,https://www.formula1.com/content/dam/fom-website/drivers/F/FERALO01_Fernando_Alonso/feralo01.png.transform/1col/image.png,ESP,9175,1223
16,C LECLERC,Charles LECLERC,LEC,Ferrari,F91536,Charles,Leclerc,https://www.formula1.com/content/dam/fom-website/drivers/C/CHALEC01_Charles_Leclerc/chalec01.png.transform/1col/image.png,MON,9175,1223
18,L STROLL,Lance STROLL,STR,Aston Martin,358C75,Lance,Stroll,https://www.formula1.com/content/dam/fom-website/drivers/L/LANSTR01_Lance_Stroll/lanstr01.png.transform/1col/image.png,CAN,9175,1223
20,K MAGNUSSEN,Kevin MAGNUSSEN,MAG,Haas F1 Team,B6BABD,Kevin,Magnussen,https://www.formula1.com/content/dam/fom-website/drivers/K/KEVMAG01_Kevin_Magnussen/kevmag01.png.transform/1col/image.png,DEN,9175,1223
22,Y TSUNODA,Yuki TSUNODA,TSU,AlphaTauri,5E8FAA,Yuki,Tsunoda,https://www.formula1.com/content/dam/fom-website/drivers/Y/YUKTSU01_Yuki_Tsunoda/yuktsu01.png.transform/1col/image.png,JPN,9175,1223
23,A ALBON,Alexander ALBON,ALB,Williams,37BEDD,Alexander,Albon,https://www.formula1.com/content/dam/fom-website/drivers/A/ALEALB01_Alexander_Albon/alealb01.png.transform/1col/image.png,THA,9175,1223
24,G ZHOU,ZHOU Guanyu,ZHO,Alfa Romeo,C92D4B,Guanyu,Zhou,https://www.formula1.com/content/dam/fom-website/drivers/G/GUAZHO01_Guanyu_Zhou/guazho01.png.transform/1col/image.png,CHN,9175,1223
27,N HULKENBERG,Nico HULKENBERG,HUL,Haas F1 Team,B6BABD,Nico,Hulkenberg,https://www.formula1.com/content/dam/fom-website/drivers/N/NICHUL01_Nico_Hulkenberg/nichul01.png.transform/1col/image.png,GER,9175,1223
31,E OCON,Esteban OCON,OCO,Alpine,2293D1,Esteban,Ocon,https://www.formula1.com/content/dam/fom-website/drivers/E/ESTOCO01_Esteban_Ocon/estoco01.png.transform/1col/image.png,FRA,9175,1223
44,L HAMILTON,Lewis HAMILTON,HAM,Mercedes,6CD3BF,Lewis,Hamilton,https://www.formula1.com/content/dam/fom-website/drivers/L/LEWHAM01_Lewis_Hamilton/lewham01.png.transform/1col/image.png,GBR,9175,1223
55,C SAINZ,Carlos SAINZ,SAI,Ferrari,F91536,Carlos,Sainz,https://www.formula1.com/content/dam/fom-website/drivers/C/CARSAI01_Carlos_Sainz/carsai01.png.transform/1col/image.png,ESP,9175,1223
63,G RUSSELL,George RUSSELL,RUS,Mercedes,6CD3BF,George,Russell,https://www.formula1.com/content/dam/fom-website/drivers/G/GEORUS01_George_Russell/georus01.png.transform/1col/image.png,GBR,9175,1223
77,V BOTTAS,Valtteri BOTTAS,BOT,Alfa Romeo,C92D4B,Valtteri,Bottas,https://www.formula1.com/content/dam/fom-website/drivers/V/VALBOT01_Valtteri_Bottas/valbot01.png.transform/1col/image.png,FIN,9175,1223
81,O PIASTRI,Oscar PIASTRI,PIA,McLaren,F58020,Oscar,Piastri,https://www.formula1.com/content/dam/fom-website/drivers/O/OSCPIA01_Oscar_Piastri/oscpia01.png.transform/1col/image.png,AUS,9175,1223
1,M VERSTAPPEN,Max VERSTAPPEN,VER,,,,,,,9176,1223
2,L SARGEANT,Logan SARGEANT,SAR,,,,,,,9176,1223
3,D RICCIARDO,Daniel RICCIARDO,RIC,,,,,,,9176,1223
4,L NORRIS,Lando NORRIS,NOR,,,,,,,9176,1223
10,P GASLY,Pierre GASLY,GAS,,,,,,,9176,1223
11,S PEREZ,Sergio PEREZ,PER,,,,,,,9176,1223
14,F ALONSO,Fernando ALONSO,ALO,,,,,,,9176,1223
16,C LECLERC,Charles LECLERC,LEC,,,,,,,9176,1223
18,L STROLL,Lance STROLL,STR,,,,,,,9176,1223
20,K MAGNUSSEN,Kevin MAGNUSSEN,MAG,,,,,,,9176,1223
22,Y TSUNODA,Yuki TSUNODA,TSU,,,,,,,9176,1223
23,A ALBON,Alexander ALBON,ALB,,,,,,,9176,1223
24,G ZHOU,ZHOU Guanyu,ZHO,,,,,,,9176,1223
27,N HULKENBERG,Nico HULKENBERG,HUL,,,,,,,9176,1223
31,E OCON,Esteban OCON,OCO,,,,,,,9176,1223
44,L HAMILTON,Lewis HAMILTON,HAM,,,,,,,9176,1223
55,C SAINZ,Carlos SAINZ,SAI,,,,,,,9176,1223
63,G RUSSELL,George RUSSELL,RUS,,,,,,,9176,1223
77,V BOTTAS,Valtteri BOTTAS,BOT,,,,,,,9176,1223
81,O PIASTRI,Oscar PIASTRI,PIA,,,,,,,9176,1223
1,M VERSTAPPEN,Max VERSTAPPEN,VER,Red Bull Racing,3671C6,Max,Verstappen,https://www.formula1.com/content/dam/fom-website/drivers/M/MAXVER01_Max_Verstappen/maxver01.png.transform/1col/image.png,NED,9177,1223
2,L SARGEANT,Logan SARGEANT,SAR,Williams,37BEDD,Logan,Sargeant,https://www.formula1.com/content/dam/fom-website/drivers/L/LOGSAR01_Logan_Sargeant/logsar01.png.transform/1col/image.png,USA,9177,1223
3,D RICCIARDO,Daniel RICCIARDO,RIC,AlphaTauri,5E8FAA,Daniel,Ricciardo,,AUS,9177,1223
4,L NORRIS,Lando NORRIS,NOR,McLaren,F58020,Lando,Norris,https://www.formula1.com/content/dam/fom-website/drivers/L/LANNOR01_Lando_Norris/lannor01.png.transform/1col/image.png,GBR,9177,1223
10,P GASLY,Pierre GASLY,GAS,Alpine,2293D1,Pierre,Gasly,https://www.formula1.com/content/dam/fom-website/drivers/P/PIEGAS01_Pierre_Gasly/piegas01.png.transform/1col/image.png,FRA,9177,1223
11,S PEREZ,Sergio PEREZ,PER,Red Bull Racing,3671C6,Sergio,Perez,https://www.formula1.com/content/dam/fom-website/drivers/S/SERPER01_Sergio_Perez/serper01.png.transform/1col/image.png,MEX,9177,1223
14,F ALONSO,Fernando ALONSO,ALO,Aston Martin,358C75,Fernando,Alonso,https://www.formula1.com/content/dam/fom-website/drivers/F/FERALO01_Fernando_Alonso/feralo01.png.transform/1col/image.png,ESP,9177,1223
16,C LECLERC,Charles LECLERC,LEC,Ferrari,F91536,Charles,Leclerc,https://www.formula1.com/content/dam/fom-website/drivers/C/CHALEC01_Charles_Leclerc/chalec01.png.transform/1col/image.png,MON,9177,1223
18,L STROLL,Lance STROLL,STR,Aston Martin,358C75,Lance,Stroll,https://www.formula1.com/content/dam/fom-website/drivers/L/LANSTR01_Lance_Stroll/lanstr01.png.transform/1col/image.png,CAN,9177,1223
20,K MAGNUSSEN,Kevin MAGNUSSEN,MAG,Haas F1 Team,B6BABD,Kevin,Magnussen,https://www.formula1.com/content/dam/fom-website/drivers/K/KEVMAG01_Kevin_Magnussen/kevmag01.png.transform/1col/image.png,DEN,9177,1223
22,Y TSUNODA,Yuki TSUNODA,TSU,AlphaTauri,5E8FAA,Yuki,Tsunoda,https://www.formula1.com/content/dam/fom-website/drivers/Y/YUKTSU01_Yuki_Tsunoda/yuktsu01.png.transform/1col/image.png,JPN,9177,1223
23,A ALBON,Alexander ALBON,ALB,Williams,37BEDD,Alexander,Albon,https://www.formula1.com/content/dam/fom-website/drivers/A/ALEALB01_Alexander_Albon/alealb01.png.transform/1col/image.png,THA,9177,1223
24,G ZHOU,ZHOU Guanyu,ZHO,Alfa Romeo,C92D4B,Guanyu,Zhou,https://www.formula1.com/content/dam/fom-website/drivers/G/GUAZHO01_Guanyu_Zhou/guazho01.png.transform/1col/image.png,CHN,9177,1223
27,N HULKENBERG,Nico HULKENBERG,HUL,Haas F1 Team,B6BABD,Nico,Hulkenberg,https://www.formula1.com/content/dam/fom-website/drivers/N/NICHUL01_Nico_Hulkenberg/nichul01.png.transform/1col/image.png,GER,9177,1223
31,E OCON,Esteban OCON,OCO,Alpine,2293D1,Esteban,Ocon,https://www.formula1.com/content/dam/fom-website/drivers/E/ESTOCO01_Esteban_Ocon/estoco01.png.transform/1col/image.png,FRA,9177,1223
44,L HAMILTON,Lewis HAMILTON,HAM,Mercedes,6CD3BF,Lewis,Hamilton,https://www.formula1.com/content/dam/fom-website/drivers/L/LEWHAM01_Lewis_Hamilton/lewham01.png.transform/1col/image.png,GBR,9177,1223
55,C SAINZ,Carlos SAINZ,SAI,Ferrari,F91536,Carlos,Sainz,https://www.formula1.com/content/dam/fom-website/drivers/C/CARSAI01_Carlos_Sainz/carsai01.png.transform/1col/image.png,ESP,9177,1223
63,G RUSSELL,George RUSSELL,RUS,Mercedes,6CD3BF,George,Russell,https://www.formula1.com/content/dam/fom-website/drivers/G/GEORUS01_George_Russell/georus01.png.transform/1col/image.png,GBR,9177,1223
77,V BOTTAS,Valtteri BOTTAS,BOT,Alfa Romeo,C92D4B,Valtteri,Bottas,https://www.formula1.com/content/dam/fom-website/drivers/V/VALBOT01_Valtteri_Bottas/valbot01.png.transform/1col/image.png,FIN,9177,1223
81,O PIASTRI,Oscar PIASTRI,PIA,McLaren,F58020,Oscar,Piastri,https://www.formula1.com/content/dam/fom-website/drivers/O/OSCPIA01_Oscar_Piastri/oscpia01.png.transform/1col/image.png,AUS,9177,1223
1,M VERSTAPPEN,Max VERSTAPPEN,VER,Red Bull Racing,3671C6,Max,Verstappen,https://www.formula1.com/content/dam/fom-website/drivers/M/MAXVER01_Max_Verstappen/maxver01.png.transform/1col/image.png,NED,9181,1223
2,L SARGEANT,Logan SARGEANT,SAR,Williams,37BEDD,Logan,Sargeant,https://www.formula1.com/content/dam/fom-website/drivers/L/LOGSAR01_Logan_Sargeant/logsar01.png.transform/1col/image.png,USA,9181,1223
3,D RICCIARDO,Daniel RICCIARDO,RIC,AlphaTauri,5E8FAA,Daniel,Ricciardo,,AUS,9181,1223
4,L NORRIS,Lando NORRIS,NOR,McLaren,F58020,Lando,Norris,https://www.formula1.com/content/dam/fom-website/drivers/L/LANNOR01_Lando_Norris/lannor01.png.transform/1col/image.png,GBR,9181,1223
10,P GASLY,Pierre GASLY,GAS,Alpine,2293D1,Pierre,Gasly,https://www.formula1.com/content/dam/fom-website/drivers/P/PIEGAS01_Pierre_Gasly/piegas01.png.transform/1col/image.png,FRA,9181,1223
11,S PEREZ,Sergio PEREZ,PER,Red Bull Racing,3671C6,Sergio,Perez,https://www.formula1.com/content/dam/fom-website/drivers/S/SERPER01_Sergio_Perez/serper01.png.transform/1col/image.png,MEX,9181,1223
14,F ALONSO,Fernando ALONSO,ALO,Aston Martin,358C75,Fernando,Alonso,https://www.formula1.com/content/dam/fom-website/drivers/F/FERALO01_Fernando_Alonso/feralo01.png.transform/1col/image.png,ESP,9181,1223
16,C LECLERC,Charles LECLERC,LEC,Ferrari,F91536,Charles,Leclerc,https://www.formula1.com/content/dam/fom-website/drivers/C/CHALEC01_Charles_Leclerc/chalec01.png.transform/1col/image.png,MON,9181,1223
18,L STROLL,Lance STROLL,STR,Aston Martin,358C75,Lance,Stroll,https://www.formula1.com/content/dam/fom-website/drivers/L/LANSTR01_Lance_Stroll/lanstr01.png.transform/1col/image.png,CAN,9181,1223
20,K MAGNUSSEN,Kevin MAGNUSSEN,MAG,Haas F1 Team,B6BABD,Kevin,Magnussen,https://www.formula1.com/content/dam/fom-website/drivers/K/KEVMAG01_Kevin_Magnussen/kevmag01.png.transform/1col/image.png,DEN,9181,1223
22,Y TSUNODA,Yuki TSUNODA,TSU,AlphaTauri,5E8FAA,Yuki,Tsunoda,https://www.formula1.com/content/dam/fom-website/drivers/Y/YUKTSU01_Yuki_Tsunoda/yuktsu01.png.transform/1col/image.png,JPN,9181,1223
23,A ALBON,Alexander ALBON,ALB,Williams,37BEDD,Alexander,Albon,https://www.formula1.com/content/dam/fom-website/drivers/A/ALEALB01_Alexander_Albon/alealb01.png.transform/1col/image.png,THA,9181,1223
24,G ZHOU,ZHOU Guanyu,ZHO,Alfa Romeo,C92D4B,Guanyu,Zhou,https://www.formula1.com/content/dam/fom-website/drivers/G/GUAZHO01_Guanyu_Zhou/guazho01.png.transform/1col/image.png,CHN,9181,1223
27,N HULKENBERG,Nico HULKENBERG,HUL,Haas F1 Team,B6BABD,Nico,Hulkenberg,https://www.formula1.com/content/dam/fom-website/drivers/N/NICHUL01_Nico_Hulkenberg/nichul01.png.transform/1col/image.png,GER,9181,1223
31,E OCON,Esteban OCON,OCO,Alpine,2293D1,Esteban,Ocon,https://www.formula1.com/content/dam/fom-website/drivers/E/ESTOCO01_Esteban_Ocon/estoco01.png.transform/1col/image.png,FRA,9181,1223
44,L HAMILTON,Lewis HAMILTON,HAM,Mercedes,6CD3BF,Lewis,Hamilton,https://www.formula1.com/content/dam/fom-website/drivers/L/LEWHAM01_Lewis_Hamilton/lewham01.png.transform/1col/image.png,GBR,9181,1223
55,C SAINZ,Carlos SAINZ,SAI,Ferrari,F91536,Carlos,Sainz,https://www.formula1.com/content/dam/fom-website/drivers/C/CARSAI01_Carlos_Sainz/carsai01.png.transform/1col/image.png,ESP,9181,1223
63,G RUSSELL,George RUSSELL,RUS,Mercedes,6CD3BF,George,Russell,https://www.formula1.com/content/dam/fom-website/drivers/G/GEORUS01_George_Russell/georus01.png.transform/1col/image.png,GBR,9181,1223
77,V BOTTAS,Valtteri BOTTAS,BOT,Alfa Romeo,C92D4B,Valtteri,Bottas,https://www.formula1.com/content/dam/fom-website/drivers/V/VALBOT01_Valtteri_Bottas/valbot01.png.transform/1col/image.png,FIN,9181,1223
81,O PIASTRI,Oscar PIASTRI,PIA,McLaren,F58020,Oscar,Piastri,https://www.formula1.com/content/dam/fom-website/drivers/O/OSCPIA01_Oscar_Piastri/oscpia01.png.transform/1col/image.png,AUS,9181,1223
1,M VERSTAPPEN,Max VERSTAPPEN,VER,,,,,,,9198,1224
2,L SARGEANT,Logan SARGEANT,SAR,,,,,,,9198,1224
3,D RICCIARDO,Daniel RICCIARDO,RIC,,,,,,,9198,1224
4,L NORRIS,Lando NORRIS,NOR,,,,,,,9198,1224
10,P GASLY,Pierre GASLY,GAS,,,,,,,9198,1224
11,S PEREZ,Sergio PEREZ,PER,,,,,,,9198,1224
14,F ALONSO,Fernando ALONSO,ALO,,,,,,,9198,1224
16,C LECLERC,Charles LECLERC,LEC,,,,,,,9198,1224
18,L STROLL,Lance STROLL,STR,,,,,,,9198,1224
20,K MAGNUSSEN,Kevin MAGNUSSEN,MAG,,,,,,,9198,1224
22,Y TSUNODA,Yuki TSUNODA,TSU,,,,,,,9198,1224
23,A ALBON,Alexander ALBON,ALB,,,,,,,9198,1224
24,G ZHOU,ZHOU Guanyu,ZHO,,,,,,,9198,1224
27,N HULKENBERG,Nico HULKENBERG,HUL,,,,,,,9198,1224
31,E OCON,Esteban OCON,OCO,,,,,,,9198,1224
44,L HAMILTON,Lewis HAMILTON,HAM,,,,,,,9198,1224
55,C SAINZ,Carlos SAINZ,SAI,,,,,,,9198,1224
63,G RUSSELL,George RUSSELL,RUS,,,,,,,9198,1224
77,V BOTTAS,Valtteri BOTTAS,BOT,,,,,,,9198,1224
81,O PIASTRI,Oscar PIASTRI,PIA,,,,,,,9198,1224
1,M VERSTAPPEN,Max VERSTAPPEN,VER,Red Bull Racing,3671C6,Max,Verstappen,https://www.formula1.com/content/dam/fom-website/drivers/M/MAXVER01_Max_Verstappen/maxver01.png.transform/1col/image.png,NED,9204,1224
2,L SARGEANT,Logan SARGEANT,SAR,Williams,37BEDD,Logan,Sargeant,https://www.formula1.com/content/dam/fom-website/drivers/L/LOGSAR01_Logan_Sargeant/logsar01.png.transform/1col/image.png,USA,9204,1224
3,D RICCIARDO,Daniel RICCIARDO,RIC,AlphaTauri,5E8FAA,Daniel,Ricciardo,,AUS,9204,1224
4,L NORRIS,Lando NORRIS,NOR,McLaren,F58020,Lando,Norris,https://www.formula1.com/content/dam/fom-website/drivers/L/LANNOR01_Lando_Norris/lannor01.png.transform/1col/image.png,GBR,9204,1224
10,P GASLY,Pierre GASLY,GAS,Alpine,2293D1,Pierre,Gasly,https://www.formula1.com/content/dam/fom-website/drivers/P/PIEGAS01_Pierre_Gasly/piegas01.png.transform/1col/image.png,FRA,9204,1224
11,S PEREZ,Sergio PEREZ,PER,Red Bull Racing,3671C6,Sergio,Perez,https://www.formula1.com/content/dam/fom-website/drivers/S/SERPER01_Sergio_Perez/serper01.png.transform/1col/image.png,MEX,9204,1224
14,F ALONSO,Fernando ALONSO,ALO,Aston Martin,358C75,Fernando,Alonso,https://www.formula1.com/content/dam/fom-website/drivers/F/FERALO01_Fernando_Alonso/feralo01.png.transform/1col/image.png,ESP,9204,1224
16,C LECLERC,Charles LECLERC,LEC,Ferrari,F91536,Charles,Leclerc,https://www.formula1.com/content/dam/fom-website/drivers/C/CHALEC01_Charles_Leclerc/chalec01.png.transform/1col/image.png,MON,9204,1224
18,L STROLL,Lance STROLL,STR,Aston Martin,358C75,Lance,Stroll,https://www.formula1.com/content/dam/fom-website/drivers/L/LANSTR01_Lance_Stroll/lanstr01.png.transform/1col/image.png,CAN,9204,1224
20,K MAGNUSSEN,Kevin MAGNUSSEN,MAG,Haas F1 Team,B6BABD,Kevin,Magnussen,https://www.formula1.com/content/dam/fom-website/drivers/K/KEVMAG01_Kevin_Magnussen/kevmag01.png.transform/1col/image.png,DEN,9204,1224
22,Y TSUNODA,Yuki TSUNODA,TSU,AlphaTauri,5E8FAA,Yuki,Tsunoda,https://www.formula1.com/content/dam/fom-website/drivers/Y/YUKTSU01_Yuki_Tsunoda/yuktsu01.png.transform/1col/image.png,JPN,9204,1224
23,A ALBON,Alexander ALBON,ALB,Williams,37BEDD,Alexander,Albon,https://www.formula1.com/content/dam/fom-website/drivers/A/ALEALB01_Alexander_Albon/alealb01.png.transform/1col/image.png,THA,9204,1224
24,G ZHOU,ZHOU Guanyu,ZHO,Alfa Romeo,C92D4B,Guanyu,Zhou,https://www.formula1.com/content/dam/fom-website/drivers/G/GUAZHO01_Guanyu_Zhou/guazho01.png.transform/1col/image.png,CHN,9204,1224
27,N HULKENBERG,Nico HULKENBERG,HUL,Haas F1 Team,B6BABD,Nico,Hulkenberg,https://www.formula1.com/content/dam/fom-website/drivers/N/NICHUL01_Nico_Hulkenberg/nichul01.png.transform/1col/image.png,GER,9204,1224
31,E OCON,Esteban OCON,OCO,Alpine,2293D1,Esteban,Ocon,https://www.formula1.com/content/dam/fom-website/drivers/E/ESTOCO01_Esteban_Ocon/estoco01.png.transform/1col/image.png,FRA,9204,1224
44,L HAMILTON,Lewis HAMILTON,HAM,Mercedes,6CD3BF,Lewis,Hamilton,https://www.formula1.com/content/dam/fom-website/drivers/L/LEWHAM01_Lewis_Hamilton/lewham01.png.transform/1col/image.png,GBR,9204,1224
55,C SAINZ,Carlos SAINZ,SAI,Ferrari,F91536,Carlos,Sainz,https://www.formula1.com/content/dam/fom-website/drivers/C/CARSAI01_Carlos_Sainz/carsai01.png.transform/1col/image.png,ESP,9204,1224
63,G RUSSELL,George RUSSELL,RUS,Mercedes,6CD3BF,George,Russell,https://www.formula1.com/content/dam/fom-website/drivers/G/GEORUS01_George_Russell/georus01.png.transform/1col/image.png,GBR,9204,1224
77,V BOTTAS,Valtteri BOTTAS,BOT,Alfa Romeo,C92D4B,Valtteri,Bottas,https://www.formula1.com/content/dam/fom-website/drivers/V/VALBOT01_Valtteri_Bottas/valbot01.png.transform/1col/image.png,FIN,9204,1224
81,O PIASTRI,Oscar PIASTRI,PIA,McLaren,F58020,Oscar,Piastri,https://www.formula1.com/content/dam/fom-website/drivers/O/OSCPIA01_Oscar_Piastri/oscpia01.png.transform/1col/image.png,AUS,9204,1224
1,M VERSTAPPEN,Max VERSTAPPEN,VER,Red Bull Racing,3671C6,Max,Verstappen,https://www.formula1.com/content/dam/fom-website/drivers/M/MAXVER01_Max_Verstappen/maxver01.png.transform/1col/image.png,NED,9205,1224
2,L SARGEANT,Logan SARGEANT,SAR,Williams,37BEDD,Logan,Sargeant,https://www.formula1.com/content/dam/fom-website/drivers/L/LOGSAR01_Logan_Sargeant/logsar01.png.transform/1col/image.png,USA,9205,1224
3,D RICCIARDO,Daniel RICCIARDO,RIC,AlphaTauri,5E8FAA,Daniel,Ricciardo,,AUS,9205,1224
4,L NORRIS,Lando NORRIS,NOR,McLaren,F58020,Lando,Norris,https://www.formula1.com/content/dam/fom-website/drivers/L/LANNOR01_Lando_Norris/lannor01.png.transform/1col/image.png,GBR,9205,1224
10,P GASLY,Pierre GASLY,GAS,Alpine,2293D1,Pierre,Gasly,https://www.formula1.com/content/dam/fom-website/drivers/P/PIEGAS01_Pierre_Gasly/piegas01.png.transform/1col/image.png,FRA,9205,1224
11,S PEREZ,Sergio PEREZ,PER,Red Bull Racing,3671C6,Sergio,Perez,https://www.formula1.com/content/dam/fom-website/drivers/S/SERPER01_Sergio_Perez/serper01.png.transform/1col/image.png,MEX,9205,1224
14,F ALONSO,Fernando ALONSO,ALO,Aston Martin,358C75,Fernando,Alonso,https://www.formula1.com/content/dam/fom-website/drivers/F/FERALO01_Fernando_Alonso/feralo01.png.transform/1col/image.png,ESP,9205,1224
16,C LECLERC,Charles LECLERC,LEC,Ferrari,F91536,Charles,Leclerc,https://www.formula1.com/content/dam/fom-website/drivers/C/CHALEC01_Charles_Leclerc/chalec01.png.transform/1col/image.png,MON,9205,1224
18,L STROLL,Lance STROLL,STR,Aston Martin,358C75,Lance,Stroll,https://www.formula1.com/content/dam/fom-website/drivers/L/LANSTR01_Lance_Stroll/lanstr01.png.transform/1col/image.png,CAN,9205,1224
20,K MAGNUSSEN,Kevin MAGNUSSEN,MAG,Haas F1 Team,B6BABD,Kevin,Magnussen,https://www.formula1.com/content/dam/fom-website/drivers/K/KEVMAG01_Kevin_Magnussen/kevmag01.png.transform/1col/image.png,DEN,9205,1224
22,Y TSUNODA,Yuki TSUNODA,TSU,AlphaTauri,5E8FAA,Yuki,Tsunoda,https://www.formula1.com/content/dam/fom-website/drivers/Y/YUKTSU01_Yuki_Tsunoda/yuktsu01.png.transform/1col/image.png,JPN,9205,1224
23,A ALBON,Alexander ALBON,ALB,Williams,37BEDD,Alexander,Albon,https://www.formula1.com/content/dam/fom-website/drivers/A/ALEALB01_Alexander_Albon/alealb01.png.transform/1col/image.png,THA,9205,1224
24,G ZHOU,ZHOU Guanyu,ZHO,Alfa Romeo,C92D4B,Guanyu,Zhou,https://www.formula1.com/content/dam/fom-website/drivers/G/GUAZHO01_Guanyu_Zhou/guazho01.png.transform/1col/image.png,CHN,9205,1224
27,N HULKENBERG,Nico HULKENBERG,HUL,Haas F1 Team,B6BABD,Nico,Hulkenberg,https://www.formula1.com/content/dam/fom-website/drivers/N/NICHUL01_Nico_Hulkenberg/nichul01.png.transform/1col/image.png,GER,9205,1224
31,E OCON,Esteban OCON,OCO,Alpine,2293D1,Esteban,Ocon,https://www.formula1.com/content/dam/fom-website/drivers/E/ESTOCO01_Esteban_Ocon/estoco01.png.transform/1col/image.png,FRA,9205,1224
44,L HAMILTON,Lewis HAMILTON,HAM,Mercedes,6CD3BF,Lewis,Hamilton,https://www.formula1.com/content/dam/fom-website/drivers/L/LEWHAM01_Lewis_Hamilton/lewham01.png.transform/1col/image.png,GBR,9205,1224
55,C SAINZ,Carlos SAINZ,SAI,Ferrari,F91536,Carlos,Sainz,https://www.formula1.com/content/dam/fom-website/drivers/C/CARSAI01_Carlos_Sainz/carsai01.png.transform/1col/image.png,ESP,9205,1224
63,G RUSSELL,George RUSSELL,RUS,Mercedes,6CD3BF,George,Russell,https://www.formula1.com/content/dam/fom-website/drivers/G/GEORUS01_George_Russell/georus01.png.transform/1col/image.png,GBR,9205,1224
77,V BOTTAS,Valtteri BOTTAS,BOT,Alfa Romeo,C92D4B,Valtteri,Bottas,https://www.formula1.com/content/dam/fom-website/drivers/V/VALBOT01_Valtteri_Bottas/valbot01.png.transform/1col/image.png,FIN,9205,1224
81,O PIASTRI,Oscar PIASTRI,PIA,McLaren,F58020,Oscar,Piastri,https://www.formula1.com/content/dam/fom-website/drivers/O/OSCPIA01_Oscar_Piastri/oscpia01.png.transform/1col/image.png,AUS,9205,1224
1,M VERSTAPPEN,Max VERSTAPPEN,VER,Red Bull Racing,3671C6,Max,Verstappen,https://www.formula1.com/content/dam/fom-website/drivers/M/MAXVER01_Max_Verstappen/maxver01.png.transform/1col/image.png,NED,9304,1224
2,L SARGEANT,Logan SARGEANT,SAR,Williams,37BEDD,Logan,Sargeant,https://www.formula1.com/content/dam/fom-website/drivers/L/LOGSAR01_Logan_Sargeant/logsar01.png.transform/1col/image.png,USA,9304,1224
3,D RICCIARDO,Daniel RICCIARDO,RIC,AlphaTauri,5E8FAA,Daniel,Ricciardo,,AUS,9304,1224
4,L NORRIS,Lando NORRIS,NOR,McLaren,F58020,Lando,Norris,https://www.formula1.com/content/dam/fom-website/drivers/L/LANNOR01_Lando_Norris/lannor01.png.transform/1col/image.png,GBR,9304,1224
10,P GASLY,Pierre GASLY,GAS,Alpine,2293D1,Pierre,Gasly,https://www.formula1.com/content/dam/fom-website/drivers/P/PIEGAS01_Pierre_Gasly/piegas01.png.transform/1col/image.png,FRA,9304,1224
11,S PEREZ,Sergio PEREZ,PER,Red Bull Racing,3671C6,Sergio,Perez,https://www.formula1.com/content/dam/fom-website/drivers/S/SERPER01_Sergio_Perez/serper01.png.transform/1col/image.png,MEX,9304,1224
14,F ALONSO,Fernando ALONSO,ALO,Aston Martin,358C75,Fernando,Alonso,https://www.formula1.com/content/dam/fom-website/drivers/F/FERALO01_Fernando_Alonso/feralo01.png.transform/1col/image.png,ESP,9304,1224
16,C LECLERC,Charles LECLERC,LEC,Ferrari,F91536,Charles,Leclerc,https://www.formula1.com/content/dam/fom-website/drivers/C/CHALEC01_Charles_Leclerc/chalec01.png.transform/1col/image.png,MON,9304,1224
18,L STROLL,Lance STROLL,STR,Aston Martin,358C75,Lance,Stroll,https://www.formula1.com/content/dam/fom-website/drivers/L/LANSTR01_Lance_Stroll/lanstr01.png.transform/1col/image.png,CAN,9304,1224
20,K MAGNUSSEN,Kevin MAGNUSSEN,MAG,Haas F1 Team,B6BABD,Kevin,Magnussen,https://www.formula1.com/content/dam/fom-website/drivers/K/KEVMAG01_Kevin_Magnussen/kevmag01.png.transform/1col/image.png,DEN,9304,1224
22,Y TSUNODA,Yuki TSUNODA,TSU,AlphaTauri,5E8FAA,Yuki,Tsunoda,https://www.formula1.com/content/dam/fom-website/drivers/Y/YUKTSU01_Yuki_Tsunoda/yuktsu01.png.transform/1col/image.png,JPN,9304,1224
23,A ALBON,Alexander ALBON,ALB,Williams,37BEDD,Alexander,Albon,https://www.formula1.com/content/dam/fom-website/drivers/A/ALEALB01_Alexander_Albon/alealb01.png.transform/1col/image.png,THA,9304,1224
24,G ZHOU,ZHOU Guanyu,ZHO,Alfa Romeo,C92D4B,Guanyu,Zhou,https://www.formula1.com/content/dam/fom-website/drivers/G/GUAZHO01_Guanyu_Zhou/guazho01.png.transform/1col/image.png,CHN,9304,1224
27,N HULKENBERG,Nico HULKENBERG,HUL,Haas F1 Team,B6BABD,Nico,Hulkenberg,https://www.formula1.com/content/dam/fom-website/drivers/N/NICHUL01_Nico_Hulkenberg/nichul01.png.transform/1col/image.png,GER,9304,1224
31,E OCON,Esteban OCON,OCO,Alpine,2293D1,Esteban,Ocon,https://www.formula1.com/content/dam/fom-website/drivers/E/ESTOCO01_Esteban_Ocon/estoco01.png.transform/1col/image.png,FRA,9304,1224
44,L HAMILTON,Lewis HAMILTON,HAM,Mercedes,6CD3BF,Lewis,Hamilton,https://www.formula1.com/content/dam/fom-website/drivers/L/LEWHAM01_Lewis_Hamilton/lewham01.png.transform/1col/image.png,GBR,9304,1224
55,C SAINZ,Carlos SAINZ,SAI,Ferrari,F91536,Carlos,Sainz,https://www.formula1.com/content/dam/fom-website/drivers/C/CARSAI01_Carlos_Sainz/carsai01.png.transform/1col/image.png,ESP,9304,1224
63,G RUSSELL,George RUSSELL,RUS,Mercedes,6CD3BF,George,Russell,https://www.formula1.com/content/dam/fom-website/drivers/G/GEORUS01_George_Russell/georus01.png.transform/1col/image.png,GBR,9304,1224
77,V BOTTAS,Valtteri BOTTAS,BOT,Alfa Romeo,C92D4B,Valtteri,Bottas,https://www.formula1.com/content/dam/fom-website/drivers/V/VALBOT01_Valtteri_Bottas/valbot01.png.transform/1col/image.png,FIN,9304,1224
81,O PIASTRI,Oscar PIASTRI,PIA,McLaren,F58020,Oscar,Piastri,https://www.formula1.com/content/dam/fom-website/drivers/O/OSCPIA01_Oscar_Piastri/oscpia01.png.transform/1col/image.png,AUS,9304,1224
1,M VERSTAPPEN,Max VERSTAPPEN,VER,Red Bull Racing,3671C6,Max,Verstappen,https://www.formula1.com/content/dam/fom-website/drivers/M/MAXVER01_Max_Verstappen/maxver01.png.transform/1col/image.png,NED,9308,1224
2,L SARGEANT,Logan SARGEANT,SAR,Williams,37BEDD,Logan,Sargeant,https://www.formula1.com/content/dam/fom-website/drivers/L/LOGSAR01_Logan_Sargeant/logsar01.png.transform/1col/image.png,USA,9308,1224
3,D RICCIARDO,Daniel RICCIARDO,RIC,AlphaTauri,5E8FAA,Daniel,Ricciardo,,AUS,9308,1224
4,L NORRIS,Lando NORRIS,NOR,McLaren,F58020,Lando,Norris,https://www.formula1.com/content/dam/fom-website/drivers/L/LANNOR01_Lando_Norris/lannor01.png.transform/1col/image.png,GBR,9308,1224
10,P GASLY,Pierre GASLY,GAS,Alpine,2293D1,Pierre,Gasly,https://www.formula1.com/content/dam/fom-website/drivers/P/PIEGAS01_Pierre_Gasly/piegas01.png.transform/1col/image.png,FRA,9308,1224
11,S PEREZ,Sergio PEREZ,PER,Red Bull Racing,3671C6,Sergio,Perez,https://www.formula1.com/content/dam/fom-website/drivers/S/SERPER01_Sergio_Perez/serper01.png.transform/1col/image.png,MEX,9308,1224
14,F ALONSO,Fernando ALONSO,ALO,Aston Martin,358C75,Fernando,Alonso,https://www.formula1.com/content/dam/fom-website/drivers/F/FERALO01_Fernando_Alonso/feralo01.png.transform/1col/image.png,ESP,9308,1224
16,C LECLERC,Charles LECLERC,LEC,Ferrari,F91536,Charles,Leclerc,https://www.formula1.com/content/dam/fom-website/drivers/C/CHALEC01_Charles_Leclerc/chalec01.png.transform/1col/image.png,MON,9308,1224
18,L STROLL,Lance STROLL,STR,Aston Martin,358C75,Lance,Stroll,https://www.formula1.com/content/dam/fom-website/drivers/L/LANSTR01_Lance_Stroll/lanstr01.png.transform/1col/image.png,CAN,9308,1224
20,K MAGNUSSEN,Kevin MAGNUSSEN,MAG,Haas F1 Team,B6BABD,Kevin,Magnussen,https://www.formula1.com/content/dam/fom-website/drivers/K/KEVMAG01_Kevin_Magnussen/kevmag01.png.transform/1col/image.png,DEN,9308,1224
22,Y TSUNODA,Yuki TSUNODA,TSU,AlphaTauri,5E8FAA,Yuki,Tsunoda,https://www.formula1.com/content/dam/fom-website/drivers/Y/YUKTSU01_Yuki_Tsunoda/yuktsu01.png.transform/1col/image.png,JPN,9308,1224
23,A ALBON,Alexander ALBON,ALB,Williams,37BEDD,Alexander,Albon,https://www.formula1.com/content/dam/fom-website/drivers/A/ALEALB01_Alexander_Albon/alealb01.png.transform/1col/image.png,THA,9308,1224
24,G ZHOU,ZHOU Guanyu,ZHO,Alfa Romeo,C92D4B,Guanyu,Zhou,https://www.formula1.com/content/dam/fom-website/drivers/G/GUAZHO01_Guanyu_Zhou/guazho01.png.transform/1col/image.png,CHN,9308,1224
27,N HULKENBERG,Nico HULKENBERG,HUL,Haas F1 Team,B6BABD,Nico,Hulkenberg,https://www.formula1.com/content/dam/fom-website/drivers/N/NICHUL01_Nico_Hulkenberg/nichul01.png.transform/1col/image.png,GER,9308,1224
31,E OCON,Esteban OCON,OCO,Alpine,2293D1,Esteban,Ocon,https://www.formula1.com/content/dam/fom-website/drivers/E/ESTOCO01_Esteban_Ocon/estoco01.png.transform/1col/image.png,FRA,9308,1224
44,L HAMILTON,Lewis HAMILTON,HAM,Mercedes,6CD3BF,Lewis,Hamilton,https://www.formula1.com/content/dam/fom-website/drivers/L/LEWHAM01_Lewis_Hamilton/lewham01.png.transform/1col/image.png,GBR,9308,1224
55,C SAINZ,Carlos SAINZ,SAI,Ferrari,F91536,Carlos,Sainz,https://www.formula1.com/content/dam/fom-website/drivers/C/CARSAI01_Carlos_Sainz/carsai01.png.transform/1col/image.png,ESP,9308,1224
63,G RUSSELL,George RUSSELL,RUS,Mercedes,6CD3BF,George,Russell,https://www.formula1.com/content/dam/fom-website/drivers/G/GEORUS01_George_Russell/georus01.png.transform/1col/image.png,GBR,9308,1224
77,V BOTTAS,Valtteri BOTTAS,BOT,Alfa Romeo,C92D4B,Valtteri,Bottas,https://www.formula1.com/content/dam/fom-website/drivers/V/VALBOT01_Valtteri_Bottas/valbot01.png.transform/1col/image.png,FIN,9308,1224
81,O PIASTRI,Oscar PIASTRI,PIA,McLaren,F58020,Oscar,Piastri,https://www.formula1.com/content/dam/fom-website/drivers/O/OSCPIA01_Oscar_Piastri/oscpia01.png.transform/1col/image.png,AUS,9308,1224
1,M VERSTAPPEN,Max VERSTAPPEN,VER,Red Bull Racing,3671C6,Max,Verstappen,https://www.formula1.com/content/dam/fom-website/drivers/M/MAXVER01_Max_Verstappen/maxver01.png.transform/1col/image.png,NED,9182,1225
2,L SARGEANT,Logan SARGEANT,SAR,Williams,37BEDD,Logan,Sargeant,https://www.formula1.com/content/dam/fom-website/drivers/L/LOGSAR01_Logan_Sargeant/logsar01.png.transform/1col/image.png,USA,9182,1225
3,D RICCIARDO,Daniel RICCIARDO,RIC,AlphaTauri,5E8FAA,Daniel,Ricciardo,,AUS,9182,1225
4,L NORRIS,Lando NORRIS,NOR,McLaren,F58020,Lando,Norris,https://www.formula1.com/content/dam/fom-website/drivers/L/LANNOR01_Lando_Norris/lannor01.png.transform/1col/image.png,GBR,9182,1225
10,P GASLY,Pierre GASLY,GAS,Alpine,2293D1,Pierre,Gasly,https://www.formula1.com/content/dam/fom-website/drivers/P/PIEGAS01_Pierre_Gasly/piegas01.png.transform/1col/image.png,FRA,9182,1225
11,S PEREZ,Sergio PEREZ,PER,Red Bull Racing,3671C6,Sergio,Perez,https://www.formula1.com/content/dam/fom-website/drivers/S/SERPER01_Sergio_Perez/serper01.png.transform/1col/image.png,MEX,9182,1225
14,F ALONSO,Fernando ALONSO,ALO,Aston Martin,358C75,Fernando,Alonso,https://www.formula1.com/content/dam/fom-website/drivers/F/FERALO01_Fernando_Alonso/feralo01.png.transform/1col/image.png,ESP,9182,1225
16,C LECLERC,Charles LECLERC,LEC,Ferrari,F91536,Charles,Leclerc,https://www.formula1.com/content/dam/fom-website/drivers/C/CHALEC01_Charles_Leclerc/chalec01.png.transform/1col/image.png,MON,9182,1225
18,L STROLL,Lance STROLL,STR,Aston Martin,358C75,Lance,Stroll,https://www.formula1.com/content/dam/fom-website/drivers/L/LANSTR01_Lance_Stroll/lanstr01.png.transform/1col/image.png,CAN,9182,1225
20,K MAGNUSSEN,Kevin MAGNUSSEN,MAG,Haas F1 Team,B6BABD,Kevin,Magnussen,https://www.formula1.com/content/dam/fom-website/drivers/K/KEVMAG01_Kevin_Magnussen/kevmag01.png.transform/1col/image.png,DEN,9182,1225
22,Y TSUNODA,Yuki TSUNODA,TSU,AlphaTauri,5E8FAA,Yuki,Tsunoda,https://www.formula1.com/content/dam/fom-website/drivers/Y/YUKTSU01_Yuki_Tsunoda/yuktsu01.png.transform/1col/image.png,JPN,9182,1225
23,A ALBON,Alexander ALBON,ALB,Williams,37BEDD,Alexander,Albon,https://www.formula1.com/content/dam/fom-website/drivers/A/ALEALB01_Alexander_Albon/alealb01.png.transform/1col/image.png,THA,9182,1225
24,G ZHOU,ZHOU Guanyu,ZHO,Alfa Romeo,C92D4B,Guanyu,Zhou,https://www.formula1.com/content/dam/fom-website/drivers/G/GUAZHO01_Guanyu_Zhou/guazho01.png.transform/1col/image.png,CHN,9182,1225
27,N HULKENBERG,Nico HULKENBERG,HUL,Haas F1 Team,B6BABD,Nico,Hulkenberg,https://www.formula1.com/content/dam/fom-website/drivers/N/NICHUL01_Nico_Hulkenberg/nichul01.png.transform/1col/image.png,GER,9182,1225
31,E OCON,Esteban OCON,OCO,Alpine,2293D1,Esteban,Ocon,https://www.formula1.com/content/dam/fom-website/drivers/E/ESTOCO01_Esteban_Ocon/estoco01.png.transform/1col/image.png,FRA,9182,1225
44,L HAMILTON,Lewis HAMILTON,HAM,Mercedes,6CD3BF,Lewis,Hamilton,https://www.formula1.com/content/dam/fom-website/drivers/L/LEWHAM01_Lewis_Hamilton/lewham01.png.transform/1col/image.png,GBR,9182,1225
55,C SAINZ,Carlos SAINZ,SAI,Ferrari,F91536,Carlos,Sainz,https://www.formula1.com/content/dam/fom-website/drivers/C/CARSAI01_Carlos_Sainz/carsai01.png.transform/1col/image.png,ESP,9182,1225
63,G RUSSELL,George RUSSELL,RUS,Mercedes,6CD3BF,George,Russell,https://www.formula1.com/content/dam/fom-website/drivers/G/GEORUS01_George_Russell/georus01.png.transform/1col/image.png,GBR,9182,1225
77,V BOTTAS,Valtteri BOTTAS,BOT,Alfa Romeo,C92D4B,Valtteri,Bottas,https://www.formula1.com/content/dam/fom-website/drivers/V/VALBOT01_Valtteri_Bottas/valbot01.png.transform/1col/image.png,FIN,9182,1225
81,O PIASTRI,Oscar PIASTRI,PIA,McLaren,F58020,Oscar,Piastri,https://www.formula1.com/content/dam/fom-website/drivers/O/OSCPIA01_Oscar_Piastri/oscpia01.png.transform/1col/image.png,AUS,9182,1225
1,M VERSTAPPEN,Max VERSTAPPEN,VER,Red Bull Racing,3671C6,Max,Verstappen,https://www.formula1.com/content/dam/fom-website/drivers/M/MAXVER01_Max_Verstappen/maxver01.png.transform/1col/image.png,NED,9183,1225
2,L SARGEANT,Logan SARGEANT,SAR,Williams,37BEDD,Logan,Sargeant,https://www.formula1.com/content/dam/fom-website/drivers/L/LOGSAR01_Logan_Sargeant/logsar01.png.transform/1col/image.png,USA,9183,1225
3,D RICCIARDO,Daniel RICCIARDO,RIC,AlphaTauri,5E8FAA,Daniel,Ricciardo,,AUS,9183,1225
4,L NORRIS,Lando NORRIS,NOR,McLaren,F58020,Lando,Norris,https://www.formula1.com/content/dam/fom-website/drivers/L/LANNOR01_Lando_Norris/lannor01.png.transform/1col/image.png,GBR,9183,1225
10,P GASLY,Pierre GASLY,GAS,Alpine,2293D1,Pierre,Gasly,https://www.formula1.com/content/dam/fom-website/drivers/P/PIEGAS01_Pierre_Gasly/piegas01.png.transform/1col/image.png,FRA,9183,1225
11,S PEREZ,Sergio PEREZ,PER,Red Bull Racing,3671C6,Sergio,Perez,https://www.formula1.com/content/dam/fom-website/drivers/S/SERPER01_Sergio_Perez/serper01.png.transform/1col/image.png,MEX,9183,1225
14,F ALONSO,Fernando ALONSO,ALO,Aston Martin,358C75,Fernando,Alonso,https://www.formula1.com/content/dam/fom-website/drivers/F/FERALO01_Fernando_Alonso/feralo01.png.transform/1col/image.png,ESP,9183,1225
16,C LECLERC,Charles LECLERC,LEC,Ferrari,F91536,Charles,Leclerc,https://www.formula1.com/content/dam/fom-website/drivers/C/CHALEC01_Charles_Leclerc/chalec01.png.transform/1col/image.png,MON,9183,1225
18,L STROLL,Lance STROLL,STR,Aston Martin,358C75,Lance,Stroll,https://www.formula1.com/content/dam/fom-website/drivers/L/LANSTR01_Lance_Stroll/lanstr01.png.transform/1col/image.png,CAN,9183,1225
20,K MAGNUSSEN,Kevin MAGNUSSEN,MAG,Haas F1 Team,B6BABD,Kevin,Magnussen,https://www.formula1.com/content/dam/fom-website/drivers/K/KEVMAG01_Kevin_Magnussen/kevmag01.png.transform/1col/image.png,DEN,9183,1225
22,Y TSUNODA,Yuki TSUNODA,TSU,AlphaTauri,5E8FAA,Yuki,Tsunoda,https://www.formula1.com/content/dam/fom-website/drivers/Y/YUKTSU01_Yuki_Tsunoda/yuktsu01.png.transform/1col/image.png,JPN,9183,1225
23,A ALBON,Alexander ALBON,ALB,Williams,37BEDD,Alexander,Albon,https://www.formula1.com/content/dam/fom-website/drivers/A/ALEALB01_Alexander_Albon/alealb01.png.transform/1col/image.png,THA,9183,1225
24,G ZHOU,ZHOU Guanyu,ZHO,Alfa Romeo,C92D4B,Guanyu,Zhou,https://www.formula1.com/content/dam/fom-website/drivers/G/GUAZHO01_Guanyu_Zhou/guazho01.png.transform/1col/image.png,CHN,9183,1225
27,N HULKENBERG,Nico HULKENBERG,HUL,Haas F1 Team,B6BABD,Nico,Hulkenberg,https://www.formula1.com/content/dam/fom-website/drivers/N/NICHUL01_Nico_Hulkenberg/nichul01.png.transform/1col/image.png,GER,9183,1225
31,E OCON,Esteban OCON,OCO,Alpine,2293D1,Esteban,Ocon,https://www.formula1.com/content/dam/fom-website/drivers/E/ESTOCO01_Esteban_Ocon/estoco01.png.transform/1col/image.png,FRA,9183,1225
44,L HAMILTON,Lewis HAMILTON,HAM,Mercedes,6CD3BF,Lewis,Hamilton,https://www.formula1.com/content/dam/fom-website/drivers/L/LEWHAM01_Lewis_Hamilton/lewham01.png.transform/1col/image.png,GBR,9183,1225
55,C SAINZ,Carlos SAINZ,SAI,Ferrari,F91536,Carlos,Sainz,https://www.formula1.com/content/dam/fom-website/drivers/C/CARSAI01_Carlos_Sainz/carsai01.png.transform/1col/image.png,ESP,9183,1225
63,G RUSSELL,George RUSSELL,RUS,Mercedes,6CD3BF,George,Russell,https://www.formula1.com/content/dam/fom-website/drivers/G/GEORUS01_George_Russell/georus01.png.transform/1col/image.png,GBR,9183,1225
77,V BOTTAS,Valtteri BOTTAS,BOT,Alfa Romeo,C92D4B,Valtteri,Bottas,https://www.formula1.com/content/dam/fom-website/drivers/V/VALBOT01_Valtteri_Bottas/valbot01.png.transform/1col/image.png,FIN,9183,1225
81,O PIASTRI,Oscar PIASTRI,PIA,McLaren,F58020,Oscar,Piastri,https://www.formula1.com/content/dam/fom-website/drivers/O/OSCPIA01_Oscar_Piastri/oscpia01.png.transform/1col/image.png,AUS,9183,1225
1,M VERSTAPPEN,Max VERSTAPPEN,VER,Red Bull Racing,3671C6,Max,Verstappen,https://www.formula1.com/content/dam/fom-website/drivers/M/MAXVER01_Max_Verstappen/maxver01.png.transform/1col/image.png,NED,9184,1225
2,L SARGEANT,Logan SARGEANT,SAR,Williams,37BEDD,Logan,Sargeant,https://www.formula1.com/content/dam/fom-website/drivers/L/LOGSAR01_Logan_Sargeant/logsar01.png.transform/1col/image.png,USA,9184,1225
3,D RICCIARDO,Daniel RICCIARDO,RIC,AlphaTauri,5E8FAA,Daniel,Ricciardo,,AUS,9184,1225
4,L NORRIS,Lando NORRIS,NOR,McLaren,F58020,Lando,Norris,https://www.formula1.com/content/dam/fom-website/drivers/L/LANNOR01_Lando_Norris/lannor01.png.transform/1col/image.png,GBR,9184,1225
10,P GASLY,Pierre GASLY,GAS,Alpine,2293D1,Pierre,Gasly,https://www.formula1.com/content/dam/fom-website/drivers/P/PIEGAS01_Pierre_Gasly/piegas01.png.transform/1col/image.png,FRA,9184,1225
11,S PEREZ,Sergio PEREZ,PER,Red Bull Racing,3671C6,Sergio,Perez,https://www.formula1.com/content/dam/fom-website/drivers/S/SERPER01_Sergio_Perez/serper01.png.transform/1col/image.png,MEX,9184,1225
14,F ALONSO,Fernando ALONSO,ALO,Aston Martin,358C75,Fernando,Alonso,https://www.formula1.com/content/dam/fom-website/drivers/F/FERALO01_Fernando_Alonso/feralo01.png.transform/1col/image.png,ESP,9184,1225
16,C LECLERC,Charles LECLERC,LEC,Ferrari,F91536,Charles,Leclerc,https://www.formula1.com/content/dam/fom-website/drivers/C/CHALEC01_Charles_Leclerc/chalec01.png.transform/1col/image.png,MON,9184,1225
18,L STROLL,Lance STROLL,STR,Aston Martin,358C75,Lance,Stroll,https://www.formula1.com/content/dam/fom-website/drivers/L/LANSTR01_Lance_Stroll/lanstr01.png.transform/1col/image.png,CAN,9184,1225
20,K MAGNUSSEN,Kevin MAGNUSSEN,MAG,Haas F1 Team,B6BABD,Kevin,Magnussen,https://www.formula1.com/content/dam/fom-website/drivers/K/KEVMAG01_Kevin_Magnussen/kevmag01.png.transform/1col/image.png,DEN,9184,1225
22,Y TSUNODA,Yuki TSUNODA,TSU,AlphaTauri,5E8FAA,Yuki,Tsunoda,https://www.formula1.com/content/dam/fom-website/drivers/Y/YUKTSU01_Yuki_Tsunoda/yuktsu01.png.transform/1col/image.png,JPN,9184,1225
23,A ALBON,Alexander ALBON,ALB,Williams,37BEDD,Alexander,Albon,https://www.formula1.com/content/dam/fom-website/drivers/A/ALEALB01_Alexander_Albon/alealb01.png.transform/1col/image.png,THA,9184,1225
24,G ZHOU,ZHOU Guanyu,ZHO,Alfa Romeo,C92D4B,Guanyu,Zhou,https://www.formula1.com/content/dam/fom-website/drivers/G/GUAZHO01_Guanyu_Zhou/guazho01.png.transform/1col/image.png,CHN,9184,1225
27,N HULKENBERG,Nico HULKENBERG,HUL,Haas F1 Team,B6BABD,Nico,Hulkenberg,https://www.formula1.com/content/dam/fom-website/drivers/N/NICHUL01_Nico_Hulkenberg/nichul01.png.transform/1col/image.png,GER,9184,1225
31,E OCON,Esteban OCON,OCO,Alpine,2293D1,Esteban,Ocon,https://www.formula1.com/content/dam/fom-website/drivers/E/ESTOCO01_Esteban_Ocon/estoco01.png.transform/1col/image.png,FRA,9184,1225
44,L HAMILTON,Lewis HAMILTON,HAM,Mercedes,6CD3BF,Lewis,Hamilton,https://www.formula1.com/content/dam/fom-website/drivers/L/LEWHAM01_Lewis_Hamilton/lewham01.png.transform/1col/image.png,GBR,9184,1225
55,C SAINZ,Carlos SAINZ,SAI,Ferrari,F91536,Carlos,Sainz,https://www.formula1.com/content/dam/fom-website/drivers/C/CARSAI01_Carlos_Sainz/carsai01.png.transform/1col/image.png,ESP,9184,1225
63,G RUSSELL,George RUSSELL,RUS,Mercedes,6CD3BF,George,Russell,https://www.formula1.com/content/dam/fom-website/drivers/G/GEORUS01_George_Russell/georus01.png.transform/1col/image.png,GBR,9184,1225
77,V BOTTAS,Valtteri BOTTAS,BOT,Alfa Romeo,C92D4B,Valtteri,Bottas,https://www.formula1.com/content/dam/fom-website/drivers/V/VALBOT01_Valtteri_Bottas/valbot01.png.transform/1col/image.png,FIN,9184,1225
81,O PIASTRI,Oscar PIASTRI,PIA,McLaren,F58020,Oscar,Piastri,https://www.formula1.com/content/dam/fom-website/drivers/O/OSCPIA01_Oscar_Piastri/oscpia01.png.transform/1col/image.png,AUS,9184,1225
1,M VERSTAPPEN,Max VERSTAPPEN,VER,Red Bull Racing,3671C6,Max,Verstappen,https://www.formula1.com/content/dam/fom-website/drivers/M/MAXVER01_Max_Verstappen/maxver01.png.transform/1col/image.png,NED,9189,1225
2,L SARGEANT,Logan SARGEANT,SAR,Williams,37BEDD,Logan,Sargeant,https://www.formula1.com/content/dam/fom-website/drivers/L/LOGSAR01_Logan_Sargeant/logsar01.png.transform/1col/image.png,USA,9189,1225
3,D RICCIARDO,Daniel RICCIARDO,RIC,AlphaTauri,5E8FAA,Daniel,Ricciardo,,AUS,9189,1225
4,L NORRIS,Lando NORRIS,NOR,McLaren,F58020,Lando,Norris,https://www.formula1.com/content/dam/fom-website/drivers/L/LANNOR01_Lando_Norris/lannor01.png.transform/1col/image.png,GBR,9189,1225
10,P GASLY,Pierre GASLY,GAS,Alpine,2293D1,Pierre,Gasly,https://www.formula1.com/content/dam/fom-website/drivers/P/PIEGAS01_Pierre_Gasly/piegas01.png.transform/1col/image.png,FRA,9189,1225
11,S PEREZ,Sergio PEREZ,PER,Red Bull Racing,3671C6,Sergio,Perez,https://www.formula1.com/content/dam/fom-website/drivers/S/SERPER01_Sergio_Perez/serper01.png.transform/1col/image.png,MEX,9189,1225
14,F ALONSO,Fernando ALONSO,ALO,Aston Martin,358C75,Fernando,Alonso,https://www.formula1.com/content/dam/fom-website/drivers/F/FERALO01_Fernando_Alonso/feralo01.png.transform/1col/image.png,ESP,9189,1225
16,C LECLERC,Charles LECLERC,LEC,Ferrari,F91536,Charles,Leclerc,https://www.formula1.com/content/dam/fom-website/drivers/C/CHALEC01_Charles_Leclerc/chalec01.png.transform/1col/image.png,MON,9189,1225
18,L STROLL,Lance STROLL,STR,Aston Martin,358C75,Lance,Stroll,https://www.formula1.com/content/dam/fom-website/drivers/L/LANSTR01_Lance_Stroll/lanstr01.png.transform/1col/image.png,CAN,9189,1225
20,K MAGNUSSEN,Kevin MAGNUSSEN,MAG,Haas F1 Team,B6BABD,Kevin,Magnussen,https://www.formula1.com/content/dam/fom-website/drivers/K/KEVMAG01_Kevin_Magnussen/kevmag01.png.transform/1col/image.png,DEN,9189,1225
22,Y TSUNODA,Yuki TSUNODA,TSU,AlphaTauri,5E8FAA,Yuki,Tsunoda,https://www.formula1.com/content/dam/fom-website/drivers/Y/YUKTSU01_Yuki_Tsunoda/yuktsu01.png.transform/1col/image.png,JPN,9189,1225
23,A ALBON,Alexander ALBON,ALB,Williams,37BEDD,Alexander,Albon,https://www.formula1.com/content/dam/fom-website/drivers/A/ALEALB01_Alexander_Albon/alealb01.png.transform/1col/image.png,THA,9189,1225
24,G ZHOU,ZHOU Guanyu,ZHO,Alfa Romeo,C92D4B,Guanyu,Zhou,https://www.formula1.com/content/dam/fom-website/drivers/G/GUAZHO01_Guanyu_Zhou/guazho01.png.transform/1col/image.png,CHN,9189,1225
27,N HULKENBERG,Nico HULKENBERG,HUL,Haas F1 Team,B6BABD,Nico,Hulkenberg,https://www.formula1.com/content/dam/fom-website/drivers/N/NICHUL01_Nico_Hulkenberg/nichul01.png.transform/1col/image.png,GER,9189,1225
31,E OCON,Esteban OCON,OCO,Alpine,2293D1,Esteban,Ocon,https://www.formula1.com/content/dam/fom-website/drivers/E/ESTOCO01_Esteban_Ocon/estoco01.png.transform/1col/image.png,FRA,9189,1225
44,L HAMILTON,Lewis HAMILTON,HAM,Mercedes,6CD3BF,Lewis,Hamilton,https://www.formula1.com/content/dam/fom-website/drivers/L/LEWHAM01_Lewis_Hamilton/lewham01.png.transform/1col/image.png,GBR,9189,1225
55,C SAINZ,Carlos SAINZ,SAI,Ferrari,F91536,Carlos,Sainz,https://www.formula1.com/content/dam/fom-website/drivers/C/CARSAI01_Carlos_Sainz/carsai01.png.transform/1col/image.png,ESP,9189,1225
63,G RUSSELL,George RUSSELL,RUS,Mercedes,6CD3BF,George,Russell,https://www.formula1.com/content/dam/fom-website/drivers/G/GEORUS01_George_Russell/georus01.png.transform/1col/image.png,GBR,9189,1225
77,V BOTTAS,Valtteri BOTTAS,BOT,Alfa Romeo,C92D4B,Valtteri,Bottas,https://www.formula1.com/content/dam/fom-website/drivers/V/VALBOT01_Valtteri_Bottas/valbot01.png.transform/1col/image.png,FIN,9189,1225
81,O PIASTRI,Oscar PIASTRI,PIA,McLaren,F58020,Oscar,Piastri,https://www.formula1.com/content/dam/fom-website/drivers/O/OSCPIA01_Oscar_Piastri/oscpia01.png.transform/1col/image.png,AUS,9189,1225
1,M VERSTAPPEN,Max VERSTAPPEN,VER,,,,,,,9314,1225
2,L SARGEANT,Logan SARGEANT,SAR,,,,,,,9314,1225
3,D RICCIARDO,Daniel RICCIARDO,RIC,,,,,,,9314,1225
4,L NORRIS,Lando NORRIS,NOR,,,,,,,9314,1225
10,P GASLY,Pierre GASLY,GAS,,,,,,,9314,1225
11,S PEREZ,Sergio PEREZ,PER,,,,,,,9314,1225
14,F ALONSO,Fernando ALONSO,ALO,,,,,,,9314,1225
16,C LECLERC,Charles LECLERC,LEC,,,,,,,9314,1225
18,L STROLL,Lance STROLL,STR,,,,,,,9314,1225
20,K MAGNUSSEN,Kevin MAGNUSSEN,MAG,,,,,,,9314,1225
22,Y TSUNODA,Yuki TSUNODA,TSU,,,,,,,9314,1225
23,A ALBON,Alexander ALBON,ALB,,,,,,,9314,1225
24,G ZHOU,ZHOU Guanyu,ZHO,,,,,,,9314,1225
27,N HULKENBERG,Nico HULKENBERG,HUL,,,,,,,9314,1225
31,E OCON,Esteban OCON,OCO,,,,,,,9314,1225
44,L HAMILTON,Lewis HAMILTON,HAM,,,,,,,9314,1225
55,C SAINZ,Carlos SAINZ,SAI,,,,,,,9314,1225
63,G RUSSELL,George RUSSELL,RUS,,,,,,,9314,1225
77,V BOTTAS,Valtteri BOTTAS,BOT,,,,,,,9314,1225
81,O PIASTRI,Oscar PIASTRI,PIA,,,,,,,9314,1225
2,L SARGEANT,Logan SARGEANT,SAR,Williams,37BEDD,Logan,Sargeant,https://www.formula1.com/content/dam/fom-website/drivers/L/LOGSAR01_Logan_Sargeant/logsar01.png.transform/1col/image.png,USA,9190,1226
3,D RICCIARDO,Daniel RICCIARDO,RIC,AlphaTauri,5E8FAA,Daniel,Ricciardo,,AUS,9190,1226
10,P GASLY,Pierre GASLY,GAS,Alpine,2293D1,Pierre,Gasly,https://www.formula1.com/content/dam/fom-website/drivers/P/PIEGAS01_Pierre_Gasly/piegas01.png.transform/1col/image.png,FRA,9190,1226
18,L STROLL,Lance STROLL,STR,Aston Martin,358C75,Lance,Stroll,https://www.formula1.com/content/dam/fom-website/drivers/L/LANSTR01_Lance_Stroll/lanstr01.png.transform/1col/image.png,CAN,9190,1226
20,K MAGNUSSEN,Kevin MAGNUSSEN,MAG,Haas F1 Team,B6BABD,Kevin,Magnussen,https://www.formula1.com/content/dam/fom-website/drivers/K/KEVMAG01_Kevin_Magnussen/kevmag01.png.transform/1col/image.png,DEN,9190,1226
22,Y TSUNODA,Yuki TSUNODA,TSU,AlphaTauri,5E8FAA,Yuki,Tsunoda,https://www.formula1.com/content/dam/fom-website/drivers/Y/YUKTSU01_Yuki_Tsunoda/yuktsu01.png.transform/1col/image.png,JPN,9190,1226
29,P O'WARD,Patricio O'WARD,OWA,McLaren,F58020,Patricio,O'Ward,,MEX,9190,1226
34,F DRUGOVICH,Felipe DRUGOVICH,DRU,Aston Martin,358C75,Felipe,Drugovich,,BRA,9190,1226
36,J DENNIS,Jake DENNIS,DEN,Red Bull Racing,3671C6,Jake,Dennis,,GBR,9190,1226
37,I HADJAR,Isack HADJAR,HAD,Red Bull Racing,3671C6,Isack,Hadjar,,FRA,9190,1226
39,R SHWARTZMAN,Robert SHWARTZMAN,SHW,Ferrari,F91536,Robert,Shwartzman,,ISR,9190,1226
42,F VESTI,Frederik VESTI,VES,Mercedes,6CD3BF,Frederik,Vesti,,DEN,9190,1226
45,Z O'SULLIVAN,Zak O'SULLIVAN,OSU,Williams,37BEDD,Zak,O'Sullivan,,GBR,9190,1226
50,O BEARMAN,Oliver BEARMAN,BEA,Haas F1 Team,B6BABD,Oliver,Bearman,,GBR,9190,1226
55,C SAINZ,Carlos SAINZ,SAI,Ferrari,F91536,Carlos,Sainz,https://www.formula1.com/content/dam/fom-website/drivers/C/CARSAI01_Carlos_Sainz/carsai01.png.transform/1col/image.png,ESP,9190,1226
61,J DOOHAN,Jack DOOHAN,DOO,Alpine,2293D1,Jack,Doohan,,AUS,9190,1226
63,G RUSSELL,George RUSSELL,RUS,Mercedes,6CD3BF,George,Russell,https://www.formula1.com/content/dam/fom-website/drivers/G/GEORUS01_George_Russell/georus01.png.transform/1col/image.png,GBR,9190,1226
77,V BOTTAS,Valtteri BOTTAS,BOT,Alfa Romeo,C92D4B,Valtteri,Bottas,https://www.formula1.com/content/dam/fom-website/drivers/V/VALBOT01_Valtteri_Bottas/valbot01.png.transform/1col/image.png,FIN,9190,1226
81,O PIASTRI,Oscar PIASTRI,PIA,McLaren,F58020,Oscar,Piastri,https://www.formula1.com/content/dam/fom-website/drivers/O/OSCPIA01_Oscar_Piastri/oscpia01.png.transform/1col/image.png,AUS,9190,1226
98,T POURCHAIRE,Theo POURCHAIRE,POU,Alfa Romeo,C92D4B,Theo,Pourchaire,,FRA,9190,1226
1,M VERSTAPPEN,Max VERSTAPPEN,VER,,,,,,,9191,1226
2,L SARGEANT,Logan SARGEANT,SAR,,,,,,,9191,1226
3,D RICCIARDO,Daniel RICCIARDO,RIC,,,,,,,9191,1226
4,L NORRIS,Lando NORRIS,NOR,,,,,,,9191,1226
10,P GASLY,Pierre GASLY,GAS,,,,,,,9191,1226
11,S PEREZ,Sergio PEREZ,PER,,,,,,,9191,1226
14,F ALONSO,Fernando ALONSO,ALO,,,,,,,9191,1226
16,C LECLERC,Charles LECLERC,LEC,,,,,,,9191,1226
18,L STROLL,Lance STROLL,STR,,,,,,,9191,1226
20,K MAGNUSSEN,Kevin MAGNUSSEN,MAG,,,,,,,9191,1226
22,Y TSUNODA,Yuki TSUNODA,TSU,,,,,,,9191,1226
23,A ALBON,Alexander ALBON,ALB,,,,,,,9191,1226
24,G ZHOU,ZHOU Guanyu,ZHO,,,,,,,9191,1226
27,N HULKENBERG,Nico HULKENBERG,HUL,,,,,,,9191,1226
31,E OCON,Esteban OCON,OCO,,,,,,,9191,1226
44,L HAMILTON,Lewis HAMILTON,HAM,,,,,,,9191,1226
55,C SAINZ,Carlos SAINZ,SAI,,,,,,,9191,1226
63,G RUSSELL,George RUSSELL,RUS,,,,,,,9191,1226
77,V BOTTAS,Valtteri BOTTAS,BOT,,,,,,,9191,1226
81,O PIASTRI,Oscar PIASTRI,PIA,,,,,,,9191,1226
1,M VERSTAPPEN,Max VERSTAPPEN,VER,,,,,,,9192,1226
2,L SARGEANT,Logan SARGEANT,SAR,,,,,,,9192,1226
3,D RICCIARDO,Daniel RICCIARDO,RIC,,,,,,,9192,1226
4,L NORRIS,Lando NORRIS,NOR,,,,,,,9192,1226
10,P GASLY,Pierre GASLY,GAS,,,,,,,9192,1226
11,S PEREZ,Sergio PEREZ,PER,,,,,,,9192,1226
14,F ALONSO,Fernando ALONSO,ALO,,,,,,,9192,1226
16,C LECLERC,Charles LECLERC,LEC,,,,,,,9192,1226
18,L STROLL,Lance STROLL,STR,,,,,,,9192,1226
20,K MAGNUSSEN,Kevin MAGNUSSEN,MAG,,,,,,,9192,1226
22,Y TSUNODA,Yuki TSUNODA,TSU,,,,,,,9192,1226
23,A ALBON,Alexander ALBON,ALB,,,,,,,9192,1226
24,G ZHOU,ZHOU Guanyu,ZHO,,,,,,,9192,1226
27,N HULKENBERG,Nico HULKENBERG,HUL,,,,,,,9192,1226
31,E OCON,Esteban OCON,OCO,,,,,,,9192,1226
44,L HAMILTON,Lewis HAMILTON,HAM,,,,,,,9192,1226
55,C SAINZ,Carlos SAINZ,SAI,,,,,,,9192,1226
63,G RUSSELL,George RUSSELL,RUS,,,,,,,9192,1226
77,V BOTTAS,Valtteri BOTTAS,BOT,,,,,,,9192,1226
81,O PIASTRI,Oscar PIASTRI,PIA,,,,,,,9192,1226
1,M VERSTAPPEN,Max VERSTAPPEN,VER,Red Bull Racing,3671C6,Max,Verstappen,https://www.formula1.com/content/dam/fom-website/drivers/M/MAXVER01_Max_Verstappen/maxver01.png.transform/1col/image.png,NED,9193,1226
2,L SARGEANT,Logan SARGEANT,SAR,Williams,37BEDD,Logan,Sargeant,https://www.formula1.com/content/dam/fom-website/drivers/L/LOGSAR01_Logan_Sargeant/logsar01.png.transform/1col/image.png,USA,9193,1226
3,D RICCIARDO,Daniel RICCIARDO,RIC,AlphaTauri,5E8FAA,Daniel,Ricciardo,,AUS,9193,1226
4,L NORRIS,Lando NORRIS,NOR,McLaren,F58020,Lando,Norris,https://www.formula1.com/content/dam/fom-website/drivers/L/LANNOR01_Lando_Norris/lannor01.png.transform/1col/image.png,GBR,9193,1226
10,P GASLY,Pierre GASLY,GAS,Alpine,2293D1,Pierre,Gasly,https://www.formula1.com/content/dam/fom-website/drivers/P/PIEGAS01_Pierre_Gasly/piegas01.png.transform/1col/image.png,FRA,9193,1226
11,S PEREZ,Sergio PEREZ,PER,Red Bull Racing,3671C6,Sergio,Perez,https://www.formula1.com/content/dam/fom-website/drivers/S/SERPER01_Sergio_Perez/serper01.png.transform/1col/image.png,MEX,9193,1226
14,F ALONSO,Fernando ALONSO,ALO,Aston Martin,358C75,Fernando,Alonso,https://www.formula1.com/content/dam/fom-website/drivers/F/FERALO01_Fernando_Alonso/feralo01.png.transform/1col/image.png,ESP,9193,1226
16,C LECLERC,Charles LECLERC,LEC,Ferrari,F91536,Charles,Leclerc,https://www.formula1.com/content/dam/fom-website/drivers/C/CHALEC01_Charles_Leclerc/chalec01.png.transform/1col/image.png,MON,9193,1226
18,L STROLL,Lance STROLL,STR,Aston Martin,358C75,Lance,Stroll,https://www.formula1.com/content/dam/fom-website/drivers/L/LANSTR01_Lance_Stroll/lanstr01.png.transform/1col/image.png,CAN,9193,1226
20,K MAGNUSSEN,Kevin MAGNUSSEN,MAG,Haas F1 Team,B6BABD,Kevin,Magnussen,https://www.formula1.com/content/dam/fom-website/drivers/K/KEVMAG01_Kevin_Magnussen/kevmag01.png.transform/1col/image.png,DEN,9193,1226
22,Y TSUNODA,Yuki TSUNODA,TSU,AlphaTauri,5E8FAA,Yuki,Tsunoda,https://www.formula1.com/content/dam/fom-website/drivers/Y/YUKTSU01_Yuki_Tsunoda/yuktsu01.png.transform/1col/image.png,JPN,9193,1226
23,A ALBON,Alexander ALBON,ALB,Williams,37BEDD,Alexander,Albon,https://www.formula1.com/content/dam/fom-website/drivers/A/ALEALB01_Alexander_Albon/alealb01.png.transform/1col/image.png,THA,9193,1226
24,G ZHOU,ZHOU Guanyu,ZHO,Alfa Romeo,C92D4B,Guanyu,Zhou,https://www.formula1.com/content/dam/fom-website/drivers/G/GUAZHO01_Guanyu_Zhou/guazho01.png.transform/1col/image.png,CHN,9193,1226
27,N HULKENBERG,Nico HULKENBERG,HUL,Haas F1 Team,B6BABD,Nico,Hulkenberg,https://www.formula1.com/content/dam/fom-website/drivers/N/NICHUL01_Nico_Hulkenberg/nichul01.png.transform/1col/image.png,GER,9193,1226
31,E OCON,Esteban OCON,OCO,Alpine,2293D1,Esteban,Ocon,https://www.formula1.com/content/dam/fom-website/drivers/E/ESTOCO01_Esteban_Ocon/estoco01.png.transform/1col/image.png,FRA,9193,1226
44,L HAMILTON,Lewis HAMILTON,HAM,Mercedes,6CD3BF,Lewis,Hamilton,https://www.formula1.com/content/dam/fom-website/drivers/L/LEWHAM01_Lewis_Hamilton/lewham01.png.transform/1col/image.png,GBR,9193,1226
55,C SAINZ,Carlos SAINZ,SAI,Ferrari,F91536,Carlos,Sainz,https://www.formula1.com/content/dam/fom-website/drivers/C/CARSAI01_Carlos_Sainz/carsai01.png.transform/1col/image.png,ESP,9193,1226
63,G RUSSELL,George RUSSELL,RUS,Mercedes,6CD3BF,George,Russell,https://www.formula1.com/content/dam/fom-website/drivers/G/GEORUS01_George_Russell/georus01.png.transform/1col/image.png,GBR,9193,1226
77,V BOTTAS,Valtteri BOTTAS,BOT,Alfa Romeo,C92D4B,Valtteri,Bottas,https://www.formula1.com/content/dam/fom-website/drivers/V/VALBOT01_Valtteri_Bottas/valbot01.png.transform/1col/image.png,FIN,9193,1226
81,O PIASTRI,Oscar PIASTRI,PIA,McLaren,F58020,Oscar,Piastri,https://www.formula1.com/content/dam/fom-website/drivers/O/OSCPIA01_Oscar_Piastri/oscpia01.png.transform/1col/image.png,AUS,9193,1226
1,M VERSTAPPEN,Max VERSTAPPEN,VER,Red Bull Racing,3671C6,Max,Verstappen,https://www.formula1.com/content/dam/fom-website/drivers/M/MAXVER01_Max_Verstappen/maxver01.png.transform/1col/image.png,NED,9197,1226
2,L SARGEANT,Logan SARGEANT,SAR,Williams,37BEDD,Logan,Sargeant,https://www.formula1.com/content/dam/fom-website/drivers/L/LOGSAR01_Logan_Sargeant/logsar01.png.transform/1col/image.png,USA,9197,1226
3,D RICCIARDO,Daniel RICCIARDO,RIC,AlphaTauri,5E8FAA,Daniel,Ricciardo,,AUS,9197,1226
4,L NORRIS,Lando NORRIS,NOR,McLaren,F58020,Lando,Norris,https://www.formula1.com/content/dam/fom-website/drivers/L/LANNOR01_Lando_Norris/lannor01.png.transform/1col/image.png,GBR,9197,1226
10,P GASLY,Pierre GASLY,GAS,Alpine,2293D1,Pierre,Gasly,https://www.formula1.com/content/dam/fom-website/drivers/P/PIEGAS01_Pierre_Gasly/piegas01.png.transform/1col/image.png,FRA,9197,1226
11,S PEREZ,Sergio PEREZ,PER,Red Bull Racing,3671C6,Sergio,Perez,https://www.formula1.com/content/dam/fom-website/drivers/S/SERPER01_Sergio_Perez/serper01.png.transform/1col/image.png,MEX,9197,1226
14,F ALONSO,Fernando ALONSO,ALO,Aston Martin,358C75,Fernando,Alonso,https://www.formula1.com/content/dam/fom-website/drivers/F/FERALO01_Fernando_Alonso/feralo01.png.transform/1col/image.png,ESP,9197,1226
16,C LECLERC,Charles LECLERC,LEC,Ferrari,F91536,Charles,Leclerc,https://www.formula1.com/content/dam/fom-website/drivers/C/CHALEC01_Charles_Leclerc/chalec01.png.transform/1col/image.png,MON,9197,1226
18,L STROLL,Lance STROLL,STR,Aston Martin,358C75,Lance,Stroll,https://www.formula1.com/content/dam/fom-website/drivers/L/LANSTR01_Lance_Stroll/lanstr01.png.transform/1col/image.png,CAN,9197,1226
20,K MAGNUSSEN,Kevin MAGNUSSEN,MAG,Haas F1 Team,B6BABD,Kevin,Magnussen,https://www.formula1.com/content/dam/fom-website/drivers/K/KEVMAG01_Kevin_Magnussen/kevmag01.png.transform/1col/image.png,DEN,9197,1226
22,Y TSUNODA,Yuki TSUNODA,TSU,AlphaTauri,5E8FAA,Yuki,Tsunoda,https://www.formula1.com/content/dam/fom-website/drivers/Y/YUKTSU01_Yuki_Tsunoda/yuktsu01.png.transform/1col/image.png,JPN,9197,1226
23,A ALBON,Alexander ALBON,ALB,Williams,37BEDD,Alexander,Albon,https://www.formula1.com/content/dam/fom-website/drivers/A/ALEALB01_Alexander_Albon/alealb01.png.transform/1col/image.png,THA,9197,1226
24,G ZHOU,ZHOU Guanyu,ZHO,Alfa Romeo,C92D4B,Guanyu,Zhou,https://www.formula1.com/content/dam/fom-website/drivers/G/GUAZHO01_Guanyu_Zhou/guazho01.png.transform/1col/image.png,CHN,9197,1226
27,N HULKENBERG,Nico HULKENBERG,HUL,Haas F1 Team,B6BABD,Nico,Hulkenberg,https://www.formula1.com/content/dam/fom-website/drivers/N/NICHUL01_Nico_Hulkenberg/nichul01.png.transform/1col/image.png,GER,9197,1226
31,E OCON,Esteban OCON,OCO,Alpine,2293D1,Esteban,Ocon,https://www.formula1.com/content/dam/fom-website/drivers/E/ESTOCO01_Esteban_Ocon/estoco01.png.transform/1col/image.png,FRA,9197,1226
44,L HAMILTON,Lewis HAMILTON,HAM,Mercedes,6CD3BF,Lewis,Hamilton,https://www.formula1.com/content/dam/fom-website/drivers/L/LEWHAM01_Lewis_Hamilton/lewham01.png.transform/1col/image.png,GBR,9197,1226
55,C SAINZ,Carlos SAINZ,SAI,Ferrari,F91536,Carlos,Sainz,https://www.formula1.com/content/dam/fom-website/drivers/C/CARSAI01_Carlos_Sainz/carsai01.png.transform/1col/image.png,ESP,9197,1226
63,G RUSSELL,George RUSSELL,RUS,Mercedes,6CD3BF,George,Russell,https://www.formula1.com/content/dam/fom-website/drivers/G/GEORUS01_George_Russell/georus01.png.transform/1col/image.png,GBR,9197,1226
77,V BOTTAS,Valtteri BOTTAS,BOT,Alfa Romeo,C92D4B,Valtteri,Bottas,https://www.formula1.com/content/dam/fom-website/drivers/V/VALBOT01_Valtteri_Bottas/valbot01.png.transform/1col/image.png,FIN,9197,1226
81,O PIASTRI,Oscar PIASTRI,PIA,McLaren,F58020,Oscar,Piastri,https://www.formula1.com/content/dam/fom-website/drivers/O/OSCPIA01_Oscar_Piastri/oscpia01.png.transform/1col/image.png,AUS,9197,1226
1,M VERSTAPPEN,Max VERSTAPPEN,VER,Red Bull Racing,3671C6,Max,Verstappen,https://media.formula1.com/d_driver_fallback_image.png/content/dam/fom-website/drivers/M/MAXVER01_Max_Verstappen/maxver01.png.transform/1col/image.png,NED,9465,1229
2,L SARGEANT,Logan SARGEANT,SAR,Williams,64C4FF,Logan,Sargeant,https://media.formula1.com/d_driver_fallback_image.png/content/dam/fom-website/drivers/L/LOGSAR01_Logan_Sargeant/logsar01.png.transform/1col/image.png,USA,9465,1229
3,D RICCIARDO,Daniel RICCIARDO,RIC,RB,6692FF,Daniel,Ricciardo,https://media.formula1.com/d_driver_fallback_image.png/content/dam/fom-website/drivers/D/DANRIC01_Daniel_Ricciardo/danric01.png.transform/1col/image.png,AUS,9465,1229
4,L NORRIS,Lando NORRIS,NOR,McLaren,FF8000,Lando,Norris,https://media.formula1.com/d_driver_fallback_image.png/content/dam/fom-website/drivers/L/LANNOR01_Lando_Norris/lannor01.png.transform/1col/image.png,GBR,9465,1229
10,P GASLY,Pierre GASLY,GAS,Alpine,0093cc,Pierre,Gasly,https://media.formula1.com/d_driver_fallback_image.png/content/dam/fom-website/drivers/P/PIEGAS01_Pierre_Gasly/piegas01.png.transform/1col/image.png,FRA,9465,1229
11,S PEREZ,Sergio PEREZ,PER,Red Bull Racing,3671C6,Sergio,Perez,https://media.formula1.com/d_driver_fallback_image.png/content/dam/fom-website/drivers/S/SERPER01_Sergio_Perez/serper01.png.transform/1col/image.png,MEX,9465,1229
14,F ALONSO,Fernando ALONSO,ALO,Aston Martin,229971,Fernando,Alonso,https://media.formula1.com/d_driver_fallback_image.png/content/dam/fom-website/drivers/F/FERALO01_Fernando_Alonso/feralo01.png.transform/1col/image.png,ESP,9465,1229
16,C LECLERC,Charles LECLERC,LEC,Ferrari,E80020,Charles,Leclerc,https://media.formula1.com/d_driver_fallback_image.png/content/dam/fom-website/drivers/C/CHALEC01_Charles_Leclerc/chalec01.png.transform/1col/image.png,MON,9465,1229
18,L STROLL,Lance STROLL,STR,Aston Martin,229971,Lance,Stroll,https://media.formula1.com/d_driver_fallback_image.png/content/dam/fom-website/drivers/L/LANSTR01_Lance_Stroll/lanstr01.png.transform/1col/image.png,CAN,9465,1229
20,K MAGNUSSEN,Kevin MAGNUSSEN,MAG,Haas F1 Team,B6BABD,Kevin,Magnussen,https://media.formula1.com/d_driver_fallback_image.png/content/dam/fom-website/drivers/K/KEVMAG01_Kevin_Magnussen/kevmag01.png.transform/1col/image.png,DEN,9465,1229
22,Y TSUNODA,Yuki TSUNODA,TSU,RB,6692FF,Yuki,Tsunoda,https://media.formula1.com/d_driver_fallback_image.png/content/dam/fom-website/drivers/Y/YUKTSU01_Yuki_Tsunoda/yuktsu01.png.transform/1col/image.png,JPN,9465,1229
23,A ALBON,Alexander ALBON,ALB,Williams,64C4FF,Alexander,Albon,https://media.formula1.com/d_driver_fallback_image.png/content/dam/fom-website/drivers/A/ALEALB01_Alexander_Albon/alealb01.png.transform/1col/image.png,THA,9465,1229
24,G ZHOU,ZHOU Guanyu,ZHO,Kick Sauber,52E252,Guanyu,Zhou,https://media.formula1.com/d_driver_fallback_image.png/content/dam/fom-website/drivers/G/GUAZHO01_Guanyu_Zhou/guazho01.png.transform/1col/image.png,CHN,9465,1229
27,N HULKENBERG,Nico HULKENBERG,HUL,Haas F1 Team,B6BABD,Nico,Hulkenberg,https://media.formula1.com/d_driver_fallback_image.png/content/dam/fom-website/drivers/N/NICHUL01_Nico_Hulkenberg/nichul01.png.transform/1col/image.png,GER,9465,1229
31,E OCON,Esteban OCON,OCO,Alpine,0093cc,Esteban,Ocon,https://media.formula1.com/d_driver_fallback_image.png/content/dam/fom-website/drivers/E/ESTOCO01_Esteban_Ocon/estoco01.png.transform/1col/image.png,FRA,9465,1229
44,L HAMILTON,Lewis HAMILTON,HAM,Mercedes,27F4D2,Lewis,Hamilton,https://media.formula1.com/d_driver_fallback_image.png/content/dam/fom-website/drivers/L/LEWHAM01_Lewis_Hamilton/lewham01.png.transform/1col/image.png,GBR,9465,1229
55,C SAINZ,Carlos SAINZ,SAI,Ferrari,E80020,Carlos,Sainz,https://media.formula1.com/d_driver_fallback_image.png/content/dam/fom-website/drivers/C/CARSAI01_Carlos_Sainz/carsai01.png.transform/1col/image.png,ESP,9465,1229
63,G RUSSELL,George RUSSELL,RUS,Mercedes,27F4D2,George,Russell,https://media.formula1.com/d_driver_fallback_image.png/content/dam/fom-website/drivers/G/GEORUS01_George_Russell/georus01.png.transform/1col/image.png,GBR,9465,1229
77,V BOTTAS,Valtteri BOTTAS,BOT,Kick Sauber,52E252,Valtteri,Bottas,https://media.formula1.com/d_driver_fallback_image.png/content/dam/fom-website/drivers/V/VALBOT01_Valtteri_Bottas/valbot01.png.transform/1col/image.png,FIN,9465,1229
81,O PIASTRI,Oscar PIASTRI,PIA,McLaren,FF8000,Oscar,Piastri,https://media.formula1.com/d_driver_fallback_image.png/content/dam/fom-website/drivers/O/OSCPIA01_Oscar_Piastri/oscpia01.png.transform/1col/image.png,AUS,9465,1229
1,M VERSTAPPEN,Max VERSTAPPEN,VER,Red Bull Racing,3671C6,Max,Verstappen,https://media.formula1.com/d_driver_fallback_image.png/content/dam/fom-website/drivers/M/MAXVER01_Max_Verstappen/maxver01.png.transform/1col/image.png,NED,9466,1229
2,L SARGEANT,Logan SARGEANT,SAR,Williams,64C4FF,Logan,Sargeant,https://media.formula1.com/d_driver_fallback_image.png/content/dam/fom-website/drivers/L/LOGSAR01_Logan_Sargeant/logsar01.png.transform/1col/image.png,USA,9466,1229
3,D RICCIARDO,Daniel RICCIARDO,RIC,RB,6692FF,Daniel,Ricciardo,https://media.formula1.com/d_driver_fallback_image.png/content/dam/fom-website/drivers/D/DANRIC01_Daniel_Ricciardo/danric01.png.transform/1col/image.png,AUS,9466,1229
4,L NORRIS,Lando NORRIS,NOR,McLaren,FF8000,Lando,Norris,https://media.formula1.com/d_driver_fallback_image.png/content/dam/fom-website/drivers/L/LANNOR01_Lando_Norris/lannor01.png.transform/1col/image.png,GBR,9466,1229
10,P GASLY,Pierre GASLY,GAS,Alpine,0093cc,Pierre,Gasly,https://media.formula1.com/d_driver_fallback_image.png/content/dam/fom-website/drivers/P/PIEGAS01_Pierre_Gasly/piegas01.png.transform/1col/image.png,FRA,9466,1229
11,S PEREZ,Sergio PEREZ,PER,Red Bull Racing,3671C6,Sergio,Perez,https://media.formula1.com/d_driver_fallback_image.png/content/dam/fom-website/drivers/S/SERPER01_Sergio_Perez/serper01.png.transform/1col/image.png,MEX,9466,1229
14,F ALONSO,Fernando ALONSO,ALO,Aston Martin,229971,Fernando,Alonso,https://media.formula1.com/d_driver_fallback_image.png/content/dam/fom-website/drivers/F/FERALO01_Fernando_Alonso/feralo01.png.transform/1col/image.png,ESP,9466,1229
16,C LECLERC,Charles LECLERC,LEC,Ferrari,E80020,Charles,Leclerc,https://media.formula1.com/d_driver_fallback_image.png/content/dam/fom-website/drivers/C/CHALEC01_Charles_Leclerc/chalec01.png.transform/1col/image.png,MON,9466,1229
18,L STROLL,Lance STROLL,STR,Aston Martin,229971,Lance,Stroll,https://media.formula1.com/d_driver_fallback_image.png/content/dam/fom-website/drivers/L/LANSTR01_Lance_Stroll/lanstr01.png.transform/1col/image.png,CAN,9466,1229
20,K MAGNUSSEN,Kevin MAGNUSSEN,MAG,Haas F1 Team,B6BABD,Kevin,Magnussen,https://media.formula1.com/d_driver_fallback_image.png/content/dam/fom-website/drivers/K/KEVMAG01_Kevin_Magnussen/kevmag01.png.transform/1col/image.png,DEN,9466,1229
22,Y TSUNODA,Yuki TSUNODA,TSU,RB,6692FF,Yuki,Tsunoda,https://media.formula1.com/d_driver_fallback_image.png/content/dam/fom-website/drivers/Y/YUKTSU01_Yuki_Tsunoda/yuktsu01.png.transform/1col/image.png,JPN,9466,1229
23,A ALBON,Alexander ALBON,ALB,Williams,64C4FF,Alexander,Albon,https://media.formula1.com/d_driver_fallback_image.png/content/dam/fom-website/drivers/A/ALEALB01_Alexander_Albon/alealb01.png.transform/1col/image.png,THA,9466,1229
24,G ZHOU,ZHOU Guanyu,ZHO,Kick Sauber,52E252,Guanyu,Zhou,https://media.formula1.com/d_driver_fallback_image.png/content/dam/fom-website/drivers/G/GUAZHO01_Guanyu_Zhou/guazho01.png.transform/1col/image.png,CHN,9466,1229
27,N HULKENBERG,Nico HULKENBERG,HUL,Haas F1 Team,B6BABD,Nico,Hulkenberg,https://media.formula1.com/d_driver_fallback_image.png/content/dam/fom-website/drivers/N/NICHUL01_Nico_Hulkenberg/nichul01.png.transform/1col/image.png,GER,9466,1229
31,E OCON,Esteban OCON,OCO,Alpine,0093cc,Esteban,Ocon,https://media.formula1.com/d_driver_fallback_image.png/content/dam/fom-website/drivers/E/ESTOCO01_Esteban_Ocon/estoco01.png.transform/1col/image.png,FRA,9466,1229
44,L HAMILTON,Lewis HAMILTON,HAM,Mercedes,27F4D2,Lewis,Hamilton,https://media.formula1.com/d_driver_fallback_image.png/content/dam/fom-website/drivers/L/LEWHAM01_Lewis_Hamilton/lewham01.png.transform/1col/image.png,GBR,9466,1229
55,C SAINZ,Carlos SAINZ,SAI,Ferrari,E80020,Carlos,Sainz,https://media.formula1.com/d_driver_fallback_image.png/content/dam/fom-website/drivers/C/CARSAI01_Carlos_Sainz/carsai01.png.transform/1col/image.png,ESP,9466,1229
63,G RUSSELL,George RUSSELL,RUS,Mercedes,27F4D2,George,Russell,https://media.formula1.com/d_driver_fallback_image.png/content/dam/fom-website/drivers/G/GEORUS01_George_Russell/georus01.png.transform/1col/image.png,GBR,9466,1229
77,V BOTTAS,Valtteri BOTTAS,BOT,Kick Sauber,52E252,Valtteri,Bottas,https://media.formula1.com/d_driver_fallback_image.png/content/dam/fom-website/drivers/V/VALBOT01_Valtteri_Bottas/valbot01.png.transform/1col/image.png,FIN,9466,1229
81,O PIASTRI,Oscar PIASTRI,PIA,McLaren,FF8000,Oscar,Piastri,https://media.formula1.com/d_driver_fallback_image.png/content/dam/fom-website/drivers/O/OSCPIA01_Oscar_Piastri/oscpia01.png.transform/1col/image.png,AUS,9466,1229
1,M VERSTAPPEN,Max VERSTAPPEN,VER,Red Bull Racing,3671C6,Max,Verstappen,https://media.formula1.com/d_driver_fallback_image.png/content/dam/fom-website/drivers/M/MAXVER01_Max_Verstappen/maxver01.png.transform/1col/image.png,NED,9467,1229
2,L SARGEANT,Logan SARGEANT,SAR,Williams,64C4FF,Logan,Sargeant,https://media.formula1.com/d_driver_fallback_image.png/content/dam/fom-website/drivers/L/LOGSAR01_Logan_Sargeant/logsar01.png.transform/1col/image.png,USA,9467,1229
3,D RICCIARDO,Daniel RICCIARDO,RIC,RB,6692FF,Daniel,Ricciardo,https://media.formula1.com/d_driver_fallback_image.png/content/dam/fom-website/drivers/D/DANRIC01_Daniel_Ricciardo/danric01.png.transform/1col/image.png,AUS,9467,1229
4,L NORRIS,Lando NORRIS,NOR,McLaren,FF8000,Lando,Norris,https://media.formula1.com/d_driver_fallback_image.png/content/dam/fom-website/drivers/L/LANNOR01_Lando_Norris/lannor01.png.transform/1col/image.png,GBR,9467,1229
10,P GASLY,Pierre GASLY,GAS,Alpine,FF87BC,Pierre,Gasly,https://media.formula1.com/d_driver_fallback_image.png/content/dam/fom-website/drivers/P/PIEGAS01_Pierre_Gasly/piegas01.png.transform/1col/image.png,FRA,9467,1229
11,S PEREZ,Sergio PEREZ,PER,Red Bull Racing,3671C6,Sergio,Perez,https://media.formula1.com/d_driver_fallback_image.png/content/dam/fom-website/drivers/S/SERPER01_Sergio_Perez/serper01.png.transform/1col/image.png,MEX,9467,1229
14,F ALONSO,Fernando ALONSO,ALO,Aston Martin,229971,Fernando,Alonso,https://media.formula1.com/d_driver_fallback_image.png/content/dam/fom-website/drivers/F/FERALO01_Fernando_Alonso/feralo01.png.transform/1col/image.png,ESP,9467,1229
16,C LECLERC,Charles LECLERC,LEC,Ferrari,E8002D,Charles,Leclerc,https://media.formula1.com/d_driver_fallback_image.png/content/dam/fom-website/drivers/C/CHALEC01_Charles_Leclerc/chalec01.png.transform/1col/image.png,MON,9467,1229
18,L STROLL,Lance STROLL,STR,Aston Martin,229971,Lance,Stroll,https://media.formula1.com/d_driver_fallback_image.png/content/dam/fom-website/drivers/L/LANSTR01_Lance_Stroll/lanstr01.png.transform/1col/image.png,CAN,9467,1229
20,K MAGNUSSEN,Kevin MAGNUSSEN,MAG,Haas F1 Team,B6BABD,Kevin,Magnussen,https://media.formula1.com/d_driver_fallback_image.png/content/dam/fom-website/drivers/K/KEVMAG01_Kevin_Magnussen/kevmag01.png.transform/1col/image.png,DEN,9467,1229
22,Y TSUNODA,Yuki TSUNODA,TSU,RB,6692FF,Yuki,Tsunoda,https://media.formula1.com/d_driver_fallback_image.png/content/dam/fom-website/drivers/Y/YUKTSU01_Yuki_Tsunoda/yuktsu01.png.transform/1col/image.png,JPN,9467,1229
23,A ALBON,Alexander ALBON,ALB,Williams,64C4FF,Alexander,Albon,https://media.formula1.com/d_driver_fallback_image.png/content/dam/fom-website/drivers/A/ALEALB01_Alexander_Albon/alealb01.png.transform/1col/image.png,THA,9467,1229
24,G ZHOU,ZHOU Guanyu,ZHO,Kick Sauber,52E252,Guanyu,Zhou,https://media.formula1.com/d_driver_fallback_image.png/content/dam/fom-website/drivers/G/GUAZHO01_Guanyu_Zhou/guazho01.png.transform/1col/image.png,CHN,9467,1229
27,N HULKENBERG,Nico HULKENBERG,HUL,Haas F1 Team,B6BABD,Nico,Hulkenberg,https://media.formula1.com/d_driver_fallback_image.png/content/dam/fom-website/drivers/N/NICHUL01_Nico_Hulkenberg/nichul01.png.transform/1col/image.png,GER,9467,1229
31,E OCON,Esteban OCON,OCO,Alpine,FF87BC,Esteban,Ocon,https://media.formula1.com/d_driver_fallback_image.png/content/dam/fom-website/drivers/E/ESTOCO01_Esteban_Ocon/estoco01.png.transform/1col/image.png,FRA,9467,1229
44,L HAMILTON,Lewis HAMILTON,HAM,Mercedes,27F4D2,Lewis,Hamilton,https://media.formula1.com/d_driver_fallback_image.png/content/dam/fom-website/drivers/L/LEWHAM01_Lewis_Hamilton/lewham01.png.transform/1col/image.png,GBR,9467,1229
55,C SAINZ,Carlos SAINZ,SAI,Ferrari,E8002D,Carlos,Sainz,https://media.formula1.com/d_driver_fallback_image.png/content/dam/fom-website/drivers/C/CARSAI01_Carlos_Sainz/carsai01.png.transform/1col/image.png,ESP,9467,1229
63,G RUSSELL,George RUSSELL,RUS,Mercedes,27F4D2,George,Russell,https://media.formula1.com/d_driver_fallback_image.png/content/dam/fom-website/drivers/G/GEORUS01_George_Russell/georus01.png.transform/1col/image.png,GBR,9467,1229
77,V BOTTAS,Valtteri BOTTAS,BOT,Kick Sauber,52E252,Valtteri,Bottas,https://media.formula1.com/d_driver_fallback_image.png/content/dam/fom-website/drivers/V/VALBOT01_Valtteri_Bottas/valbot01.png.transform/1col/image.png,FIN,9467,1229
81,O PIASTRI,Oscar PIASTRI,PIA,McLaren,FF8000,Oscar,Piastri,https://media.formula1.com/d_driver_fallback_image.png/content/dam/fom-website/drivers/O/OSCPIA01_Oscar_Piastri/oscpia01.png.transform/1col/image.png,AUS,9467,1229
1,M VERSTAPPEN,Max VERSTAPPEN,VER,Red Bull Racing,3671C6,Max,Verstappen,https://media.formula1.com/d_driver_fallback_image.png/content/dam/fom-website/drivers/M/MAXVER01_Max_Verstappen/maxver01.png.transform/1col/image.png,NED,9468,1229
2,L SARGEANT,Logan SARGEANT,SAR,Williams,64C4FF,Logan,Sargeant,https://media.formula1.com/d_driver_fallback_image.png/content/dam/fom-website/drivers/L/LOGSAR01_Logan_Sargeant/logsar01.png.transform/1col/image.png,USA,9468,1229
3,D RICCIARDO,Daniel RICCIARDO,RIC,RB,6692FF,Daniel,Ricciardo,https://media.formula1.com/d_driver_fallback_image.png/content/dam/fom-website/drivers/D/DANRIC01_Daniel_Ricciardo/danric01.png.transform/1col/image.png,AUS,9468,1229
4,L NORRIS,Lando NORRIS,NOR,McLaren,FF8000,Lando,Norris,https://media.formula1.com/d_driver_fallback_image.png/content/dam/fom-website/drivers/L/LANNOR01_Lando_Norris/lannor01.png.transform/1col/image.png,GBR,9468,1229
10,P GASLY,Pierre GASLY,GAS,Alpine,FF87BC,Pierre,Gasly,https://media.formula1.com/d_driver_fallback_image.png/content/dam/fom-website/drivers/P/PIEGAS01_Pierre_Gasly/piegas01.png.transform/1col/image.png,FRA,9468,1229
11,S PEREZ,Sergio PEREZ,PER,Red Bull Racing,3671C6,Sergio,Perez,https://media.formula1.com/d_driver_fallback_image.png/content/dam/fom-website/drivers/S/SERPER01_Sergio_Perez/serper01.png.transform/1col/image.png,MEX,9468,1229
14,F ALONSO,Fernando ALONSO,ALO,Aston Martin,229971,Fernando,Alonso,https://media.formula1.com/d_driver_fallback_image.png/content/dam/fom-website/drivers/F/FERALO01_Fernando_Alonso/feralo01.png.transform/1col/image.png,ESP,9468,1229
16,C LECLERC,Charles LECLERC,LEC,Ferrari,E8002D,Charles,Leclerc,https://media.formula1.com/d_driver_fallback_image.png/content/dam/fom-website/drivers/C/CHALEC01_Charles_Leclerc/chalec01.png.transform/1col/image.png,MON,9468,1229
18,L STROLL,Lance STROLL,STR,Aston Martin,229971,Lance,Stroll,https://media.formula1.com/d_driver_fallback_image.png/content/dam/fom-website/drivers/L/LANSTR01_Lance_Stroll/lanstr01.png.transform/1col/image.png,CAN,9468,1229
20,K MAGNUSSEN,Kevin MAGNUSSEN,MAG,Haas F1 Team,B6BABD,Kevin,Magnussen,https://media.formula1.com/d_driver_fallback_image.png/content/dam/fom-website/drivers/K/KEVMAG01_Kevin_Magnussen/kevmag01.png.transform/1col/image.png,DEN,9468,1229
22,Y TSUNODA,Yuki TSUNODA,TSU,RB,6692FF,Yuki,Tsunoda,https://media.formula1.com/d_driver_fallback_image.png/content/dam/fom-website/drivers/Y/YUKTSU01_Yuki_Tsunoda/yuktsu01.png.transform/1col/image.png,JPN,9468,1229
23,A ALBON,Alexander ALBON,ALB,Williams,64C4FF,Alexander,Albon,https://media.formula1.com/d_driver_fallback_image.png/content/dam/fom-website/drivers/A/ALEALB01_Alexander_Albon/alealb01.png.transform/1col/image.png,THA,9468,1229
24,G ZHOU,ZHOU Guanyu,ZHO,Kick Sauber,52E252,Guanyu,Zhou,https://media.formula1.com/d_driver_fallback_image.png/content/dam/fom-website/drivers/G/GUAZHO01_Guanyu_Zhou/guazho01.png.transform/1col/image.png,CHN,9468,1229
27,N HULKENBERG,Nico HULKENBERG,HUL,Haas F1 Team,B6BABD,Nico,Hulkenberg,https://media.formula1.com/d_driver_fallback_image.png/content/dam/fom-website/drivers/N/NICHUL01_Nico_Hulkenberg/nichul01.png.transform/1col/image.png,GER,9468,1229
31,E OCON,Esteban OCON,OCO,Alpine,FF87BC,Esteban,Ocon,https://media.formula1.com/d_driver_fallback_image.png/content/dam/fom-website/drivers/E/ESTOCO01_Esteban_Ocon/estoco01.png.transform/1col/image.png,FRA,9468,1229
44,L HAMILTON,Lewis HAMILTON,HAM,Mercedes,27F4D2,Lewis,Hamilton,https://media.formula1.com/d_driver_fallback_image.png/content/dam/fom-website/drivers/L/LEWHAM01_Lewis_Hamilton/lewham01.png.transform/1col/image.png,GBR,9468,1229
55,C SAINZ,Carlos SAINZ,SAI,Ferrari,E8002D,Carlos,Sainz,https://media.formula1.com/d_driver_fallback_image.png/content/dam/fom-website/drivers/C/CARSAI01_Carlos_Sainz/carsai01.png.transform/1col/image.png,ESP,9468,1229
63,G RUSSELL,George RUSSELL,RUS,Mercedes,27F4D2,George,Russell,https://media.formula1.com/d_driver_fallback_image.png/content/dam/fom-website/drivers/G/GEORUS01_George_Russell/georus01.png.transform/1col/image.png,GBR,9468,1229
77,V BOTTAS,Valtteri BOTTAS,BOT,Kick Sauber,52E252,Valtteri,Bottas,https://media.formula1.com/d_driver_fallback_image.png/content/dam/fom-website/drivers/V/VALBOT01_Valtteri_Bottas/valbot01.png.transform/1col/image.png,FIN,9468,1229
81,O PIASTRI,Oscar PIASTRI,PIA,McLaren,FF8000,Oscar,Piastri,https://media.formula1.com/d_driver_fallback_image.png/content/dam/fom-website/drivers/O/OSCPIA01_Oscar_Piastri/oscpia01.png.transform/1col/image.png,AUS,9468,1229
1,M VERSTAPPEN,Max VERSTAPPEN,VER,Red Bull Racing,3671C6,Max,Verstappen,https://media.formula1.com/d_driver_fallback_image.png/content/dam/fom-website/drivers/M/MAXVER01_Max_Verstappen/maxver01.png.transform/1col/image.png,NED,9472,1229
2,L SARGEANT,Logan SARGEANT,SAR,Williams,64C4FF,Logan,Sargeant,https://media.formula1.com/d_driver_fallback_image.png/content/dam/fom-website/drivers/L/LOGSAR01_Logan_Sargeant/logsar01.png.transform/1col/image.png,USA,9472,1229
3,D RICCIARDO,Daniel RICCIARDO,RIC,RB,6692FF,Daniel,Ricciardo,https://media.formula1.com/d_driver_fallback_image.png/content/dam/fom-website/drivers/D/DANRIC01_Daniel_Ricciardo/danric01.png.transform/1col/image.png,AUS,9472,1229
4,L NORRIS,Lando NORRIS,NOR,McLaren,FF8000,Lando,Norris,https://media.formula1.com/d_driver_fallback_image.png/content/dam/fom-website/drivers/L/LANNOR01_Lando_Norris/lannor01.png.transform/1col/image.png,GBR,9472,1229
10,P GASLY,Pierre GASLY,GAS,Alpine,FF87BC,Pierre,Gasly,https://media.formula1.com/d_driver_fallback_image.png/content/dam/fom-website/drivers/P/PIEGAS01_Pierre_Gasly/piegas01.png.transform/1col/image.png,FRA,9472,1229
11,S PEREZ,Sergio PEREZ,PER,Red Bull Racing,3671C6,Sergio,Perez,https://media.formula1.com/d_driver_fallback_image.png/content/dam/fom-website/drivers/S/SERPER01_Sergio_Perez/serper01.png.transform/1col/image.png,MEX,9472,1229
14,F ALONSO,Fernando ALONSO,ALO,Aston Martin,229971,Fernando,Alonso,https://media.formula1.com/d_driver_fallback_image.png/content/dam/fom-website/drivers/F/FERALO01_Fernando_Alonso/feralo01.png.transform/1col/image.png,ESP,9472,1229
16,C LECLERC,Charles LECLERC,LEC,Ferrari,E8002D,Charles,Leclerc,https://media.formula1.com/d_driver_fallback_image.png/content/dam/fom-website/drivers/C/CHALEC01_Charles_Leclerc/chalec01.png.transform/1col/image.png,MON,9472,1229
18,L STROLL,Lance STROLL,STR,Aston Martin,229971,Lance,Stroll,https://media.formula1.com/d_driver_fallback_image.png/content/dam/fom-website/drivers/L/LANSTR01_Lance_Stroll/lanstr01.png.transform/1col/image.png,CAN,9472,1229
20,K MAGNUSSEN,Kevin MAGNUSSEN,MAG,Haas F1 Team,B6BABD,Kevin,Magnussen,https://media.formula1.com/d_driver_fallback_image.png/content/dam/fom-website/drivers/K/KEVMAG01_Kevin_Magnussen/kevmag01.png.transform/1col/image.png,DEN,9472,1229
22,Y TSUNODA,Yuki TSUNODA,TSU,RB,6692FF,Yuki,Tsunoda,https://media.formula1.com/d_driver_fallback_image.png/content/dam/fom-website/drivers/Y/YUKTSU01_Yuki_Tsunoda/yuktsu01.png.transform/1col/image.png,JPN,9472,1229
23,A ALBON,Alexander ALBON,ALB,Williams,64C4FF,Alexander,Albon,https://media.formula1.com/d_driver_fallback_image.png/content/dam/fom-website/drivers/A/ALEALB01_Alexander_Albon/alealb01.png.transform/1col/image.png,THA,9472,1229
24,G ZHOU,ZHOU Guanyu,ZHO,Kick Sauber,52E252,Guanyu,Zhou,https://media.formula1.com/d_driver_fallback_image.png/content/dam/fom-website/drivers/G/GUAZHO01_Guanyu_Zhou/guazho01.png.transform/1col/image.png,CHN,9472,1229
27,N HULKENBERG,Nico HULKENBERG,HUL,Haas F1 Team,B6BABD,Nico,Hulkenberg,https://media.formula1.com/d_driver_fallback_image.png/content/dam/fom-website/drivers/N/NICHUL01_Nico_Hulkenberg/nichul01.png.transform/1col/image.png,GER,9472,1229
31,E OCON,Esteban OCON,OCO,Alpine,FF87BC,Esteban,Ocon,https://media.formula1.com/d_driver_fallback_image.png/content/dam/fom-website/drivers/E/ESTOCO01_Esteban_Ocon/estoco01.png.transform/1col/image.png,FRA,9472,1229
44,L HAMILTON,Lewis HAMILTON,HAM,Mercedes,27F4D2,Lewis,Hamilton,https://media.formula1.com/d_driver_fallback_image.png/content/dam/fom-website/drivers/L/LEWHAM01_Lewis_Hamilton/lewham01.png.transform/1col/image.png,GBR,9472,1229
55,C SAINZ,Carlos SAINZ,SAI,Ferrari,E8002D,Carlos,Sainz,https://media.formula1.com/d_driver_fallback_image.png/content/dam/fom-website/drivers/C/CARSAI01_Carlos_Sainz/carsai01.png.transform/1col/image.png,ESP,9472,1229
63,G RUSSELL,George RUSSELL,RUS,Mercedes,27F4D2,George,Russell,https://media.formula1.com/d_driver_fallback_image.png/content/dam/fom-website/drivers/G/GEORUS01_George_Russell/georus01.png.transform/1col/image.png,GBR,9472,1229
77,V BOTTAS,Valtteri BOTTAS,BOT,Kick Sauber,52E252,Valtteri,Bottas,https://media.formula1.com/d_driver_fallback_image.png/content/dam/fom-website/drivers/V/VALBOT01_Valtteri_Bottas/valbot01.png.transform/1col/image.png,FIN,9472,1229
81,O PIASTRI,Oscar PIASTRI,PIA,McLaren,FF8000,Oscar,Piastri,https://media.formula1.com/d_driver_fallback_image.png/content/dam/fom-website/drivers/O/OSCPIA01_Oscar_Piastri/oscpia01.png.transform/1col/image.png,AUS,9472,1229
1,M VERSTAPPEN,Max VERSTAPPEN,VER,Red Bull Racing,3671C6,Max,Verstappen,https://media.formula1.com/d_driver_fallback_image.png/content/dam/fom-website/drivers/M/MAXVER01_Max_Verstappen/maxver01.png.transform/1col/image.png,NED,9473,1230
2,L SARGEANT,Logan SARGEANT,SAR,Williams,64C4FF,Logan,Sargeant,https://media.formula1.com/d_driver_fallback_image.png/content/dam/fom-website/drivers/L/LOGSAR01_Logan_Sargeant/logsar01.png.transform/1col/image.png,USA,9473,1230
3,D RICCIARDO,Daniel RICCIARDO,RIC,RB,6692FF,Daniel,Ricciardo,https://media.formula1.com/d_driver_fallback_image.png/content/dam/fom-website/drivers/D/DANRIC01_Daniel_Ricciardo/danric01.png.transform/1col/image.png,AUS,9473,1230
4,L NORRIS,Lando NORRIS,NOR,McLaren,FF8000,Lando,Norris,https://media.formula1.com/d_driver_fallback_image.png/content/dam/fom-website/drivers/L/LANNOR01_Lando_Norris/lannor01.png.transform/1col/image.png,GBR,9473,1230
10,P GASLY,Pierre GASLY,GAS,Alpine,0093cc,Pierre,Gasly,https://media.formula1.com/d_driver_fallback_image.png/content/dam/fom-website/drivers/P/PIEGAS01_Pierre_Gasly/piegas01.png.transform/1col/image.png,FRA,9473,1230
11,S PEREZ,Sergio PEREZ,PER,Red Bull Racing,3671C6,Sergio,Perez,https://media.formula1.com/d_driver_fallback_image.png/content/dam/fom-website/drivers/S/SERPER01_Sergio_Perez/serper01.png.transform/1col/image.png,MEX,9473,1230
14,F ALONSO,Fernando ALONSO,ALO,Aston Martin,229971,Fernando,Alonso,https://media.formula1.com/d_driver_fallback_image.png/content/dam/fom-website/drivers/F/FERALO01_Fernando_Alonso/feralo01.png.transform/1col/image.png,ESP,9473,1230
16,C LECLERC,Charles LECLERC,LEC,Ferrari,E80020,Charles,Leclerc,https://media.formula1.com/d_driver_fallback_image.png/content/dam/fom-website/drivers/C/CHALEC01_Charles_Leclerc/chalec01.png.transform/1col/image.png,MON,9473,1230
18,L STROLL,Lance STROLL,STR,Aston Martin,229971,Lance,Stroll,https://media.formula1.com/d_driver_fallback_image.png/content/dam/fom-website/drivers/L/LANSTR01_Lance_Stroll/lanstr01.png.transform/1col/image.png,CAN,9473,1230
20,K MAGNUSSEN,Kevin MAGNUSSEN,MAG,Haas F1 Team,B6BABD,Kevin,Magnussen,https://media.formula1.com/d_driver_fallback_image.png/content/dam/fom-website/drivers/K/KEVMAG01_Kevin_Magnussen/kevmag01.png.transform/1col/image.png,DEN,9473,1230
22,Y TSUNODA,Yuki TSUNODA,TSU,RB,6692FF,Yuki,Tsunoda,https://media.formula1.com/d_driver_fallback_image.png/content/dam/fom-website/drivers/Y/YUKTSU01_Yuki_Tsunoda/yuktsu01.png.transform/1col/image.png,JPN,9473,1230
23,A ALBON,Alexander ALBON,ALB,Williams,64C4FF,Alexander,Albon,https://media.formula1.com/d_driver_fallback_image.png/content/dam/fom-website/drivers/A/ALEALB01_Alexander_Albon/alealb01.png.transform/1col/image.png,THA,9473,1230
24,G ZHOU,ZHOU Guanyu,ZHO,Kick Sauber,52E252,Guanyu,Zhou,https://media.formula1.com/d_driver_fallback_image.png/content/dam/fom-website/drivers/G/GUAZHO01_Guanyu_Zhou/guazho01.png.transform/1col/image.png,CHN,9473,1230
27,N HULKENBERG,Nico HULKENBERG,HUL,Haas F1 Team,B6BABD,Nico,Hulkenberg,https://media.formula1.com/d_driver_fallback_image.png/content/dam/fom-website/drivers/N/NICHUL01_Nico_Hulkenberg/nichul01.png.transform/1col/image.png,GER,9473,1230
31,E OCON,Esteban OCON,OCO,Alpine,0093cc,Esteban,Ocon,https://media.formula1.com/d_driver_fallback_image.png/content/dam/fom-website/drivers/E/ESTOCO01_Esteban_Ocon/estoco01.png.transform/1col/image.png,FRA,9473,1230
44,L HAMILTON,Lewis HAMILTON,HAM,Mercedes,27F4D2,Lewis,Hamilton,https://media.formula1.com/d_driver_fallback_image.png/content/dam/fom-website/drivers/L/LEWHAM01_Lewis_Hamilton/lewham01.png.transform/1col/image.png,GBR,9473,1230
55,C SAINZ,Carlos SAINZ,SAI,Ferrari,E80020,Carlos,Sainz,https://media.formula1.com/d_driver_fallback_image.png/content/dam/fom-website/drivers/C/CARSAI01_Carlos_Sainz/carsai01.png.transform/1col/image.png,ESP,9473,1230
63,G RUSSELL,George RUSSELL,RUS,Mercedes,27F4D2,George,Russell,https://media.formula1.com/d_driver_fallback_image.png/content/dam/fom-website/drivers/G/GEORUS01_George_Russell/georus01.png.transform/1col/image.png,GBR,9473,1230
77,V BOTTAS,Valtteri BOTTAS,BOT,Kick Sauber,52E252,Valtteri,Bottas,https://media.formula1.com/d_driver_fallback_image.png/content/dam/fom-website/drivers/V/VALBOT01_Valtteri_Bottas/valbot01.png.transform/1col/image.png,FIN,9473,1230
81,O PIASTRI,Oscar PIASTRI,PIA,McLaren,FF8000,Oscar,Piastri,https://media.formula1.com/d_driver_fallback_image.png/content/dam/fom-website/drivers/O/OSCPIA01_Oscar_Piastri/oscpia01.png.transform/1col/image.png,AUS,9473,1230
1,M VERSTAPPEN,Max VERSTAPPEN,VER,Red Bull Racing,3671C6,Max,Verstappen,https://media.formula1.com/d_driver_fallback_image.png/content/dam/fom-website/drivers/M/MAXVER01_Max_Verstappen/maxver01.png.transform/1col/image.png,NED,9474,1230
2,L SARGEANT,Logan SARGEANT,SAR,Williams,64C4FF,Logan,Sargeant,https://media.formula1.com/d_driver_fallback_image.png/content/dam/fom-website/drivers/L/LOGSAR01_Logan_Sargeant/logsar01.png.transform/1col/image.png,USA,9474,1230
3,D RICCIARDO,Daniel RICCIARDO,RIC,RB,6692FF,Daniel,Ricciardo,https://media.formula1.com/d_driver_fallback_image.png/content/dam/fom-website/drivers/D/DANRIC01_Daniel_Ricciardo/danric01.png.transform/1col/image.png,AUS,9474,1230
4,L NORRIS,Lando NORRIS,NOR,McLaren,FF8000,Lando,Norris,https://media.formula1.com/d_driver_fallback_image.png/content/dam/fom-website/drivers/L/LANNOR01_Lando_Norris/lannor01.png.transform/1col/image.png,GBR,9474,1230
10,P GASLY,Pierre GASLY,GAS,Alpine,FF87BC,Pierre,Gasly,https://media.formula1.com/d_driver_fallback_image.png/content/dam/fom-website/drivers/P/PIEGAS01_Pierre_Gasly/piegas01.png.transform/1col/image.png,FRA,9474,1230
11,S PEREZ,Sergio PEREZ,PER,Red Bull Racing,3671C6,Sergio,Perez,https://media.formula1.com/d_driver_fallback_image.png/content/dam/fom-website/drivers/S/SERPER01_Sergio_Perez/serper01.png.transform/1col/image.png,MEX,9474,1230
14,F ALONSO,Fernando ALONSO,ALO,Aston Martin,229971,Fernando,Alonso,https://media.formula1.com/d_driver_fallback_image.png/content/dam/fom-website/drivers/F/FERALO01_Fernando_Alonso/feralo01.png.transform/1col/image.png,ESP,9474,1230
16,C LECLERC,Charles LECLERC,LEC,Ferrari,E8002D,Charles,Leclerc,https://media.formula1.com/d_driver_fallback_image.png/content/dam/fom-website/drivers/C/CHALEC01_Charles_Leclerc/chalec01.png.transform/1col/image.png,MON,9474,1230
18,L STROLL,Lance STROLL,STR,Aston Martin,229971,Lance,Stroll,https://media.formula1.com/d_driver_fallback_image.png/content/dam/fom-website/drivers/L/LANSTR01_Lance_Stroll/lanstr01.png.transform/1col/image.png,CAN,9474,1230
20,K MAGNUSSEN,Kevin MAGNUSSEN,MAG,Haas F1 Team,B6BABD,Kevin,Magnussen,https://media.formula1.com/d_driver_fallback_image.png/content/dam/fom-website/drivers/K/KEVMAG01_Kevin_Magnussen/kevmag01.png.transform/1col/image.png,DEN,9474,1230
22,Y TSUNODA,Yuki TSUNODA,TSU,RB,6692FF,Yuki,Tsunoda,https://media.formula1.com/d_driver_fallback_image.png/content/dam/fom-website/drivers/Y/YUKTSU01_Yuki_Tsunoda/yuktsu01.png.transform/1col/image.png,JPN,9474,1230
23,A ALBON,Alexander ALBON,ALB,Williams,64C4FF,Alexander,Albon,https://media.formula1.com/d_driver_fallback_image.png/content/dam/fom-website/drivers/A/ALEALB01_Alexander_Albon/alealb01.png.transform/1col/image.png,THA,9474,1230
24,G ZHOU,ZHOU Guanyu,ZHO,Kick Sauber,52E252,Guanyu,Zhou,https://media.formula1.com/d_driver_fallback_image.png/content/dam/fom-website/drivers/G/GUAZHO01_Guanyu_Zhou/guazho01.png.transform/1col/image.png,CHN,9474,1230
27,N HULKENBERG,Nico HULKENBERG,HUL,Haas F1 Team,B6BABD,Nico,Hulkenberg,https://media.formula1.com/d_driver_fallback_image.png/content/dam/fom-website/drivers/N/NICHUL01_Nico_Hulkenberg/nichul01.png.transform/1col/image.png,GER,9474,1230
31,E OCON,Esteban OCON,OCO,Alpine,FF87BC,Esteban,Ocon,https://media.formula1.com/d_driver_fallback_image.png/content/dam/fom-website/drivers/E/ESTOCO01_Esteban_Ocon/estoco01.png.transform/1col/image.png,FRA,9474,1230
44,L HAMILTON,Lewis HAMILTON,HAM,Mercedes,27F4D2,Lewis,Hamilton,https://media.formula1.com/d_driver_fallback_image.png/content/dam/fom-website/drivers/L/LEWHAM01_Lewis_Hamilton/lewham01.png.transform/1col/image.png,GBR,9474,1230
55,C SAINZ,Carlos SAINZ,SAI,Ferrari,E8002D,Carlos,Sainz,https://media.formula1.com/d_driver_fallback_image.png/content/dam/fom-website/drivers/C/CARSAI01_Carlos_Sainz/carsai01.png.transform/1col/image.png,ESP,9474,1230
63,G RUSSELL,George RUSSELL,RUS,Mercedes,27F4D2,George,Russell,https://media.formula1.com/d_driver_fallback_image.png/content/dam/fom-website/drivers/G/GEORUS01_George_Russell/georus01.png.transform/1col/image.png,GBR,9474,1230
77,V BOTTAS,Valtteri BOTTAS,BOT,Kick Sauber,52E252,Valtteri,Bottas,https://media.formula1.com/d_driver_fallback_image.png/content/dam/fom-website/drivers/V/VALBOT01_Valtteri_Bottas/valbot01.png.transform/1col/image.png,FIN,9474,1230
81,O PIASTRI,Oscar PIASTRI,PIA,McLaren,FF8000,Oscar,Piastri,https://media.formula1.com/d_driver_fallback_image.png/content/dam/fom-website/drivers/O/OSCPIA01_Oscar_Piastri/oscpia01.png.transform/1col/image.png,AUS,9474,1230
1,M VERSTAPPEN,Max VERSTAPPEN,VER,Red Bull Racing,3671C6,Max,Verstappen,https://media.formula1.com/d_driver_fallback_image.png/content/dam/fom-website/drivers/M/MAXVER01_Max_Verstappen/maxver01.png.transform/1col/image.png,NED,9475,1230
2,L SARGEANT,Logan SARGEANT,SAR,Williams,64C4FF,Logan,Sargeant,https://media.formula1.com/d_driver_fallback_image.png/content/dam/fom-website/drivers/L/LOGSAR01_Logan_Sargeant/logsar01.png.transform/1col/image.png,USA,9475,1230
3,D RICCIARDO,Daniel RICCIARDO,RIC,RB,6692FF,Daniel,Ricciardo,https://media.formula1.com/d_driver_fallback_image.png/content/dam/fom-website/drivers/D/DANRIC01_Daniel_Ricciardo/danric01.png.transform/1col/image.png,AUS,9475,1230
4,L NORRIS,Lando NORRIS,NOR,McLaren,FF8000,Lando,Norris,https://media.formula1.com/d_driver_fallback_image.png/content/dam/fom-website/drivers/L/LANNOR01_Lando_Norris/lannor01.png.transform/1col/image.png,GBR,9475,1230
10,P GASLY,Pierre GASLY,GAS,Alpine,FF87BC,Pierre,Gasly,https://media.formula1.com/d_driver_fallback_image.png/content/dam/fom-website/drivers/P/PIEGAS01_Pierre_Gasly/piegas01.png.transform/1col/image.png,FRA,9475,1230
11,S PEREZ,Sergio PEREZ,PER,Red Bull Racing,3671C6,Sergio,Perez,https://media.formula1.com/d_driver_fallback_image.png/content/dam/fom-website/drivers/S/SERPER01_Sergio_Perez/serper01.png.transform/1col/image.png,MEX,9475,1230
14,F ALONSO,Fernando ALONSO,ALO,Aston Martin,229971,Fernando,Alonso,https://media.formula1.com/d_driver_fallback_image.png/content/dam/fom-website/drivers/F/FERALO01_Fernando_Alonso/feralo01.png.transform/1col/image.png,ESP,9475,1230
16,C LECLERC,Charles LECLERC,LEC,Ferrari,E8002D,Charles,Leclerc,https://media.formula1.com/d_driver_fallback_image.png/content/dam/fom-website/drivers/C/CHALEC01_Charles_Leclerc/chalec01.png.transform/1col/image.png,MON,9475,1230
18,L STROLL,Lance STROLL,STR,Aston Martin,229971,Lance,Stroll,https://media.formula1.com/d_driver_fallback_image.png/content/dam/fom-website/drivers/L/LANSTR01_Lance_Stroll/lanstr01.png.transform/1col/image.png,CAN,9475,1230
20,K MAGNUSSEN,Kevin MAGNUSSEN,MAG,Haas F1 Team,B6BABD,Kevin,Magnussen,https://media.formula1.com/d_driver_fallback_image.png/content/dam/fom-website/drivers/K/KEVMAG01_Kevin_Magnussen/kevmag01.png.transform/1col/image.png,DEN,9475,1230
22,Y TSUNODA,Yuki TSUNODA,TSU,RB,6692FF,Yuki,Tsunoda,https://media.formula1.com/d_driver_fallback_image.png/content/dam/fom-website/drivers/Y/YUKTSU01_Yuki_Tsunoda/yuktsu01.png.transform/1col/image.png,JPN,9475,1230
23,A ALBON,Alexander ALBON,ALB,Williams,64C4FF,Alexander,Albon,https://media.formula1.com/d_driver_fallback_image.png/content/dam/fom-website/drivers/A/ALEALB01_Alexander_Albon/alealb01.png.transform/1col/image.png,THA,9475,1230
24,G ZHOU,ZHOU Guanyu,ZHO,Kick Sauber,52E252,Guanyu,Zhou,https://media.formula1.com/d_driver_fallback_image.png/content/dam/fom-website/drivers/G/GUAZHO01_Guanyu_Zhou/guazho01.png.transform/1col/image.png,CHN,9475,1230
27,N HULKENBERG,Nico HULKENBERG,HUL,Haas F1 Team,B6BABD,Nico,Hulkenberg,https://media.formula1.com/d_driver_fallback_image.png/content/dam/fom-website/drivers/N/NICHUL01_Nico_Hulkenberg/nichul01.png.transform/1col/image.png,GER,9475,1230
31,E OCON,Esteban OCON,OCO,Alpine,FF87BC,Esteban,Ocon,https://media.formula1.com/d_driver_fallback_image.png/content/dam/fom-website/drivers/E/ESTOCO01_Esteban_Ocon/estoco01.png.transform/1col/image.png,FRA,9475,1230
38,O BEARMAN,Oliver BEARMAN,BEA,Ferrari,E8002D,Oliver,Bearman,,GBR,9475,1230
44,L HAMILTON,Lewis HAMILTON,HAM,Mercedes,27F4D2,Lewis,Hamilton,https://media.formula1.com/d_driver_fallback_image.png/content/dam/fom-website/drivers/L/LEWHAM01_Lewis_Hamilton/lewham01.png.transform/1col/image.png,GBR,9475,1230
63,G RUSSELL,George RUSSELL,RUS,Mercedes,27F4D2,George,Russell,https://media.formula1.com/d_driver_fallback_image.png/content/dam/fom-website/drivers/G/GEORUS01_George_Russell/georus01.png.transform/1col/image.png,GBR,9475,1230
77,V BOTTAS,Valtteri BOTTAS,BOT,Kick Sauber,52E252,Valtteri,Bottas,https://media.formula1.com/d_driver_fallback_image.png/content/dam/fom-website/drivers/V/VALBOT01_Valtteri_Bottas/valbot01.png.transform/1col/image.png,FIN,9475,1230
81,O PIASTRI,Oscar PIASTRI,PIA,McLaren,FF8000,Oscar,Piastri,https://media.formula1.com/d_driver_fallback_image.png/content/dam/fom-website/drivers/O/OSCPIA01_Oscar_Piastri/oscpia01.png.transform/1col/image.png,AUS,9475,1230
1,M VERSTAPPEN,Max VERSTAPPEN,VER,Red Bull Racing,3671C6,Max,Verstappen,https://media.formula1.com/d_driver_fallback_image.png/content/dam/fom-website/drivers/M/MAXVER01_Max_Verstappen/maxver01.png.transform/1col/image.png,NED,9476,1230
2,L SARGEANT,Logan SARGEANT,SAR,Williams,64C4FF,Logan,Sargeant,https://media.formula1.com/d_driver_fallback_image.png/content/dam/fom-website/drivers/L/LOGSAR01_Logan_Sargeant/logsar01.png.transform/1col/image.png,USA,9476,1230
3,D RICCIARDO,Daniel RICCIARDO,RIC,RB,6692FF,Daniel,Ricciardo,https://media.formula1.com/d_driver_fallback_image.png/content/dam/fom-website/drivers/D/DANRIC01_Daniel_Ricciardo/danric01.png.transform/1col/image.png,AUS,9476,1230
4,L NORRIS,Lando NORRIS,NOR,McLaren,FF8000,Lando,Norris,https://media.formula1.com/d_driver_fallback_image.png/content/dam/fom-website/drivers/L/LANNOR01_Lando_Norris/lannor01.png.transform/1col/image.png,GBR,9476,1230
10,P GASLY,Pierre GASLY,GAS,Alpine,FF87BC,Pierre,Gasly,https://media.formula1.com/d_driver_fallback_image.png/content/dam/fom-website/drivers/P/PIEGAS01_Pierre_Gasly/piegas01.png.transform/1col/image.png,FRA,9476,1230
11,S PEREZ,Sergio PEREZ,PER,Red Bull Racing,3671C6,Sergio,Perez,https://media.formula1.com/d_driver_fallback_image.png/content/dam/fom-website/drivers/S/SERPER01_Sergio_Perez/serper01.png.transform/1col/image.png,MEX,9476,1230
14,F ALONSO,Fernando ALONSO,ALO,Aston Martin,229971,Fernando,Alonso,https://media.formula1.com/d_driver_fallback_image.png/content/dam/fom-website/drivers/F/FERALO01_Fernando_Alonso/feralo01.png.transform/1col/image.png,ESP,9476,1230
16,C LECLERC,Charles LECLERC,LEC,Ferrari,E8002D,Charles,Leclerc,https://media.formula1.com/d_driver_fallback_image.png/content/dam/fom-website/drivers/C/CHALEC01_Charles_Leclerc/chalec01.png.transform/1col/image.png,MON,9476,1230
18,L STROLL,Lance STROLL,STR,Aston Martin,229971,Lance,Stroll,https://media.formula1.com/d_driver_fallback_image.png/content/dam/fom-website/drivers/L/LANSTR01_Lance_Stroll/lanstr01.png.transform/1col/image.png,CAN,9476,1230
20,K MAGNUSSEN,Kevin MAGNUSSEN,MAG,Haas F1 Team,B6BABD,Kevin,Magnussen,https://media.formula1.com/d_driver_fallback_image.png/content/dam/fom-website/drivers/K/KEVMAG01_Kevin_Magnussen/kevmag01.png.transform/1col/image.png,DEN,9476,1230
22,Y TSUNODA,Yuki TSUNODA,TSU,RB,6692FF,Yuki,Tsunoda,https://media.formula1.com/d_driver_fallback_image.png/content/dam/fom-website/drivers/Y/YUKTSU01_Yuki_Tsunoda/yuktsu01.png.transform/1col/image.png,JPN,9476,1230
23,A ALBON,Alexander ALBON,ALB,Williams,64C4FF,Alexander,Albon,https://media.formula1.com/d_driver_fallback_image.png/content/dam/fom-website/drivers/A/ALEALB01_Alexander_Albon/alealb01.png.transform/1col/image.png,THA,9476,1230
24,G ZHOU,ZHOU Guanyu,ZHO,Kick Sauber,52E252,Guanyu,Zhou,https://media.formula1.com/d_driver_fallback_image.png/content/dam/fom-website/drivers/G/GUAZHO01_Guanyu_Zhou/guazho01.png.transform/1col/image.png,CHN,9476,1230
27,N HULKENBERG,Nico HULKENBERG,HUL,Haas F1 Team,B6BABD,Nico,Hulkenberg,https://media.formula1.com/d_driver_fallback_image.png/content/dam/fom-website/drivers/N/NICHUL01_Nico_Hulkenberg/nichul01.png.transform/1col/image.png,GER,9476,1230
31,E OCON,Esteban OCON,OCO,Alpine,FF87BC,Esteban,Ocon,https://media.formula1.com/d_driver_fallback_image.png/content/dam/fom-website/drivers/E/ESTOCO01_Esteban_Ocon/estoco01.png.transform/1col/image.png,FRA,9476,1230
38,O BEARMAN,Oliver BEARMAN,BEA,Ferrari,E8002D,Oliver,Bearman,,GBR,9476,1230
44,L HAMILTON,Lewis HAMILTON,HAM,Mercedes,27F4D2,Lewis,Hamilton,https://media.formula1.com/d_driver_fallback_image.png/content/dam/fom-website/drivers/L/LEWHAM01_Lewis_Hamilton/lewham01.png.transform/1col/image.png,GBR,9476,1230
63,G RUSSELL,George RUSSELL,RUS,Mercedes,27F4D2,George,Russell,https://media.formula1.com/d_driver_fallback_image.png/content/dam/fom-website/drivers/G/GEORUS01_George_Russell/georus01.png.transform/1col/image.png,GBR,9476,1230
77,V BOTTAS,Valtteri BOTTAS,BOT,Kick Sauber,52E252,Valtteri,Bottas,https://media.formula1.com/d_driver_fallback_image.png/content/dam/fom-website/drivers/V/VALBOT01_Valtteri_Bottas/valbot01.png.transform/1col/image.png,FIN,9476,1230
81,O PIASTRI,Oscar PIASTRI,PIA,McLaren,FF8000,Oscar,Piastri,https://media.formula1.com/d_driver_fallback_image.png/content/dam/fom-website/drivers/O/OSCPIA01_Oscar_Piastri/oscpia01.png.transform/1col/image.png,AUS,9476,1230
1,M VERSTAPPEN,Max VERSTAPPEN,VER,Red Bull Racing,3671C6,Max,Verstappen,https://media.formula1.com/d_driver_fallback_image.png/content/dam/fom-website/drivers/M/MAXVER01_Max_Verstappen/maxver01.png.transform/1col/image.png,NED,9480,1230
2,L SARGEANT,Logan SARGEANT,SAR,Williams,64C4FF,Logan,Sargeant,https://media.formula1.com/d_driver_fallback_image.png/content/dam/fom-website/drivers/L/LOGSAR01_Logan_Sargeant/logsar01.png.transform/1col/image.png,USA,9480,1230
3,D RICCIARDO,Daniel RICCIARDO,RIC,RB,6692FF,Daniel,Ricciardo,https://media.formula1.com/d_driver_fallback_image.png/content/dam/fom-website/drivers/D/DANRIC01_Daniel_Ricciardo/danric01.png.transform/1col/image.png,AUS,9480,1230
4,L NORRIS,Lando NORRIS,NOR,McLaren,FF8000,Lando,Norris,https://media.formula1.com/d_driver_fallback_image.png/content/dam/fom-website/drivers/L/LANNOR01_Lando_Norris/lannor01.png.transform/1col/image.png,GBR,9480,1230
10,P GASLY,Pierre GASLY,GAS,Alpine,FF87BC,Pierre,Gasly,https://media.formula1.com/d_driver_fallback_image.png/content/dam/fom-website/drivers/P/PIEGAS01_Pierre_Gasly/piegas01.png.transform/1col/image.png,FRA,9480,1230
11,S PEREZ,Sergio PEREZ,PER,Red Bull Racing,3671C6,Sergio,Perez,https://media.formula1.com/d_driver_fallback_image.png/content/dam/fom-website/drivers/S/SERPER01_Sergio_Perez/serper01.png.transform/1col/image.png,MEX,9480,1230
14,F ALONSO,Fernando ALONSO,ALO,Aston Martin,229971,Fernando,Alonso,https://media.formula1.com/d_driver_fallback_image.png/content/dam/fom-website/drivers/F/FERALO01_Fernando_Alonso/feralo01.png.transform/1col/image.png,ESP,9480,1230
16,C LECLERC,Charles LECLERC,LEC,Ferrari,E8002D,Charles,Leclerc,https://media.formula1.com/d_driver_fallback_image.png/content/dam/fom-website/drivers/C/CHALEC01_Charles_Leclerc/chalec01.png.transform/1col/image.png,MON,9480,1230
18,L STROLL,Lance STROLL,STR,Aston Martin,229971,Lance,Stroll,https://media.formula1.com/d_driver_fallback_image.png/content/dam/fom-website/drivers/L/LANSTR01_Lance_Stroll/lanstr01.png.transform/1col/image.png,CAN,9480,1230
20,K MAGNUSSEN,Kevin MAGNUSSEN,MAG,Haas F1 Team,B6BABD,Kevin,Magnussen,https://media.formula1.com/d_driver_fallback_image.png/content/dam/fom-website/drivers/K/KEVMAG01_Kevin_Magnussen/kevmag01.png.transform/1col/image.png,DEN,9480,1230
22,Y TSUNODA,Yuki TSUNODA,TSU,RB,6692FF,Yuki,Tsunoda,https://media.formula1.com/d_driver_fallback_image.png/content/dam/fom-website/drivers/Y/YUKTSU01_Yuki_Tsunoda/yuktsu01.png.transform/1col/image.png,JPN,9480,1230
23,A ALBON,Alexander ALBON,ALB,Williams,64C4FF,Alexander,Albon,https://media.formula1.com/d_driver_fallback_image.png/content/dam/fom-website/drivers/A/ALEALB01_Alexander_Albon/alealb01.png.transform/1col/image.png,THA,9480,1230
24,G ZHOU,ZHOU Guanyu,ZHO,Kick Sauber,52E252,Guanyu,Zhou,https://media.formula1.com/d_driver_fallback_image.png/content/dam/fom-website/drivers/G/GUAZHO01_Guanyu_Zhou/guazho01.png.transform/1col/image.png,CHN,9480,1230
27,N HULKENBERG,Nico HULKENBERG,HUL,Haas F1 Team,B6BABD,Nico,Hulkenberg,https://media.formula1.com/d_driver_fallback_image.png/content/dam/fom-website/drivers/N/NICHUL01_Nico_Hulkenberg/nichul01.png.transform/1col/image.png,GER,9480,1230
31,E OCON,Esteban OCON,OCO,Alpine,FF87BC,Esteban,Ocon,https://media.formula1.com/d_driver_fallback_image.png/content/dam/fom-website/drivers/E/ESTOCO01_Esteban_Ocon/estoco01.png.transform/1col/image.png,FRA,9480,1230
38,O BEARMAN,Oliver BEARMAN,BEA,Ferrari,E8002D,Oliver,Bearman,,GBR,9480,1230
44,L HAMILTON,Lewis HAMILTON,HAM,Mercedes,27F4D2,Lewis,Hamilton,https://media.formula1.com/d_driver_fallback_image.png/content/dam/fom-website/drivers/L/LEWHAM01_Lewis_Hamilton/lewham01.png.transform/1col/image.png,GBR,9480,1230
63,G RUSSELL,George RUSSELL,RUS,Mercedes,27F4D2,George,Russell,https://media.formula1.com/d_driver_fallback_image.png/content/dam/fom-website/drivers/G/GEORUS01_George_Russell/georus01.png.transform/1col/image.png,GBR,9480,1230
77,V BOTTAS,Valtteri BOTTAS,BOT,Kick Sauber,52E252,Valtteri,Bottas,https://media.formula1.com/d_driver_fallback_image.png/content/dam/fom-website/drivers/V/VALBOT01_Valtteri_Bottas/valbot01.png.transform/1col/image.png,FIN,9480,1230
81,O PIASTRI,Oscar PIASTRI,PIA,McLaren,FF8000,Oscar,Piastri,https://media.formula1.com/d_driver_fallback_image.png/content/dam/fom-website/drivers/O/OSCPIA01_Oscar_Piastri/oscpia01.png.transform/1col/image.png,AUS,9480,1230
1,M VERSTAPPEN,Max VERSTAPPEN,VER,Red Bull Racing,3671C6,Max,Verstappen,https://media.formula1.com/d_driver_fallback_image.png/content/dam/fom-website/drivers/M/MAXVER01_Max_Verstappen/maxver01.png.transform/1col/image.png,NED,9481,1231
2,L SARGEANT,Logan SARGEANT,SAR,Williams,64C4FF,Logan,Sargeant,https://media.formula1.com/d_driver_fallback_image.png/content/dam/fom-website/drivers/L/LOGSAR01_Logan_Sargeant/logsar01.png.transform/1col/image.png,USA,9481,1231
3,D RICCIARDO,Daniel RICCIARDO,RIC,RB,6692FF,Daniel,Ricciardo,https://media.formula1.com/d_driver_fallback_image.png/content/dam/fom-website/drivers/D/DANRIC01_Daniel_Ricciardo/danric01.png.transform/1col/image.png,AUS,9481,1231
4,L NORRIS,Lando NORRIS,NOR,McLaren,FF8000,Lando,Norris,https://media.formula1.com/d_driver_fallback_image.png/content/dam/fom-website/drivers/L/LANNOR01_Lando_Norris/lannor01.png.transform/1col/image.png,GBR,9481,1231
10,P GASLY,Pierre GASLY,GAS,Alpine,0093cc,Pierre,Gasly,https://media.formula1.com/d_driver_fallback_image.png/content/dam/fom-website/drivers/P/PIEGAS01_Pierre_Gasly/piegas01.png.transform/1col/image.png,FRA,9481,1231
11,S PEREZ,Sergio PEREZ,PER,Red Bull Racing,3671C6,Sergio,Perez,https://media.formula1.com/d_driver_fallback_image.png/content/dam/fom-website/drivers/S/SERPER01_Sergio_Perez/serper01.png.transform/1col/image.png,MEX,9481,1231
14,F ALONSO,Fernando ALONSO,ALO,Aston Martin,229971,Fernando,Alonso,https://media.formula1.com/d_driver_fallback_image.png/content/dam/fom-website/drivers/F/FERALO01_Fernando_Alonso/feralo01.png.transform/1col/image.png,ESP,9481,1231
16,C LECLERC,Charles LECLERC,LEC,Ferrari,E80020,Charles,Leclerc,https://media.formula1.com/d_driver_fallback_image.png/content/dam/fom-website/drivers/C/CHALEC01_Charles_Leclerc/chalec01.png.transform/1col/image.png,MON,9481,1231
18,L STROLL,Lance STROLL,STR,Aston Martin,229971,Lance,Stroll,https://media.formula1.com/d_driver_fallback_image.png/content/dam/fom-website/drivers/L/LANSTR01_Lance_Stroll/lanstr01.png.transform/1col/image.png,CAN,9481,1231
20,K MAGNUSSEN,Kevin MAGNUSSEN,MAG,Haas F1 Team,B6BABD,Kevin,Magnussen,https://media.formula1.com/d_driver_fallback_image.png/content/dam/fom-website/drivers/K/KEVMAG01_Kevin_Magnussen/kevmag01.png.transform/1col/image.png,DEN,9481,1231
22,Y TSUNODA,Yuki TSUNODA,TSU,RB,6692FF,Yuki,Tsunoda,https://media.formula1.com/d_driver_fallback_image.png/content/dam/fom-website/drivers/Y/YUKTSU01_Yuki_Tsunoda/yuktsu01.png.transform/1col/image.png,JPN,9481,1231
23,A ALBON,Alexander ALBON,ALB,Williams,64C4FF,Alexander,Albon,https://media.formula1.com/d_driver_fallback_image.png/content/dam/fom-website/drivers/A/ALEALB01_Alexander_Albon/alealb01.png.transform/1col/image.png,THA,9481,1231
24,G ZHOU,ZHOU Guanyu,ZHO,Kick Sauber,52E252,Guanyu,Zhou,https://media.formula1.com/d_driver_fallback_image.png/content/dam/fom-website/drivers/G/GUAZHO01_Guanyu_Zhou/guazho01.png.transform/1col/image.png,CHN,9481,1231
27,N HULKENBERG,Nico HULKENBERG,HUL,Haas F1 Team,B6BABD,Nico,Hulkenberg,https://media.formula1.com/d_driver_fallback_image.png/content/dam/fom-website/drivers/N/NICHUL01_Nico_Hulkenberg/nichul01.png.transform/1col/image.png,GER,9481,1231
31,E OCON,Esteban OCON,OCO,Alpine,0093cc,Esteban,Ocon,https://media.formula1.com/d_driver_fallback_image.png/content/dam/fom-website/drivers/E/ESTOCO01_Esteban_Ocon/estoco01.png.transform/1col/image.png,FRA,9481,1231
44,L HAMILTON,Lewis HAMILTON,HAM,Mercedes,27F4D2,Lewis,Hamilton,https://media.formula1.com/d_driver_fallback_image.png/content/dam/fom-website/drivers/L/LEWHAM01_Lewis_Hamilton/lewham01.png.transform/1col/image.png,GBR,9481,1231
55,C SAINZ,Carlos SAINZ,SAI,Ferrari,E80020,Carlos,Sainz,https://media.formula1.com/d_driver_fallback_image.png/content/dam/fom-website/drivers/C/CARSAI01_Carlos_Sainz/carsai01.png.transform/1col/image.png,ESP,9481,1231
63,G RUSSELL,George RUSSELL,RUS,Mercedes,27F4D2,George,Russell,https://media.formula1.com/d_driver_fallback_image.png/content/dam/fom-website/drivers/G/GEORUS01_George_Russell/georus01.png.transform/1col/image.png,GBR,9481,1231
77,V BOTTAS,Valtteri BOTTAS,BOT,Kick Sauber,52E252,Valtteri,Bottas,https://media.formula1.com/d_driver_fallback_image.png/content/dam/fom-website/drivers/V/VALBOT01_Valtteri_Bottas/valbot01.png.transform/1col/image.png,FIN,9481,1231
81,O PIASTRI,Oscar PIASTRI,PIA,McLaren,FF8000,Oscar,Piastri,https://media.formula1.com/d_driver_fallback_image.png/content/dam/fom-website/drivers/O/OSCPIA01_Oscar_Piastri/oscpia01.png.transform/1col/image.png,AUS,9481,1231
1,M VERSTAPPEN,Max VERSTAPPEN,VER,Red Bull Racing,3671C6,Max,Verstappen,https://media.formula1.com/d_driver_fallback_image.png/content/dam/fom-website/drivers/M/MAXVER01_Max_Verstappen/maxver01.png.transform/1col/image.png,NED,9482,1231
2,L SARGEANT,Logan SARGEANT,SAR,Williams,64C4FF,Logan,Sargeant,https://media.formula1.com/d_driver_fallback_image.png/content/dam/fom-website/drivers/L/LOGSAR01_Logan_Sargeant/logsar01.png.transform/1col/image.png,USA,9482,1231
3,D RICCIARDO,Daniel RICCIARDO,RIC,RB,6692FF,Daniel,Ricciardo,https://media.formula1.com/d_driver_fallback_image.png/content/dam/fom-website/drivers/D/DANRIC01_Daniel_Ricciardo/danric01.png.transform/1col/image.png,AUS,9482,1231
4,L NORRIS,Lando NORRIS,NOR,McLaren,FF8000,Lando,Norris,https://media.formula1.com/d_driver_fallback_image.png/content/dam/fom-website/drivers/L/LANNOR01_Lando_Norris/lannor01.png.transform/1col/image.png,GBR,9482,1231
10,P GASLY,Pierre GASLY,GAS,Alpine,0093cc,Pierre,Gasly,https://media.formula1.com/d_driver_fallback_image.png/content/dam/fom-website/drivers/P/PIEGAS01_Pierre_Gasly/piegas01.png.transform/1col/image.png,FRA,9482,1231
11,S PEREZ,Sergio PEREZ,PER,Red Bull Racing,3671C6,Sergio,Perez,https://media.formula1.com/d_driver_fallback_image.png/content/dam/fom-website/drivers/S/SERPER01_Sergio_Perez/serper01.png.transform/1col/image.png,MEX,9482,1231
14,F ALONSO,Fernando ALONSO,ALO,Aston Martin,229971,Fernando,Alonso,https://media.formula1.com/d_driver_fallback_image.png/content/dam/fom-website/drivers/F/FERALO01_Fernando_Alonso/feralo01.png.transform/1col/image.png,ESP,9482,1231
16,C LECLERC,Charles LECLERC,LEC,Ferrari,E80020,Charles,Leclerc,https://media.formula1.com/d_driver_fallback_image.png/content/dam/fom-website/drivers/C/CHALEC01_Charles_Leclerc/chalec01.png.transform/1col/image.png,MON,9482,1231
18,L STROLL,Lance STROLL,STR,Aston Martin,229971,Lance,Stroll,https://media.formula1.com/d_driver_fallback_image.png/content/dam/fom-website/drivers/L/LANSTR01_Lance_Stroll/lanstr01.png.transform/1col/image.png,CAN,9482,1231
20,K MAGNUSSEN,Kevin MAGNUSSEN,MAG,Haas F1 Team,B6BABD,Kevin,Magnussen,https://media.formula1.com/d_driver_fallback_image.png/content/dam/fom-website/drivers/K/KEVMAG01_Kevin_Magnussen/kevmag01.png.transform/1col/image.png,DEN,9482,1231
22,Y TSUNODA,Yuki TSUNODA,TSU,RB,6692FF,Yuki,Tsunoda,https://media.formula1.com/d_driver_fallback_image.png/content/dam/fom-website/drivers/Y/YUKTSU01_Yuki_Tsunoda/yuktsu01.png.transform/1col/image.png,JPN,9482,1231
23,A ALBON,Alexander ALBON,ALB,Williams,64C4FF,Alexander,Albon,https://media.formula1.com/d_driver_fallback_image.png/content/dam/fom-website/drivers/A/ALEALB01_Alexander_Albon/alealb01.png.transform/1col/image.png,THA,9482,1231
24,G ZHOU,ZHOU Guanyu,ZHO,Kick Sauber,52E252,Guanyu,Zhou,https://media.formula1.com/d_driver_fallback_image.png/content/dam/fom-website/drivers/G/GUAZHO01_Guanyu_Zhou/guazho01.png.transform/1col/image.png,CHN,9482,1231
27,N HULKENBERG,Nico HULKENBERG,HUL,Haas F1 Team,B6BABD,Nico,Hulkenberg,https://media.formula1.com/d_driver_fallback_image.png/content/dam/fom-website/drivers/N/NICHUL01_Nico_Hulkenberg/nichul01.png.transform/1col/image.png,GER,9482,1231
31,E OCON,Esteban OCON,OCO,Alpine,0093cc,Esteban,Ocon,https://media.formula1.com/d_driver_fallback_image.png/content/dam/fom-website/drivers/E/ESTOCO01_Esteban_Ocon/estoco01.png.transform/1col/image.png,FRA,9482,1231
44,L HAMILTON,Lewis HAMILTON,HAM,Mercedes,27F4D2,Lewis,Hamilton,https://media.formula1.com/d_driver_fallback_image.png/content/dam/fom-website/drivers/L/LEWHAM01_Lewis_Hamilton/lewham01.png.transform/1col/image.png,GBR,9482,1231
55,C SAINZ,Carlos SAINZ,SAI,Ferrari,E80020,Carlos,Sainz,https://media.formula1.com/d_driver_fallback_image.png/content/dam/fom-website/drivers/C/CARSAI01_Carlos_Sainz/carsai01.png.transform/1col/image.png,ESP,9482,1231
63,G RUSSELL,George RUSSELL,RUS,Mercedes,27F4D2,George,Russell,https://media.formula1.com/d_driver_fallback_image.png/content/dam/fom-website/drivers/G/GEORUS01_George_Russell/georus01.png.transform/1col/image.png,GBR,9482,1231
77,V BOTTAS,Valtteri BOTTAS,BOT,Kick Sauber,52E252,Valtteri,Bottas,https://media.formula1.com/d_driver_fallback_image.png/content/dam/fom-website/drivers/V/VALBOT01_Valtteri_Bottas/valbot01.png.transform/1col/image.png,FIN,9482,1231
81,O PIASTRI,Oscar PIASTRI,PIA,McLaren,FF8000,Oscar,Piastri,https://media.formula1.com/d_driver_fallback_image.png/content/dam/fom-website/drivers/O/OSCPIA01_Oscar_Piastri/oscpia01.png.transform/1col/image.png,AUS,9482,1231
1,M VERSTAPPEN,Max VERSTAPPEN,VER,Red Bull Racing,3671C6,Max,Verstappen,https://media.formula1.com/d_driver_fallback_image.png/content/dam/fom-website/drivers/M/MAXVER01_Max_Verstappen/maxver01.png.transform/1col/image.png,NED,9483,1231
3,D RICCIARDO,Daniel RICCIARDO,RIC,RB,6692FF,Daniel,Ricciardo,https://media.formula1.com/d_driver_fallback_image.png/content/dam/fom-website/drivers/D/DANRIC01_Daniel_Ricciardo/danric01.png.transform/1col/image.png,AUS,9483,1231
4,L NORRIS,Lando NORRIS,NOR,McLaren,FF8000,Lando,Norris,https://media.formula1.com/d_driver_fallback_image.png/content/dam/fom-website/drivers/L/LANNOR01_Lando_Norris/lannor01.png.transform/1col/image.png,GBR,9483,1231
10,P GASLY,Pierre GASLY,GAS,Alpine,0093CC,Pierre,Gasly,https://media.formula1.com/d_driver_fallback_image.png/content/dam/fom-website/drivers/P/PIEGAS01_Pierre_Gasly/piegas01.png.transform/1col/image.png,FRA,9483,1231
11,S PEREZ,Sergio PEREZ,PER,Red Bull Racing,3671C6,Sergio,Perez,https://media.formula1.com/d_driver_fallback_image.png/content/dam/fom-website/drivers/S/SERPER01_Sergio_Perez/serper01.png.transform/1col/image.png,MEX,9483,1231
14,F ALONSO,Fernando ALONSO,ALO,Aston Martin,229971,Fernando,Alonso,https://media.formula1.com/d_driver_fallback_image.png/content/dam/fom-website/drivers/F/FERALO01_Fernando_Alonso/feralo01.png.transform/1col/image.png,ESP,9483,1231
16,C LECLERC,Charles LECLERC,LEC,Ferrari,E80020,Charles,Leclerc,https://media.formula1.com/d_driver_fallback_image.png/content/dam/fom-website/drivers/C/CHALEC01_Charles_Leclerc/chalec01.png.transform/1col/image.png,MON,9483,1231
18,L STROLL,Lance STROLL,STR,Aston Martin,229971,Lance,Stroll,https://media.formula1.com/d_driver_fallback_image.png/content/dam/fom-website/drivers/L/LANSTR01_Lance_Stroll/lanstr01.png.transform/1col/image.png,CAN,9483,1231
20,K MAGNUSSEN,Kevin MAGNUSSEN,MAG,Haas F1 Team,B6BABD,Kevin,Magnussen,https://media.formula1.com/d_driver_fallback_image.png/content/dam/fom-website/drivers/K/KEVMAG01_Kevin_Magnussen/kevmag01.png.transform/1col/image.png,DEN,9483,1231
22,Y TSUNODA,Yuki TSUNODA,TSU,RB,6692FF,Yuki,Tsunoda,https://media.formula1.com/d_driver_fallback_image.png/content/dam/fom-website/drivers/Y/YUKTSU01_Yuki_Tsunoda/yuktsu01.png.transform/1col/image.png,JPN,9483,1231
23,A ALBON,Alexander ALBON,ALB,Williams,64C4FF,Alexander,Albon,https://media.formula1.com/d_driver_fallback_image.png/content/dam/fom-website/drivers/A/ALEALB01_Alexander_Albon/alealb01.png.transform/1col/image.png,THA,9483,1231
24,G ZHOU,ZHOU Guanyu,ZHO,Kick Sauber,52E252,Guanyu,Zhou,https://media.formula1.com/d_driver_fallback_image.png/content/dam/fom-website/drivers/G/GUAZHO01_Guanyu_Zhou/guazho01.png.transform/1col/image.png,CHN,9483,1231
27,N HULKENBERG,Nico HULKENBERG,HUL,Haas F1 Team,B6BABD,Nico,Hulkenberg,https://media.formula1.com/d_driver_fallback_image.png/content/dam/fom-website/drivers/N/NICHUL01_Nico_Hulkenberg/nichul01.png.transform/1col/image.png,GER,9483,1231
31,E OCON,Esteban OCON,OCO,Alpine,0093CC,Esteban,Ocon,https://media.formula1.com/d_driver_fallback_image.png/content/dam/fom-website/drivers/E/ESTOCO01_Esteban_Ocon/estoco01.png.transform/1col/image.png,FRA,9483,1231
44,L HAMILTON,Lewis HAMILTON,HAM,Mercedes,27F4D2,Lewis,Hamilton,https://media.formula1.com/d_driver_fallback_image.png/content/dam/fom-website/drivers/L/LEWHAM01_Lewis_Hamilton/lewham01.png.transform/1col/image.png,GBR,9483,1231
55,C SAINZ,Carlos SAINZ,SAI,Ferrari,E80020,Carlos,Sainz,https://media.formula1.com/d_driver_fallback_image.png/content/dam/fom-website/drivers/C/CARSAI01_Carlos_Sainz/carsai01.png.transform/1col/image.png,ESP,9483,1231
63,G RUSSELL,George RUSSELL,RUS,Mercedes,27F4D2,George,Russell,https://media.formula1.com/d_driver_fallback_image.png/content/dam/fom-website/drivers/G/GEORUS01_George_Russell/georus01.png.transform/1col/image.png,GBR,9483,1231
77,V BOTTAS,Valtteri BOTTAS,BOT,Kick Sauber,52E252,Valtteri,Bottas,https://media.formula1.com/d_driver_fallback_image.png/content/dam/fom-website/drivers/V/VALBOT01_Valtteri_Bottas/valbot01.png.transform/1col/image.png,FIN,9483,1231
81,O PIASTRI,Oscar PIASTRI,PIA,McLaren,FF8000,Oscar,Piastri,https://media.formula1.com/d_driver_fallback_image.png/content/dam/fom-website/drivers/O/OSCPIA01_Oscar_Piastri/oscpia01.png.transform/1col/image.png,AUS,9483,1231
1,M VERSTAPPEN,Max VERSTAPPEN,VER,Red Bull Racing,3671C6,Max,Verstappen,https://media.formula1.com/d_driver_fallback_image.png/content/dam/fom-website/drivers/M/MAXVER01_Max_Verstappen/maxver01.png.transform/1col/image.png,NED,9484,1231
3,D RICCIARDO,Daniel RICCIARDO,RIC,RB,6692FF,Daniel,Ricciardo,https://media.formula1.com/d_driver_fallback_image.png/content/dam/fom-website/drivers/D/DANRIC01_Daniel_Ricciardo/danric01.png.transform/1col/image.png,AUS,9484,1231
4,L NORRIS,Lando NORRIS,NOR,McLaren,FF8000,Lando,Norris,https://media.formula1.com/d_driver_fallback_image.png/content/dam/fom-website/drivers/L/LANNOR01_Lando_Norris/lannor01.png.transform/1col/image.png,GBR,9484,1231
10,P GASLY,Pierre GASLY,GAS,Alpine,0093CC,Pierre,Gasly,https://media.formula1.com/d_driver_fallback_image.png/content/dam/fom-website/drivers/P/PIEGAS01_Pierre_Gasly/piegas01.png.transform/1col/image.png,FRA,9484,1231
11,S PEREZ,Sergio PEREZ,PER,Red Bull Racing,3671C6,Sergio,Perez,https://media.formula1.com/d_driver_fallback_image.png/content/dam/fom-website/drivers/S/SERPER01_Sergio_Perez/serper01.png.transform/1col/image.png,MEX,9484,1231
14,F ALONSO,Fernando ALONSO,ALO,Aston Martin,229971,Fernando,Alonso,https://media.formula1.com/d_driver_fallback_image.png/content/dam/fom-website/drivers/F/FERALO01_Fernando_Alonso/feralo01.png.transform/1col/image.png,ESP,9484,1231
16,C LECLERC,Charles LECLERC,LEC,Ferrari,E80020,Charles,Leclerc,https://media.formula1.com/d_driver_fallback_image.png/content/dam/fom-website/drivers/C/CHALEC01_Charles_Leclerc/chalec01.png.transform/1col/image.png,MON,9484,1231
18,L STROLL,Lance STROLL,STR,Aston Martin,229971,Lance,Stroll,https://media.formula1.com/d_driver_fallback_image.png/content/dam/fom-website/drivers/L/LANSTR01_Lance_Stroll/lanstr01.png.transform/1col/image.png,CAN,9484,1231
20,K MAGNUSSEN,Kevin MAGNUSSEN,MAG,Haas F1 Team,B6BABD,Kevin,Magnussen,https://media.formula1.com/d_driver_fallback_image.png/content/dam/fom-website/drivers/K/KEVMAG01_Kevin_Magnussen/kevmag01.png.transform/1col/image.png,DEN,9484,1231
22,Y TSUNODA,Yuki TSUNODA,TSU,RB,6692FF,Yuki,Tsunoda,https://media.formula1.com/d_driver_fallback_image.png/content/dam/fom-website/drivers/Y/YUKTSU01_Yuki_Tsunoda/yuktsu01.png.transform/1col/image.png,JPN,9484,1231
23,A ALBON,Alexander ALBON,ALB,Williams,64C4FF,Alexander,Albon,https://media.formula1.com/d_driver_fallback_image.png/content/dam/fom-website/drivers/A/ALEALB01_Alexander_Albon/alealb01.png.transform/1col/image.png,THA,9484,1231
24,G ZHOU,ZHOU Guanyu,ZHO,Kick Sauber,52E252,Guanyu,Zhou,https://media.formula1.com/d_driver_fallback_image.png/content/dam/fom-website/drivers/G/GUAZHO01_Guanyu_Zhou/guazho01.png.transform/1col/image.png,CHN,9484,1231
27,N HULKENBERG,Nico HULKENBERG,HUL,Haas F1 Team,B6BABD,Nico,Hulkenberg,https://media.formula1.com/d_driver_fallback_image.png/content/dam/fom-website/drivers/N/NICHUL01_Nico_Hulkenberg/nichul01.png.transform/1col/image.png,GER,9484,1231
31,E OCON,Esteban OCON,OCO,Alpine,0093CC,Esteban,Ocon,https://media.formula1.com/d_driver_fallback_image.png/content/dam/fom-website/drivers/E/ESTOCO01_Esteban_Ocon/estoco01.png.transform/1col/image.png,FRA,9484,1231
44,L HAMILTON,Lewis HAMILTON,HAM,Mercedes,27F4D2,Lewis,Hamilton,https://media.formula1.com/d_driver_fallback_image.png/content/dam/fom-website/drivers/L/LEWHAM01_Lewis_Hamilton/lewham01.png.transform/1col/image.png,GBR,9484,1231
55,C SAINZ,Carlos SAINZ,SAI,Ferrari,E80020,Carlos,Sainz,https://media.formula1.com/d_driver_fallback_image.png/content/dam/fom-website/drivers/C/CARSAI01_Carlos_Sainz/carsai01.png.transform/1col/image.png,ESP,9484,1231
63,G RUSSELL,George RUSSELL,RUS,Mercedes,27F4D2,George,Russell,https://media.formula1.com/d_driver_fallback_image.png/content/dam/fom-website/drivers/G/GEORUS01_George_Russell/georus01.png.transform/1col/image.png,GBR,9484,1231
77,V BOTTAS,Valtteri BOTTAS,BOT,Kick Sauber,52E252,Valtteri,Bottas,https://media.formula1.com/d_driver_fallback_image.png/content/dam/fom-website/drivers/V/VALBOT01_Valtteri_Bottas/valbot01.png.transform/1col/image.png,FIN,9484,1231
81,O PIASTRI,Oscar PIASTRI,PIA,McLaren,FF8000,Oscar,Piastri,https://media.formula1.com/d_driver_fallback_image.png/content/dam/fom-website/drivers/O/OSCPIA01_Oscar_Piastri/oscpia01.png.transform/1col/image.png,AUS,9484,1231
1,M VERSTAPPEN,Max VERSTAPPEN,VER,Red Bull Racing,3671C6,Max,Verstappen,https://media.formula1.com/d_driver_fallback_image.png/content/dam/fom-website/drivers/M/MAXVER01_Max_Verstappen/maxver01.png.transform/1col/image.png,NED,9488,1231
3,D RICCIARDO,Daniel RICCIARDO,RIC,RB,6692FF,Daniel,Ricciardo,https://media.formula1.com/d_driver_fallback_image.png/content/dam/fom-website/drivers/D/DANRIC01_Daniel_Ricciardo/danric01.png.transform/1col/image.png,AUS,9488,1231
4,L NORRIS,Lando NORRIS,NOR,McLaren,FF8000,Lando,Norris,https://media.formula1.com/d_driver_fallback_image.png/content/dam/fom-website/drivers/L/LANNOR01_Lando_Norris/lannor01.png.transform/1col/image.png,GBR,9488,1231
10,P GASLY,Pierre GASLY,GAS,Alpine,0093cc,Pierre,Gasly,https://media.formula1.com/d_driver_fallback_image.png/content/dam/fom-website/drivers/P/PIEGAS01_Pierre_Gasly/piegas01.png.transform/1col/image.png,FRA,9488,1231
11,S PEREZ,Sergio PEREZ,PER,Red Bull Racing,3671C6,Sergio,Perez,https://media.formula1.com/d_driver_fallback_image.png/content/dam/fom-website/drivers/S/SERPER01_Sergio_Perez/serper01.png.transform/1col/image.png,MEX,9488,1231
14,F ALONSO,Fernando ALONSO,ALO,Aston Martin,229971,Fernando,Alonso,https://media.formula1.com/d_driver_fallback_image.png/content/dam/fom-website/drivers/F/FERALO01_Fernando_Alonso/feralo01.png.transform/1col/image.png,ESP,9488,1231
16,C LECLERC,Charles LECLERC,LEC,Ferrari,E80020,Charles,Leclerc,https://media.formula1.com/d_driver_fallback_image.png/content/dam/fom-website/drivers/C/CHALEC01_Charles_Leclerc/chalec01.png.transform/1col/image.png,MON,9488,1231
18,L STROLL,Lance STROLL,STR,Aston Martin,229971,Lance,Stroll,https://media.formula1.com/d_driver_fallback_image.png/content/dam/fom-website/drivers/L/LANSTR01_Lance_Stroll/lanstr01.png.transform/1col/image.png,CAN,9488,1231
20,K MAGNUSSEN,Kevin MAGNUSSEN,MAG,Haas F1 Team,B6BABD,Kevin,Magnussen,https://media.formula1.com/d_driver_fallback_image.png/content/dam/fom-website/drivers/K/KEVMAG01_Kevin_Magnussen/kevmag01.png.transform/1col/image.png,DEN,9488,1231
22,Y TSUNODA,Yuki TSUNODA,TSU,RB,6692FF,Yuki,Tsunoda,https://media.formula1.com/d_driver_fallback_image.png/content/dam/fom-website/drivers/Y/YUKTSU01_Yuki_Tsunoda/yuktsu01.png.transform/1col/image.png,JPN,9488,1231
23,A ALBON,Alexander ALBON,ALB,Williams,64C4FF,Alexander,Albon,https://media.formula1.com/d_driver_fallback_image.png/content/dam/fom-website/drivers/A/ALEALB01_Alexander_Albon/alealb01.png.transform/1col/image.png,THA,9488,1231
24,G ZHOU,ZHOU Guanyu,ZHO,Kick Sauber,52E252,Guanyu,Zhou,https://media.formula1.com/d_driver_fallback_image.png/content/dam/fom-website/drivers/G/GUAZHO01_Guanyu_Zhou/guazho01.png.transform/1col/image.png,CHN,9488,1231
27,N HULKENBERG,Nico HULKENBERG,HUL,Haas F1 Team,B6BABD,Nico,Hulkenberg,https://media.formula1.com/d_driver_fallback_image.png/content/dam/fom-website/drivers/N/NICHUL01_Nico_Hulkenberg/nichul01.png.transform/1col/image.png,GER,9488,1231
31,E OCON,Esteban OCON,OCO,Alpine,0093cc,Esteban,Ocon,https://media.formula1.com/d_driver_fallback_image.png/content/dam/fom-website/drivers/E/ESTOCO01_Esteban_Ocon/estoco01.png.transform/1col/image.png,FRA,9488,1231
44,L HAMILTON,Lewis HAMILTON,HAM,Mercedes,27F4D2,Lewis,Hamilton,https://media.formula1.com/d_driver_fallback_image.png/content/dam/fom-website/drivers/L/LEWHAM01_Lewis_Hamilton/lewham01.png.transform/1col/image.png,GBR,9488,1231
55,C SAINZ,Carlos SAINZ,SAI,Ferrari,E80020,Carlos,Sainz,https://media.formula1.com/d_driver_fallback_image.png/content/dam/fom-website/drivers/C/CARSAI01_Carlos_Sainz/carsai01.png.transform/1col/image.png,ESP,9488,1231
63,G RUSSELL,George RUSSELL,RUS,Mercedes,27F4D2,George,Russell,https://media.formula1.com/d_driver_fallback_image.png/content/dam/fom-website/drivers/G/GEORUS01_George_Russell/georus01.png.transform/1col/image.png,GBR,9488,1231
77,V BOTTAS,Valtteri BOTTAS,BOT,Kick Sauber,52E252,Valtteri,Bottas,https://media.formula1.com/d_driver_fallback_image.png/content/dam/fom-website/drivers/V/VALBOT01_Valtteri_Bottas/valbot01.png.transform/1col/image.png,FIN,9488,1231
81,O PIASTRI,Oscar PIASTRI,PIA,McLaren,FF8000,Oscar,Piastri,https://media.formula1.com/d_driver_fallback_image.png/content/dam/fom-website/drivers/O/OSCPIA01_Oscar_Piastri/oscpia01.png.transform/1col/image.png,AUS,9488,1231
1,M VERSTAPPEN,Max VERSTAPPEN,VER,Red Bull Racing,3671C6,Max,Verstappen,https://media.formula1.com/d_driver_fallback_image.png/content/dam/fom-website/drivers/M/MAXVER01_Max_Verstappen/maxver01.png.transform/1col/image.png,NED,9489,1232
2,L SARGEANT,Logan SARGEANT,SAR,Williams,64C4FF,Logan,Sargeant,https://media.formula1.com/d_driver_fallback_image.png/content/dam/fom-website/drivers/L/LOGSAR01_Logan_Sargeant/logsar01.png.transform/1col/image.png,USA,9489,1232
4,L NORRIS,Lando NORRIS,NOR,McLaren,FF8000,Lando,Norris,https://media.formula1.com/d_driver_fallback_image.png/content/dam/fom-website/drivers/L/LANNOR01_Lando_Norris/lannor01.png.transform/1col/image.png,GBR,9489,1232
10,P GASLY,Pierre GASLY,GAS,Alpine,0093cc,Pierre,Gasly,https://media.formula1.com/d_driver_fallback_image.png/content/dam/fom-website/drivers/P/PIEGAS01_Pierre_Gasly/piegas01.png.transform/1col/image.png,FRA,9489,1232
11,S PEREZ,Sergio PEREZ,PER,Red Bull Racing,3671C6,Sergio,Perez,https://media.formula1.com/d_driver_fallback_image.png/content/dam/fom-website/drivers/S/SERPER01_Sergio_Perez/serper01.png.transform/1col/image.png,MEX,9489,1232
14,F ALONSO,Fernando ALONSO,ALO,Aston Martin,229971,Fernando,Alonso,https://media.formula1.com/d_driver_fallback_image.png/content/dam/fom-website/drivers/F/FERALO01_Fernando_Alonso/feralo01.png.transform/1col/image.png,ESP,9489,1232
16,C LECLERC,Charles LECLERC,LEC,Ferrari,E80020,Charles,Leclerc,https://media.formula1.com/d_driver_fallback_image.png/content/dam/fom-website/drivers/C/CHALEC01_Charles_Leclerc/chalec01.png.transform/1col/image.png,MON,9489,1232
18,L STROLL,Lance STROLL,STR,Aston Martin,229971,Lance,Stroll,https://media.formula1.com/d_driver_fallback_image.png/content/dam/fom-website/drivers/L/LANSTR01_Lance_Stroll/lanstr01.png.transform/1col/image.png,CAN,9489,1232
20,K MAGNUSSEN,Kevin MAGNUSSEN,MAG,Haas F1 Team,B6BABD,Kevin,Magnussen,https://media.formula1.com/d_driver_fallback_image.png/content/dam/fom-website/drivers/K/KEVMAG01_Kevin_Magnussen/kevmag01.png.transform/1col/image.png,DEN,9489,1232
22,Y TSUNODA,Yuki TSUNODA,TSU,RB,6692FF,Yuki,Tsunoda,https://media.formula1.com/d_driver_fallback_image.png/content/dam/fom-website/drivers/Y/YUKTSU01_Yuki_Tsunoda/yuktsu01.png.transform/1col/image.png,JPN,9489,1232
23,A ALBON,Alexander ALBON,ALB,Williams,64C4FF,Alexander,Albon,https://media.formula1.com/d_driver_fallback_image.png/content/dam/fom-website/drivers/A/ALEALB01_Alexander_Albon/alealb01.png.transform/1col/image.png,THA,9489,1232
24,G ZHOU,ZHOU Guanyu,ZHO,Kick Sauber,52E252,Guanyu,Zhou,https://media.formula1.com/d_driver_fallback_image.png/content/dam/fom-website/drivers/G/GUAZHO01_Guanyu_Zhou/guazho01.png.transform/1col/image.png,CHN,9489,1232
27,N HULKENBERG,Nico HULKENBERG,HUL,Haas F1 Team,B6BABD,Nico,Hulkenberg,https://media.formula1.com/d_driver_fallback_image.png/content/dam/fom-website/drivers/N/NICHUL01_Nico_Hulkenberg/nichul01.png.transform/1col/image.png,GER,9489,1232
31,E OCON,Esteban OCON,OCO,Alpine,0093cc,Esteban,Ocon,https://media.formula1.com/d_driver_fallback_image.png/content/dam/fom-website/drivers/E/ESTOCO01_Esteban_Ocon/estoco01.png.transform/1col/image.png,FRA,9489,1232
40,A IWASA,Ayumu IWASA,IWA,RB,6692FF,Ayumu,Iwasa,,JPN,9489,1232
44,L HAMILTON,Lewis HAMILTON,HAM,Mercedes,27F4D2,Lewis,Hamilton,https://media.formula1.com/d_driver_fallback_image.png/content/dam/fom-website/drivers/L/LEWHAM01_Lewis_Hamilton/lewham01.png.transform/1col/image.png,GBR,9489,1232
55,C SAINZ,Carlos SAINZ,SAI,Ferrari,E80020,Carlos,Sainz,https://media.formula1.com/d_driver_fallback_image.png/content/dam/fom-website/drivers/C/CARSAI01_Carlos_Sainz/carsai01.png.transform/1col/image.png,ESP,9489,1232
63,G RUSSELL,George RUSSELL,RUS,Mercedes,27F4D2,George,Russell,https://media.formula1.com/d_driver_fallback_image.png/content/dam/fom-website/drivers/G/GEORUS01_George_Russell/georus01.png.transform/1col/image.png,GBR,9489,1232
77,V BOTTAS,Valtteri BOTTAS,BOT,Kick Sauber,52E252,Valtteri,Bottas,https://media.formula1.com/d_driver_fallback_image.png/content/dam/fom-website/drivers/V/VALBOT01_Valtteri_Bottas/valbot01.png.transform/1col/image.png,FIN,9489,1232
81,O PIASTRI,Oscar PIASTRI,PIA,McLaren,FF8000,Oscar,Piastri,https://media.formula1.com/d_driver_fallback_image.png/content/dam/fom-website/drivers/O/OSCPIA01_Oscar_Piastri/oscpia01.png.transform/1col/image.png,AUS,9489,1232
1,M VERSTAPPEN,Max VERSTAPPEN,VER,Red Bull Racing,3671C6,Max,Verstappen,https://media.formula1.com/d_driver_fallback_image.png/content/dam/fom-website/drivers/M/MAXVER01_Max_Verstappen/maxver01.png.transform/1col/image.png,NED,9490,1232
2,L SARGEANT,Logan SARGEANT,SAR,Williams,64C4FF,Logan,Sargeant,https://media.formula1.com/d_driver_fallback_image.png/content/dam/fom-website/drivers/L/LOGSAR01_Logan_Sargeant/logsar01.png.transform/1col/image.png,USA,9490,1232
3,D RICCIARDO,Daniel RICCIARDO,RIC,RB,6692FF,Daniel,Ricciardo,https://media.formula1.com/d_driver_fallback_image.png/content/dam/fom-website/drivers/D/DANRIC01_Daniel_Ricciardo/danric01.png.transform/1col/image.png,AUS,9490,1232
4,L NORRIS,Lando NORRIS,NOR,McLaren,FF8000,Lando,Norris,https://media.formula1.com/d_driver_fallback_image.png/content/dam/fom-website/drivers/L/LANNOR01_Lando_Norris/lannor01.png.transform/1col/image.png,GBR,9490,1232
10,P GASLY,Pierre GASLY,GAS,Alpine,0093cc,Pierre,Gasly,https://media.formula1.com/d_driver_fallback_image.png/content/dam/fom-website/drivers/P/PIEGAS01_Pierre_Gasly/piegas01.png.transform/1col/image.png,FRA,9490,1232
11,S PEREZ,Sergio PEREZ,PER,Red Bull Racing,3671C6,Sergio,Perez,https://media.formula1.com/d_driver_fallback_image.png/content/dam/fom-website/drivers/S/SERPER01_Sergio_Perez/serper01.png.transform/1col/image.png,MEX,9490,1232
14,F ALONSO,Fernando ALONSO,ALO,Aston Martin,229971,Fernando,Alonso,https://media.formula1.com/d_driver_fallback_image.png/content/dam/fom-website/drivers/F/FERALO01_Fernando_Alonso/feralo01.png.transform/1col/image.png,ESP,9490,1232
16,C LECLERC,Charles LECLERC,LEC,Ferrari,E80020,Charles,Leclerc,https://media.formula1.com/d_driver_fallback_image.png/content/dam/fom-website/drivers/C/CHALEC01_Charles_Leclerc/chalec01.png.transform/1col/image.png,MON,9490,1232
18,L STROLL,Lance STROLL,STR,Aston Martin,229971,Lance,Stroll,https://media.formula1.com/d_driver_fallback_image.png/content/dam/fom-website/drivers/L/LANSTR01_Lance_Stroll/lanstr01.png.transform/1col/image.png,CAN,9490,1232
20,K MAGNUSSEN,Kevin MAGNUSSEN,MAG,Haas F1 Team,B6BABD,Kevin,Magnussen,https://media.formula1.com/d_driver_fallback_image.png/content/dam/fom-website/drivers/K/KEVMAG01_Kevin_Magnussen/kevmag01.png.transform/1col/image.png,DEN,9490,1232
22,Y TSUNODA,Yuki TSUNODA,TSU,RB,6692FF,Yuki,Tsunoda,https://media.formula1.com/d_driver_fallback_image.png/content/dam/fom-website/drivers/Y/YUKTSU01_Yuki_Tsunoda/yuktsu01.png.transform/1col/image.png,JPN,9490,1232
23,A ALBON,Alexander ALBON,ALB,Williams,64C4FF,Alexander,Albon,https://media.formula1.com/d_driver_fallback_image.png/content/dam/fom-website/drivers/A/ALEALB01_Alexander_Albon/alealb01.png.transform/1col/image.png,THA,9490,1232
24,G ZHOU,ZHOU Guanyu,ZHO,Kick Sauber,52E252,Guanyu,Zhou,https://media.formula1.com/d_driver_fallback_image.png/content/dam/fom-website/drivers/G/GUAZHO01_Guanyu_Zhou/guazho01.png.transform/1col/image.png,CHN,9490,1232
27,N HULKENBERG,Nico HULKENBERG,HUL,Haas F1 Team,B6BABD,Nico,Hulkenberg,https://media.formula1.com/d_driver_fallback_image.png/content/dam/fom-website/drivers/N/NICHUL01_Nico_Hulkenberg/nichul01.png.transform/1col/image.png,GER,9490,1232
31,E OCON,Esteban OCON,OCO,Alpine,0093cc,Esteban,Ocon,https://media.formula1.com/d_driver_fallback_image.png/content/dam/fom-website/drivers/E/ESTOCO01_Esteban_Ocon/estoco01.png.transform/1col/image.png,FRA,9490,1232
44,L HAMILTON,Lewis HAMILTON,HAM,Mercedes,27F4D2,Lewis,Hamilton,https://media.formula1.com/d_driver_fallback_image.png/content/dam/fom-website/drivers/L/LEWHAM01_Lewis_Hamilton/lewham01.png.transform/1col/image.png,GBR,9490,1232
55,C SAINZ,Carlos SAINZ,SAI,Ferrari,E80020,Carlos,Sainz,https://media.formula1.com/d_driver_fallback_image.png/content/dam/fom-website/drivers/C/CARSAI01_Carlos_Sainz/carsai01.png.transform/1col/image.png,ESP,9490,1232
63,G RUSSELL,George RUSSELL,RUS,Mercedes,27F4D2,George,Russell,https://media.formula1.com/d_driver_fallback_image.png/content/dam/fom-website/drivers/G/GEORUS01_George_Russell/georus01.png.transform/1col/image.png,GBR,9490,1232
77,V BOTTAS,Valtteri BOTTAS,BOT,Kick Sauber,52E252,Valtteri,Bottas,https://media.formula1.com/d_driver_fallback_image.png/content/dam/fom-website/drivers/V/VALBOT01_Valtteri_Bottas/valbot01.png.transform/1col/image.png,FIN,9490,1232
81,O PIASTRI,Oscar PIASTRI,PIA,McLaren,FF8000,Oscar,Piastri,https://media.formula1.com/d_driver_fallback_image.png/content/dam/fom-website/drivers/O/OSCPIA01_Oscar_Piastri/oscpia01.png.transform/1col/image.png,AUS,9490,1232
1,M VERSTAPPEN,Max VERSTAPPEN,VER,Red Bull Racing,3671C6,Max,Verstappen,https://media.formula1.com/d_driver_fallback_image.png/content/dam/fom-website/drivers/M/MAXVER01_Max_Verstappen/maxver01.png.transform/1col/image.png,NED,9491,1232
2,L SARGEANT,Logan SARGEANT,SAR,Williams,64C4FF,Logan,Sargeant,https://media.formula1.com/d_driver_fallback_image.png/content/dam/fom-website/drivers/L/LOGSAR01_Logan_Sargeant/logsar01.png.transform/1col/image.png,USA,9491,1232
3,D RICCIARDO,Daniel RICCIARDO,RIC,RB,6692FF,Daniel,Ricciardo,https://media.formula1.com/d_driver_fallback_image.png/content/dam/fom-website/drivers/D/DANRIC01_Daniel_Ricciardo/danric01.png.transform/1col/image.png,AUS,9491,1232
4,L NORRIS,Lando NORRIS,NOR,McLaren,FF8000,Lando,Norris,https://media.formula1.com/d_driver_fallback_image.png/content/dam/fom-website/drivers/L/LANNOR01_Lando_Norris/lannor01.png.transform/1col/image.png,GBR,9491,1232
10,P GASLY,Pierre GASLY,GAS,Alpine,0093cc,Pierre,Gasly,https://media.formula1.com/d_driver_fallback_image.png/content/dam/fom-website/drivers/P/PIEGAS01_Pierre_Gasly/piegas01.png.transform/1col/image.png,FRA,9491,1232
11,S PEREZ,Sergio PEREZ,PER,Red Bull Racing,3671C6,Sergio,Perez,https://media.formula1.com/d_driver_fallback_image.png/content/dam/fom-website/drivers/S/SERPER01_Sergio_Perez/serper01.png.transform/1col/image.png,MEX,9491,1232
14,F ALONSO,Fernando ALONSO,ALO,Aston Martin,229971,Fernando,Alonso,https://media.formula1.com/d_driver_fallback_image.png/content/dam/fom-website/drivers/F/FERALO01_Fernando_Alonso/feralo01.png.transform/1col/image.png,ESP,9491,1232
16,C LECLERC,Charles LECLERC,LEC,Ferrari,E80020,Charles,Leclerc,https://media.formula1.com/d_driver_fallback_image.png/content/dam/fom-website/drivers/C/CHALEC01_Charles_Leclerc/chalec01.png.transform/1col/image.png,MON,9491,1232
18,L STROLL,Lance STROLL,STR,Aston Martin,229971,Lance,Stroll,https://media.formula1.com/d_driver_fallback_image.png/content/dam/fom-website/drivers/L/LANSTR01_Lance_Stroll/lanstr01.png.transform/1col/image.png,CAN,9491,1232
20,K MAGNUSSEN,Kevin MAGNUSSEN,MAG,Haas F1 Team,B6BABD,Kevin,Magnussen,https://media.formula1.com/d_driver_fallback_image.png/content/dam/fom-website/drivers/K/KEVMAG01_Kevin_Magnussen/kevmag01.png.transform/1col/image.png,DEN,9491,1232
22,Y TSUNODA,Yuki TSUNODA,TSU,RB,6692FF,Yuki,Tsunoda,https://media.formula1.com/d_driver_fallback_image.png/content/dam/fom-website/drivers/Y/YUKTSU01_Yuki_Tsunoda/yuktsu01.png.transform/1col/image.png,JPN,9491,1232
23,A ALBON,Alexander ALBON,ALB,Williams,64C4FF,Alexander,Albon,https://media.formula1.com/d_driver_fallback_image.png/content/dam/fom-website/drivers/A/ALEALB01_Alexander_Albon/alealb01.png.transform/1col/image.png,THA,9491,1232
24,G ZHOU,ZHOU Guanyu,ZHO,Kick Sauber,52E252,Guanyu,Zhou,https://media.formula1.com/d_driver_fallback_image.png/content/dam/fom-website/drivers/G/GUAZHO01_Guanyu_Zhou/guazho01.png.transform/1col/image.png,CHN,9491,1232
27,N HULKENBERG,Nico HULKENBERG,HUL,Haas F1 Team,B6BABD,Nico,Hulkenberg,https://media.formula1.com/d_driver_fallback_image.png/content/dam/fom-website/drivers/N/NICHUL01_Nico_Hulkenberg/nichul01.png.transform/1col/image.png,GER,9491,1232
31,E OCON,Esteban OCON,OCO,Alpine,0093cc,Esteban,Ocon,https://media.formula1.com/d_driver_fallback_image.png/content/dam/fom-website/drivers/E/ESTOCO01_Esteban_Ocon/estoco01.png.transform/1col/image.png,FRA,9491,1232
44,L HAMILTON,Lewis HAMILTON,HAM,Mercedes,27F4D2,Lewis,Hamilton,https://media.formula1.com/d_driver_fallback_image.png/content/dam/fom-website/drivers/L/LEWHAM01_Lewis_Hamilton/lewham01.png.transform/1col/image.png,GBR,9491,1232
55,C SAINZ,Carlos SAINZ,SAI,Ferrari,E80020,Carlos,Sainz,https://media.formula1.com/d_driver_fallback_image.png/content/dam/fom-website/drivers/C/CARSAI01_Carlos_Sainz/carsai01.png.transform/1col/image.png,ESP,9491,1232
63,G RUSSELL,George RUSSELL,RUS,Mercedes,27F4D2,George,Russell,https://media.formula1.com/d_driver_fallback_image.png/content/dam/fom-website/drivers/G/GEORUS01_George_Russell/georus01.png.transform/1col/image.png,GBR,9491,1232
77,V BOTTAS,Valtteri BOTTAS,BOT,Kick Sauber,52E252,Valtteri,Bottas,https://media.formula1.com/d_driver_fallback_image.png/content/dam/fom-website/drivers/V/VALBOT01_Valtteri_Bottas/valbot01.png.transform/1col/image.png,FIN,9491,1232
81,O PIASTRI,Oscar PIASTRI,PIA,McLaren,FF8000,Oscar,Piastri,https://media.formula1.com/d_driver_fallback_image.png/content/dam/fom-website/drivers/O/OSCPIA01_Oscar_Piastri/oscpia01.png.transform/1col/image.png,AUS,9491,1232
1,M VERSTAPPEN,Max VERSTAPPEN,VER,Red Bull Racing,3671C6,Max,Verstappen,https://media.formula1.com/d_driver_fallback_image.png/content/dam/fom-website/drivers/M/MAXVER01_Max_Verstappen/maxver01.png.transform/1col/image.png,NED,9492,1232
2,L SARGEANT,Logan SARGEANT,SAR,Williams,64C4FF,Logan,Sargeant,https://media.formula1.com/d_driver_fallback_image.png/content/dam/fom-website/drivers/L/LOGSAR01_Logan_Sargeant/logsar01.png.transform/1col/image.png,USA,9492,1232
3,D RICCIARDO,Daniel RICCIARDO,RIC,RB,6692FF,Daniel,Ricciardo,https://media.formula1.com/d_driver_fallback_image.png/content/dam/fom-website/drivers/D/DANRIC01_Daniel_Ricciardo/danric01.png.transform/1col/image.png,AUS,9492,1232
4,L NORRIS,Lando NORRIS,NOR,McLaren,FF8000,Lando,Norris,https://media.formula1.com/d_driver_fallback_image.png/content/dam/fom-website/drivers/L/LANNOR01_Lando_Norris/lannor01.png.transform/1col/image.png,GBR,9492,1232
10,P GASLY,Pierre GASLY,GAS,Alpine,0093CC,Pierre,Gasly,https://media.formula1.com/d_driver_fallback_image.png/content/dam/fom-website/drivers/P/PIEGAS01_Pierre_Gasly/piegas01.png.transform/1col/image.png,FRA,9492,1232
11,S PEREZ,Sergio PEREZ,PER,Red Bull Racing,3671C6,Sergio,Perez,https://media.formula1.com/d_driver_fallback_image.png/content/dam/fom-website/drivers/S/SERPER01_Sergio_Perez/serper01.png.transform/1col/image.png,MEX,9492,1232
14,F ALONSO,Fernando ALONSO,ALO,Aston Martin,229971,Fernando,Alonso,https://media.formula1.com/d_driver_fallback_image.png/content/dam/fom-website/drivers/F/FERALO01_Fernando_Alonso/feralo01.png.transform/1col/image.png,ESP,9492,1232
16,C LECLERC,Charles LECLERC,LEC,Ferrari,E80020,Charles,Leclerc,https://media.formula1.com/d_driver_fallback_image.png/content/dam/fom-website/drivers/C/CHALEC01_Charles_Leclerc/chalec01.png.transform/1col/image.png,MON,9492,1232
18,L STROLL,Lance STROLL,STR,Aston Martin,229971,Lance,Stroll,https://media.formula1.com/d_driver_fallback_image.png/content/dam/fom-website/drivers/L/LANSTR01_Lance_Stroll/lanstr01.png.transform/1col/image.png,CAN,9492,1232
20,K MAGNUSSEN,Kevin MAGNUSSEN,MAG,Haas F1 Team,B6BABD,Kevin,Magnussen,https://media.formula1.com/d_driver_fallback_image.png/content/dam/fom-website/drivers/K/KEVMAG01_Kevin_Magnussen/kevmag01.png.transform/1col/image.png,DEN,9492,1232
22,Y TSUNODA,Yuki TSUNODA,TSU,RB,6692FF,Yuki,Tsunoda,https://media.formula1.com/d_driver_fallback_image.png/content/dam/fom-website/drivers/Y/YUKTSU01_Yuki_Tsunoda/yuktsu01.png.transform/1col/image.png,JPN,9492,1232
23,A ALBON,Alexander ALBON,ALB,Williams,64C4FF,Alexander,Albon,https://media.formula1.com/d_driver_fallback_image.png/content/dam/fom-website/drivers/A/ALEALB01_Alexander_Albon/alealb01.png.transform/1col/image.png,THA,9492,1232
24,G ZHOU,ZHOU Guanyu,ZHO,Kick Sauber,52E252,Guanyu,Zhou,https://media.formula1.com/d_driver_fallback_image.png/content/dam/fom-website/drivers/G/GUAZHO01_Guanyu_Zhou/guazho01.png.transform/1col/image.png,CHN,9492,1232
27,N HULKENBERG,Nico HULKENBERG,HUL,Haas F1 Team,B6BABD,Nico,Hulkenberg,https://media.formula1.com/d_driver_fallback_image.png/content/dam/fom-website/drivers/N/NICHUL01_Nico_Hulkenberg/nichul01.png.transform/1col/image.png,GER,9492,1232
31,E OCON,Esteban OCON,OCO,Alpine,0093CC,Esteban,Ocon,https://media.formula1.com/d_driver_fallback_image.png/content/dam/fom-website/drivers/E/ESTOCO01_Esteban_Ocon/estoco01.png.transform/1col/image.png,FRA,9492,1232
44,L HAMILTON,Lewis HAMILTON,HAM,Mercedes,27F4D2,Lewis,Hamilton,https://media.formula1.com/d_driver_fallback_image.png/content/dam/fom-website/drivers/L/LEWHAM01_Lewis_Hamilton/lewham01.png.transform/1col/image.png,GBR,9492,1232
55,C SAINZ,Carlos SAINZ,SAI,Ferrari,E80020,Carlos,Sainz,https://media.formula1.com/d_driver_fallback_image.png/content/dam/fom-website/drivers/C/CARSAI01_Carlos_Sainz/carsai01.png.transform/1col/image.png,ESP,9492,1232
63,G RUSSELL,George RUSSELL,RUS,Mercedes,27F4D2,George,Russell,https://media.formula1.com/d_driver_fallback_image.png/content/dam/fom-website/drivers/G/GEORUS01_George_Russell/georus01.png.transform/1col/image.png,GBR,9492,1232
77,V BOTTAS,Valtteri BOTTAS,BOT,Kick Sauber,52E252,Valtteri,Bottas,https://media.formula1.com/d_driver_fallback_image.png/content/dam/fom-website/drivers/V/VALBOT01_Valtteri_Bottas/valbot01.png.transform/1col/image.png,FIN,9492,1232
81,O PIASTRI,Oscar PIASTRI,PIA,McLaren,FF8000,Oscar,Piastri,https://media.formula1.com/d_driver_fallback_image.png/content/dam/fom-website/drivers/O/OSCPIA01_Oscar_Piastri/oscpia01.png.transform/1col/image.png,AUS,9492,1232
1,M VERSTAPPEN,Max VERSTAPPEN,VER,Red Bull Racing,3671C6,Max,Verstappen,https://media.formula1.com/d_driver_fallback_image.png/content/dam/fom-website/drivers/M/MAXVER01_Max_Verstappen/maxver01.png.transform/1col/image.png,NED,9496,1232
2,L SARGEANT,Logan SARGEANT,SAR,Williams,64C4FF,Logan,Sargeant,https://media.formula1.com/d_driver_fallback_image.png/content/dam/fom-website/drivers/L/LOGSAR01_Logan_Sargeant/logsar01.png.transform/1col/image.png,USA,9496,1232
3,D RICCIARDO,Daniel RICCIARDO,RIC,RB,6692FF,Daniel,Ricciardo,https://media.formula1.com/d_driver_fallback_image.png/content/dam/fom-website/drivers/D/DANRIC01_Daniel_Ricciardo/danric01.png.transform/1col/image.png,AUS,9496,1232
4,L NORRIS,Lando NORRIS,NOR,McLaren,FF8000,Lando,Norris,https://media.formula1.com/d_driver_fallback_image.png/content/dam/fom-website/drivers/L/LANNOR01_Lando_Norris/lannor01.png.transform/1col/image.png,GBR,9496,1232
10,P GASLY,Pierre GASLY,GAS,Alpine,0093cc,Pierre,Gasly,https://media.formula1.com/d_driver_fallback_image.png/content/dam/fom-website/drivers/P/PIEGAS01_Pierre_Gasly/piegas01.png.transform/1col/image.png,FRA,9496,1232
11,S PEREZ,Sergio PEREZ,PER,Red Bull Racing,3671C6,Sergio,Perez,https://media.formula1.com/d_driver_fallback_image.png/content/dam/fom-website/drivers/S/SERPER01_Sergio_Perez/serper01.png.transform/1col/image.png,MEX,9496,1232
14,F ALONSO,Fernando ALONSO,ALO,Aston Martin,229971,Fernando,Alonso,https://media.formula1.com/d_driver_fallback_image.png/content/dam/fom-website/drivers/F/FERALO01_Fernando_Alonso/feralo01.png.transform/1col/image.png,ESP,9496,1232
16,C LECLERC,Charles LECLERC,LEC,Ferrari,E80020,Charles,Leclerc,https://media.formula1.com/d_driver_fallback_image.png/content/dam/fom-website/drivers/C/CHALEC01_Charles_Leclerc/chalec01.png.transform/1col/image.png,MON,9496,1232
18,L STROLL,Lance STROLL,STR,Aston Martin,229971,Lance,Stroll,https://media.formula1.com/d_driver_fallback_image.png/content/dam/fom-website/drivers/L/LANSTR01_Lance_Stroll/lanstr01.png.transform/1col/image.png,CAN,9496,1232
20,K MAGNUSSEN,Kevin MAGNUSSEN,MAG,Haas F1 Team,B6BABD,Kevin,Magnussen,https://media.formula1.com/d_driver_fallback_image.png/content/dam/fom-website/drivers/K/KEVMAG01_Kevin_Magnussen/kevmag01.png.transform/1col/image.png,DEN,9496,1232
22,Y TSUNODA,Yuki TSUNODA,TSU,RB,6692FF,Yuki,Tsunoda,https://media.formula1.com/d_driver_fallback_image.png/content/dam/fom-website/drivers/Y/YUKTSU01_Yuki_Tsunoda/yuktsu01.png.transform/1col/image.png,JPN,9496,1232
23,A ALBON,Alexander ALBON,ALB,Williams,64C4FF,Alexander,Albon,https://media.formula1.com/d_driver_fallback_image.png/content/dam/fom-website/drivers/A/ALEALB01_Alexander_Albon/alealb01.png.transform/1col/image.png,THA,9496,1232
24,G ZHOU,ZHOU Guanyu,ZHO,Kick Sauber,52E252,Guanyu,Zhou,https://media.formula1.com/d_driver_fallback_image.png/content/dam/fom-website/drivers/G/GUAZHO01_Guanyu_Zhou/guazho01.png.transform/1col/image.png,CHN,9496,1232
27,N HULKENBERG,Nico HULKENBERG,HUL,Haas F1 Team,B6BABD,Nico,Hulkenberg,https://media.formula1.com/d_driver_fallback_image.png/content/dam/fom-website/drivers/N/NICHUL01_Nico_Hulkenberg/nichul01.png.transform/1col/image.png,GER,9496,1232
31,E OCON,Esteban OCON,OCO,Alpine,0093cc,Esteban,Ocon,https://media.formula1.com/d_driver_fallback_image.png/content/dam/fom-website/drivers/E/ESTOCO01_Esteban_Ocon/estoco01.png.transform/1col/image.png,FRA,9496,1232
44,L HAMILTON,Lewis HAMILTON,HAM,Mercedes,27F4D2,Lewis,Hamilton,https://media.formula1.com/d_driver_fallback_image.png/content/dam/fom-website/drivers/L/LEWHAM01_Lewis_Hamilton/lewham01.png.transform/1col/image.png,GBR,9496,1232
55,C SAINZ,Carlos SAINZ,SAI,Ferrari,E80020,Carlos,Sainz,https://media.formula1.com/d_driver_fallback_image.png/content/dam/fom-website/drivers/C/CARSAI01_Carlos_Sainz/carsai01.png.transform/1col/image.png,ESP,9496,1232
63,G RUSSELL,George RUSSELL,RUS,Mercedes,27F4D2,George,Russell,https://media.formula1.com/d_driver_fallback_image.png/content/dam/fom-website/drivers/G/GEORUS01_George_Russell/georus01.png.transform/1col/image.png,GBR,9496,1232
77,V BOTTAS,Valtteri BOTTAS,BOT,Kick Sauber,52E252,Valtteri,Bottas,https://media.formula1.com/d_driver_fallback_image.png/content/dam/fom-website/drivers/V/VALBOT01_Valtteri_Bottas/valbot01.png.transform/1col/image.png,FIN,9496,1232
81,O PIASTRI,Oscar PIASTRI,PIA,McLaren,FF8000,Oscar,Piastri,https://media.formula1.com/d_driver_fallback_image.png/content/dam/fom-website/drivers/O/OSCPIA01_Oscar_Piastri/oscpia01.png.transform/1col/image.png,AUS,9496,1232
1,M VERSTAPPEN,Max VERSTAPPEN,VER,Red Bull Racing,3671C6,Max,Verstappen,https://media.formula1.com/d_driver_fallback_image.png/content/dam/fom-website/drivers/M/MAXVER01_Max_Verstappen/maxver01.png.transform/1col/image.png,NED,9663,1233
2,L SARGEANT,Logan SARGEANT,SAR,Williams,64C4FF,Logan,Sargeant,https://media.formula1.com/d_driver_fallback_image.png/content/dam/fom-website/drivers/L/LOGSAR01_Logan_Sargeant/logsar01.png.transform/1col/image.png,USA,9663,1233
3,D RICCIARDO,Daniel RICCIARDO,RIC,RB,6692FF,Daniel,Ricciardo,https://media.formula1.com/d_driver_fallback_image.png/content/dam/fom-website/drivers/D/DANRIC01_Daniel_Ricciardo/danric01.png.transform/1col/image.png,AUS,9663,1233
4,L NORRIS,Lando NORRIS,NOR,McLaren,FF8000,Lando,Norris,https://media.formula1.com/d_driver_fallback_image.png/content/dam/fom-website/drivers/L/LANNOR01_Lando_Norris/lannor01.png.transform/1col/image.png,GBR,9663,1233
10,P GASLY,Pierre GASLY,GAS,Alpine,0093cc,Pierre,Gasly,https://media.formula1.com/d_driver_fallback_image.png/content/dam/fom-website/drivers/P/PIEGAS01_Pierre_Gasly/piegas01.png.transform/1col/image.png,FRA,9663,1233
11,S PEREZ,Sergio PEREZ,PER,Red Bull Racing,3671C6,Sergio,Perez,https://media.formula1.com/d_driver_fallback_image.png/content/dam/fom-website/drivers/S/SERPER01_Sergio_Perez/serper01.png.transform/1col/image.png,MEX,9663,1233
14,F ALONSO,Fernando ALONSO,ALO,Aston Martin,229971,Fernando,Alonso,https://media.formula1.com/d_driver_fallback_image.png/content/dam/fom-website/drivers/F/FERALO01_Fernando_Alonso/feralo01.png.transform/1col/image.png,ESP,9663,1233
16,C LECLERC,Charles LECLERC,LEC,Ferrari,E80020,Charles,Leclerc,https://media.formula1.com/d_driver_fallback_image.png/content/dam/fom-website/drivers/C/CHALEC01_Charles_Leclerc/chalec01.png.transform/1col/image.png,MON,9663,1233
18,L STROLL,Lance STROLL,STR,Aston Martin,229971,Lance,Stroll,https://media.formula1.com/d_driver_fallback_image.png/content/dam/fom-website/drivers/L/LANSTR01_Lance_Stroll/lanstr01.png.transform/1col/image.png,CAN,9663,1233
20,K MAGNUSSEN,Kevin MAGNUSSEN,MAG,Haas F1 Team,B6BABD,Kevin,Magnussen,https://media.formula1.com/d_driver_fallback_image.png/content/dam/fom-website/drivers/K/KEVMAG01_Kevin_Magnussen/kevmag01.png.transform/1col/image.png,DEN,9663,1233
22,Y TSUNODA,Yuki TSUNODA,TSU,RB,6692FF,Yuki,Tsunoda,https://media.formula1.com/d_driver_fallback_image.png/content/dam/fom-website/drivers/Y/YUKTSU01_Yuki_Tsunoda/yuktsu01.png.transform/1col/image.png,JPN,9663,1233
23,A ALBON,Alexander ALBON,ALB,Williams,64C4FF,Alexander,Albon,https://media.formula1.com/d_driver_fallback_image.png/content/dam/fom-website/drivers/A/ALEALB01_Alexander_Albon/alealb01.png.transform/1col/image.png,THA,9663,1233
24,G ZHOU,ZHOU Guanyu,ZHO,Kick Sauber,52E252,Guanyu,Zhou,https://media.formula1.com/d_driver_fallback_image.png/content/dam/fom-website/drivers/G/GUAZHO01_Guanyu_Zhou/guazho01.png.transform/1col/image.png,CHN,9663,1233
27,N HULKENBERG,Nico HULKENBERG,HUL,Haas F1 Team,B6BABD,Nico,Hulkenberg,https://media.formula1.com/d_driver_fallback_image.png/content/dam/fom-website/drivers/N/NICHUL01_Nico_Hulkenberg/nichul01.png.transform/1col/image.png,GER,9663,1233
31,E OCON,Esteban OCON,OCO,Alpine,0093cc,Esteban,Ocon,https://media.formula1.com/d_driver_fallback_image.png/content/dam/fom-website/drivers/E/ESTOCO01_Esteban_Ocon/estoco01.png.transform/1col/image.png,FRA,9663,1233
44,L HAMILTON,Lewis HAMILTON,HAM,Mercedes,27F4D2,Lewis,Hamilton,https://media.formula1.com/d_driver_fallback_image.png/content/dam/fom-website/drivers/L/LEWHAM01_Lewis_Hamilton/lewham01.png.transform/1col/image.png,GBR,9663,1233
55,C SAINZ,Carlos SAINZ,SAI,Ferrari,E80020,Carlos,Sainz,https://media.formula1.com/d_driver_fallback_image.png/content/dam/fom-website/drivers/C/CARSAI01_Carlos_Sainz/carsai01.png.transform/1col/image.png,ESP,9663,1233
63,G RUSSELL,George RUSSELL,RUS,Mercedes,27F4D2,George,Russell,https://media.formula1.com/d_driver_fallback_image.png/content/dam/fom-website/drivers/G/GEORUS01_George_Russell/georus01.png.transform/1col/image.png,GBR,9663,1233
77,V BOTTAS,Valtteri BOTTAS,BOT,Kick Sauber,52E252,Valtteri,Bottas,https://media.formula1.com/d_driver_fallback_image.png/content/dam/fom-website/drivers/V/VALBOT01_Valtteri_Bottas/valbot01.png.transform/1col/image.png,FIN,9663,1233
81,O PIASTRI,Oscar PIASTRI,PIA,McLaren,FF8000,Oscar,Piastri,https://media.formula1.com/d_driver_fallback_image.png/content/dam/fom-website/drivers/O/OSCPIA01_Oscar_Piastri/oscpia01.png.transform/1col/image.png,AUS,9663,1233
1,M VERSTAPPEN,Max VERSTAPPEN,VER,Red Bull Racing,3671C6,Max,Verstappen,https://media.formula1.com/d_driver_fallback_image.png/content/dam/fom-website/drivers/M/MAXVER01_Max_Verstappen/maxver01.png.transform/1col/image.png,NED,9664,1233
2,L SARGEANT,Logan SARGEANT,SAR,Williams,64C4FF,Logan,Sargeant,https://media.formula1.com/d_driver_fallback_image.png/content/dam/fom-website/drivers/L/LOGSAR01_Logan_Sargeant/logsar01.png.transform/1col/image.png,USA,9664,1233
3,D RICCIARDO,Daniel RICCIARDO,RIC,RB,6692FF,Daniel,Ricciardo,https://media.formula1.com/d_driver_fallback_image.png/content/dam/fom-website/drivers/D/DANRIC01_Daniel_Ricciardo/danric01.png.transform/1col/image.png,AUS,9664,1233
4,L NORRIS,Lando NORRIS,NOR,McLaren,FF8000,Lando,Norris,https://media.formula1.com/d_driver_fallback_image.png/content/dam/fom-website/drivers/L/LANNOR01_Lando_Norris/lannor01.png.transform/1col/image.png,GBR,9664,1233
10,P GASLY,Pierre GASLY,GAS,Alpine,0093CC,Pierre,Gasly,https://media.formula1.com/d_driver_fallback_image.png/content/dam/fom-website/drivers/P/PIEGAS01_Pierre_Gasly/piegas01.png.transform/1col/image.png,FRA,9664,1233
11,S PEREZ,Sergio PEREZ,PER,Red Bull Racing,3671C6,Sergio,Perez,https://media.formula1.com/d_driver_fallback_image.png/content/dam/fom-website/drivers/S/SERPER01_Sergio_Perez/serper01.png.transform/1col/image.png,MEX,9664,1233
14,F ALONSO,Fernando ALONSO,ALO,Aston Martin,229971,Fernando,Alonso,https://media.formula1.com/d_driver_fallback_image.png/content/dam/fom-website/drivers/F/FERALO01_Fernando_Alonso/feralo01.png.transform/1col/image.png,ESP,9664,1233
16,C LECLERC,Charles LECLERC,LEC,Ferrari,E80020,Charles,Leclerc,https://media.formula1.com/d_driver_fallback_image.png/content/dam/fom-website/drivers/C/CHALEC01_Charles_Leclerc/chalec01.png.transform/1col/image.png,MON,9664,1233
18,L STROLL,Lance STROLL,STR,Aston Martin,229971,Lance,Stroll,https://media.formula1.com/d_driver_fallback_image.png/content/dam/fom-website/drivers/L/LANSTR01_Lance_Stroll/lanstr01.png.transform/1col/image.png,CAN,9664,1233
20,K MAGNUSSEN,Kevin MAGNUSSEN,MAG,Haas F1 Team,B6BABD,Kevin,Magnussen,https://media.formula1.com/d_driver_fallback_image.png/content/dam/fom-website/drivers/K/KEVMAG01_Kevin_Magnussen/kevmag01.png.transform/1col/image.png,DEN,9664,1233
22,Y TSUNODA,Yuki TSUNODA,TSU,RB,6692FF,Yuki,Tsunoda,https://media.formula1.com/d_driver_fallback_image.png/content/dam/fom-website/drivers/Y/YUKTSU01_Yuki_Tsunoda/yuktsu01.png.transform/1col/image.png,JPN,9664,1233
23,A ALBON,Alexander ALBON,ALB,Williams,64C4FF,Alexander,Albon,https://media.formula1.com/d_driver_fallback_image.png/content/dam/fom-website/drivers/A/ALEALB01_Alexander_Albon/alealb01.png.transform/1col/image.png,THA,9664,1233
24,G ZHOU,ZHOU Guanyu,ZHO,Kick Sauber,52E252,Guanyu,Zhou,https://media.formula1.com/d_driver_fallback_image.png/content/dam/fom-website/drivers/G/GUAZHO01_Guanyu_Zhou/guazho01.png.transform/1col/image.png,CHN,9664,1233
27,N HULKENBERG,Nico HULKENBERG,HUL,Haas F1 Team,B6BABD,Nico,Hulkenberg,https://media.formula1.com/d_driver_fallback_image.png/content/dam/fom-website/drivers/N/NICHUL01_Nico_Hulkenberg/nichul01.png.transform/1col/image.png,GER,9664,1233
31,E OCON,Esteban OCON,OCO,Alpine,0093CC,Esteban,Ocon,https://media.formula1.com/d_driver_fallback_image.png/content/dam/fom-website/drivers/E/ESTOCO01_Esteban_Ocon/estoco01.png.transform/1col/image.png,FRA,9664,1233
44,L HAMILTON,Lewis HAMILTON,HAM,Mercedes,27F4D2,Lewis,Hamilton,https://media.formula1.com/d_driver_fallback_image.png/content/dam/fom-website/drivers/L/LEWHAM01_Lewis_Hamilton/lewham01.png.transform/1col/image.png,GBR,9664,1233
55,C SAINZ,Carlos SAINZ,SAI,Ferrari,E80020,Carlos,Sainz,https://media.formula1.com/d_driver_fallback_image.png/content/dam/fom-website/drivers/C/CARSAI01_Carlos_Sainz/carsai01.png.transform/1col/image.png,ESP,9664,1233
63,G RUSSELL,George RUSSELL,RUS,Mercedes,27F4D2,George,Russell,https://media.formula1.com/d_driver_fallback_image.png/content/dam/fom-website/drivers/G/GEORUS01_George_Russell/georus01.png.transform/1col/image.png,GBR,9664,1233
77,V BOTTAS,Valtteri BOTTAS,BOT,Kick Sauber,52E252,Valtteri,Bottas,https://media.formula1.com/d_driver_fallback_image.png/content/dam/fom-website/drivers/V/VALBOT01_Valtteri_Bottas/valbot01.png.transform/1col/image.png,FIN,9664,1233
81,O PIASTRI,Oscar PIASTRI,PIA,McLaren,FF8000,Oscar,Piastri,https://media.formula1.com/d_driver_fallback_image.png/content/dam/fom-website/drivers/O/OSCPIA01_Oscar_Piastri/oscpia01.png.transform/1col/image.png,AUS,9664,1233
1,M VERSTAPPEN,Max VERSTAPPEN,VER,Red Bull Racing,3671C6,Max,Verstappen,https://media.formula1.com/d_driver_fallback_image.png/content/dam/fom-website/drivers/M/MAXVER01_Max_Verstappen/maxver01.png.transform/1col/image.png,NED,9668,1233
2,L SARGEANT,Logan SARGEANT,SAR,Williams,64C4FF,Logan,Sargeant,https://media.formula1.com/d_driver_fallback_image.png/content/dam/fom-website/drivers/L/LOGSAR01_Logan_Sargeant/logsar01.png.transform/1col/image.png,USA,9668,1233
3,D RICCIARDO,Daniel RICCIARDO,RIC,RB,6692FF,Daniel,Ricciardo,https://media.formula1.com/d_driver_fallback_image.png/content/dam/fom-website/drivers/D/DANRIC01_Daniel_Ricciardo/danric01.png.transform/1col/image.png,AUS,9668,1233
4,L NORRIS,Lando NORRIS,NOR,McLaren,FF8000,Lando,Norris,https://media.formula1.com/d_driver_fallback_image.png/content/dam/fom-website/drivers/L/LANNOR01_Lando_Norris/lannor01.png.transform/1col/image.png,GBR,9668,1233
10,P GASLY,Pierre GASLY,GAS,Alpine,0093CC,Pierre,Gasly,https://media.formula1.com/d_driver_fallback_image.png/content/dam/fom-website/drivers/P/PIEGAS01_Pierre_Gasly/piegas01.png.transform/1col/image.png,FRA,9668,1233
11,S PEREZ,Sergio PEREZ,PER,Red Bull Racing,3671C6,Sergio,Perez,https://media.formula1.com/d_driver_fallback_image.png/content/dam/fom-website/drivers/S/SERPER01_Sergio_Perez/serper01.png.transform/1col/image.png,MEX,9668,1233
14,F ALONSO,Fernando ALONSO,ALO,Aston Martin,229971,Fernando,Alonso,https://media.formula1.com/d_driver_fallback_image.png/content/dam/fom-website/drivers/F/FERALO01_Fernando_Alonso/feralo01.png.transform/1col/image.png,ESP,9668,1233
16,C LECLERC,Charles LECLERC,LEC,Ferrari,E80020,Charles,Leclerc,https://media.formula1.com/d_driver_fallback_image.png/content/dam/fom-website/drivers/C/CHALEC01_Charles_Leclerc/chalec01.png.transform/1col/image.png,MON,9668,1233
18,L STROLL,Lance STROLL,STR,Aston Martin,229971,Lance,Stroll,https://media.formula1.com/d_driver_fallback_image.png/content/dam/fom-website/drivers/L/LANSTR01_Lance_Stroll/lanstr01.png.transform/1col/image.png,CAN,9668,1233
20,K MAGNUSSEN,Kevin MAGNUSSEN,MAG,Haas F1 Team,B6BABD,Kevin,Magnussen,https://media.formula1.com/d_driver_fallback_image.png/content/dam/fom-website/drivers/K/KEVMAG01_Kevin_Magnussen/kevmag01.png.transform/1col/image.png,DEN,9668,1233
22,Y TSUNODA,Yuki TSUNODA,TSU,RB,6692FF,Yuki,Tsunoda,https://media.formula1.com/d_driver_fallback_image.png/content/dam/fom-website/drivers/Y/YUKTSU01_Yuki_Tsunoda/yuktsu01.png.transform/1col/image.png,JPN,9668,1233
23,A ALBON,Alexander ALBON,ALB,Williams,64C4FF,Alexander,Albon,https://media.formula1.com/d_driver_fallback_image.png/content/dam/fom-website/drivers/A/ALEALB01_Alexander_Albon/alealb01.png.transform/1col/image.png,THA,9668,1233
24,G ZHOU,ZHOU Guanyu,ZHO,Kick Sauber,52E252,Guanyu,Zhou,https://media.formula1.com/d_driver_fallback_image.png/content/dam/fom-website/drivers/G/GUAZHO01_Guanyu_Zhou/guazho01.png.transform/1col/image.png,CHN,9668,1233
27,N HULKENBERG,Nico HULKENBERG,HUL,Haas F1 Team,B6BABD,Nico,Hulkenberg,https://media.formula1.com/d_driver_fallback_image.png/content/dam/fom-website/drivers/N/NICHUL01_Nico_Hulkenberg/nichul01.png.transform/1col/image.png,GER,9668,1233
31,E OCON,Esteban OCON,OCO,Alpine,0093CC,Esteban,Ocon,https://media.formula1.com/d_driver_fallback_image.png/content/dam/fom-website/drivers/E/ESTOCO01_Esteban_Ocon/estoco01.png.transform/1col/image.png,FRA,9668,1233
44,L HAMILTON,Lewis HAMILTON,HAM,Mercedes,27F4D2,Lewis,Hamilton,https://media.formula1.com/d_driver_fallback_image.png/content/dam/fom-website/drivers/L/LEWHAM01_Lewis_Hamilton/lewham01.png.transform/1col/image.png,GBR,9668,1233
55,C SAINZ,Carlos SAINZ,SAI,Ferrari,E80020,Carlos,Sainz,https://media.formula1.com/d_driver_fallback_image.png/content/dam/fom-website/drivers/C/CARSAI01_Carlos_Sainz/carsai01.png.transform/1col/image.png,ESP,9668,1233
63,G RUSSELL,George RUSSELL,RUS,Mercedes,27F4D2,George,Russell,https://media.formula1.com/d_driver_fallback_image.png/content/dam/fom-website/drivers/G/GEORUS01_George_Russell/georus01.png.transform/1col/image.png,GBR,9668,1233
77,V BOTTAS,Valtteri BOTTAS,BOT,Kick Sauber,52E252,Valtteri,Bottas,https://media.formula1.com/d_driver_fallback_image.png/content/dam/fom-website/drivers/V/VALBOT01_Valtteri_Bottas/valbot01.png.transform/1col/image.png,FIN,9668,1233
81,O PIASTRI,Oscar PIASTRI,PIA,McLaren,FF8000,Oscar,Piastri,https://media.formula1.com/d_driver_fallback_image.png/content/dam/fom-website/drivers/O/OSCPIA01_Oscar_Piastri/oscpia01.png.transform/1col/image.png,AUS,9668,1233
1,M VERSTAPPEN,Max VERSTAPPEN,VER,Red Bull Racing,3671C6,Max,Verstappen,https://media.formula1.com/d_driver_fallback_image.png/content/dam/fom-website/drivers/M/MAXVER01_Max_Verstappen/maxver01.png.transform/1col/image.png,NED,9672,1233
2,L SARGEANT,Logan SARGEANT,SAR,Williams,64C4FF,Logan,Sargeant,https://media.formula1.com/d_driver_fallback_image.png/content/dam/fom-website/drivers/L/LOGSAR01_Logan_Sargeant/logsar01.png.transform/1col/image.png,USA,9672,1233
3,D RICCIARDO,Daniel RICCIARDO,RIC,RB,6692FF,Daniel,Ricciardo,https://media.formula1.com/d_driver_fallback_image.png/content/dam/fom-website/drivers/D/DANRIC01_Daniel_Ricciardo/danric01.png.transform/1col/image.png,AUS,9672,1233
4,L NORRIS,Lando NORRIS,NOR,McLaren,FF8000,Lando,Norris,https://media.formula1.com/d_driver_fallback_image.png/content/dam/fom-website/drivers/L/LANNOR01_Lando_Norris/lannor01.png.transform/1col/image.png,GBR,9672,1233
10,P GASLY,Pierre GASLY,GAS,Alpine,0093CC,Pierre,Gasly,https://media.formula1.com/d_driver_fallback_image.png/content/dam/fom-website/drivers/P/PIEGAS01_Pierre_Gasly/piegas01.png.transform/1col/image.png,FRA,9672,1233
11,S PEREZ,Sergio PEREZ,PER,Red Bull Racing,3671C6,Sergio,Perez,https://media.formula1.com/d_driver_fallback_image.png/content/dam/fom-website/drivers/S/SERPER01_Sergio_Perez/serper01.png.transform/1col/image.png,MEX,9672,1233
14,F ALONSO,Fernando ALONSO,ALO,Aston Martin,229971,Fernando,Alonso,https://media.formula1.com/d_driver_fallback_image.png/content/dam/fom-website/drivers/F/FERALO01_Fernando_Alonso/feralo01.png.transform/1col/image.png,ESP,9672,1233
16,C LECLERC,Charles LECLERC,LEC,Ferrari,E80020,Charles,Leclerc,https://media.formula1.com/d_driver_fallback_image.png/content/dam/fom-website/drivers/C/CHALEC01_Charles_Leclerc/chalec01.png.transform/1col/image.png,MON,9672,1233
18,L STROLL,Lance STROLL,STR,Aston Martin,229971,Lance,Stroll,https://media.formula1.com/d_driver_fallback_image.png/content/dam/fom-website/drivers/L/LANSTR01_Lance_Stroll/lanstr01.png.transform/1col/image.png,CAN,9672,1233
20,K MAGNUSSEN,Kevin MAGNUSSEN,MAG,Haas F1 Team,B6BABD,Kevin,Magnussen,https://media.formula1.com/d_driver_fallback_image.png/content/dam/fom-website/drivers/K/KEVMAG01_Kevin_Magnussen/kevmag01.png.transform/1col/image.png,DEN,9672,1233
22,Y TSUNODA,Yuki TSUNODA,TSU,RB,6692FF,Yuki,Tsunoda,https://media.formula1.com/d_driver_fallback_image.png/content/dam/fom-website/drivers/Y/YUKTSU01_Yuki_Tsunoda/yuktsu01.png.transform/1col/image.png,JPN,9672,1233
23,A ALBON,Alexander ALBON,ALB,Williams,64C4FF,Alexander,Albon,https://media.formula1.com/d_driver_fallback_image.png/content/dam/fom-website/drivers/A/ALEALB01_Alexander_Albon/alealb01.png.transform/1col/image.png,THA,9672,1233
24,G ZHOU,ZHOU Guanyu,ZHO,Kick Sauber,52E252,Guanyu,Zhou,https://media.formula1.com/d_driver_fallback_image.png/content/dam/fom-website/drivers/G/GUAZHO01_Guanyu_Zhou/guazho01.png.transform/1col/image.png,CHN,9672,1233
27,N HULKENBERG,Nico HULKENBERG,HUL,Haas F1 Team,B6BABD,Nico,Hulkenberg,https://media.formula1.com/d_driver_fallback_image.png/content/dam/fom-website/drivers/N/NICHUL01_Nico_Hulkenberg/nichul01.png.transform/1col/image.png,GER,9672,1233
31,E OCON,Esteban OCON,OCO,Alpine,0093CC,Esteban,Ocon,https://media.formula1.com/d_driver_fallback_image.png/content/dam/fom-website/drivers/E/ESTOCO01_Esteban_Ocon/estoco01.png.transform/1col/image.png,FRA,9672,1233
44,L HAMILTON,Lewis HAMILTON,HAM,Mercedes,27F4D2,Lewis,Hamilton,https://media.formula1.com/d_driver_fallback_image.png/content/dam/fom-website/drivers/L/LEWHAM01_Lewis_Hamilton/lewham01.png.transform/1col/image.png,GBR,9672,1233
55,C SAINZ,Carlos SAINZ,SAI,Ferrari,E80020,Carlos,Sainz,https://media.formula1.com/d_driver_fallback_image.png/content/dam/fom-website/drivers/C/CARSAI01_Carlos_Sainz/carsai01.png.transform/1col/image.png,ESP,9672,1233
63,G RUSSELL,George RUSSELL,RUS,Mercedes,27F4D2,George,Russell,https://media.formula1.com/d_driver_fallback_image.png/content/dam/fom-website/drivers/G/GEORUS01_George_Russell/georus01.png.transform/1col/image.png,GBR,9672,1233
77,V BOTTAS,Valtteri BOTTAS,BOT,Kick Sauber,52E252,Valtteri,Bottas,https://media.formula1.com/d_driver_fallback_image.png/content/dam/fom-website/drivers/V/VALBOT01_Valtteri_Bottas/valbot01.png.transform/1col/image.png,FIN,9672,1233
81,O PIASTRI,Oscar PIASTRI,PIA,McLaren,FF8000,Oscar,Piastri,https://media.formula1.com/d_driver_fallback_image.png/content/dam/fom-website/drivers/O/OSCPIA01_Oscar_Piastri/oscpia01.png.transform/1col/image.png,AUS,9672,1233
1,M VERSTAPPEN,Max VERSTAPPEN,VER,Red Bull Racing,3671C6,Max,Verstappen,https://media.formula1.com/d_driver_fallback_image.png/content/dam/fom-website/drivers/M/MAXVER01_Max_Verstappen/maxver01.png.transform/1col/image.png,NED,9673,1233
2,L SARGEANT,Logan SARGEANT,SAR,Williams,64C4FF,Logan,Sargeant,https://media.formula1.com/d_driver_fallback_image.png/content/dam/fom-website/drivers/L/LOGSAR01_Logan_Sargeant/logsar01.png.transform/1col/image.png,USA,9673,1233
3,D RICCIARDO,Daniel RICCIARDO,RIC,RB,6692FF,Daniel,Ricciardo,https://media.formula1.com/d_driver_fallback_image.png/content/dam/fom-website/drivers/D/DANRIC01_Daniel_Ricciardo/danric01.png.transform/1col/image.png,AUS,9673,1233
4,L NORRIS,Lando NORRIS,NOR,McLaren,FF8000,Lando,Norris,https://media.formula1.com/d_driver_fallback_image.png/content/dam/fom-website/drivers/L/LANNOR01_Lando_Norris/lannor01.png.transform/1col/image.png,GBR,9673,1233
10,P GASLY,Pierre GASLY,GAS,Alpine,0093CC,Pierre,Gasly,https://media.formula1.com/d_driver_fallback_image.png/content/dam/fom-website/drivers/P/PIEGAS01_Pierre_Gasly/piegas01.png.transform/1col/image.png,FRA,9673,1233
11,S PEREZ,Sergio PEREZ,PER,Red Bull Racing,3671C6,Sergio,Perez,https://media.formula1.com/d_driver_fallback_image.png/content/dam/fom-website/drivers/S/SERPER01_Sergio_Perez/serper01.png.transform/1col/image.png,MEX,9673,1233
14,F ALONSO,Fernando ALONSO,ALO,Aston Martin,229971,Fernando,Alonso,https://media.formula1.com/d_driver_fallback_image.png/content/dam/fom-website/drivers/F/FERALO01_Fernando_Alonso/feralo01.png.transform/1col/image.png,ESP,9673,1233
16,C LECLERC,Charles LECLERC,LEC,Ferrari,E80020,Charles,Leclerc,https://media.formula1.com/d_driver_fallback_image.png/content/dam/fom-website/drivers/C/CHALEC01_Charles_Leclerc/chalec01.png.transform/1col/image.png,MON,9673,1233
18,L STROLL,Lance STROLL,STR,Aston Martin,229971,Lance,Stroll,https://media.formula1.com/d_driver_fallback_image.png/content/dam/fom-website/drivers/L/LANSTR01_Lance_Stroll/lanstr01.png.transform/1col/image.png,CAN,9673,1233
20,K MAGNUSSEN,Kevin MAGNUSSEN,MAG,Haas F1 Team,B6BABD,Kevin,Magnussen,https://media.formula1.com/d_driver_fallback_image.png/content/dam/fom-website/drivers/K/KEVMAG01_Kevin_Magnussen/kevmag01.png.transform/1col/image.png,DEN,9673,1233
22,Y TSUNODA,Yuki TSUNODA,TSU,RB,6692FF,Yuki,Tsunoda,https://media.formula1.com/d_driver_fallback_image.png/content/dam/fom-website/drivers/Y/YUKTSU01_Yuki_Tsunoda/yuktsu01.png.transform/1col/image.png,JPN,9673,1233
23,A ALBON,Alexander ALBON,ALB,Williams,64C4FF,Alexander,Albon,https://media.formula1.com/d_driver_fallback_image.png/content/dam/fom-website/drivers/A/ALEALB01_Alexander_Albon/alealb01.png.transform/1col/image.png,THA,9673,1233
24,G ZHOU,ZHOU Guanyu,ZHO,Kick Sauber,52E252,Guanyu,Zhou,https://media.formula1.com/d_driver_fallback_image.png/content/dam/fom-website/drivers/G/GUAZHO01_Guanyu_Zhou/guazho01.png.transform/1col/image.png,CHN,9673,1233
27,N HULKENBERG,Nico HULKENBERG,HUL,Haas F1 Team,B6BABD,Nico,Hulkenberg,https://media.formula1.com/d_driver_fallback_image.png/content/dam/fom-website/drivers/N/NICHUL01_Nico_Hulkenberg/nichul01.png.transform/1col/image.png,GER,9673,1233
31,E OCON,Esteban OCON,OCO,Alpine,0093CC,Esteban,Ocon,https://media.formula1.com/d_driver_fallback_image.png/content/dam/fom-website/drivers/E/ESTOCO01_Esteban_Ocon/estoco01.png.transform/1col/image.png,FRA,9673,1233
44,L HAMILTON,Lewis HAMILTON,HAM,Mercedes,27F4D2,Lewis,Hamilton,https://media.formula1.com/d_driver_fallback_image.png/content/dam/fom-website/drivers/L/LEWHAM01_Lewis_Hamilton/lewham01.png.transform/1col/image.png,GBR,9673,1233
55,C SAINZ,Carlos SAINZ,SAI,Ferrari,E80020,Carlos,Sainz,https://media.formula1.com/d_driver_fallback_image.png/content/dam/fom-website/drivers/C/CARSAI01_Carlos_Sainz/carsai01.png.transform/1col/image.png,ESP,9673,1233
63,G RUSSELL,George RUSSELL,RUS,Mercedes,27F4D2,George,Russell,https://media.formula1.com/d_driver_fallback_image.png/content/dam/fom-website/drivers/G/GEORUS01_George_Russell/georus01.png.transform/1col/image.png,GBR,9673,1233
77,V BOTTAS,Valtteri BOTTAS,BOT,Kick Sauber,52E252,Valtteri,Bottas,https://media.formula1.com/d_driver_fallback_image.png/content/dam/fom-website/drivers/V/VALBOT01_Valtteri_Bottas/valbot01.png.transform/1col/image.png,FIN,9673,1233
81,O PIASTRI,Oscar PIASTRI,PIA,McLaren,FF8000,Oscar,Piastri,https://media.formula1.com/d_driver_fallback_image.png/content/dam/fom-website/drivers/O/OSCPIA01_Oscar_Piastri/oscpia01.png.transform/1col/image.png,AUS,9673,1233
1,M VERSTAPPEN,Max VERSTAPPEN,VER,Red Bull Racing,3671C6,Max,Verstappen,https://media.formula1.com/d_driver_fallback_image.png/content/dam/fom-website/drivers/M/MAXVER01_Max_Verstappen/maxver01.png.transform/1col/image.png,NED,9497,1234
2,L SARGEANT,Logan SARGEANT,SAR,Williams,64C4FF,Logan,Sargeant,https://media.formula1.com/d_driver_fallback_image.png/content/dam/fom-website/drivers/L/LOGSAR01_Logan_Sargeant/logsar01.png.transform/1col/image.png,USA,9497,1234
3,D RICCIARDO,Daniel RICCIARDO,RIC,RB,6692FF,Daniel,Ricciardo,https://media.formula1.com/d_driver_fallback_image.png/content/dam/fom-website/drivers/D/DANRIC01_Daniel_Ricciardo/danric01.png.transform/1col/image.png,AUS,9497,1234
4,L NORRIS,Lando NORRIS,NOR,McLaren,FF8000,Lando,Norris,https://media.formula1.com/d_driver_fallback_image.png/content/dam/fom-website/drivers/L/LANNOR01_Lando_Norris/lannor01.png.transform/1col/image.png,GBR,9497,1234
10,P GASLY,Pierre GASLY,GAS,Alpine,0093CC,Pierre,Gasly,https://media.formula1.com/d_driver_fallback_image.png/content/dam/fom-website/drivers/P/PIEGAS01_Pierre_Gasly/piegas01.png.transform/1col/image.png,FRA,9497,1234
11,S PEREZ,Sergio PEREZ,PER,Red Bull Racing,3671C6,Sergio,Perez,https://media.formula1.com/d_driver_fallback_image.png/content/dam/fom-website/drivers/S/SERPER01_Sergio_Perez/serper01.png.transform/1col/image.png,MEX,9497,1234
14,F ALONSO,Fernando ALONSO,ALO,Aston Martin,229971,Fernando,Alonso,https://media.formula1.com/d_driver_fallback_image.png/content/dam/fom-website/drivers/F/FERALO01_Fernando_Alonso/feralo01.png.transform/1col/image.png,ESP,9497,1234
16,C LECLERC,Charles LECLERC,LEC,Ferrari,E80020,Charles,Leclerc,https://media.formula1.com/d_driver_fallback_image.png/content/dam/fom-website/drivers/C/CHALEC01_Charles_Leclerc/chalec01.png.transform/1col/image.png,MON,9497,1234
18,L STROLL,Lance STROLL,STR,Aston Martin,229971,Lance,Stroll,https://media.formula1.com/d_driver_fallback_image.png/content/dam/fom-website/drivers/L/LANSTR01_Lance_Stroll/lanstr01.png.transform/1col/image.png,CAN,9497,1234
20,K MAGNUSSEN,Kevin MAGNUSSEN,MAG,Haas F1 Team,B6BABD,Kevin,Magnussen,https://media.formula1.com/d_driver_fallback_image.png/content/dam/fom-website/drivers/K/KEVMAG01_Kevin_Magnussen/kevmag01.png.transform/1col/image.png,DEN,9497,1234
22,Y TSUNODA,Yuki TSUNODA,TSU,RB,6692FF,Yuki,Tsunoda,https://media.formula1.com/d_driver_fallback_image.png/content/dam/fom-website/drivers/Y/YUKTSU01_Yuki_Tsunoda/yuktsu01.png.transform/1col/image.png,JPN,9497,1234
23,A ALBON,Alexander ALBON,ALB,Williams,64C4FF,Alexander,Albon,https://media.formula1.com/d_driver_fallback_image.png/content/dam/fom-website/drivers/A/ALEALB01_Alexander_Albon/alealb01.png.transform/1col/image.png,THA,9497,1234
24,G ZHOU,ZHOU Guanyu,ZHO,Kick Sauber,52E252,Guanyu,Zhou,https://media.formula1.com/d_driver_fallback_image.png/content/dam/fom-website/drivers/G/GUAZHO01_Guanyu_Zhou/guazho01.png.transform/1col/image.png,CHN,9497,1234
27,N HULKENBERG,Nico HULKENBERG,HUL,Haas F1 Team,B6BABD,Nico,Hulkenberg,https://media.formula1.com/d_driver_fallback_image.png/content/dam/fom-website/drivers/N/NICHUL01_Nico_Hulkenberg/nichul01.png.transform/1col/image.png,GER,9497,1234
31,E OCON,Esteban OCON,OCO,Alpine,0093CC,Esteban,Ocon,https://media.formula1.com/d_driver_fallback_image.png/content/dam/fom-website/drivers/E/ESTOCO01_Esteban_Ocon/estoco01.png.transform/1col/image.png,FRA,9497,1234
44,L HAMILTON,Lewis HAMILTON,HAM,Mercedes,27F4D2,Lewis,Hamilton,https://media.formula1.com/d_driver_fallback_image.png/content/dam/fom-website/drivers/L/LEWHAM01_Lewis_Hamilton/lewham01.png.transform/1col/image.png,GBR,9497,1234
55,C SAINZ,Carlos SAINZ,SAI,Ferrari,E80020,Carlos,Sainz,https://media.formula1.com/d_driver_fallback_image.png/content/dam/fom-website/drivers/C/CARSAI01_Carlos_Sainz/carsai01.png.transform/1col/image.png,ESP,9497,1234
63,G RUSSELL,George RUSSELL,RUS,Mercedes,27F4D2,George,Russell,https://media.formula1.com/d_driver_fallback_image.png/content/dam/fom-website/drivers/G/GEORUS01_George_Russell/georus01.png.transform/1col/image.png,GBR,9497,1234
77,V BOTTAS,Valtteri BOTTAS,BOT,Kick Sauber,52E252,Valtteri,Bottas,https://media.formula1.com/d_driver_fallback_image.png/content/dam/fom-website/drivers/V/VALBOT01_Valtteri_Bottas/valbot01.png.transform/1col/image.png,FIN,9497,1234
81,O PIASTRI,Oscar PIASTRI,PIA,McLaren,FF8000,Oscar,Piastri,https://media.formula1.com/d_driver_fallback_image.png/content/dam/fom-website/drivers/O/OSCPIA01_Oscar_Piastri/oscpia01.png.transform/1col/image.png,AUS,9497,1234
1,M VERSTAPPEN,Max VERSTAPPEN,VER,Red Bull Racing,3671C6,Max,Verstappen,https://media.formula1.com/d_driver_fallback_image.png/content/dam/fom-website/drivers/M/MAXVER01_Max_Verstappen/maxver01.png.transform/1col/image.png,NED,9498,1234
2,L SARGEANT,Logan SARGEANT,SAR,Williams,64C4FF,Logan,Sargeant,https://media.formula1.com/d_driver_fallback_image.png/content/dam/fom-website/drivers/L/LOGSAR01_Logan_Sargeant/logsar01.png.transform/1col/image.png,USA,9498,1234
3,D RICCIARDO,Daniel RICCIARDO,RIC,RB,6692FF,Daniel,Ricciardo,https://media.formula1.com/d_driver_fallback_image.png/content/dam/fom-website/drivers/D/DANRIC01_Daniel_Ricciardo/danric01.png.transform/1col/image.png,AUS,9498,1234
4,L NORRIS,Lando NORRIS,NOR,McLaren,FF8000,Lando,Norris,https://media.formula1.com/d_driver_fallback_image.png/content/dam/fom-website/drivers/L/LANNOR01_Lando_Norris/lannor01.png.transform/1col/image.png,GBR,9498,1234
10,P GASLY,Pierre GASLY,GAS,Alpine,0093cc,Pierre,Gasly,https://media.formula1.com/d_driver_fallback_image.png/content/dam/fom-website/drivers/P/PIEGAS01_Pierre_Gasly/piegas01.png.transform/1col/image.png,FRA,9498,1234
11,S PEREZ,Sergio PEREZ,PER,Red Bull Racing,3671C6,Sergio,Perez,https://media.formula1.com/d_driver_fallback_image.png/content/dam/fom-website/drivers/S/SERPER01_Sergio_Perez/serper01.png.transform/1col/image.png,MEX,9498,1234
14,F ALONSO,Fernando ALONSO,ALO,Aston Martin,229971,Fernando,Alonso,https://media.formula1.com/d_driver_fallback_image.png/content/dam/fom-website/drivers/F/FERALO01_Fernando_Alonso/feralo01.png.transform/1col/image.png,ESP,9498,1234
16,C LECLERC,Charles LECLERC,LEC,Ferrari,E80020,Charles,Leclerc,https://media.formula1.com/d_driver_fallback_image.png/content/dam/fom-website/drivers/C/CHALEC01_Charles_Leclerc/chalec01.png.transform/1col/image.png,MON,9498,1234
18,L STROLL,Lance STROLL,STR,Aston Martin,229971,Lance,Stroll,https://media.formula1.com/d_driver_fallback_image.png/content/dam/fom-website/drivers/L/LANSTR01_Lance_Stroll/lanstr01.png.transform/1col/image.png,CAN,9498,1234
20,K MAGNUSSEN,Kevin MAGNUSSEN,MAG,Haas F1 Team,B6BABD,Kevin,Magnussen,https://media.formula1.com/d_driver_fallback_image.png/content/dam/fom-website/drivers/K/KEVMAG01_Kevin_Magnussen/kevmag01.png.transform/1col/image.png,DEN,9498,1234
22,Y TSUNODA,Yuki TSUNODA,TSU,RB,6692FF,Yuki,Tsunoda,https://media.formula1.com/d_driver_fallback_image.png/content/dam/fom-website/drivers/Y/YUKTSU01_Yuki_Tsunoda/yuktsu01.png.transform/1col/image.png,JPN,9498,1234
23,A ALBON,Alexander ALBON,ALB,Williams,64C4FF,Alexander,Albon,https://media.formula1.com/d_driver_fallback_image.png/content/dam/fom-website/drivers/A/ALEALB01_Alexander_Albon/alealb01.png.transform/1col/image.png,THA,9498,1234
24,G ZHOU,ZHOU Guanyu,ZHO,Kick Sauber,52E252,Guanyu,Zhou,https://media.formula1.com/d_driver_fallback_image.png/content/dam/fom-website/drivers/G/GUAZHO01_Guanyu_Zhou/guazho01.png.transform/1col/image.png,CHN,9498,1234
27,N HULKENBERG,Nico HULKENBERG,HUL,Haas F1 Team,B6BABD,Nico,Hulkenberg,https://media.formula1.com/d_driver_fallback_image.png/content/dam/fom-website/drivers/N/NICHUL01_Nico_Hulkenberg/nichul01.png.transform/1col/image.png,GER,9498,1234
31,E OCON,Esteban OCON,OCO,Alpine,0093cc,Esteban,Ocon,https://media.formula1.com/d_driver_fallback_image.png/content/dam/fom-website/drivers/E/ESTOCO01_Esteban_Ocon/estoco01.png.transform/1col/image.png,FRA,9498,1234
44,L HAMILTON,Lewis HAMILTON,HAM,Mercedes,27F4D2,Lewis,Hamilton,https://media.formula1.com/d_driver_fallback_image.png/content/dam/fom-website/drivers/L/LEWHAM01_Lewis_Hamilton/lewham01.png.transform/1col/image.png,GBR,9498,1234
55,C SAINZ,Carlos SAINZ,SAI,Ferrari,E80020,Carlos,Sainz,https://media.formula1.com/d_driver_fallback_image.png/content/dam/fom-website/drivers/C/CARSAI01_Carlos_Sainz/carsai01.png.transform/1col/image.png,ESP,9498,1234
63,G RUSSELL,George RUSSELL,RUS,Mercedes,27F4D2,George,Russell,https://media.formula1.com/d_driver_fallback_image.png/content/dam/fom-website/drivers/G/GEORUS01_George_Russell/georus01.png.transform/1col/image.png,GBR,9498,1234
77,V BOTTAS,Valtteri BOTTAS,BOT,Kick Sauber,52E252,Valtteri,Bottas,https://media.formula1.com/d_driver_fallback_image.png/content/dam/fom-website/drivers/V/VALBOT01_Valtteri_Bottas/valbot01.png.transform/1col/image.png,FIN,9498,1234
81,O PIASTRI,Oscar PIASTRI,PIA,McLaren,FF8000,Oscar,Piastri,https://media.formula1.com/d_driver_fallback_image.png/content/dam/fom-website/drivers/O/OSCPIA01_Oscar_Piastri/oscpia01.png.transform/1col/image.png,AUS,9498,1234
1,M VERSTAPPEN,Max VERSTAPPEN,VER,Red Bull Racing,3671C6,Max,Verstappen,https://media.formula1.com/d_driver_fallback_image.png/content/dam/fom-website/drivers/M/MAXVER01_Max_Verstappen/maxver01.png.transform/1col/image.png,NED,9502,1234
2,L SARGEANT,Logan SARGEANT,SAR,Williams,64C4FF,Logan,Sargeant,https://media.formula1.com/d_driver_fallback_image.png/content/dam/fom-website/drivers/L/LOGSAR01_Logan_Sargeant/logsar01.png.transform/1col/image.png,USA,9502,1234
3,D RICCIARDO,Daniel RICCIARDO,RIC,RB,6692FF,Daniel,Ricciardo,https://media.formula1.com/d_driver_fallback_image.png/content/dam/fom-website/drivers/D/DANRIC01_Daniel_Ricciardo/danric01.png.transform/1col/image.png,AUS,9502,1234
4,L NORRIS,Lando NORRIS,NOR,McLaren,FF8000,Lando,Norris,https://media.formula1.com/d_driver_fallback_image.png/content/dam/fom-website/drivers/L/LANNOR01_Lando_Norris/lannor01.png.transform/1col/image.png,GBR,9502,1234
10,P GASLY,Pierre GASLY,GAS,Alpine,0093CC,Pierre,Gasly,https://media.formula1.com/d_driver_fallback_image.png/content/dam/fom-website/drivers/P/PIEGAS01_Pierre_Gasly/piegas01.png.transform/1col/image.png,FRA,9502,1234
11,S PEREZ,Sergio PEREZ,PER,Red Bull Racing,3671C6,Sergio,Perez,https://media.formula1.com/d_driver_fallback_image.png/content/dam/fom-website/drivers/S/SERPER01_Sergio_Perez/serper01.png.transform/1col/image.png,MEX,9502,1234
14,F ALONSO,Fernando ALONSO,ALO,Aston Martin,229971,Fernando,Alonso,https://media.formula1.com/d_driver_fallback_image.png/content/dam/fom-website/drivers/F/FERALO01_Fernando_Alonso/feralo01.png.transform/1col/image.png,ESP,9502,1234
16,C LECLERC,Charles LECLERC,LEC,Ferrari,E80020,Charles,Leclerc,https://media.formula1.com/d_driver_fallback_image.png/content/dam/fom-website/drivers/C/CHALEC01_Charles_Leclerc/chalec01.png.transform/1col/image.png,MON,9502,1234
18,L STROLL,Lance STROLL,STR,Aston Martin,229971,Lance,Stroll,https://media.formula1.com/d_driver_fallback_image.png/content/dam/fom-website/drivers/L/LANSTR01_Lance_Stroll/lanstr01.png.transform/1col/image.png,CAN,9502,1234
20,K MAGNUSSEN,Kevin MAGNUSSEN,MAG,Haas F1 Team,B6BABD,Kevin,Magnussen,https://media.formula1.com/d_driver_fallback_image.png/content/dam/fom-website/drivers/K/KEVMAG01_Kevin_Magnussen/kevmag01.png.transform/1col/image.png,DEN,9502,1234
22,Y TSUNODA,Yuki TSUNODA,TSU,RB,6692FF,Yuki,Tsunoda,https://media.formula1.com/d_driver_fallback_image.png/content/dam/fom-website/drivers/Y/YUKTSU01_Yuki_Tsunoda/yuktsu01.png.transform/1col/image.png,JPN,9502,1234
23,A ALBON,Alexander ALBON,ALB,Williams,64C4FF,Alexander,Albon,https://media.formula1.com/d_driver_fallback_image.png/content/dam/fom-website/drivers/A/ALEALB01_Alexander_Albon/alealb01.png.transform/1col/image.png,THA,9502,1234
24,G ZHOU,ZHOU Guanyu,ZHO,Kick Sauber,52E252,Guanyu,Zhou,https://media.formula1.com/d_driver_fallback_image.png/content/dam/fom-website/drivers/G/GUAZHO01_Guanyu_Zhou/guazho01.png.transform/1col/image.png,CHN,9502,1234
27,N HULKENBERG,Nico HULKENBERG,HUL,Haas F1 Team,B6BABD,Nico,Hulkenberg,https://media.formula1.com/d_driver_fallback_image.png/content/dam/fom-website/drivers/N/NICHUL01_Nico_Hulkenberg/nichul01.png.transform/1col/image.png,GER,9502,1234
31,E OCON,Esteban OCON,OCO,Alpine,0093CC,Esteban,Ocon,https://media.formula1.com/d_driver_fallback_image.png/content/dam/fom-website/drivers/E/ESTOCO01_Esteban_Ocon/estoco01.png.transform/1col/image.png,FRA,9502,1234
44,L HAMILTON,Lewis HAMILTON,HAM,Mercedes,27F4D2,Lewis,Hamilton,https://media.formula1.com/d_driver_fallback_image.png/content/dam/fom-website/drivers/L/LEWHAM01_Lewis_Hamilton/lewham01.png.transform/1col/image.png,GBR,9502,1234
55,C SAINZ,Carlos SAINZ,SAI,Ferrari,E80020,Carlos,Sainz,https://media.formula1.com/d_driver_fallback_image.png/content/dam/fom-website/drivers/C/CARSAI01_Carlos_Sainz/carsai01.png.transform/1col/image.png,ESP,9502,1234
63,G RUSSELL,George RUSSELL,RUS,Mercedes,27F4D2,George,Russell,https://media.formula1.com/d_driver_fallback_image.png/content/dam/fom-website/drivers/G/GEORUS01_George_Russell/georus01.png.transform/1col/image.png,GBR,9502,1234
77,V BOTTAS,Valtteri BOTTAS,BOT,Kick Sauber,52E252,Valtteri,Bottas,https://media.formula1.com/d_driver_fallback_image.png/content/dam/fom-website/drivers/V/VALBOT01_Valtteri_Bottas/valbot01.png.transform/1col/image.png,FIN,9502,1234
81,O PIASTRI,Oscar PIASTRI,PIA,McLaren,FF8000,Oscar,Piastri,https://media.formula1.com/d_driver_fallback_image.png/content/dam/fom-website/drivers/O/OSCPIA01_Oscar_Piastri/oscpia01.png.transform/1col/image.png,AUS,9502,1234
1,M VERSTAPPEN,Max VERSTAPPEN,VER,Red Bull Racing,3671C6,Max,Verstappen,https://media.formula1.com/d_driver_fallback_image.png/content/dam/fom-website/drivers/M/MAXVER01_Max_Verstappen/maxver01.png.transform/1col/image.png,NED,9506,1234
2,L SARGEANT,Logan SARGEANT,SAR,Williams,64C4FF,Logan,Sargeant,https://media.formula1.com/d_driver_fallback_image.png/content/dam/fom-website/drivers/L/LOGSAR01_Logan_Sargeant/logsar01.png.transform/1col/image.png,USA,9506,1234
3,D RICCIARDO,Daniel RICCIARDO,RIC,RB,6692FF,Daniel,Ricciardo,https://media.formula1.com/d_driver_fallback_image.png/content/dam/fom-website/drivers/D/DANRIC01_Daniel_Ricciardo/danric01.png.transform/1col/image.png,AUS,9506,1234
4,L NORRIS,Lando NORRIS,NOR,McLaren,FF8000,Lando,Norris,https://media.formula1.com/d_driver_fallback_image.png/content/dam/fom-website/drivers/L/LANNOR01_Lando_Norris/lannor01.png.transform/1col/image.png,GBR,9506,1234
10,P GASLY,Pierre GASLY,GAS,Alpine,0093CC,Pierre,Gasly,https://media.formula1.com/d_driver_fallback_image.png/content/dam/fom-website/drivers/P/PIEGAS01_Pierre_Gasly/piegas01.png.transform/1col/image.png,FRA,9506,1234
11,S PEREZ,Sergio PEREZ,PER,Red Bull Racing,3671C6,Sergio,Perez,https://media.formula1.com/d_driver_fallback_image.png/content/dam/fom-website/drivers/S/SERPER01_Sergio_Perez/serper01.png.transform/1col/image.png,MEX,9506,1234
14,F ALONSO,Fernando ALONSO,ALO,Aston Martin,229971,Fernando,Alonso,https://media.formula1.com/d_driver_fallback_image.png/content/dam/fom-website/drivers/F/FERALO01_Fernando_Alonso/feralo01.png.transform/1col/image.png,ESP,9506,1234
16,C LECLERC,Charles LECLERC,LEC,Ferrari,E80020,Charles,Leclerc,https://media.formula1.com/d_driver_fallback_image.png/content/dam/fom-website/drivers/C/CHALEC01_Charles_Leclerc/chalec01.png.transform/1col/image.png,MON,9506,1234
18,L STROLL,Lance STROLL,STR,Aston Martin,229971,Lance,Stroll,https://media.formula1.com/d_driver_fallback_image.png/content/dam/fom-website/drivers/L/LANSTR01_Lance_Stroll/lanstr01.png.transform/1col/image.png,CAN,9506,1234
20,K MAGNUSSEN,Kevin MAGNUSSEN,MAG,Haas F1 Team,B6BABD,Kevin,Magnussen,https://media.formula1.com/d_driver_fallback_image.png/content/dam/fom-website/drivers/K/KEVMAG01_Kevin_Magnussen/kevmag01.png.transform/1col/image.png,DEN,9506,1234
22,Y TSUNODA,Yuki TSUNODA,TSU,RB,6692FF,Yuki,Tsunoda,https://media.formula1.com/d_driver_fallback_image.png/content/dam/fom-website/drivers/Y/YUKTSU01_Yuki_Tsunoda/yuktsu01.png.transform/1col/image.png,JPN,9506,1234
23,A ALBON,Alexander ALBON,ALB,Williams,64C4FF,Alexander,Albon,https://media.formula1.com/d_driver_fallback_image.png/content/dam/fom-website/drivers/A/ALEALB01_Alexander_Albon/alealb01.png.transform/1col/image.png,THA,9506,1234
24,G ZHOU,ZHOU Guanyu,ZHO,Kick Sauber,52E252,Guanyu,Zhou,https://media.formula1.com/d_driver_fallback_image.png/content/dam/fom-website/drivers/G/GUAZHO01_Guanyu_Zhou/guazho01.png.transform/1col/image.png,CHN,9506,1234
27,N HULKENBERG,Nico HULKENBERG,HUL,Haas F1 Team,B6BABD,Nico,Hulkenberg,https://media.formula1.com/d_driver_fallback_image.png/content/dam/fom-website/drivers/N/NICHUL01_Nico_Hulkenberg/nichul01.png.transform/1col/image.png,GER,9506,1234
31,E OCON,Esteban OCON,OCO,Alpine,0093CC,Esteban,Ocon,https://media.formula1.com/d_driver_fallback_image.png/content/dam/fom-website/drivers/E/ESTOCO01_Esteban_Ocon/estoco01.png.transform/1col/image.png,FRA,9506,1234
44,L HAMILTON,Lewis HAMILTON,HAM,Mercedes,27F4D2,Lewis,Hamilton,https://media.formula1.com/d_driver_fallback_image.png/content/dam/fom-website/drivers/L/LEWHAM01_Lewis_Hamilton/lewham01.png.transform/1col/image.png,GBR,9506,1234
55,C SAINZ,Carlos SAINZ,SAI,Ferrari,E80020,Carlos,Sainz,https://media.formula1.com/d_driver_fallback_image.png/content/dam/fom-website/drivers/C/CARSAI01_Carlos_Sainz/carsai01.png.transform/1col/image.png,ESP,9506,1234
63,G RUSSELL,George RUSSELL,RUS,Mercedes,27F4D2,George,Russell,https://media.formula1.com/d_driver_fallback_image.png/content/dam/fom-website/drivers/G/GEORUS01_George_Russell/georus01.png.transform/1col/image.png,GBR,9506,1234
77,V BOTTAS,Valtteri BOTTAS,BOT,Kick Sauber,52E252,Valtteri,Bottas,https://media.formula1.com/d_driver_fallback_image.png/content/dam/fom-website/drivers/V/VALBOT01_Valtteri_Bottas/valbot01.png.transform/1col/image.png,FIN,9506,1234
81,O PIASTRI,Oscar PIASTRI,PIA,McLaren,FF8000,Oscar,Piastri,https://media.formula1.com/d_driver_fallback_image.png/content/dam/fom-website/drivers/O/OSCPIA01_Oscar_Piastri/oscpia01.png.transform/1col/image.png,AUS,9506,1234
1,M VERSTAPPEN,Max VERSTAPPEN,VER,Red Bull Racing,3671C6,Max,Verstappen,https://media.formula1.com/d_driver_fallback_image.png/content/dam/fom-website/drivers/M/MAXVER01_Max_Verstappen/maxver01.png.transform/1col/image.png,NED,9507,1234
2,L SARGEANT,Logan SARGEANT,SAR,Williams,64C4FF,Logan,Sargeant,https://media.formula1.com/d_driver_fallback_image.png/content/dam/fom-website/drivers/L/LOGSAR01_Logan_Sargeant/logsar01.png.transform/1col/image.png,USA,9507,1234
3,D RICCIARDO,Daniel RICCIARDO,RIC,RB,6692FF,Daniel,Ricciardo,https://media.formula1.com/d_driver_fallback_image.png/content/dam/fom-website/drivers/D/DANRIC01_Daniel_Ricciardo/danric01.png.transform/1col/image.png,AUS,9507,1234
4,L NORRIS,Lando NORRIS,NOR,McLaren,FF8000,Lando,Norris,https://media.formula1.com/d_driver_fallback_image.png/content/dam/fom-website/drivers/L/LANNOR01_Lando_Norris/lannor01.png.transform/1col/image.png,GBR,9507,1234
10,P GASLY,Pierre GASLY,GAS,Alpine,0093CC,Pierre,Gasly,https://media.formula1.com/d_driver_fallback_image.png/content/dam/fom-website/drivers/P/PIEGAS01_Pierre_Gasly/piegas01.png.transform/1col/image.png,FRA,9507,1234
11,S PEREZ,Sergio PEREZ,PER,Red Bull Racing,3671C6,Sergio,Perez,https://media.formula1.com/d_driver_fallback_image.png/content/dam/fom-website/drivers/S/SERPER01_Sergio_Perez/serper01.png.transform/1col/image.png,MEX,9507,1234
14,F ALONSO,Fernando ALONSO,ALO,Aston Martin,229971,Fernando,Alonso,https://media.formula1.com/d_driver_fallback_image.png/content/dam/fom-website/drivers/F/FERALO01_Fernando_Alonso/feralo01.png.transform/1col/image.png,ESP,9507,1234
16,C LECLERC,Charles LECLERC,LEC,Ferrari,E80020,Charles,Leclerc,https://media.formula1.com/d_driver_fallback_image.png/content/dam/fom-website/drivers/C/CHALEC01_Charles_Leclerc/chalec01.png.transform/1col/image.png,MON,9507,1234
18,L STROLL,Lance STROLL,STR,Aston Martin,229971,Lance,Stroll,https://media.formula1.com/d_driver_fallback_image.png/content/dam/fom-website/drivers/L/LANSTR01_Lance_Stroll/lanstr01.png.transform/1col/image.png,CAN,9507,1234
20,K MAGNUSSEN,Kevin MAGNUSSEN,MAG,Haas F1 Team,B6BABD,Kevin,Magnussen,https://media.formula1.com/d_driver_fallback_image.png/content/dam/fom-website/drivers/K/KEVMAG01_Kevin_Magnussen/kevmag01.png.transform/1col/image.png,DEN,9507,1234
22,Y TSUNODA,Yuki TSUNODA,TSU,RB,6692FF,Yuki,Tsunoda,https://media.formula1.com/d_driver_fallback_image.png/content/dam/fom-website/drivers/Y/YUKTSU01_Yuki_Tsunoda/yuktsu01.png.transform/1col/image.png,JPN,9507,1234
23,A ALBON,Alexander ALBON,ALB,Williams,64C4FF,Alexander,Albon,https://media.formula1.com/d_driver_fallback_image.png/content/dam/fom-website/drivers/A/ALEALB01_Alexander_Albon/alealb01.png.transform/1col/image.png,THA,9507,1234
24,G ZHOU,ZHOU Guanyu,ZHO,Kick Sauber,52E252,Guanyu,Zhou,https://media.formula1.com/d_driver_fallback_image.png/content/dam/fom-website/drivers/G/GUAZHO01_Guanyu_Zhou/guazho01.png.transform/1col/image.png,CHN,9507,1234
27,N HULKENBERG,Nico HULKENBERG,HUL,Haas F1 Team,B6BABD,Nico,Hulkenberg,https://media.formula1.com/d_driver_fallback_image.png/content/dam/fom-website/drivers/N/NICHUL01_Nico_Hulkenberg/nichul01.png.transform/1col/image.png,GER,9507,1234
31,E OCON,Esteban OCON,OCO,Alpine,0093CC,Esteban,Ocon,https://media.formula1.com/d_driver_fallback_image.png/content/dam/fom-website/drivers/E/ESTOCO01_Esteban_Ocon/estoco01.png.transform/1col/image.png,FRA,9507,1234
44,L HAMILTON,Lewis HAMILTON,HAM,Mercedes,27F4D2,Lewis,Hamilton,https://media.formula1.com/d_driver_fallback_image.png/content/dam/fom-website/drivers/L/LEWHAM01_Lewis_Hamilton/lewham01.png.transform/1col/image.png,GBR,9507,1234
55,C SAINZ,Carlos SAINZ,SAI,Ferrari,E80020,Carlos,Sainz,https://media.formula1.com/d_driver_fallback_image.png/content/dam/fom-website/drivers/C/CARSAI01_Carlos_Sainz/carsai01.png.transform/1col/image.png,ESP,9507,1234
63,G RUSSELL,George RUSSELL,RUS,Mercedes,27F4D2,George,Russell,https://media.formula1.com/d_driver_fallback_image.png/content/dam/fom-website/drivers/G/GEORUS01_George_Russell/georus01.png.transform/1col/image.png,GBR,9507,1234
77,V BOTTAS,Valtteri BOTTAS,BOT,Kick Sauber,52E252,Valtteri,Bottas,https://media.formula1.com/d_driver_fallback_image.png/content/dam/fom-website/drivers/V/VALBOT01_Valtteri_Bottas/valbot01.png.transform/1col/image.png,FIN,9507,1234
81,O PIASTRI,Oscar PIASTRI,PIA,McLaren,FF8000,Oscar,Piastri,https://media.formula1.com/d_driver_fallback_image.png/content/dam/fom-website/drivers/O/OSCPIA01_Oscar_Piastri/oscpia01.png.transform/1col/image.png,AUS,9507,1234
1,M VERSTAPPEN,Max VERSTAPPEN,VER,Red Bull Racing,3671C6,Max,Verstappen,https://media.formula1.com/d_driver_fallback_image.png/content/dam/fom-website/drivers/M/MAXVER01_Max_Verstappen/maxver01.png.transform/1col/image.png,NED,9508,1235
2,L SARGEANT,Logan SARGEANT,SAR,Williams,64C4FF,Logan,Sargeant,https://media.formula1.com/d_driver_fallback_image.png/content/dam/fom-website/drivers/L/LOGSAR01_Logan_Sargeant/logsar01.png.transform/1col/image.png,USA,9508,1235
3,D RICCIARDO,Daniel RICCIARDO,RIC,RB,6692FF,Daniel,Ricciardo,https://media.formula1.com/d_driver_fallback_image.png/content/dam/fom-website/drivers/D/DANRIC01_Daniel_Ricciardo/danric01.png.transform/1col/image.png,AUS,9508,1235
4,L NORRIS,Lando NORRIS,NOR,McLaren,FF8000,Lando,Norris,https://media.formula1.com/d_driver_fallback_image.png/content/dam/fom-website/drivers/L/LANNOR01_Lando_Norris/lannor01.png.transform/1col/image.png,GBR,9508,1235
10,P GASLY,Pierre GASLY,GAS,Alpine,0093cc,Pierre,Gasly,https://media.formula1.com/d_driver_fallback_image.png/content/dam/fom-website/drivers/P/PIEGAS01_Pierre_Gasly/piegas01.png.transform/1col/image.png,FRA,9508,1235
11,S PEREZ,Sergio PEREZ,PER,Red Bull Racing,3671C6,Sergio,Perez,https://media.formula1.com/d_driver_fallback_image.png/content/dam/fom-website/drivers/S/SERPER01_Sergio_Perez/serper01.png.transform/1col/image.png,MEX,9508,1235
14,F ALONSO,Fernando ALONSO,ALO,Aston Martin,229971,Fernando,Alonso,https://media.formula1.com/d_driver_fallback_image.png/content/dam/fom-website/drivers/F/FERALO01_Fernando_Alonso/feralo01.png.transform/1col/image.png,ESP,9508,1235
16,C LECLERC,Charles LECLERC,LEC,Ferrari,E80020,Charles,Leclerc,https://media.formula1.com/d_driver_fallback_image.png/content/dam/fom-website/drivers/C/CHALEC01_Charles_Leclerc/chalec01.png.transform/1col/image.png,MON,9508,1235
18,L STROLL,Lance STROLL,STR,Aston Martin,229971,Lance,Stroll,https://media.formula1.com/d_driver_fallback_image.png/content/dam/fom-website/drivers/L/LANSTR01_Lance_Stroll/lanstr01.png.transform/1col/image.png,CAN,9508,1235
22,Y TSUNODA,Yuki TSUNODA,TSU,RB,6692FF,Yuki,Tsunoda,https://media.formula1.com/d_driver_fallback_image.png/content/dam/fom-website/drivers/Y/YUKTSU01_Yuki_Tsunoda/yuktsu01.png.transform/1col/image.png,JPN,9508,1235
23,A ALBON,Alexander ALBON,ALB,Williams,64C4FF,Alexander,Albon,https://media.formula1.com/d_driver_fallback_image.png/content/dam/fom-website/drivers/A/ALEALB01_Alexander_Albon/alealb01.png.transform/1col/image.png,THA,9508,1235
24,G ZHOU,ZHOU Guanyu,ZHO,Kick Sauber,52E252,Guanyu,Zhou,https://media.formula1.com/d_driver_fallback_image.png/content/dam/fom-website/drivers/G/GUAZHO01_Guanyu_Zhou/guazho01.png.transform/1col/image.png,CHN,9508,1235
27,N HULKENBERG,Nico HULKENBERG,HUL,Haas F1 Team,B6BABD,Nico,Hulkenberg,https://media.formula1.com/d_driver_fallback_image.png/content/dam/fom-website/drivers/N/NICHUL01_Nico_Hulkenberg/nichul01.png.transform/1col/image.png,GER,9508,1235
31,E OCON,Esteban OCON,OCO,Alpine,0093cc,Esteban,Ocon,https://media.formula1.com/d_driver_fallback_image.png/content/dam/fom-website/drivers/E/ESTOCO01_Esteban_Ocon/estoco01.png.transform/1col/image.png,FRA,9508,1235
44,L HAMILTON,Lewis HAMILTON,HAM,Mercedes,27F4D2,Lewis,Hamilton,https://media.formula1.com/d_driver_fallback_image.png/content/dam/fom-website/drivers/L/LEWHAM01_Lewis_Hamilton/lewham01.png.transform/1col/image.png,GBR,9508,1235
50,O BEARMAN,Oliver BEARMAN,BEA,,,,,,,9508,1235
55,C SAINZ,Carlos SAINZ,SAI,Ferrari,E80020,Carlos,Sainz,https://media.formula1.com/d_driver_fallback_image.png/content/dam/fom-website/drivers/C/CARSAI01_Carlos_Sainz/carsai01.png.transform/1col/image.png,ESP,9508,1235
63,G RUSSELL,George RUSSELL,RUS,Mercedes,27F4D2,George,Russell,https://media.formula1.com/d_driver_fallback_image.png/content/dam/fom-website/drivers/G/GEORUS01_George_Russell/georus01.png.transform/1col/image.png,GBR,9508,1235
77,V BOTTAS,Valtteri BOTTAS,BOT,Kick Sauber,52E252,Valtteri,Bottas,https://media.formula1.com/d_driver_fallback_image.png/content/dam/fom-website/drivers/V/VALBOT01_Valtteri_Bottas/valbot01.png.transform/1col/image.png,FIN,9508,1235
81,O PIASTRI,Oscar PIASTRI,PIA,McLaren,FF8000,Oscar,Piastri,https://media.formula1.com/d_driver_fallback_image.png/content/dam/fom-website/drivers/O/OSCPIA01_Oscar_Piastri/oscpia01.png.transform/1col/image.png,AUS,9508,1235
1,M VERSTAPPEN,Max VERSTAPPEN,VER,Red Bull Racing,3671C6,Max,Verstappen,https://media.formula1.com/d_driver_fallback_image.png/content/dam/fom-website/drivers/M/MAXVER01_Max_Verstappen/maxver01.png.transform/1col/image.png,NED,9509,1235
2,L SARGEANT,Logan SARGEANT,SAR,Williams,64C4FF,Logan,Sargeant,https://media.formula1.com/d_driver_fallback_image.png/content/dam/fom-website/drivers/L/LOGSAR01_Logan_Sargeant/logsar01.png.transform/1col/image.png,USA,9509,1235
3,D RICCIARDO,Daniel RICCIARDO,RIC,RB,6692FF,Daniel,Ricciardo,https://media.formula1.com/d_driver_fallback_image.png/content/dam/fom-website/drivers/D/DANRIC01_Daniel_Ricciardo/danric01.png.transform/1col/image.png,AUS,9509,1235
4,L NORRIS,Lando NORRIS,NOR,McLaren,FF8000,Lando,Norris,https://media.formula1.com/d_driver_fallback_image.png/content/dam/fom-website/drivers/L/LANNOR01_Lando_Norris/lannor01.png.transform/1col/image.png,GBR,9509,1235
10,P GASLY,Pierre GASLY,GAS,Alpine,0093CC,Pierre,Gasly,https://media.formula1.com/d_driver_fallback_image.png/content/dam/fom-website/drivers/P/PIEGAS01_Pierre_Gasly/piegas01.png.transform/1col/image.png,FRA,9509,1235
11,S PEREZ,Sergio PEREZ,PER,Red Bull Racing,3671C6,Sergio,Perez,https://media.formula1.com/d_driver_fallback_image.png/content/dam/fom-website/drivers/S/SERPER01_Sergio_Perez/serper01.png.transform/1col/image.png,MEX,9509,1235
14,F ALONSO,Fernando ALONSO,ALO,Aston Martin,229971,Fernando,Alonso,https://media.formula1.com/d_driver_fallback_image.png/content/dam/fom-website/drivers/F/FERALO01_Fernando_Alonso/feralo01.png.transform/1col/image.png,ESP,9509,1235
16,C LECLERC,Charles LECLERC,LEC,Ferrari,E80020,Charles,Leclerc,https://media.formula1.com/d_driver_fallback_image.png/content/dam/fom-website/drivers/C/CHALEC01_Charles_Leclerc/chalec01.png.transform/1col/image.png,MON,9509,1235
18,L STROLL,Lance STROLL,STR,Aston Martin,229971,Lance,Stroll,https://media.formula1.com/d_driver_fallback_image.png/content/dam/fom-website/drivers/L/LANSTR01_Lance_Stroll/lanstr01.png.transform/1col/image.png,CAN,9509,1235
20,K MAGNUSSEN,Kevin MAGNUSSEN,MAG,Haas F1 Team,B6BABD,Kevin,Magnussen,https://media.formula1.com/d_driver_fallback_image.png/content/dam/fom-website/drivers/K/KEVMAG01_Kevin_Magnussen/kevmag01.png.transform/1col/image.png,DEN,9509,1235
22,Y TSUNODA,Yuki TSUNODA,TSU,RB,6692FF,Yuki,Tsunoda,https://media.formula1.com/d_driver_fallback_image.png/content/dam/fom-website/drivers/Y/YUKTSU01_Yuki_Tsunoda/yuktsu01.png.transform/1col/image.png,JPN,9509,1235
23,A ALBON,Alexander ALBON,ALB,Williams,64C4FF,Alexander,Albon,https://media.formula1.com/d_driver_fallback_image.png/content/dam/fom-website/drivers/A/ALEALB01_Alexander_Albon/alealb01.png.transform/1col/image.png,THA,9509,1235
24,G ZHOU,ZHOU Guanyu,ZHO,Kick Sauber,52E252,Guanyu,Zhou,https://media.formula1.com/d_driver_fallback_image.png/content/dam/fom-website/drivers/G/GUAZHO01_Guanyu_Zhou/guazho01.png.transform/1col/image.png,CHN,9509,1235
27,N HULKENBERG,Nico HULKENBERG,HUL,Haas F1 Team,B6BABD,Nico,Hulkenberg,https://media.formula1.com/d_driver_fallback_image.png/content/dam/fom-website/drivers/N/NICHUL01_Nico_Hulkenberg/nichul01.png.transform/1col/image.png,GER,9509,1235
31,E OCON,Esteban OCON,OCO,Alpine,0093CC,Esteban,Ocon,https://media.formula1.com/d_driver_fallback_image.png/content/dam/fom-website/drivers/E/ESTOCO01_Esteban_Ocon/estoco01.png.transform/1col/image.png,FRA,9509,1235
44,L HAMILTON,Lewis HAMILTON,HAM,Mercedes,27F4D2,Lewis,Hamilton,https://media.formula1.com/d_driver_fallback_image.png/content/dam/fom-website/drivers/L/LEWHAM01_Lewis_Hamilton/lewham01.png.transform/1col/image.png,GBR,9509,1235
55,C SAINZ,Carlos SAINZ,SAI,Ferrari,E80020,Carlos,Sainz,https://media.formula1.com/d_driver_fallback_image.png/content/dam/fom-website/drivers/C/CARSAI01_Carlos_Sainz/carsai01.png.transform/1col/image.png,ESP,9509,1235
63,G RUSSELL,George RUSSELL,RUS,Mercedes,27F4D2,George,Russell,https://media.formula1.com/d_driver_fallback_image.png/content/dam/fom-website/drivers/G/GEORUS01_George_Russell/georus01.png.transform/1col/image.png,GBR,9509,1235
77,V BOTTAS,Valtteri BOTTAS,BOT,Kick Sauber,52E252,Valtteri,Bottas,https://media.formula1.com/d_driver_fallback_image.png/content/dam/fom-website/drivers/V/VALBOT01_Valtteri_Bottas/valbot01.png.transform/1col/image.png,FIN,9509,1235
81,O PIASTRI,Oscar PIASTRI,PIA,McLaren,FF8000,Oscar,Piastri,https://media.formula1.com/d_driver_fallback_image.png/content/dam/fom-website/drivers/O/OSCPIA01_Oscar_Piastri/oscpia01.png.transform/1col/image.png,AUS,9509,1235
1,M VERSTAPPEN,Max VERSTAPPEN,VER,Red Bull Racing,3671C6,Max,Verstappen,https://media.formula1.com/d_driver_fallback_image.png/content/dam/fom-website/drivers/M/MAXVER01_Max_Verstappen/maxver01.png.transform/1col/image.png,NED,9510,1235
2,L SARGEANT,Logan SARGEANT,SAR,Williams,64C4FF,Logan,Sargeant,https://media.formula1.com/d_driver_fallback_image.png/content/dam/fom-website/drivers/L/LOGSAR01_Logan_Sargeant/logsar01.png.transform/1col/image.png,USA,9510,1235
3,D RICCIARDO,Daniel RICCIARDO,RIC,RB,6692FF,Daniel,Ricciardo,https://media.formula1.com/d_driver_fallback_image.png/content/dam/fom-website/drivers/D/DANRIC01_Daniel_Ricciardo/danric01.png.transform/1col/image.png,AUS,9510,1235
4,L NORRIS,Lando NORRIS,NOR,McLaren,FF8000,Lando,Norris,https://media.formula1.com/d_driver_fallback_image.png/content/dam/fom-website/drivers/L/LANNOR01_Lando_Norris/lannor01.png.transform/1col/image.png,GBR,9510,1235
10,P GASLY,Pierre GASLY,GAS,Alpine,0093CC,Pierre,Gasly,https://media.formula1.com/d_driver_fallback_image.png/content/dam/fom-website/drivers/P/PIEGAS01_Pierre_Gasly/piegas01.png.transform/1col/image.png,FRA,9510,1235
11,S PEREZ,Sergio PEREZ,PER,Red Bull Racing,3671C6,Sergio,Perez,https://media.formula1.com/d_driver_fallback_image.png/content/dam/fom-website/drivers/S/SERPER01_Sergio_Perez/serper01.png.transform/1col/image.png,MEX,9510,1235
14,F ALONSO,Fernando ALONSO,ALO,Aston Martin,229971,Fernando,Alonso,https://media.formula1.com/d_driver_fallback_image.png/content/dam/fom-website/drivers/F/FERALO01_Fernando_Alonso/feralo01.png.transform/1col/image.png,ESP,9510,1235
16,C LECLERC,Charles LECLERC,LEC,Ferrari,E80020,Charles,Leclerc,https://media.formula1.com/d_driver_fallback_image.png/content/dam/fom-website/drivers/C/CHALEC01_Charles_Leclerc/chalec01.png.transform/1col/image.png,MON,9510,1235
18,L STROLL,Lance STROLL,STR,Aston Martin,229971,Lance,Stroll,https://media.formula1.com/d_driver_fallback_image.png/content/dam/fom-website/drivers/L/LANSTR01_Lance_Stroll/lanstr01.png.transform/1col/image.png,CAN,9510,1235
20,K MAGNUSSEN,Kevin MAGNUSSEN,MAG,Haas F1 Team,B6BABD,Kevin,Magnussen,https://media.formula1.com/d_driver_fallback_image.png/content/dam/fom-website/drivers/K/KEVMAG01_Kevin_Magnussen/kevmag01.png.transform/1col/image.png,DEN,9510,1235
22,Y TSUNODA,Yuki TSUNODA,TSU,RB,6692FF,Yuki,Tsunoda,https://media.formula1.com/d_driver_fallback_image.png/content/dam/fom-website/drivers/Y/YUKTSU01_Yuki_Tsunoda/yuktsu01.png.transform/1col/image.png,JPN,9510,1235
23,A ALBON,Alexander ALBON,ALB,Williams,64C4FF,Alexander,Albon,https://media.formula1.com/d_driver_fallback_image.png/content/dam/fom-website/drivers/A/ALEALB01_Alexander_Albon/alealb01.png.transform/1col/image.png,THA,9510,1235
24,G ZHOU,ZHOU Guanyu,ZHO,Kick Sauber,52E252,Guanyu,Zhou,https://media.formula1.com/d_driver_fallback_image.png/content/dam/fom-website/drivers/G/GUAZHO01_Guanyu_Zhou/guazho01.png.transform/1col/image.png,CHN,9510,1235
27,N HULKENBERG,Nico HULKENBERG,HUL,Haas F1 Team,B6BABD,Nico,Hulkenberg,https://media.formula1.com/d_driver_fallback_image.png/content/dam/fom-website/drivers/N/NICHUL01_Nico_Hulkenberg/nichul01.png.transform/1col/image.png,GER,9510,1235
31,E OCON,Esteban OCON,OCO,Alpine,0093CC,Esteban,Ocon,https://media.formula1.com/d_driver_fallback_image.png/content/dam/fom-website/drivers/E/ESTOCO01_Esteban_Ocon/estoco01.png.transform/1col/image.png,FRA,9510,1235
44,L HAMILTON,Lewis HAMILTON,HAM,Mercedes,27F4D2,Lewis,Hamilton,https://media.formula1.com/d_driver_fallback_image.png/content/dam/fom-website/drivers/L/LEWHAM01_Lewis_Hamilton/lewham01.png.transform/1col/image.png,GBR,9510,1235
55,C SAINZ,Carlos SAINZ,SAI,Ferrari,E80020,Carlos,Sainz,https://media.formula1.com/d_driver_fallback_image.png/content/dam/fom-website/drivers/C/CARSAI01_Carlos_Sainz/carsai01.png.transform/1col/image.png,ESP,9510,1235
63,G RUSSELL,George RUSSELL,RUS,Mercedes,27F4D2,George,Russell,https://media.formula1.com/d_driver_fallback_image.png/content/dam/fom-website/drivers/G/GEORUS01_George_Russell/georus01.png.transform/1col/image.png,GBR,9510,1235
77,V BOTTAS,Valtteri BOTTAS,BOT,Kick Sauber,52E252,Valtteri,Bottas,https://media.formula1.com/d_driver_fallback_image.png/content/dam/fom-website/drivers/V/VALBOT01_Valtteri_Bottas/valbot01.png.transform/1col/image.png,FIN,9510,1235
81,O PIASTRI,Oscar PIASTRI,PIA,McLaren,FF8000,Oscar,Piastri,https://media.formula1.com/d_driver_fallback_image.png/content/dam/fom-website/drivers/O/OSCPIA01_Oscar_Piastri/oscpia01.png.transform/1col/image.png,AUS,9510,1235
1,M VERSTAPPEN,Max VERSTAPPEN,VER,Red Bull Racing,3671C6,Max,Verstappen,https://media.formula1.com/d_driver_fallback_image.png/content/dam/fom-website/drivers/M/MAXVER01_Max_Verstappen/maxver01.png.transform/1col/image.png,NED,9511,1235
2,L SARGEANT,Logan SARGEANT,SAR,Williams,64C4FF,Logan,Sargeant,https://media.formula1.com/d_driver_fallback_image.png/content/dam/fom-website/drivers/L/LOGSAR01_Logan_Sargeant/logsar01.png.transform/1col/image.png,USA,9511,1235
3,D RICCIARDO,Daniel RICCIARDO,RIC,RB,6692FF,Daniel,Ricciardo,https://media.formula1.com/d_driver_fallback_image.png/content/dam/fom-website/drivers/D/DANRIC01_Daniel_Ricciardo/danric01.png.transform/1col/image.png,AUS,9511,1235
4,L NORRIS,Lando NORRIS,NOR,McLaren,FF8000,Lando,Norris,https://media.formula1.com/d_driver_fallback_image.png/content/dam/fom-website/drivers/L/LANNOR01_Lando_Norris/lannor01.png.transform/1col/image.png,GBR,9511,1235
10,P GASLY,Pierre GASLY,GAS,Alpine,0093CC,Pierre,Gasly,https://media.formula1.com/d_driver_fallback_image.png/content/dam/fom-website/drivers/P/PIEGAS01_Pierre_Gasly/piegas01.png.transform/1col/image.png,FRA,9511,1235
11,S PEREZ,Sergio PEREZ,PER,Red Bull Racing,3671C6,Sergio,Perez,https://media.formula1.com/d_driver_fallback_image.png/content/dam/fom-website/drivers/S/SERPER01_Sergio_Perez/serper01.png.transform/1col/image.png,MEX,9511,1235
14,F ALONSO,Fernando ALONSO,ALO,Aston Martin,229971,Fernando,Alonso,https://media.formula1.com/d_driver_fallback_image.png/content/dam/fom-website/drivers/F/FERALO01_Fernando_Alonso/feralo01.png.transform/1col/image.png,ESP,9511,1235
16,C LECLERC,Charles LECLERC,LEC,Ferrari,E80020,Charles,Leclerc,https://media.formula1.com/d_driver_fallback_image.png/content/dam/fom-website/drivers/C/CHALEC01_Charles_Leclerc/chalec01.png.transform/1col/image.png,MON,9511,1235
18,L STROLL,Lance STROLL,STR,Aston Martin,229971,Lance,Stroll,https://media.formula1.com/d_driver_fallback_image.png/content/dam/fom-website/drivers/L/LANSTR01_Lance_Stroll/lanstr01.png.transform/1col/image.png,CAN,9511,1235
20,K MAGNUSSEN,Kevin MAGNUSSEN,MAG,Haas F1 Team,B6BABD,Kevin,Magnussen,https://media.formula1.com/d_driver_fallback_image.png/content/dam/fom-website/drivers/K/KEVMAG01_Kevin_Magnussen/kevmag01.png.transform/1col/image.png,DEN,9511,1235
22,Y TSUNODA,Yuki TSUNODA,TSU,RB,6692FF,Yuki,Tsunoda,https://media.formula1.com/d_driver_fallback_image.png/content/dam/fom-website/drivers/Y/YUKTSU01_Yuki_Tsunoda/yuktsu01.png.transform/1col/image.png,JPN,9511,1235
23,A ALBON,Alexander ALBON,ALB,Williams,64C4FF,Alexander,Albon,https://media.formula1.com/d_driver_fallback_image.png/content/dam/fom-website/drivers/A/ALEALB01_Alexander_Albon/alealb01.png.transform/1col/image.png,THA,9511,1235
24,G ZHOU,ZHOU Guanyu,ZHO,Kick Sauber,52E252,Guanyu,Zhou,https://media.formula1.com/d_driver_fallback_image.png/content/dam/fom-website/drivers/G/GUAZHO01_Guanyu_Zhou/guazho01.png.transform/1col/image.png,CHN,9511,1235
27,N HULKENBERG,Nico HULKENBERG,HUL,Haas F1 Team,B6BABD,Nico,Hulkenberg,https://media.formula1.com/d_driver_fallback_image.png/content/dam/fom-website/drivers/N/NICHUL01_Nico_Hulkenberg/nichul01.png.transform/1col/image.png,GER,9511,1235
31,E OCON,Esteban OCON,OCO,Alpine,0093CC,Esteban,Ocon,https://media.formula1.com/d_driver_fallback_image.png/content/dam/fom-website/drivers/E/ESTOCO01_Esteban_Ocon/estoco01.png.transform/1col/image.png,FRA,9511,1235
44,L HAMILTON,Lewis HAMILTON,HAM,Mercedes,27F4D2,Lewis,Hamilton,https://media.formula1.com/d_driver_fallback_image.png/content/dam/fom-website/drivers/L/LEWHAM01_Lewis_Hamilton/lewham01.png.transform/1col/image.png,GBR,9511,1235
55,C SAINZ,Carlos SAINZ,SAI,Ferrari,E80020,Carlos,Sainz,https://media.formula1.com/d_driver_fallback_image.png/content/dam/fom-website/drivers/C/CARSAI01_Carlos_Sainz/carsai01.png.transform/1col/image.png,ESP,9511,1235
63,G RUSSELL,George RUSSELL,RUS,Mercedes,27F4D2,George,Russell,https://media.formula1.com/d_driver_fallback_image.png/content/dam/fom-website/drivers/G/GEORUS01_George_Russell/georus01.png.transform/1col/image.png,GBR,9511,1235
77,V BOTTAS,Valtteri BOTTAS,BOT,Kick Sauber,52E252,Valtteri,Bottas,https://media.formula1.com/d_driver_fallback_image.png/content/dam/fom-website/drivers/V/VALBOT01_Valtteri_Bottas/valbot01.png.transform/1col/image.png,FIN,9511,1235
81,O PIASTRI,Oscar PIASTRI,PIA,McLaren,FF8000,Oscar,Piastri,https://media.formula1.com/d_driver_fallback_image.png/content/dam/fom-website/drivers/O/OSCPIA01_Oscar_Piastri/oscpia01.png.transform/1col/image.png,AUS,9511,1235
1,M VERSTAPPEN,Max VERSTAPPEN,VER,Red Bull Racing,3671C6,Max,Verstappen,https://media.formula1.com/d_driver_fallback_image.png/content/dam/fom-website/drivers/M/MAXVER01_Max_Verstappen/maxver01.png.transform/1col/image.png,NED,9515,1235
2,L SARGEANT,Logan SARGEANT,SAR,Williams,64C4FF,Logan,Sargeant,https://media.formula1.com/d_driver_fallback_image.png/content/dam/fom-website/drivers/L/LOGSAR01_Logan_Sargeant/logsar01.png.transform/1col/image.png,USA,9515,1235
3,D RICCIARDO,Daniel RICCIARDO,RIC,RB,6692FF,Daniel,Ricciardo,https://media.formula1.com/d_driver_fallback_image.png/content/dam/fom-website/drivers/D/DANRIC01_Daniel_Ricciardo/danric01.png.transform/1col/image.png,AUS,9515,1235
4,L NORRIS,Lando NORRIS,NOR,McLaren,FF8000,Lando,Norris,https://media.formula1.com/d_driver_fallback_image.png/content/dam/fom-website/drivers/L/LANNOR01_Lando_Norris/lannor01.png.transform/1col/image.png,GBR,9515,1235
10,P GASLY,Pierre GASLY,GAS,Alpine,0093cc,Pierre,Gasly,https://media.formula1.com/d_driver_fallback_image.png/content/dam/fom-website/drivers/P/PIEGAS01_Pierre_Gasly/piegas01.png.transform/1col/image.png,FRA,9515,1235
11,S PEREZ,Sergio PEREZ,PER,Red Bull Racing,3671C6,Sergio,Perez,https://media.formula1.com/d_driver_fallback_image.png/content/dam/fom-website/drivers/S/SERPER01_Sergio_Perez/serper01.png.transform/1col/image.png,MEX,9515,1235
14,F ALONSO,Fernando ALONSO,ALO,Aston Martin,229971,Fernando,Alonso,https://media.formula1.com/d_driver_fallback_image.png/content/dam/fom-website/drivers/F/FERALO01_Fernando_Alonso/feralo01.png.transform/1col/image.png,ESP,9515,1235
16,C LECLERC,Charles LECLERC,LEC,Ferrari,E80020,Charles,Leclerc,https://media.formula1.com/d_driver_fallback_image.png/content/dam/fom-website/drivers/C/CHALEC01_Charles_Leclerc/chalec01.png.transform/1col/image.png,MON,9515,1235
18,L STROLL,Lance STROLL,STR,Aston Martin,229971,Lance,Stroll,https://media.formula1.com/d_driver_fallback_image.png/content/dam/fom-website/drivers/L/LANSTR01_Lance_Stroll/lanstr01.png.transform/1col/image.png,CAN,9515,1235
20,K MAGNUSSEN,Kevin MAGNUSSEN,MAG,Haas F1 Team,B6BABD,Kevin,Magnussen,https://media.formula1.com/d_driver_fallback_image.png/content/dam/fom-website/drivers/K/KEVMAG01_Kevin_Magnussen/kevmag01.png.transform/1col/image.png,DEN,9515,1235
22,Y TSUNODA,Yuki TSUNODA,TSU,RB,6692FF,Yuki,Tsunoda,https://media.formula1.com/d_driver_fallback_image.png/content/dam/fom-website/drivers/Y/YUKTSU01_Yuki_Tsunoda/yuktsu01.png.transform/1col/image.png,JPN,9515,1235
23,A ALBON,Alexander ALBON,ALB,Williams,64C4FF,Alexander,Albon,https://media.formula1.com/d_driver_fallback_image.png/content/dam/fom-website/drivers/A/ALEALB01_Alexander_Albon/alealb01.png.transform/1col/image.png,THA,9515,1235
24,G ZHOU,ZHOU Guanyu,ZHO,Kick Sauber,52E252,Guanyu,Zhou,https://media.formula1.com/d_driver_fallback_image.png/content/dam/fom-website/drivers/G/GUAZHO01_Guanyu_Zhou/guazho01.png.transform/1col/image.png,CHN,9515,1235
27,N HULKENBERG,Nico HULKENBERG,HUL,Haas F1 Team,B6BABD,Nico,Hulkenberg,https://media.formula1.com/d_driver_fallback_image.png/content/dam/fom-website/drivers/N/NICHUL01_Nico_Hulkenberg/nichul01.png.transform/1col/image.png,GER,9515,1235
31,E OCON,Esteban OCON,OCO,Alpine,0093cc,Esteban,Ocon,https://media.formula1.com/d_driver_fallback_image.png/content/dam/fom-website/drivers/E/ESTOCO01_Esteban_Ocon/estoco01.png.transform/1col/image.png,FRA,9515,1235
44,L HAMILTON,Lewis HAMILTON,HAM,Mercedes,27F4D2,Lewis,Hamilton,https://media.formula1.com/d_driver_fallback_image.png/content/dam/fom-website/drivers/L/LEWHAM01_Lewis_Hamilton/lewham01.png.transform/1col/image.png,GBR,9515,1235
55,C SAINZ,Carlos SAINZ,SAI,Ferrari,E80020,Carlos,Sainz,https://media.formula1.com/d_driver_fallback_image.png/content/dam/fom-website/drivers/C/CARSAI01_Carlos_Sainz/carsai01.png.transform/1col/image.png,ESP,9515,1235
63,G RUSSELL,George RUSSELL,RUS,Mercedes,27F4D2,George,Russell,https://media.formula1.com/d_driver_fallback_image.png/content/dam/fom-website/drivers/G/GEORUS01_George_Russell/georus01.png.transform/1col/image.png,GBR,9515,1235
77,V BOTTAS,Valtteri BOTTAS,BOT,Kick Sauber,52E252,Valtteri,Bottas,https://media.formula1.com/d_driver_fallback_image.png/content/dam/fom-website/drivers/V/VALBOT01_Valtteri_Bottas/valbot01.png.transform/1col/image.png,FIN,9515,1235
81,O PIASTRI,Oscar PIASTRI,PIA,McLaren,FF8000,Oscar,Piastri,https://media.formula1.com/d_driver_fallback_image.png/content/dam/fom-website/drivers/O/OSCPIA01_Oscar_Piastri/oscpia01.png.transform/1col/image.png,AUS,9515,1235
1,M VERSTAPPEN,Max VERSTAPPEN,VER,Red Bull Racing,3671C6,Max,Verstappen,https://media.formula1.com/d_driver_fallback_image.png/content/dam/fom-website/drivers/M/MAXVER01_Max_Verstappen/maxver01.png.transform/1col/image.png,NED,9516,1236
2,L SARGEANT,Logan SARGEANT,SAR,Williams,64C4FF,Logan,Sargeant,https://media.formula1.com/d_driver_fallback_image.png/content/dam/fom-website/drivers/L/LOGSAR01_Logan_Sargeant/logsar01.png.transform/1col/image.png,USA,9516,1236
3,D RICCIARDO,Daniel RICCIARDO,RIC,RB,6692FF,Daniel,Ricciardo,https://media.formula1.com/d_driver_fallback_image.png/content/dam/fom-website/drivers/D/DANRIC01_Daniel_Ricciardo/danric01.png.transform/1col/image.png,AUS,9516,1236
4,L NORRIS,Lando NORRIS,NOR,McLaren,FF8000,Lando,Norris,https://media.formula1.com/d_driver_fallback_image.png/content/dam/fom-website/drivers/L/LANNOR01_Lando_Norris/lannor01.png.transform/1col/image.png,GBR,9516,1236
10,P GASLY,Pierre GASLY,GAS,Alpine,0093CC,Pierre,Gasly,https://media.formula1.com/d_driver_fallback_image.png/content/dam/fom-website/drivers/P/PIEGAS01_Pierre_Gasly/piegas01.png.transform/1col/image.png,FRA,9516,1236
11,S PEREZ,Sergio PEREZ,PER,Red Bull Racing,3671C6,Sergio,Perez,https://media.formula1.com/d_driver_fallback_image.png/content/dam/fom-website/drivers/S/SERPER01_Sergio_Perez/serper01.png.transform/1col/image.png,MEX,9516,1236
14,F ALONSO,Fernando ALONSO,ALO,Aston Martin,229971,Fernando,Alonso,https://media.formula1.com/d_driver_fallback_image.png/content/dam/fom-website/drivers/F/FERALO01_Fernando_Alonso/feralo01.png.transform/1col/image.png,ESP,9516,1236
16,C LECLERC,Charles LECLERC,LEC,Ferrari,E80020,Charles,Leclerc,https://media.formula1.com/d_driver_fallback_image.png/content/dam/fom-website/drivers/C/CHALEC01_Charles_Leclerc/chalec01.png.transform/1col/image.png,MON,9516,1236
18,L STROLL,Lance STROLL,STR,Aston Martin,229971,Lance,Stroll,https://media.formula1.com/d_driver_fallback_image.png/content/dam/fom-website/drivers/L/LANSTR01_Lance_Stroll/lanstr01.png.transform/1col/image.png,CAN,9516,1236
20,K MAGNUSSEN,Kevin MAGNUSSEN,MAG,Haas F1 Team,B6BABD,Kevin,Magnussen,https://media.formula1.com/d_driver_fallback_image.png/content/dam/fom-website/drivers/K/KEVMAG01_Kevin_Magnussen/kevmag01.png.transform/1col/image.png,DEN,9516,1236
22,Y TSUNODA,Yuki TSUNODA,TSU,RB,6692FF,Yuki,Tsunoda,https://media.formula1.com/d_driver_fallback_image.png/content/dam/fom-website/drivers/Y/YUKTSU01_Yuki_Tsunoda/yuktsu01.png.transform/1col/image.png,JPN,9516,1236
23,A ALBON,Alexander ALBON,ALB,Williams,64C4FF,Alexander,Albon,https://media.formula1.com/d_driver_fallback_image.png/content/dam/fom-website/drivers/A/ALEALB01_Alexander_Albon/alealb01.png.transform/1col/image.png,THA,9516,1236
24,G ZHOU,ZHOU Guanyu,ZHO,Kick Sauber,52E252,Guanyu,Zhou,https://media.formula1.com/d_driver_fallback_image.png/content/dam/fom-website/drivers/G/GUAZHO01_Guanyu_Zhou/guazho01.png.transform/1col/image.png,CHN,9516,1236
27,N HULKENBERG,Nico HULKENBERG,HUL,Haas F1 Team,B6BABD,Nico,Hulkenberg,https://media.formula1.com/d_driver_fallback_image.png/content/dam/fom-website/drivers/N/NICHUL01_Nico_Hulkenberg/nichul01.png.transform/1col/image.png,GER,9516,1236
31,E OCON,Esteban OCON,OCO,Alpine,0093CC,Esteban,Ocon,https://media.formula1.com/d_driver_fallback_image.png/content/dam/fom-website/drivers/E/ESTOCO01_Esteban_Ocon/estoco01.png.transform/1col/image.png,FRA,9516,1236
44,L HAMILTON,Lewis HAMILTON,HAM,Mercedes,27F4D2,Lewis,Hamilton,https://media.formula1.com/d_driver_fallback_image.png/content/dam/fom-website/drivers/L/LEWHAM01_Lewis_Hamilton/lewham01.png.transform/1col/image.png,GBR,9516,1236
55,C SAINZ,Carlos SAINZ,SAI,Ferrari,E80020,Carlos,Sainz,https://media.formula1.com/d_driver_fallback_image.png/content/dam/fom-website/drivers/C/CARSAI01_Carlos_Sainz/carsai01.png.transform/1col/image.png,ESP,9516,1236
63,G RUSSELL,George RUSSELL,RUS,Mercedes,27F4D2,George,Russell,https://media.formula1.com/d_driver_fallback_image.png/content/dam/fom-website/drivers/G/GEORUS01_George_Russell/georus01.png.transform/1col/image.png,GBR,9516,1236
77,V BOTTAS,Valtteri BOTTAS,BOT,Kick Sauber,52E252,Valtteri,Bottas,https://media.formula1.com/d_driver_fallback_image.png/content/dam/fom-website/drivers/V/VALBOT01_Valtteri_Bottas/valbot01.png.transform/1col/image.png,FIN,9516,1236
81,O PIASTRI,Oscar PIASTRI,PIA,McLaren,FF8000,Oscar,Piastri,https://media.formula1.com/d_driver_fallback_image.png/content/dam/fom-website/drivers/O/OSCPIA01_Oscar_Piastri/oscpia01.png.transform/1col/image.png,AUS,9516,1236
1,M VERSTAPPEN,Max VERSTAPPEN,VER,Red Bull Racing,3671C6,Max,Verstappen,https://media.formula1.com/d_driver_fallback_image.png/content/dam/fom-website/drivers/M/MAXVER01_Max_Verstappen/maxver01.png.transform/1col/image.png,NED,9517,1236
2,L SARGEANT,Logan SARGEANT,SAR,Williams,64C4FF,Logan,Sargeant,https://media.formula1.com/d_driver_fallback_image.png/content/dam/fom-website/drivers/L/LOGSAR01_Logan_Sargeant/logsar01.png.transform/1col/image.png,USA,9517,1236
3,D RICCIARDO,Daniel RICCIARDO,RIC,RB,6692FF,Daniel,Ricciardo,https://media.formula1.com/d_driver_fallback_image.png/content/dam/fom-website/drivers/D/DANRIC01_Daniel_Ricciardo/danric01.png.transform/1col/image.png,AUS,9517,1236
4,L NORRIS,Lando NORRIS,NOR,McLaren,FF8000,Lando,Norris,https://media.formula1.com/d_driver_fallback_image.png/content/dam/fom-website/drivers/L/LANNOR01_Lando_Norris/lannor01.png.transform/1col/image.png,GBR,9517,1236
10,P GASLY,Pierre GASLY,GAS,Alpine,0093CC,Pierre,Gasly,https://media.formula1.com/d_driver_fallback_image.png/content/dam/fom-website/drivers/P/PIEGAS01_Pierre_Gasly/piegas01.png.transform/1col/image.png,FRA,9517,1236
11,S PEREZ,Sergio PEREZ,PER,Red Bull Racing,3671C6,Sergio,Perez,https://media.formula1.com/d_driver_fallback_image.png/content/dam/fom-website/drivers/S/SERPER01_Sergio_Perez/serper01.png.transform/1col/image.png,MEX,9517,1236
14,F ALONSO,Fernando ALONSO,ALO,Aston Martin,229971,Fernando,Alonso,https://media.formula1.com/d_driver_fallback_image.png/content/dam/fom-website/drivers/F/FERALO01_Fernando_Alonso/feralo01.png.transform/1col/image.png,ESP,9517,1236
16,C LECLERC,Charles LECLERC,LEC,Ferrari,E80020,Charles,Leclerc,https://media.formula1.com/d_driver_fallback_image.png/content/dam/fom-website/drivers/C/CHALEC01_Charles_Leclerc/chalec01.png.transform/1col/image.png,MON,9517,1236
18,L STROLL,Lance STROLL,STR,Aston Martin,229971,Lance,Stroll,https://media.formula1.com/d_driver_fallback_image.png/content/dam/fom-website/drivers/L/LANSTR01_Lance_Stroll/lanstr01.png.transform/1col/image.png,CAN,9517,1236
20,K MAGNUSSEN,Kevin MAGNUSSEN,MAG,Haas F1 Team,B6BABD,Kevin,Magnussen,https://media.formula1.com/d_driver_fallback_image.png/content/dam/fom-website/drivers/K/KEVMAG01_Kevin_Magnussen/kevmag01.png.transform/1col/image.png,DEN,9517,1236
22,Y TSUNODA,Yuki TSUNODA,TSU,RB,6692FF,Yuki,Tsunoda,https://media.formula1.com/d_driver_fallback_image.png/content/dam/fom-website/drivers/Y/YUKTSU01_Yuki_Tsunoda/yuktsu01.png.transform/1col/image.png,JPN,9517,1236
23,A ALBON,Alexander ALBON,ALB,Williams,64C4FF,Alexander,Albon,https://media.formula1.com/d_driver_fallback_image.png/content/dam/fom-website/drivers/A/ALEALB01_Alexander_Albon/alealb01.png.transform/1col/image.png,THA,9517,1236
24,G ZHOU,ZHOU Guanyu,ZHO,Kick Sauber,52E252,Guanyu,Zhou,https://media.formula1.com/d_driver_fallback_image.png/content/dam/fom-website/drivers/G/GUAZHO01_Guanyu_Zhou/guazho01.png.transform/1col/image.png,CHN,9517,1236
27,N HULKENBERG,Nico HULKENBERG,HUL,Haas F1 Team,B6BABD,Nico,Hulkenberg,https://media.formula1.com/d_driver_fallback_image.png/content/dam/fom-website/drivers/N/NICHUL01_Nico_Hulkenberg/nichul01.png.transform/1col/image.png,GER,9517,1236
31,E OCON,Esteban OCON,OCO,Alpine,0093CC,Esteban,Ocon,https://media.formula1.com/d_driver_fallback_image.png/content/dam/fom-website/drivers/E/ESTOCO01_Esteban_Ocon/estoco01.png.transform/1col/image.png,FRA,9517,1236
44,L HAMILTON,Lewis HAMILTON,HAM,Mercedes,27F4D2,Lewis,Hamilton,https://media.formula1.com/d_driver_fallback_image.png/content/dam/fom-website/drivers/L/LEWHAM01_Lewis_Hamilton/lewham01.png.transform/1col/image.png,GBR,9517,1236
55,C SAINZ,Carlos SAINZ,SAI,Ferrari,E80020,Carlos,Sainz,https://media.formula1.com/d_driver_fallback_image.png/content/dam/fom-website/drivers/C/CARSAI01_Carlos_Sainz/carsai01.png.transform/1col/image.png,ESP,9517,1236
63,G RUSSELL,George RUSSELL,RUS,Mercedes,27F4D2,George,Russell,https://media.formula1.com/d_driver_fallback_image.png/content/dam/fom-website/drivers/G/GEORUS01_George_Russell/georus01.png.transform/1col/image.png,GBR,9517,1236
77,V BOTTAS,Valtteri BOTTAS,BOT,Kick Sauber,52E252,Valtteri,Bottas,https://media.formula1.com/d_driver_fallback_image.png/content/dam/fom-website/drivers/V/VALBOT01_Valtteri_Bottas/valbot01.png.transform/1col/image.png,FIN,9517,1236
81,O PIASTRI,Oscar PIASTRI,PIA,McLaren,FF8000,Oscar,Piastri,https://media.formula1.com/d_driver_fallback_image.png/content/dam/fom-website/drivers/O/OSCPIA01_Oscar_Piastri/oscpia01.png.transform/1col/image.png,AUS,9517,1236
1,M VERSTAPPEN,Max VERSTAPPEN,VER,Red Bull Racing,3671C6,Max,Verstappen,https://media.formula1.com/d_driver_fallback_image.png/content/dam/fom-website/drivers/M/MAXVER01_Max_Verstappen/maxver01.png.transform/1col/image.png,NED,9518,1236
2,L SARGEANT,Logan SARGEANT,SAR,Williams,64C4FF,Logan,Sargeant,https://media.formula1.com/d_driver_fallback_image.png/content/dam/fom-website/drivers/L/LOGSAR01_Logan_Sargeant/logsar01.png.transform/1col/image.png,USA,9518,1236
3,D RICCIARDO,Daniel RICCIARDO,RIC,RB,6692FF,Daniel,Ricciardo,https://media.formula1.com/d_driver_fallback_image.png/content/dam/fom-website/drivers/D/DANRIC01_Daniel_Ricciardo/danric01.png.transform/1col/image.png,AUS,9518,1236
4,L NORRIS,Lando NORRIS,NOR,McLaren,FF8000,Lando,Norris,https://media.formula1.com/d_driver_fallback_image.png/content/dam/fom-website/drivers/L/LANNOR01_Lando_Norris/lannor01.png.transform/1col/image.png,GBR,9518,1236
10,P GASLY,Pierre GASLY,GAS,Alpine,0093CC,Pierre,Gasly,https://media.formula1.com/d_driver_fallback_image.png/content/dam/fom-website/drivers/P/PIEGAS01_Pierre_Gasly/piegas01.png.transform/1col/image.png,FRA,9518,1236
11,S PEREZ,Sergio PEREZ,PER,Red Bull Racing,3671C6,Sergio,Perez,https://media.formula1.com/d_driver_fallback_image.png/content/dam/fom-website/drivers/S/SERPER01_Sergio_Perez/serper01.png.transform/1col/image.png,MEX,9518,1236
14,F ALONSO,Fernando ALONSO,ALO,Aston Martin,229971,Fernando,Alonso,https://media.formula1.com/d_driver_fallback_image.png/content/dam/fom-website/drivers/F/FERALO01_Fernando_Alonso/feralo01.png.transform/1col/image.png,ESP,9518,1236
16,C LECLERC,Charles LECLERC,LEC,Ferrari,E80020,Charles,Leclerc,https://media.formula1.com/d_driver_fallback_image.png/content/dam/fom-website/drivers/C/CHALEC01_Charles_Leclerc/chalec01.png.transform/1col/image.png,MON,9518,1236
18,L STROLL,Lance STROLL,STR,Aston Martin,229971,Lance,Stroll,https://media.formula1.com/d_driver_fallback_image.png/content/dam/fom-website/drivers/L/LANSTR01_Lance_Stroll/lanstr01.png.transform/1col/image.png,CAN,9518,1236
20,K MAGNUSSEN,Kevin MAGNUSSEN,MAG,Haas F1 Team,B6BABD,Kevin,Magnussen,https://media.formula1.com/d_driver_fallback_image.png/content/dam/fom-website/drivers/K/KEVMAG01_Kevin_Magnussen/kevmag01.png.transform/1col/image.png,DEN,9518,1236
22,Y TSUNODA,Yuki TSUNODA,TSU,RB,6692FF,Yuki,Tsunoda,https://media.formula1.com/d_driver_fallback_image.png/content/dam/fom-website/drivers/Y/YUKTSU01_Yuki_Tsunoda/yuktsu01.png.transform/1col/image.png,JPN,9518,1236
23,A ALBON,Alexander ALBON,ALB,Williams,64C4FF,Alexander,Albon,https://media.formula1.com/d_driver_fallback_image.png/content/dam/fom-website/drivers/A/ALEALB01_Alexander_Albon/alealb01.png.transform/1col/image.png,THA,9518,1236
24,G ZHOU,ZHOU Guanyu,ZHO,Kick Sauber,52E252,Guanyu,Zhou,https://media.formula1.com/d_driver_fallback_image.png/content/dam/fom-website/drivers/G/GUAZHO01_Guanyu_Zhou/guazho01.png.transform/1col/image.png,CHN,9518,1236
27,N HULKENBERG,Nico HULKENBERG,HUL,Haas F1 Team,B6BABD,Nico,Hulkenberg,https://media.formula1.com/d_driver_fallback_image.png/content/dam/fom-website/drivers/N/NICHUL01_Nico_Hulkenberg/nichul01.png.transform/1col/image.png,GER,9518,1236
31,E OCON,Esteban OCON,OCO,Alpine,0093CC,Esteban,Ocon,https://media.formula1.com/d_driver_fallback_image.png/content/dam/fom-website/drivers/E/ESTOCO01_Esteban_Ocon/estoco01.png.transform/1col/image.png,FRA,9518,1236
44,L HAMILTON,Lewis HAMILTON,HAM,Mercedes,27F4D2,Lewis,Hamilton,https://media.formula1.com/d_driver_fallback_image.png/content/dam/fom-website/drivers/L/LEWHAM01_Lewis_Hamilton/lewham01.png.transform/1col/image.png,GBR,9518,1236
55,C SAINZ,Carlos SAINZ,SAI,Ferrari,E80020,Carlos,Sainz,https://media.formula1.com/d_driver_fallback_image.png/content/dam/fom-website/drivers/C/CARSAI01_Carlos_Sainz/carsai01.png.transform/1col/image.png,ESP,9518,1236
63,G RUSSELL,George RUSSELL,RUS,Mercedes,27F4D2,George,Russell,https://media.formula1.com/d_driver_fallback_image.png/content/dam/fom-website/drivers/G/GEORUS01_George_Russell/georus01.png.transform/1col/image.png,GBR,9518,1236
77,V BOTTAS,Valtteri BOTTAS,BOT,Kick Sauber,52E252,Valtteri,Bottas,https://media.formula1.com/d_driver_fallback_image.png/content/dam/fom-website/drivers/V/VALBOT01_Valtteri_Bottas/valbot01.png.transform/1col/image.png,FIN,9518,1236
81,O PIASTRI,Oscar PIASTRI,PIA,McLaren,FF8000,Oscar,Piastri,https://media.formula1.com/d_driver_fallback_image.png/content/dam/fom-website/drivers/O/OSCPIA01_Oscar_Piastri/oscpia01.png.transform/1col/image.png,AUS,9518,1236
1,M VERSTAPPEN,Max VERSTAPPEN,VER,Red Bull Racing,3671C6,Max,Verstappen,https://media.formula1.com/d_driver_fallback_image.png/content/dam/fom-website/drivers/M/MAXVER01_Max_Verstappen/maxver01.png.transform/1col/image.png,NED,9519,1236
2,L SARGEANT,Logan SARGEANT,SAR,Williams,64C4FF,Logan,Sargeant,https://media.formula1.com/d_driver_fallback_image.png/content/dam/fom-website/drivers/L/LOGSAR01_Logan_Sargeant/logsar01.png.transform/1col/image.png,USA,9519,1236
3,D RICCIARDO,Daniel RICCIARDO,RIC,RB,6692FF,Daniel,Ricciardo,https://media.formula1.com/d_driver_fallback_image.png/content/dam/fom-website/drivers/D/DANRIC01_Daniel_Ricciardo/danric01.png.transform/1col/image.png,AUS,9519,1236
4,L NORRIS,Lando NORRIS,NOR,McLaren,FF8000,Lando,Norris,https://media.formula1.com/d_driver_fallback_image.png/content/dam/fom-website/drivers/L/LANNOR01_Lando_Norris/lannor01.png.transform/1col/image.png,GBR,9519,1236
10,P GASLY,Pierre GASLY,GAS,Alpine,0093CC,Pierre,Gasly,https://media.formula1.com/d_driver_fallback_image.png/content/dam/fom-website/drivers/P/PIEGAS01_Pierre_Gasly/piegas01.png.transform/1col/image.png,FRA,9519,1236
11,S PEREZ,Sergio PEREZ,PER,Red Bull Racing,3671C6,Sergio,Perez,https://media.formula1.com/d_driver_fallback_image.png/content/dam/fom-website/drivers/S/SERPER01_Sergio_Perez/serper01.png.transform/1col/image.png,MEX,9519,1236
14,F ALONSO,Fernando ALONSO,ALO,Aston Martin,229971,Fernando,Alonso,https://media.formula1.com/d_driver_fallback_image.png/content/dam/fom-website/drivers/F/FERALO01_Fernando_Alonso/feralo01.png.transform/1col/image.png,ESP,9519,1236
16,C LECLERC,Charles LECLERC,LEC,Ferrari,E80020,Charles,Leclerc,https://media.formula1.com/d_driver_fallback_image.png/content/dam/fom-website/drivers/C/CHALEC01_Charles_Leclerc/chalec01.png.transform/1col/image.png,MON,9519,1236
18,L STROLL,Lance STROLL,STR,Aston Martin,229971,Lance,Stroll,https://media.formula1.com/d_driver_fallback_image.png/content/dam/fom-website/drivers/L/LANSTR01_Lance_Stroll/lanstr01.png.transform/1col/image.png,CAN,9519,1236
20,K MAGNUSSEN,Kevin MAGNUSSEN,MAG,Haas F1 Team,B6BABD,Kevin,Magnussen,https://media.formula1.com/d_driver_fallback_image.png/content/dam/fom-website/drivers/K/KEVMAG01_Kevin_Magnussen/kevmag01.png.transform/1col/image.png,DEN,9519,1236
22,Y TSUNODA,Yuki TSUNODA,TSU,RB,6692FF,Yuki,Tsunoda,https://media.formula1.com/d_driver_fallback_image.png/content/dam/fom-website/drivers/Y/YUKTSU01_Yuki_Tsunoda/yuktsu01.png.transform/1col/image.png,JPN,9519,1236
23,A ALBON,Alexander ALBON,ALB,Williams,64C4FF,Alexander,Albon,https://media.formula1.com/d_driver_fallback_image.png/content/dam/fom-website/drivers/A/ALEALB01_Alexander_Albon/alealb01.png.transform/1col/image.png,THA,9519,1236
24,G ZHOU,ZHOU Guanyu,ZHO,Kick Sauber,52E252,Guanyu,Zhou,https://media.formula1.com/d_driver_fallback_image.png/content/dam/fom-website/drivers/G/GUAZHO01_Guanyu_Zhou/guazho01.png.transform/1col/image.png,CHN,9519,1236
27,N HULKENBERG,Nico HULKENBERG,HUL,Haas F1 Team,B6BABD,Nico,Hulkenberg,https://media.formula1.com/d_driver_fallback_image.png/content/dam/fom-website/drivers/N/NICHUL01_Nico_Hulkenberg/nichul01.png.transform/1col/image.png,GER,9519,1236
31,E OCON,Esteban OCON,OCO,Alpine,0093CC,Esteban,Ocon,https://media.formula1.com/d_driver_fallback_image.png/content/dam/fom-website/drivers/E/ESTOCO01_Esteban_Ocon/estoco01.png.transform/1col/image.png,FRA,9519,1236
44,L HAMILTON,Lewis HAMILTON,HAM,Mercedes,27F4D2,Lewis,Hamilton,https://media.formula1.com/d_driver_fallback_image.png/content/dam/fom-website/drivers/L/LEWHAM01_Lewis_Hamilton/lewham01.png.transform/1col/image.png,GBR,9519,1236
55,C SAINZ,Carlos SAINZ,SAI,Ferrari,E80020,Carlos,Sainz,https://media.formula1.com/d_driver_fallback_image.png/content/dam/fom-website/drivers/C/CARSAI01_Carlos_Sainz/carsai01.png.transform/1col/image.png,ESP,9519,1236
63,G RUSSELL,George RUSSELL,RUS,Mercedes,27F4D2,George,Russell,https://media.formula1.com/d_driver_fallback_image.png/content/dam/fom-website/drivers/G/GEORUS01_George_Russell/georus01.png.transform/1col/image.png,GBR,9519,1236
77,V BOTTAS,Valtteri BOTTAS,BOT,Kick Sauber,52E252,Valtteri,Bottas,https://media.formula1.com/d_driver_fallback_image.png/content/dam/fom-website/drivers/V/VALBOT01_Valtteri_Bottas/valbot01.png.transform/1col/image.png,FIN,9519,1236
81,O PIASTRI,Oscar PIASTRI,PIA,McLaren,FF8000,Oscar,Piastri,https://media.formula1.com/d_driver_fallback_image.png/content/dam/fom-website/drivers/O/OSCPIA01_Oscar_Piastri/oscpia01.png.transform/1col/image.png,AUS,9519,1236
1,M VERSTAPPEN,Max VERSTAPPEN,VER,Red Bull Racing,3671C6,Max,Verstappen,https://media.formula1.com/d_driver_fallback_image.png/content/dam/fom-website/drivers/M/MAXVER01_Max_Verstappen/maxver01.png.transform/1col/image.png,NED,9523,1236
2,L SARGEANT,Logan SARGEANT,SAR,Williams,64C4FF,Logan,Sargeant,https://media.formula1.com/d_driver_fallback_image.png/content/dam/fom-website/drivers/L/LOGSAR01_Logan_Sargeant/logsar01.png.transform/1col/image.png,USA,9523,1236
3,D RICCIARDO,Daniel RICCIARDO,RIC,RB,6692FF,Daniel,Ricciardo,https://media.formula1.com/d_driver_fallback_image.png/content/dam/fom-website/drivers/D/DANRIC01_Daniel_Ricciardo/danric01.png.transform/1col/image.png,AUS,9523,1236
4,L NORRIS,Lando NORRIS,NOR,McLaren,FF8000,Lando,Norris,https://media.formula1.com/d_driver_fallback_image.png/content/dam/fom-website/drivers/L/LANNOR01_Lando_Norris/lannor01.png.transform/1col/image.png,GBR,9523,1236
10,P GASLY,Pierre GASLY,GAS,Alpine,0093CC,Pierre,Gasly,https://media.formula1.com/d_driver_fallback_image.png/content/dam/fom-website/drivers/P/PIEGAS01_Pierre_Gasly/piegas01.png.transform/1col/image.png,FRA,9523,1236
11,S PEREZ,Sergio PEREZ,PER,Red Bull Racing,3671C6,Sergio,Perez,https://media.formula1.com/d_driver_fallback_image.png/content/dam/fom-website/drivers/S/SERPER01_Sergio_Perez/serper01.png.transform/1col/image.png,MEX,9523,1236
14,F ALONSO,Fernando ALONSO,ALO,Aston Martin,229971,Fernando,Alonso,https://media.formula1.com/d_driver_fallback_image.png/content/dam/fom-website/drivers/F/FERALO01_Fernando_Alonso/feralo01.png.transform/1col/image.png,ESP,9523,1236
16,C LECLERC,Charles LECLERC,LEC,Ferrari,E80020,Charles,Leclerc,https://media.formula1.com/d_driver_fallback_image.png/content/dam/fom-website/drivers/C/CHALEC01_Charles_Leclerc/chalec01.png.transform/1col/image.png,MON,9523,1236
18,L STROLL,Lance STROLL,STR,Aston Martin,229971,Lance,Stroll,https://media.formula1.com/d_driver_fallback_image.png/content/dam/fom-website/drivers/L/LANSTR01_Lance_Stroll/lanstr01.png.transform/1col/image.png,CAN,9523,1236
20,K MAGNUSSEN,Kevin MAGNUSSEN,MAG,Haas F1 Team,B6BABD,Kevin,Magnussen,https://media.formula1.com/d_driver_fallback_image.png/content/dam/fom-website/drivers/K/KEVMAG01_Kevin_Magnussen/kevmag01.png.transform/1col/image.png,DEN,9523,1236
22,Y TSUNODA,Yuki TSUNODA,TSU,RB,6692FF,Yuki,Tsunoda,https://media.formula1.com/d_driver_fallback_image.png/content/dam/fom-website/drivers/Y/YUKTSU01_Yuki_Tsunoda/yuktsu01.png.transform/1col/image.png,JPN,9523,1236
23,A ALBON,Alexander ALBON,ALB,Williams,64C4FF,Alexander,Albon,https://media.formula1.com/d_driver_fallback_image.png/content/dam/fom-website/drivers/A/ALEALB01_Alexander_Albon/alealb01.png.transform/1col/image.png,THA,9523,1236
24,G ZHOU,ZHOU Guanyu,ZHO,Kick Sauber,52E252,Guanyu,Zhou,https://media.formula1.com/d_driver_fallback_image.png/content/dam/fom-website/drivers/G/GUAZHO01_Guanyu_Zhou/guazho01.png.transform/1col/image.png,CHN,9523,1236
27,N HULKENBERG,Nico HULKENBERG,HUL,Haas F1 Team,B6BABD,Nico,Hulkenberg,https://media.formula1.com/d_driver_fallback_image.png/content/dam/fom-website/drivers/N/NICHUL01_Nico_Hulkenberg/nichul01.png.transform/1col/image.png,GER,9523,1236
31,E OCON,Esteban OCON,OCO,Alpine,0093CC,Esteban,Ocon,https://media.formula1.com/d_driver_fallback_image.png/content/dam/fom-website/drivers/E/ESTOCO01_Esteban_Ocon/estoco01.png.transform/1col/image.png,FRA,9523,1236
44,L HAMILTON,Lewis HAMILTON,HAM,Mercedes,27F4D2,Lewis,Hamilton,https://media.formula1.com/d_driver_fallback_image.png/content/dam/fom-website/drivers/L/LEWHAM01_Lewis_Hamilton/lewham01.png.transform/1col/image.png,GBR,9523,1236
55,C SAINZ,Carlos SAINZ,SAI,Ferrari,E80020,Carlos,Sainz,https://media.formula1.com/d_driver_fallback_image.png/content/dam/fom-website/drivers/C/CARSAI01_Carlos_Sainz/carsai01.png.transform/1col/image.png,ESP,9523,1236
63,G RUSSELL,George RUSSELL,RUS,Mercedes,27F4D2,George,Russell,https://media.formula1.com/d_driver_fallback_image.png/content/dam/fom-website/drivers/G/GEORUS01_George_Russell/georus01.png.transform/1col/image.png,GBR,9523,1236
77,V BOTTAS,Valtteri BOTTAS,BOT,Kick Sauber,52E252,Valtteri,Bottas,https://media.formula1.com/d_driver_fallback_image.png/content/dam/fom-website/drivers/V/VALBOT01_Valtteri_Bottas/valbot01.png.transform/1col/image.png,FIN,9523,1236
81,O PIASTRI,Oscar PIASTRI,PIA,McLaren,FF8000,Oscar,Piastri,https://media.formula1.com/d_driver_fallback_image.png/content/dam/fom-website/drivers/O/OSCPIA01_Oscar_Piastri/oscpia01.png.transform/1col/image.png,AUS,9523,1236
1,M VERSTAPPEN,Max VERSTAPPEN,VER,Red Bull Racing,3671C6,Max,Verstappen,https://media.formula1.com/d_driver_fallback_image.png/content/dam/fom-website/drivers/M/MAXVER01_Max_Verstappen/maxver01.png.transform/1col/image.png,NED,9524,1237
2,L SARGEANT,Logan SARGEANT,SAR,Williams,64C4FF,Logan,Sargeant,https://media.formula1.com/d_driver_fallback_image.png/content/dam/fom-website/drivers/L/LOGSAR01_Logan_Sargeant/logsar01.png.transform/1col/image.png,USA,9524,1237
3,D RICCIARDO,Daniel RICCIARDO,RIC,RB,6692FF,Daniel,Ricciardo,https://media.formula1.com/d_driver_fallback_image.png/content/dam/fom-website/drivers/D/DANRIC01_Daniel_Ricciardo/danric01.png.transform/1col/image.png,AUS,9524,1237
4,L NORRIS,Lando NORRIS,NOR,McLaren,FF8000,Lando,Norris,https://media.formula1.com/d_driver_fallback_image.png/content/dam/fom-website/drivers/L/LANNOR01_Lando_Norris/lannor01.png.transform/1col/image.png,GBR,9524,1237
10,P GASLY,Pierre GASLY,GAS,Alpine,0093CC,Pierre,Gasly,https://media.formula1.com/d_driver_fallback_image.png/content/dam/fom-website/drivers/P/PIEGAS01_Pierre_Gasly/piegas01.png.transform/1col/image.png,FRA,9524,1237
11,S PEREZ,Sergio PEREZ,PER,Red Bull Racing,3671C6,Sergio,Perez,https://media.formula1.com/d_driver_fallback_image.png/content/dam/fom-website/drivers/S/SERPER01_Sergio_Perez/serper01.png.transform/1col/image.png,MEX,9524,1237
14,F ALONSO,Fernando ALONSO,ALO,Aston Martin,229971,Fernando,Alonso,https://media.formula1.com/d_driver_fallback_image.png/content/dam/fom-website/drivers/F/FERALO01_Fernando_Alonso/feralo01.png.transform/1col/image.png,ESP,9524,1237
16,C LECLERC,Charles LECLERC,LEC,Ferrari,E80020,Charles,Leclerc,https://media.formula1.com/d_driver_fallback_image.png/content/dam/fom-website/drivers/C/CHALEC01_Charles_Leclerc/chalec01.png.transform/1col/image.png,MON,9524,1237
18,L STROLL,Lance STROLL,STR,Aston Martin,229971,Lance,Stroll,https://media.formula1.com/d_driver_fallback_image.png/content/dam/fom-website/drivers/L/LANSTR01_Lance_Stroll/lanstr01.png.transform/1col/image.png,CAN,9524,1237
20,K MAGNUSSEN,Kevin MAGNUSSEN,MAG,Haas F1 Team,B6BABD,Kevin,Magnussen,https://media.formula1.com/d_driver_fallback_image.png/content/dam/fom-website/drivers/K/KEVMAG01_Kevin_Magnussen/kevmag01.png.transform/1col/image.png,DEN,9524,1237
22,Y TSUNODA,Yuki TSUNODA,TSU,RB,6692FF,Yuki,Tsunoda,https://media.formula1.com/d_driver_fallback_image.png/content/dam/fom-website/drivers/Y/YUKTSU01_Yuki_Tsunoda/yuktsu01.png.transform/1col/image.png,JPN,9524,1237
23,A ALBON,Alexander ALBON,ALB,Williams,64C4FF,Alexander,Albon,https://media.formula1.com/d_driver_fallback_image.png/content/dam/fom-website/drivers/A/ALEALB01_Alexander_Albon/alealb01.png.transform/1col/image.png,THA,9524,1237
24,G ZHOU,ZHOU Guanyu,ZHO,Kick Sauber,52E252,Guanyu,Zhou,https://media.formula1.com/d_driver_fallback_image.png/content/dam/fom-website/drivers/G/GUAZHO01_Guanyu_Zhou/guazho01.png.transform/1col/image.png,CHN,9524,1237
27,N HULKENBERG,Nico HULKENBERG,HUL,Haas F1 Team,B6BABD,Nico,Hulkenberg,https://media.formula1.com/d_driver_fallback_image.png/content/dam/fom-website/drivers/N/NICHUL01_Nico_Hulkenberg/nichul01.png.transform/1col/image.png,GER,9524,1237
44,L HAMILTON,Lewis HAMILTON,HAM,Mercedes,27F4D2,Lewis,Hamilton,https://media.formula1.com/d_driver_fallback_image.png/content/dam/fom-website/drivers/L/LEWHAM01_Lewis_Hamilton/lewham01.png.transform/1col/image.png,GBR,9524,1237
55,C SAINZ,Carlos SAINZ,SAI,Ferrari,E80020,Carlos,Sainz,https://media.formula1.com/d_driver_fallback_image.png/content/dam/fom-website/drivers/C/CARSAI01_Carlos_Sainz/carsai01.png.transform/1col/image.png,ESP,9524,1237
61,J DOOHAN,Jack DOOHAN,DOO,Alpine,0093CC,Jack,Doohan,,AUS,9524,1237
63,G RUSSELL,George RUSSELL,RUS,Mercedes,27F4D2,George,Russell,https://media.formula1.com/d_driver_fallback_image.png/content/dam/fom-website/drivers/G/GEORUS01_George_Russell/georus01.png.transform/1col/image.png,GBR,9524,1237
77,V BOTTAS,Valtteri BOTTAS,BOT,Kick Sauber,52E252,Valtteri,Bottas,https://media.formula1.com/d_driver_fallback_image.png/content/dam/fom-website/drivers/V/VALBOT01_Valtteri_Bottas/valbot01.png.transform/1col/image.png,FIN,9524,1237
81,O PIASTRI,Oscar PIASTRI,PIA,McLaren,FF8000,Oscar,Piastri,https://media.formula1.com/d_driver_fallback_image.png/content/dam/fom-website/drivers/O/OSCPIA01_Oscar_Piastri/oscpia01.png.transform/1col/image.png,AUS,9524,1237
1,M VERSTAPPEN,Max VERSTAPPEN,VER,Red Bull Racing,3671C6,Max,Verstappen,https://media.formula1.com/d_driver_fallback_image.png/content/dam/fom-website/drivers/M/MAXVER01_Max_Verstappen/maxver01.png.transform/1col/image.png,NED,9525,1237
2,L SARGEANT,Logan SARGEANT,SAR,Williams,64C4FF,Logan,Sargeant,https://media.formula1.com/d_driver_fallback_image.png/content/dam/fom-website/drivers/L/LOGSAR01_Logan_Sargeant/logsar01.png.transform/1col/image.png,USA,9525,1237
3,D RICCIARDO,Daniel RICCIARDO,RIC,RB,6692FF,Daniel,Ricciardo,https://media.formula1.com/d_driver_fallback_image.png/content/dam/fom-website/drivers/D/DANRIC01_Daniel_Ricciardo/danric01.png.transform/1col/image.png,AUS,9525,1237
4,L NORRIS,Lando NORRIS,NOR,McLaren,FF8000,Lando,Norris,https://media.formula1.com/d_driver_fallback_image.png/content/dam/fom-website/drivers/L/LANNOR01_Lando_Norris/lannor01.png.transform/1col/image.png,GBR,9525,1237
10,P GASLY,Pierre GASLY,GAS,Alpine,0093cc,Pierre,Gasly,https://media.formula1.com/d_driver_fallback_image.png/content/dam/fom-website/drivers/P/PIEGAS01_Pierre_Gasly/piegas01.png.transform/1col/image.png,FRA,9525,1237
11,S PEREZ,Sergio PEREZ,PER,Red Bull Racing,3671C6,Sergio,Perez,https://media.formula1.com/d_driver_fallback_image.png/content/dam/fom-website/drivers/S/SERPER01_Sergio_Perez/serper01.png.transform/1col/image.png,MEX,9525,1237
14,F ALONSO,Fernando ALONSO,ALO,Aston Martin,229971,Fernando,Alonso,https://media.formula1.com/d_driver_fallback_image.png/content/dam/fom-website/drivers/F/FERALO01_Fernando_Alonso/feralo01.png.transform/1col/image.png,ESP,9525,1237
16,C LECLERC,Charles LECLERC,LEC,Ferrari,E80020,Charles,Leclerc,https://media.formula1.com/d_driver_fallback_image.png/content/dam/fom-website/drivers/C/CHALEC01_Charles_Leclerc/chalec01.png.transform/1col/image.png,MON,9525,1237
18,L STROLL,Lance STROLL,STR,Aston Martin,229971,Lance,Stroll,https://media.formula1.com/d_driver_fallback_image.png/content/dam/fom-website/drivers/L/LANSTR01_Lance_Stroll/lanstr01.png.transform/1col/image.png,CAN,9525,1237
20,K MAGNUSSEN,Kevin MAGNUSSEN,MAG,Haas F1 Team,B6BABD,Kevin,Magnussen,https://media.formula1.com/d_driver_fallback_image.png/content/dam/fom-website/drivers/K/KEVMAG01_Kevin_Magnussen/kevmag01.png.transform/1col/image.png,DEN,9525,1237
22,Y TSUNODA,Yuki TSUNODA,TSU,RB,6692FF,Yuki,Tsunoda,https://media.formula1.com/d_driver_fallback_image.png/content/dam/fom-website/drivers/Y/YUKTSU01_Yuki_Tsunoda/yuktsu01.png.transform/1col/image.png,JPN,9525,1237
23,A ALBON,Alexander ALBON,ALB,Williams,64C4FF,Alexander,Albon,https://media.formula1.com/d_driver_fallback_image.png/content/dam/fom-website/drivers/A/ALEALB01_Alexander_Albon/alealb01.png.transform/1col/image.png,THA,9525,1237
24,G ZHOU,ZHOU Guanyu,ZHO,Kick Sauber,52E252,Guanyu,Zhou,https://media.formula1.com/d_driver_fallback_image.png/content/dam/fom-website/drivers/G/GUAZHO01_Guanyu_Zhou/guazho01.png.transform/1col/image.png,CHN,9525,1237
27,N HULKENBERG,Nico HULKENBERG,HUL,Haas F1 Team,B6BABD,Nico,Hulkenberg,https://media.formula1.com/d_driver_fallback_image.png/content/dam/fom-website/drivers/N/NICHUL01_Nico_Hulkenberg/nichul01.png.transform/1col/image.png,GER,9525,1237
31,E OCON,Esteban OCON,OCO,Alpine,0093cc,Esteban,Ocon,https://media.formula1.com/d_driver_fallback_image.png/content/dam/fom-website/drivers/E/ESTOCO01_Esteban_Ocon/estoco01.png.transform/1col/image.png,FRA,9525,1237
44,L HAMILTON,Lewis HAMILTON,HAM,Mercedes,27F4D2,Lewis,Hamilton,https://media.formula1.com/d_driver_fallback_image.png/content/dam/fom-website/drivers/L/LEWHAM01_Lewis_Hamilton/lewham01.png.transform/1col/image.png,GBR,9525,1237
55,C SAINZ,Carlos SAINZ,SAI,Ferrari,E80020,Carlos,Sainz,https://media.formula1.com/d_driver_fallback_image.png/content/dam/fom-website/drivers/C/CARSAI01_Carlos_Sainz/carsai01.png.transform/1col/image.png,ESP,9525,1237
63,G RUSSELL,George RUSSELL,RUS,Mercedes,27F4D2,George,Russell,https://media.formula1.com/d_driver_fallback_image.png/content/dam/fom-website/drivers/G/GEORUS01_George_Russell/georus01.png.transform/1col/image.png,GBR,9525,1237
77,V BOTTAS,Valtteri BOTTAS,BOT,Kick Sauber,52E252,Valtteri,Bottas,https://media.formula1.com/d_driver_fallback_image.png/content/dam/fom-website/drivers/V/VALBOT01_Valtteri_Bottas/valbot01.png.transform/1col/image.png,FIN,9525,1237
81,O PIASTRI,Oscar PIASTRI,PIA,McLaren,FF8000,Oscar,Piastri,https://media.formula1.com/d_driver_fallback_image.png/content/dam/fom-website/drivers/O/OSCPIA01_Oscar_Piastri/oscpia01.png.transform/1col/image.png,AUS,9525,1237
1,M VERSTAPPEN,Max VERSTAPPEN,VER,Red Bull Racing,3671C6,Max,Verstappen,https://media.formula1.com/d_driver_fallback_image.png/content/dam/fom-website/drivers/M/MAXVER01_Max_Verstappen/maxver01.png.transform/1col/image.png,NED,9526,1237
2,L SARGEANT,Logan SARGEANT,SAR,Williams,64C4FF,Logan,Sargeant,https://media.formula1.com/d_driver_fallback_image.png/content/dam/fom-website/drivers/L/LOGSAR01_Logan_Sargeant/logsar01.png.transform/1col/image.png,USA,9526,1237
3,D RICCIARDO,Daniel RICCIARDO,RIC,RB,6692FF,Daniel,Ricciardo,https://media.formula1.com/d_driver_fallback_image.png/content/dam/fom-website/drivers/D/DANRIC01_Daniel_Ricciardo/danric01.png.transform/1col/image.png,AUS,9526,1237
4,L NORRIS,Lando NORRIS,NOR,McLaren,FF8000,Lando,Norris,https://media.formula1.com/d_driver_fallback_image.png/content/dam/fom-website/drivers/L/LANNOR01_Lando_Norris/lannor01.png.transform/1col/image.png,GBR,9526,1237
10,P GASLY,Pierre GASLY,GAS,Alpine,0093CC,Pierre,Gasly,https://media.formula1.com/d_driver_fallback_image.png/content/dam/fom-website/drivers/P/PIEGAS01_Pierre_Gasly/piegas01.png.transform/1col/image.png,FRA,9526,1237
11,S PEREZ,Sergio PEREZ,PER,Red Bull Racing,3671C6,Sergio,Perez,https://media.formula1.com/d_driver_fallback_image.png/content/dam/fom-website/drivers/S/SERPER01_Sergio_Perez/serper01.png.transform/1col/image.png,MEX,9526,1237
14,F ALONSO,Fernando ALONSO,ALO,Aston Martin,229971,Fernando,Alonso,https://media.formula1.com/d_driver_fallback_image.png/content/dam/fom-website/drivers/F/FERALO01_Fernando_Alonso/feralo01.png.transform/1col/image.png,ESP,9526,1237
16,C LECLERC,Charles LECLERC,LEC,Ferrari,E80020,Charles,Leclerc,https://media.formula1.com/d_driver_fallback_image.png/content/dam/fom-website/drivers/C/CHALEC01_Charles_Leclerc/chalec01.png.transform/1col/image.png,MON,9526,1237
18,L STROLL,Lance STROLL,STR,Aston Martin,229971,Lance,Stroll,https://media.formula1.com/d_driver_fallback_image.png/content/dam/fom-website/drivers/L/LANSTR01_Lance_Stroll/lanstr01.png.transform/1col/image.png,CAN,9526,1237
20,K MAGNUSSEN,Kevin MAGNUSSEN,MAG,Haas F1 Team,B6BABD,Kevin,Magnussen,https://media.formula1.com/d_driver_fallback_image.png/content/dam/fom-website/drivers/K/KEVMAG01_Kevin_Magnussen/kevmag01.png.transform/1col/image.png,DEN,9526,1237
22,Y TSUNODA,Yuki TSUNODA,TSU,RB,6692FF,Yuki,Tsunoda,https://media.formula1.com/d_driver_fallback_image.png/content/dam/fom-website/drivers/Y/YUKTSU01_Yuki_Tsunoda/yuktsu01.png.transform/1col/image.png,JPN,9526,1237
23,A ALBON,Alexander ALBON,ALB,Williams,64C4FF,Alexander,Albon,https://media.formula1.com/d_driver_fallback_image.png/content/dam/fom-website/drivers/A/ALEALB01_Alexander_Albon/alealb01.png.transform/1col/image.png,THA,9526,1237
24,G ZHOU,ZHOU Guanyu,ZHO,Kick Sauber,52E252,Guanyu,Zhou,https://media.formula1.com/d_driver_fallback_image.png/content/dam/fom-website/drivers/G/GUAZHO01_Guanyu_Zhou/guazho01.png.transform/1col/image.png,CHN,9526,1237
27,N HULKENBERG,Nico HULKENBERG,HUL,Haas F1 Team,B6BABD,Nico,Hulkenberg,https://media.formula1.com/d_driver_fallback_image.png/content/dam/fom-website/drivers/N/NICHUL01_Nico_Hulkenberg/nichul01.png.transform/1col/image.png,GER,9526,1237
31,E OCON,Esteban OCON,OCO,Alpine,0093CC,Esteban,Ocon,https://media.formula1.com/d_driver_fallback_image.png/content/dam/fom-website/drivers/E/ESTOCO01_Esteban_Ocon/estoco01.png.transform/1col/image.png,FRA,9526,1237
44,L HAMILTON,Lewis HAMILTON,HAM,Mercedes,27F4D2,Lewis,Hamilton,https://media.formula1.com/d_driver_fallback_image.png/content/dam/fom-website/drivers/L/LEWHAM01_Lewis_Hamilton/lewham01.png.transform/1col/image.png,GBR,9526,1237
55,C SAINZ,Carlos SAINZ,SAI,Ferrari,E80020,Carlos,Sainz,https://media.formula1.com/d_driver_fallback_image.png/content/dam/fom-website/drivers/C/CARSAI01_Carlos_Sainz/carsai01.png.transform/1col/image.png,ESP,9526,1237
63,G RUSSELL,George RUSSELL,RUS,Mercedes,27F4D2,George,Russell,https://media.formula1.com/d_driver_fallback_image.png/content/dam/fom-website/drivers/G/GEORUS01_George_Russell/georus01.png.transform/1col/image.png,GBR,9526,1237
77,V BOTTAS,Valtteri BOTTAS,BOT,Kick Sauber,52E252,Valtteri,Bottas,https://media.formula1.com/d_driver_fallback_image.png/content/dam/fom-website/drivers/V/VALBOT01_Valtteri_Bottas/valbot01.png.transform/1col/image.png,FIN,9526,1237
81,O PIASTRI,Oscar PIASTRI,PIA,McLaren,FF8000,Oscar,Piastri,https://media.formula1.com/d_driver_fallback_image.png/content/dam/fom-website/drivers/O/OSCPIA01_Oscar_Piastri/oscpia01.png.transform/1col/image.png,AUS,9526,1237
1,M VERSTAPPEN,Max VERSTAPPEN,VER,Red Bull Racing,3671C6,Max,Verstappen,https://media.formula1.com/d_driver_fallback_image.png/content/dam/fom-website/drivers/M/MAXVER01_Max_Verstappen/maxver01.png.transform/1col/image.png,NED,9527,1237
2,L SARGEANT,Logan SARGEANT,SAR,Williams,64C4FF,Logan,Sargeant,https://media.formula1.com/d_driver_fallback_image.png/content/dam/fom-website/drivers/L/LOGSAR01_Logan_Sargeant/logsar01.png.transform/1col/image.png,USA,9527,1237
3,D RICCIARDO,Daniel RICCIARDO,RIC,RB,6692FF,Daniel,Ricciardo,https://media.formula1.com/d_driver_fallback_image.png/content/dam/fom-website/drivers/D/DANRIC01_Daniel_Ricciardo/danric01.png.transform/1col/image.png,AUS,9527,1237
4,L NORRIS,Lando NORRIS,NOR,McLaren,FF8000,Lando,Norris,https://media.formula1.com/d_driver_fallback_image.png/content/dam/fom-website/drivers/L/LANNOR01_Lando_Norris/lannor01.png.transform/1col/image.png,GBR,9527,1237
10,P GASLY,Pierre GASLY,GAS,Alpine,0093CC,Pierre,Gasly,https://media.formula1.com/d_driver_fallback_image.png/content/dam/fom-website/drivers/P/PIEGAS01_Pierre_Gasly/piegas01.png.transform/1col/image.png,FRA,9527,1237
11,S PEREZ,Sergio PEREZ,PER,Red Bull Racing,3671C6,Sergio,Perez,https://media.formula1.com/d_driver_fallback_image.png/content/dam/fom-website/drivers/S/SERPER01_Sergio_Perez/serper01.png.transform/1col/image.png,MEX,9527,1237
14,F ALONSO,Fernando ALONSO,ALO,Aston Martin,229971,Fernando,Alonso,https://media.formula1.com/d_driver_fallback_image.png/content/dam/fom-website/drivers/F/FERALO01_Fernando_Alonso/feralo01.png.transform/1col/image.png,ESP,9527,1237
16,C LECLERC,Charles LECLERC,LEC,Ferrari,E80020,Charles,Leclerc,https://media.formula1.com/d_driver_fallback_image.png/content/dam/fom-website/drivers/C/CHALEC01_Charles_Leclerc/chalec01.png.transform/1col/image.png,MON,9527,1237
18,L STROLL,Lance STROLL,STR,Aston Martin,229971,Lance,Stroll,https://media.formula1.com/d_driver_fallback_image.png/content/dam/fom-website/drivers/L/LANSTR01_Lance_Stroll/lanstr01.png.transform/1col/image.png,CAN,9527,1237
20,K MAGNUSSEN,Kevin MAGNUSSEN,MAG,Haas F1 Team,B6BABD,Kevin,Magnussen,https://media.formula1.com/d_driver_fallback_image.png/content/dam/fom-website/drivers/K/KEVMAG01_Kevin_Magnussen/kevmag01.png.transform/1col/image.png,DEN,9527,1237
22,Y TSUNODA,Yuki TSUNODA,TSU,RB,6692FF,Yuki,Tsunoda,https://media.formula1.com/d_driver_fallback_image.png/content/dam/fom-website/drivers/Y/YUKTSU01_Yuki_Tsunoda/yuktsu01.png.transform/1col/image.png,JPN,9527,1237
23,A ALBON,Alexander ALBON,ALB,Williams,64C4FF,Alexander,Albon,https://media.formula1.com/d_driver_fallback_image.png/content/dam/fom-website/drivers/A/ALEALB01_Alexander_Albon/alealb01.png.transform/1col/image.png,THA,9527,1237
24,G ZHOU,ZHOU Guanyu,ZHO,Kick Sauber,52E252,Guanyu,Zhou,https://media.formula1.com/d_driver_fallback_image.png/content/dam/fom-website/drivers/G/GUAZHO01_Guanyu_Zhou/guazho01.png.transform/1col/image.png,CHN,9527,1237
27,N HULKENBERG,Nico HULKENBERG,HUL,Haas F1 Team,B6BABD,Nico,Hulkenberg,https://media.formula1.com/d_driver_fallback_image.png/content/dam/fom-website/drivers/N/NICHUL01_Nico_Hulkenberg/nichul01.png.transform/1col/image.png,GER,9527,1237
31,E OCON,Esteban OCON,OCO,Alpine,0093CC,Esteban,Ocon,https://media.formula1.com/d_driver_fallback_image.png/content/dam/fom-website/drivers/E/ESTOCO01_Esteban_Ocon/estoco01.png.transform/1col/image.png,FRA,9527,1237
44,L HAMILTON,Lewis HAMILTON,HAM,Mercedes,27F4D2,Lewis,Hamilton,https://media.formula1.com/d_driver_fallback_image.png/content/dam/fom-website/drivers/L/LEWHAM01_Lewis_Hamilton/lewham01.png.transform/1col/image.png,GBR,9527,1237
55,C SAINZ,Carlos SAINZ,SAI,Ferrari,E80020,Carlos,Sainz,https://media.formula1.com/d_driver_fallback_image.png/content/dam/fom-website/drivers/C/CARSAI01_Carlos_Sainz/carsai01.png.transform/1col/image.png,ESP,9527,1237
63,G RUSSELL,George RUSSELL,RUS,Mercedes,27F4D2,George,Russell,https://media.formula1.com/d_driver_fallback_image.png/content/dam/fom-website/drivers/G/GEORUS01_George_Russell/georus01.png.transform/1col/image.png,GBR,9527,1237
77,V BOTTAS,Valtteri BOTTAS,BOT,Kick Sauber,52E252,Valtteri,Bottas,https://media.formula1.com/d_driver_fallback_image.png/content/dam/fom-website/drivers/V/VALBOT01_Valtteri_Bottas/valbot01.png.transform/1col/image.png,FIN,9527,1237
81,O PIASTRI,Oscar PIASTRI,PIA,McLaren,FF8000,Oscar,Piastri,https://media.formula1.com/d_driver_fallback_image.png/content/dam/fom-website/drivers/O/OSCPIA01_Oscar_Piastri/oscpia01.png.transform/1col/image.png,AUS,9527,1237
1,M VERSTAPPEN,Max VERSTAPPEN,VER,Red Bull Racing,3671C6,Max,Verstappen,https://media.formula1.com/d_driver_fallback_image.png/content/dam/fom-website/drivers/M/MAXVER01_Max_Verstappen/maxver01.png.transform/1col/image.png,NED,9531,1237
2,L SARGEANT,Logan SARGEANT,SAR,Williams,64C4FF,Logan,Sargeant,https://media.formula1.com/d_driver_fallback_image.png/content/dam/fom-website/drivers/L/LOGSAR01_Logan_Sargeant/logsar01.png.transform/1col/image.png,USA,9531,1237
3,D RICCIARDO,Daniel RICCIARDO,RIC,RB,6692FF,Daniel,Ricciardo,https://media.formula1.com/d_driver_fallback_image.png/content/dam/fom-website/drivers/D/DANRIC01_Daniel_Ricciardo/danric01.png.transform/1col/image.png,AUS,9531,1237
4,L NORRIS,Lando NORRIS,NOR,McLaren,FF8000,Lando,Norris,https://media.formula1.com/d_driver_fallback_image.png/content/dam/fom-website/drivers/L/LANNOR01_Lando_Norris/lannor01.png.transform/1col/image.png,GBR,9531,1237
10,P GASLY,Pierre GASLY,GAS,Alpine,0093cc,Pierre,Gasly,https://media.formula1.com/d_driver_fallback_image.png/content/dam/fom-website/drivers/P/PIEGAS01_Pierre_Gasly/piegas01.png.transform/1col/image.png,FRA,9531,1237
11,S PEREZ,Sergio PEREZ,PER,Red Bull Racing,3671C6,Sergio,Perez,https://media.formula1.com/d_driver_fallback_image.png/content/dam/fom-website/drivers/S/SERPER01_Sergio_Perez/serper01.png.transform/1col/image.png,MEX,9531,1237
14,F ALONSO,Fernando ALONSO,ALO,Aston Martin,229971,Fernando,Alonso,https://media.formula1.com/d_driver_fallback_image.png/content/dam/fom-website/drivers/F/FERALO01_Fernando_Alonso/feralo01.png.transform/1col/image.png,ESP,9531,1237
16,C LECLERC,Charles LECLERC,LEC,Ferrari,E80020,Charles,Leclerc,https://media.formula1.com/d_driver_fallback_image.png/content/dam/fom-website/drivers/C/CHALEC01_Charles_Leclerc/chalec01.png.transform/1col/image.png,MON,9531,1237
18,L STROLL,Lance STROLL,STR,Aston Martin,229971,Lance,Stroll,https://media.formula1.com/d_driver_fallback_image.png/content/dam/fom-website/drivers/L/LANSTR01_Lance_Stroll/lanstr01.png.transform/1col/image.png,CAN,9531,1237
20,K MAGNUSSEN,Kevin MAGNUSSEN,MAG,Haas F1 Team,B6BABD,Kevin,Magnussen,https://media.formula1.com/d_driver_fallback_image.png/content/dam/fom-website/drivers/K/KEVMAG01_Kevin_Magnussen/kevmag01.png.transform/1col/image.png,DEN,9531,1237
22,Y TSUNODA,Yuki TSUNODA,TSU,RB,6692FF,Yuki,Tsunoda,https://media.formula1.com/d_driver_fallback_image.png/content/dam/fom-website/drivers/Y/YUKTSU01_Yuki_Tsunoda/yuktsu01.png.transform/1col/image.png,JPN,9531,1237
23,A ALBON,Alexander ALBON,ALB,Williams,64C4FF,Alexander,Albon,https://media.formula1.com/d_driver_fallback_image.png/content/dam/fom-website/drivers/A/ALEALB01_Alexander_Albon/alealb01.png.transform/1col/image.png,THA,9531,1237
24,G ZHOU,ZHOU Guanyu,ZHO,Kick Sauber,52E252,Guanyu,Zhou,https://media.formula1.com/d_driver_fallback_image.png/content/dam/fom-website/drivers/G/GUAZHO01_Guanyu_Zhou/guazho01.png.transform/1col/image.png,CHN,9531,1237
27,N HULKENBERG,Nico HULKENBERG,HUL,Haas F1 Team,B6BABD,Nico,Hulkenberg,https://media.formula1.com/d_driver_fallback_image.png/content/dam/fom-website/drivers/N/NICHUL01_Nico_Hulkenberg/nichul01.png.transform/1col/image.png,GER,9531,1237
31,E OCON,Esteban OCON,OCO,Alpine,0093cc,Esteban,Ocon,https://media.formula1.com/d_driver_fallback_image.png/content/dam/fom-website/drivers/E/ESTOCO01_Esteban_Ocon/estoco01.png.transform/1col/image.png,FRA,9531,1237
44,L HAMILTON,Lewis HAMILTON,HAM,Mercedes,27F4D2,Lewis,Hamilton,https://media.formula1.com/d_driver_fallback_image.png/content/dam/fom-website/drivers/L/LEWHAM01_Lewis_Hamilton/lewham01.png.transform/1col/image.png,GBR,9531,1237
55,C SAINZ,Carlos SAINZ,SAI,Ferrari,E80020,Carlos,Sainz,https://media.formula1.com/d_driver_fallback_image.png/content/dam/fom-website/drivers/C/CARSAI01_Carlos_Sainz/carsai01.png.transform/1col/image.png,ESP,9531,1237
63,G RUSSELL,George RUSSELL,RUS,Mercedes,27F4D2,George,Russell,https://media.formula1.com/d_driver_fallback_image.png/content/dam/fom-website/drivers/G/GEORUS01_George_Russell/georus01.png.transform/1col/image.png,GBR,9531,1237
77,V BOTTAS,Valtteri BOTTAS,BOT,Kick Sauber,52E252,Valtteri,Bottas,https://media.formula1.com/d_driver_fallback_image.png/content/dam/fom-website/drivers/V/VALBOT01_Valtteri_Bottas/valbot01.png.transform/1col/image.png,FIN,9531,1237
81,O PIASTRI,Oscar PIASTRI,PIA,McLaren,FF8000,Oscar,Piastri,https://media.formula1.com/d_driver_fallback_image.png/content/dam/fom-website/drivers/O/OSCPIA01_Oscar_Piastri/oscpia01.png.transform/1col/image.png,AUS,9531,1237
1,M VERSTAPPEN,Max VERSTAPPEN,VER,Red Bull Racing,3671C6,Max,Verstappen,https://media.formula1.com/d_driver_fallback_image.png/content/dam/fom-website/drivers/M/MAXVER01_Max_Verstappen/maxver01.png.transform/1col/image.png,NED,9532,1238
2,L SARGEANT,Logan SARGEANT,SAR,Williams,64C4FF,Logan,Sargeant,https://media.formula1.com/d_driver_fallback_image.png/content/dam/fom-website/drivers/L/LOGSAR01_Logan_Sargeant/logsar01.png.transform/1col/image.png,USA,9532,1238
3,D RICCIARDO,Daniel RICCIARDO,RIC,RB,6692FF,Daniel,Ricciardo,https://media.formula1.com/d_driver_fallback_image.png/content/dam/fom-website/drivers/D/DANRIC01_Daniel_Ricciardo/danric01.png.transform/1col/image.png,AUS,9532,1238
4,L NORRIS,Lando NORRIS,NOR,McLaren,FF8000,Lando,Norris,https://media.formula1.com/d_driver_fallback_image.png/content/dam/fom-website/drivers/L/LANNOR01_Lando_Norris/lannor01.png.transform/1col/image.png,GBR,9532,1238
10,P GASLY,Pierre GASLY,GAS,Alpine,0093CC,Pierre,Gasly,https://media.formula1.com/d_driver_fallback_image.png/content/dam/fom-website/drivers/P/PIEGAS01_Pierre_Gasly/piegas01.png.transform/1col/image.png,FRA,9532,1238
11,S PEREZ,Sergio PEREZ,PER,Red Bull Racing,3671C6,Sergio,Perez,https://media.formula1.com/d_driver_fallback_image.png/content/dam/fom-website/drivers/S/SERPER01_Sergio_Perez/serper01.png.transform/1col/image.png,MEX,9532,1238
14,F ALONSO,Fernando ALONSO,ALO,Aston Martin,229971,Fernando,Alonso,https://media.formula1.com/d_driver_fallback_image.png/content/dam/fom-website/drivers/F/FERALO01_Fernando_Alonso/feralo01.png.transform/1col/image.png,ESP,9532,1238
16,C LECLERC,Charles LECLERC,LEC,Ferrari,E80020,Charles,Leclerc,https://media.formula1.com/d_driver_fallback_image.png/content/dam/fom-website/drivers/C/CHALEC01_Charles_Leclerc/chalec01.png.transform/1col/image.png,MON,9532,1238
18,L STROLL,Lance STROLL,STR,Aston Martin,229971,Lance,Stroll,https://media.formula1.com/d_driver_fallback_image.png/content/dam/fom-website/drivers/L/LANSTR01_Lance_Stroll/lanstr01.png.transform/1col/image.png,CAN,9532,1238
20,K MAGNUSSEN,Kevin MAGNUSSEN,MAG,Haas F1 Team,B6BABD,Kevin,Magnussen,https://media.formula1.com/d_driver_fallback_image.png/content/dam/fom-website/drivers/K/KEVMAG01_Kevin_Magnussen/kevmag01.png.transform/1col/image.png,DEN,9532,1238
22,Y TSUNODA,Yuki TSUNODA,TSU,RB,6692FF,Yuki,Tsunoda,https://media.formula1.com/d_driver_fallback_image.png/content/dam/fom-website/drivers/Y/YUKTSU01_Yuki_Tsunoda/yuktsu01.png.transform/1col/image.png,JPN,9532,1238
23,A ALBON,Alexander ALBON,ALB,Williams,64C4FF,Alexander,Albon,https://media.formula1.com/d_driver_fallback_image.png/content/dam/fom-website/drivers/A/ALEALB01_Alexander_Albon/alealb01.png.transform/1col/image.png,THA,9532,1238
24,G ZHOU,ZHOU Guanyu,ZHO,Kick Sauber,52E252,Guanyu,Zhou,https://media.formula1.com/d_driver_fallback_image.png/content/dam/fom-website/drivers/G/GUAZHO01_Guanyu_Zhou/guazho01.png.transform/1col/image.png,CHN,9532,1238
31,E OCON,Esteban OCON,OCO,Alpine,0093CC,Esteban,Ocon,https://media.formula1.com/d_driver_fallback_image.png/content/dam/fom-website/drivers/E/ESTOCO01_Esteban_Ocon/estoco01.png.transform/1col/image.png,FRA,9532,1238
44,L HAMILTON,Lewis HAMILTON,HAM,Mercedes,27F4D2,Lewis,Hamilton,https://media.formula1.com/d_driver_fallback_image.png/content/dam/fom-website/drivers/L/LEWHAM01_Lewis_Hamilton/lewham01.png.transform/1col/image.png,GBR,9532,1238
50,O BEARMAN,Oliver BEARMAN,BEA,Haas F1 Team,B6BABD,Oliver,Bearman,,GBR,9532,1238
55,C SAINZ,Carlos SAINZ,SAI,Ferrari,E80020,Carlos,Sainz,https://media.formula1.com/d_driver_fallback_image.png/content/dam/fom-website/drivers/C/CARSAI01_Carlos_Sainz/carsai01.png.transform/1col/image.png,ESP,9532,1238
63,G RUSSELL,George RUSSELL,RUS,Mercedes,27F4D2,George,Russell,https://media.formula1.com/d_driver_fallback_image.png/content/dam/fom-website/drivers/G/GEORUS01_George_Russell/georus01.png.transform/1col/image.png,GBR,9532,1238
77,V BOTTAS,Valtteri BOTTAS,BOT,Kick Sauber,52E252,Valtteri,Bottas,https://media.formula1.com/d_driver_fallback_image.png/content/dam/fom-website/drivers/V/VALBOT01_Valtteri_Bottas/valbot01.png.transform/1col/image.png,FIN,9532,1238
81,O PIASTRI,Oscar PIASTRI,PIA,McLaren,FF8000,Oscar,Piastri,https://media.formula1.com/d_driver_fallback_image.png/content/dam/fom-website/drivers/O/OSCPIA01_Oscar_Piastri/oscpia01.png.transform/1col/image.png,AUS,9532,1238
1,M VERSTAPPEN,Max VERSTAPPEN,VER,Red Bull Racing,3671C6,Max,Verstappen,https://media.formula1.com/d_driver_fallback_image.png/content/dam/fom-website/drivers/M/MAXVER01_Max_Verstappen/maxver01.png.transform/1col/image.png,NED,9533,1238
2,L SARGEANT,Logan SARGEANT,SAR,Williams,64C4FF,Logan,Sargeant,https://media.formula1.com/d_driver_fallback_image.png/content/dam/fom-website/drivers/L/LOGSAR01_Logan_Sargeant/logsar01.png.transform/1col/image.png,USA,9533,1238
3,D RICCIARDO,Daniel RICCIARDO,RIC,RB,6692FF,Daniel,Ricciardo,https://media.formula1.com/d_driver_fallback_image.png/content/dam/fom-website/drivers/D/DANRIC01_Daniel_Ricciardo/danric01.png.transform/1col/image.png,AUS,9533,1238
4,L NORRIS,Lando NORRIS,NOR,McLaren,FF8000,Lando,Norris,https://media.formula1.com/d_driver_fallback_image.png/content/dam/fom-website/drivers/L/LANNOR01_Lando_Norris/lannor01.png.transform/1col/image.png,GBR,9533,1238
10,P GASLY,Pierre GASLY,GAS,Alpine,0093CC,Pierre,Gasly,https://media.formula1.com/d_driver_fallback_image.png/content/dam/fom-website/drivers/P/PIEGAS01_Pierre_Gasly/piegas01.png.transform/1col/image.png,FRA,9533,1238
11,S PEREZ,Sergio PEREZ,PER,Red Bull Racing,3671C6,Sergio,Perez,https://media.formula1.com/d_driver_fallback_image.png/content/dam/fom-website/drivers/S/SERPER01_Sergio_Perez/serper01.png.transform/1col/image.png,MEX,9533,1238
14,F ALONSO,Fernando ALONSO,ALO,Aston Martin,229971,Fernando,Alonso,https://media.formula1.com/d_driver_fallback_image.png/content/dam/fom-website/drivers/F/FERALO01_Fernando_Alonso/feralo01.png.transform/1col/image.png,ESP,9533,1238
16,C LECLERC,Charles LECLERC,LEC,Ferrari,E80020,Charles,Leclerc,https://media.formula1.com/d_driver_fallback_image.png/content/dam/fom-website/drivers/C/CHALEC01_Charles_Leclerc/chalec01.png.transform/1col/image.png,MON,9533,1238
18,L STROLL,Lance STROLL,STR,Aston Martin,229971,Lance,Stroll,https://media.formula1.com/d_driver_fallback_image.png/content/dam/fom-website/drivers/L/LANSTR01_Lance_Stroll/lanstr01.png.transform/1col/image.png,CAN,9533,1238
20,K MAGNUSSEN,Kevin MAGNUSSEN,MAG,Haas F1 Team,B6BABD,Kevin,Magnussen,https://media.formula1.com/d_driver_fallback_image.png/content/dam/fom-website/drivers/K/KEVMAG01_Kevin_Magnussen/kevmag01.png.transform/1col/image.png,DEN,9533,1238
22,Y TSUNODA,Yuki TSUNODA,TSU,RB,6692FF,Yuki,Tsunoda,https://media.formula1.com/d_driver_fallback_image.png/content/dam/fom-website/drivers/Y/YUKTSU01_Yuki_Tsunoda/yuktsu01.png.transform/1col/image.png,JPN,9533,1238
23,A ALBON,Alexander ALBON,ALB,Williams,64C4FF,Alexander,Albon,https://media.formula1.com/d_driver_fallback_image.png/content/dam/fom-website/drivers/A/ALEALB01_Alexander_Albon/alealb01.png.transform/1col/image.png,THA,9533,1238
24,G ZHOU,ZHOU Guanyu,ZHO,Kick Sauber,52E252,Guanyu,Zhou,https://media.formula1.com/d_driver_fallback_image.png/content/dam/fom-website/drivers/G/GUAZHO01_Guanyu_Zhou/guazho01.png.transform/1col/image.png,CHN,9533,1238
27,N HULKENBERG,Nico HULKENBERG,HUL,Haas F1 Team,B6BABD,Nico,Hulkenberg,https://media.formula1.com/d_driver_fallback_image.png/content/dam/fom-website/drivers/N/NICHUL01_Nico_Hulkenberg/nichul01.png.transform/1col/image.png,GER,9533,1238
31,E OCON,Esteban OCON,OCO,Alpine,0093CC,Esteban,Ocon,https://media.formula1.com/d_driver_fallback_image.png/content/dam/fom-website/drivers/E/ESTOCO01_Esteban_Ocon/estoco01.png.transform/1col/image.png,FRA,9533,1238
44,L HAMILTON,Lewis HAMILTON,HAM,Mercedes,27F4D2,Lewis,Hamilton,https://media.formula1.com/d_driver_fallback_image.png/content/dam/fom-website/drivers/L/LEWHAM01_Lewis_Hamilton/lewham01.png.transform/1col/image.png,GBR,9533,1238
55,C SAINZ,Carlos SAINZ,SAI,Ferrari,E80020,Carlos,Sainz,https://media.formula1.com/d_driver_fallback_image.png/content/dam/fom-website/drivers/C/CARSAI01_Carlos_Sainz/carsai01.png.transform/1col/image.png,ESP,9533,1238
63,G RUSSELL,George RUSSELL,RUS,Mercedes,27F4D2,George,Russell,https://media.formula1.com/d_driver_fallback_image.png/content/dam/fom-website/drivers/G/GEORUS01_George_Russell/georus01.png.transform/1col/image.png,GBR,9533,1238
77,V BOTTAS,Valtteri BOTTAS,BOT,Kick Sauber,52E252,Valtteri,Bottas,https://media.formula1.com/d_driver_fallback_image.png/content/dam/fom-website/drivers/V/VALBOT01_Valtteri_Bottas/valbot01.png.transform/1col/image.png,FIN,9533,1238
81,O PIASTRI,Oscar PIASTRI,PIA,McLaren,FF8000,Oscar,Piastri,https://media.formula1.com/d_driver_fallback_image.png/content/dam/fom-website/drivers/O/OSCPIA01_Oscar_Piastri/oscpia01.png.transform/1col/image.png,AUS,9533,1238
1,M VERSTAPPEN,Max VERSTAPPEN,VER,Red Bull Racing,3671C6,Max,Verstappen,https://media.formula1.com/d_driver_fallback_image.png/content/dam/fom-website/drivers/M/MAXVER01_Max_Verstappen/maxver01.png.transform/1col/image.png,NED,9534,1238
2,L SARGEANT,Logan SARGEANT,SAR,Williams,64C4FF,Logan,Sargeant,https://media.formula1.com/d_driver_fallback_image.png/content/dam/fom-website/drivers/L/LOGSAR01_Logan_Sargeant/logsar01.png.transform/1col/image.png,USA,9534,1238
3,D RICCIARDO,Daniel RICCIARDO,RIC,RB,6692FF,Daniel,Ricciardo,https://media.formula1.com/d_driver_fallback_image.png/content/dam/fom-website/drivers/D/DANRIC01_Daniel_Ricciardo/danric01.png.transform/1col/image.png,AUS,9534,1238
4,L NORRIS,Lando NORRIS,NOR,McLaren,FF8000,Lando,Norris,https://media.formula1.com/d_driver_fallback_image.png/content/dam/fom-website/drivers/L/LANNOR01_Lando_Norris/lannor01.png.transform/1col/image.png,GBR,9534,1238
10,P GASLY,Pierre GASLY,GAS,Alpine,0093CC,Pierre,Gasly,https://media.formula1.com/d_driver_fallback_image.png/content/dam/fom-website/drivers/P/PIEGAS01_Pierre_Gasly/piegas01.png.transform/1col/image.png,FRA,9534,1238
11,S PEREZ,Sergio PEREZ,PER,Red Bull Racing,3671C6,Sergio,Perez,https://media.formula1.com/d_driver_fallback_image.png/content/dam/fom-website/drivers/S/SERPER01_Sergio_Perez/serper01.png.transform/1col/image.png,MEX,9534,1238
14,F ALONSO,Fernando ALONSO,ALO,Aston Martin,229971,Fernando,Alonso,https://media.formula1.com/d_driver_fallback_image.png/content/dam/fom-website/drivers/F/FERALO01_Fernando_Alonso/feralo01.png.transform/1col/image.png,ESP,9534,1238
16,C LECLERC,Charles LECLERC,LEC,Ferrari,E80020,Charles,Leclerc,https://media.formula1.com/d_driver_fallback_image.png/content/dam/fom-website/drivers/C/CHALEC01_Charles_Leclerc/chalec01.png.transform/1col/image.png,MON,9534,1238
18,L STROLL,Lance STROLL,STR,Aston Martin,229971,Lance,Stroll,https://media.formula1.com/d_driver_fallback_image.png/content/dam/fom-website/drivers/L/LANSTR01_Lance_Stroll/lanstr01.png.transform/1col/image.png,CAN,9534,1238
20,K MAGNUSSEN,Kevin MAGNUSSEN,MAG,Haas F1 Team,B6BABD,Kevin,Magnussen,https://media.formula1.com/d_driver_fallback_image.png/content/dam/fom-website/drivers/K/KEVMAG01_Kevin_Magnussen/kevmag01.png.transform/1col/image.png,DEN,9534,1238
22,Y TSUNODA,Yuki TSUNODA,TSU,RB,6692FF,Yuki,Tsunoda,https://media.formula1.com/d_driver_fallback_image.png/content/dam/fom-website/drivers/Y/YUKTSU01_Yuki_Tsunoda/yuktsu01.png.transform/1col/image.png,JPN,9534,1238
23,A ALBON,Alexander ALBON,ALB,Williams,64C4FF,Alexander,Albon,https://media.formula1.com/d_driver_fallback_image.png/content/dam/fom-website/drivers/A/ALEALB01_Alexander_Albon/alealb01.png.transform/1col/image.png,THA,9534,1238
24,G ZHOU,ZHOU Guanyu,ZHO,Kick Sauber,52E252,Guanyu,Zhou,https://media.formula1.com/d_driver_fallback_image.png/content/dam/fom-website/drivers/G/GUAZHO01_Guanyu_Zhou/guazho01.png.transform/1col/image.png,CHN,9534,1238
27,N HULKENBERG,Nico HULKENBERG,HUL,Haas F1 Team,B6BABD,Nico,Hulkenberg,https://media.formula1.com/d_driver_fallback_image.png/content/dam/fom-website/drivers/N/NICHUL01_Nico_Hulkenberg/nichul01.png.transform/1col/image.png,GER,9534,1238
31,E OCON,Esteban OCON,OCO,Alpine,0093CC,Esteban,Ocon,https://media.formula1.com/d_driver_fallback_image.png/content/dam/fom-website/drivers/E/ESTOCO01_Esteban_Ocon/estoco01.png.transform/1col/image.png,FRA,9534,1238
44,L HAMILTON,Lewis HAMILTON,HAM,Mercedes,27F4D2,Lewis,Hamilton,https://media.formula1.com/d_driver_fallback_image.png/content/dam/fom-website/drivers/L/LEWHAM01_Lewis_Hamilton/lewham01.png.transform/1col/image.png,GBR,9534,1238
55,C SAINZ,Carlos SAINZ,SAI,Ferrari,E80020,Carlos,Sainz,https://media.formula1.com/d_driver_fallback_image.png/content/dam/fom-website/drivers/C/CARSAI01_Carlos_Sainz/carsai01.png.transform/1col/image.png,ESP,9534,1238
63,G RUSSELL,George RUSSELL,RUS,Mercedes,27F4D2,George,Russell,https://media.formula1.com/d_driver_fallback_image.png/content/dam/fom-website/drivers/G/GEORUS01_George_Russell/georus01.png.transform/1col/image.png,GBR,9534,1238
77,V BOTTAS,Valtteri BOTTAS,BOT,Kick Sauber,52E252,Valtteri,Bottas,https://media.formula1.com/d_driver_fallback_image.png/content/dam/fom-website/drivers/V/VALBOT01_Valtteri_Bottas/valbot01.png.transform/1col/image.png,FIN,9534,1238
81,O PIASTRI,Oscar PIASTRI,PIA,McLaren,FF8000,Oscar,Piastri,https://media.formula1.com/d_driver_fallback_image.png/content/dam/fom-website/drivers/O/OSCPIA01_Oscar_Piastri/oscpia01.png.transform/1col/image.png,AUS,9534,1238
1,M VERSTAPPEN,Max VERSTAPPEN,VER,Red Bull Racing,3671C6,Max,Verstappen,https://media.formula1.com/d_driver_fallback_image.png/content/dam/fom-website/drivers/M/MAXVER01_Max_Verstappen/maxver01.png.transform/1col/image.png,NED,9535,1238
2,L SARGEANT,Logan SARGEANT,SAR,Williams,64C4FF,Logan,Sargeant,https://media.formula1.com/d_driver_fallback_image.png/content/dam/fom-website/drivers/L/LOGSAR01_Logan_Sargeant/logsar01.png.transform/1col/image.png,USA,9535,1238
3,D RICCIARDO,Daniel RICCIARDO,RIC,RB,6692FF,Daniel,Ricciardo,https://media.formula1.com/d_driver_fallback_image.png/content/dam/fom-website/drivers/D/DANRIC01_Daniel_Ricciardo/danric01.png.transform/1col/image.png,AUS,9535,1238
4,L NORRIS,Lando NORRIS,NOR,McLaren,FF8000,Lando,Norris,https://media.formula1.com/d_driver_fallback_image.png/content/dam/fom-website/drivers/L/LANNOR01_Lando_Norris/lannor01.png.transform/1col/image.png,GBR,9535,1238
10,P GASLY,Pierre GASLY,GAS,Alpine,0093cc,Pierre,Gasly,https://media.formula1.com/d_driver_fallback_image.png/content/dam/fom-website/drivers/P/PIEGAS01_Pierre_Gasly/piegas01.png.transform/1col/image.png,FRA,9535,1238
11,S PEREZ,Sergio PEREZ,PER,Red Bull Racing,3671C6,Sergio,Perez,https://media.formula1.com/d_driver_fallback_image.png/content/dam/fom-website/drivers/S/SERPER01_Sergio_Perez/serper01.png.transform/1col/image.png,MEX,9535,1238
14,F ALONSO,Fernando ALONSO,ALO,Aston Martin,229971,Fernando,Alonso,https://media.formula1.com/d_driver_fallback_image.png/content/dam/fom-website/drivers/F/FERALO01_Fernando_Alonso/feralo01.png.transform/1col/image.png,ESP,9535,1238
16,C LECLERC,Charles LECLERC,LEC,Ferrari,E80020,Charles,Leclerc,https://media.formula1.com/d_driver_fallback_image.png/content/dam/fom-website/drivers/C/CHALEC01_Charles_Leclerc/chalec01.png.transform/1col/image.png,MON,9535,1238
18,L STROLL,Lance STROLL,STR,Aston Martin,229971,Lance,Stroll,https://media.formula1.com/d_driver_fallback_image.png/content/dam/fom-website/drivers/L/LANSTR01_Lance_Stroll/lanstr01.png.transform/1col/image.png,CAN,9535,1238
20,K MAGNUSSEN,Kevin MAGNUSSEN,MAG,Haas F1 Team,B6BABD,Kevin,Magnussen,https://media.formula1.com/d_driver_fallback_image.png/content/dam/fom-website/drivers/K/KEVMAG01_Kevin_Magnussen/kevmag01.png.transform/1col/image.png,DEN,9535,1238
22,Y TSUNODA,Yuki TSUNODA,TSU,RB,6692FF,Yuki,Tsunoda,https://media.formula1.com/d_driver_fallback_image.png/content/dam/fom-website/drivers/Y/YUKTSU01_Yuki_Tsunoda/yuktsu01.png.transform/1col/image.png,JPN,9535,1238
23,A ALBON,Alexander ALBON,ALB,Williams,64C4FF,Alexander,Albon,https://media.formula1.com/d_driver_fallback_image.png/content/dam/fom-website/drivers/A/ALEALB01_Alexander_Albon/alealb01.png.transform/1col/image.png,THA,9535,1238
24,G ZHOU,ZHOU Guanyu,ZHO,Kick Sauber,52E252,Guanyu,Zhou,https://media.formula1.com/d_driver_fallback_image.png/content/dam/fom-website/drivers/G/GUAZHO01_Guanyu_Zhou/guazho01.png.transform/1col/image.png,CHN,9535,1238
27,N HULKENBERG,Nico HULKENBERG,HUL,Haas F1 Team,B6BABD,Nico,Hulkenberg,https://media.formula1.com/d_driver_fallback_image.png/content/dam/fom-website/drivers/N/NICHUL01_Nico_Hulkenberg/nichul01.png.transform/1col/image.png,GER,9535,1238
31,E OCON,Esteban OCON,OCO,Alpine,0093cc,Esteban,Ocon,https://media.formula1.com/d_driver_fallback_image.png/content/dam/fom-website/drivers/E/ESTOCO01_Esteban_Ocon/estoco01.png.transform/1col/image.png,FRA,9535,1238
44,L HAMILTON,Lewis HAMILTON,HAM,Mercedes,27F4D2,Lewis,Hamilton,https://media.formula1.com/d_driver_fallback_image.png/content/dam/fom-website/drivers/L/LEWHAM01_Lewis_Hamilton/lewham01.png.transform/1col/image.png,GBR,9535,1238
55,C SAINZ,Carlos SAINZ,SAI,Ferrari,E80020,Carlos,Sainz,https://media.formula1.com/d_driver_fallback_image.png/content/dam/fom-website/drivers/C/CARSAI01_Carlos_Sainz/carsai01.png.transform/1col/image.png,ESP,9535,1238
63,G RUSSELL,George RUSSELL,RUS,Mercedes,27F4D2,George,Russell,https://media.formula1.com/d_driver_fallback_image.png/content/dam/fom-website/drivers/G/GEORUS01_George_Russell/georus01.png.transform/1col/image.png,GBR,9535,1238
77,V BOTTAS,Valtteri BOTTAS,BOT,Kick Sauber,52E252,Valtteri,Bottas,https://media.formula1.com/d_driver_fallback_image.png/content/dam/fom-website/drivers/V/VALBOT01_Valtteri_Bottas/valbot01.png.transform/1col/image.png,FIN,9535,1238
81,O PIASTRI,Oscar PIASTRI,PIA,McLaren,FF8000,Oscar,Piastri,https://media.formula1.com/d_driver_fallback_image.png/content/dam/fom-website/drivers/O/OSCPIA01_Oscar_Piastri/oscpia01.png.transform/1col/image.png,AUS,9535,1238
1,M VERSTAPPEN,Max VERSTAPPEN,VER,Red Bull Racing,3671C6,Max,Verstappen,https://media.formula1.com/d_driver_fallback_image.png/content/dam/fom-website/drivers/M/MAXVER01_Max_Verstappen/maxver01.png.transform/1col/image.png,NED,9539,1238
2,L SARGEANT,Logan SARGEANT,SAR,Williams,64C4FF,Logan,Sargeant,https://media.formula1.com/d_driver_fallback_image.png/content/dam/fom-website/drivers/L/LOGSAR01_Logan_Sargeant/logsar01.png.transform/1col/image.png,USA,9539,1238
3,D RICCIARDO,Daniel RICCIARDO,RIC,RB,6692FF,Daniel,Ricciardo,https://media.formula1.com/d_driver_fallback_image.png/content/dam/fom-website/drivers/D/DANRIC01_Daniel_Ricciardo/danric01.png.transform/1col/image.png,AUS,9539,1238
4,L NORRIS,Lando NORRIS,NOR,McLaren,FF8000,Lando,Norris,https://media.formula1.com/d_driver_fallback_image.png/content/dam/fom-website/drivers/L/LANNOR01_Lando_Norris/lannor01.png.transform/1col/image.png,GBR,9539,1238
10,P GASLY,Pierre GASLY,GAS,Alpine,0093CC,Pierre,Gasly,https://media.formula1.com/d_driver_fallback_image.png/content/dam/fom-website/drivers/P/PIEGAS01_Pierre_Gasly/piegas01.png.transform/1col/image.png,FRA,9539,1238
11,S PEREZ,Sergio PEREZ,PER,Red Bull Racing,3671C6,Sergio,Perez,https://media.formula1.com/d_driver_fallback_image.png/content/dam/fom-website/drivers/S/SERPER01_Sergio_Perez/serper01.png.transform/1col/image.png,MEX,9539,1238
14,F ALONSO,Fernando ALONSO,ALO,Aston Martin,229971,Fernando,Alonso,https://media.formula1.com/d_driver_fallback_image.png/content/dam/fom-website/drivers/F/FERALO01_Fernando_Alonso/feralo01.png.transform/1col/image.png,ESP,9539,1238
16,C LECLERC,Charles LECLERC,LEC,Ferrari,E80020,Charles,Leclerc,https://media.formula1.com/d_driver_fallback_image.png/content/dam/fom-website/drivers/C/CHALEC01_Charles_Leclerc/chalec01.png.transform/1col/image.png,MON,9539,1238
18,L STROLL,Lance STROLL,STR,Aston Martin,229971,Lance,Stroll,https://media.formula1.com/d_driver_fallback_image.png/content/dam/fom-website/drivers/L/LANSTR01_Lance_Stroll/lanstr01.png.transform/1col/image.png,CAN,9539,1238
20,K MAGNUSSEN,Kevin MAGNUSSEN,MAG,Haas F1 Team,B6BABD,Kevin,Magnussen,https://media.formula1.com/d_driver_fallback_image.png/content/dam/fom-website/drivers/K/KEVMAG01_Kevin_Magnussen/kevmag01.png.transform/1col/image.png,DEN,9539,1238
22,Y TSUNODA,Yuki TSUNODA,TSU,RB,6692FF,Yuki,Tsunoda,https://media.formula1.com/d_driver_fallback_image.png/content/dam/fom-website/drivers/Y/YUKTSU01_Yuki_Tsunoda/yuktsu01.png.transform/1col/image.png,JPN,9539,1238
23,A ALBON,Alexander ALBON,ALB,Williams,64C4FF,Alexander,Albon,https://media.formula1.com/d_driver_fallback_image.png/content/dam/fom-website/drivers/A/ALEALB01_Alexander_Albon/alealb01.png.transform/1col/image.png,THA,9539,1238
24,G ZHOU,ZHOU Guanyu,ZHO,Kick Sauber,52E252,Guanyu,Zhou,https://media.formula1.com/d_driver_fallback_image.png/content/dam/fom-website/drivers/G/GUAZHO01_Guanyu_Zhou/guazho01.png.transform/1col/image.png,CHN,9539,1238
27,N HULKENBERG,Nico HULKENBERG,HUL,Haas F1 Team,B6BABD,Nico,Hulkenberg,https://media.formula1.com/d_driver_fallback_image.png/content/dam/fom-website/drivers/N/NICHUL01_Nico_Hulkenberg/nichul01.png.transform/1col/image.png,GER,9539,1238
31,E OCON,Esteban OCON,OCO,Alpine,0093CC,Esteban,Ocon,https://media.formula1.com/d_driver_fallback_image.png/content/dam/fom-website/drivers/E/ESTOCO01_Esteban_Ocon/estoco01.png.transform/1col/image.png,FRA,9539,1238
44,L HAMILTON,Lewis HAMILTON,HAM,Mercedes,27F4D2,Lewis,Hamilton,https://media.formula1.com/d_driver_fallback_image.png/content/dam/fom-website/drivers/L/LEWHAM01_Lewis_Hamilton/lewham01.png.transform/1col/image.png,GBR,9539,1238
55,C SAINZ,Carlos SAINZ,SAI,Ferrari,E80020,Carlos,Sainz,https://media.formula1.com/d_driver_fallback_image.png/content/dam/fom-website/drivers/C/CARSAI01_Carlos_Sainz/carsai01.png.transform/1col/image.png,ESP,9539,1238
63,G RUSSELL,George RUSSELL,RUS,Mercedes,27F4D2,George,Russell,https://media.formula1.com/d_driver_fallback_image.png/content/dam/fom-website/drivers/G/GEORUS01_George_Russell/georus01.png.transform/1col/image.png,GBR,9539,1238
77,V BOTTAS,Valtteri BOTTAS,BOT,Kick Sauber,52E252,Valtteri,Bottas,https://media.formula1.com/d_driver_fallback_image.png/content/dam/fom-website/drivers/V/VALBOT01_Valtteri_Bottas/valbot01.png.transform/1col/image.png,FIN,9539,1238
81,O PIASTRI,Oscar PIASTRI,PIA,McLaren,FF8000,Oscar,Piastri,https://media.formula1.com/d_driver_fallback_image.png/content/dam/fom-website/drivers/O/OSCPIA01_Oscar_Piastri/oscpia01.png.transform/1col/image.png,AUS,9539,1238
1,M VERSTAPPEN,Max VERSTAPPEN,VER,Red Bull Racing,3671C6,Max,Verstappen,https://media.formula1.com/d_driver_fallback_image.png/content/dam/fom-website/drivers/M/MAXVER01_Max_Verstappen/maxver01.png.transform/1col/image.png,NED,9540,1239
2,L SARGEANT,Logan SARGEANT,SAR,Williams,64C4FF,Logan,Sargeant,https://media.formula1.com/d_driver_fallback_image.png/content/dam/fom-website/drivers/L/LOGSAR01_Logan_Sargeant/logsar01.png.transform/1col/image.png,USA,9540,1239
3,D RICCIARDO,Daniel RICCIARDO,RIC,RB,6692FF,Daniel,Ricciardo,https://media.formula1.com/d_driver_fallback_image.png/content/dam/fom-website/drivers/D/DANRIC01_Daniel_Ricciardo/danric01.png.transform/1col/image.png,AUS,9540,1239
4,L NORRIS,Lando NORRIS,NOR,McLaren,FF8000,Lando,Norris,https://media.formula1.com/d_driver_fallback_image.png/content/dam/fom-website/drivers/L/LANNOR01_Lando_Norris/lannor01.png.transform/1col/image.png,GBR,9540,1239
10,P GASLY,Pierre GASLY,GAS,Alpine,0093CC,Pierre,Gasly,https://media.formula1.com/d_driver_fallback_image.png/content/dam/fom-website/drivers/P/PIEGAS01_Pierre_Gasly/piegas01.png.transform/1col/image.png,FRA,9540,1239
11,S PEREZ,Sergio PEREZ,PER,Red Bull Racing,3671C6,Sergio,Perez,https://media.formula1.com/d_driver_fallback_image.png/content/dam/fom-website/drivers/S/SERPER01_Sergio_Perez/serper01.png.transform/1col/image.png,MEX,9540,1239
14,F ALONSO,Fernando ALONSO,ALO,Aston Martin,229971,Fernando,Alonso,https://media.formula1.com/d_driver_fallback_image.png/content/dam/fom-website/drivers/F/FERALO01_Fernando_Alonso/feralo01.png.transform/1col/image.png,ESP,9540,1239
16,C LECLERC,Charles LECLERC,LEC,Ferrari,E80020,Charles,Leclerc,https://media.formula1.com/d_driver_fallback_image.png/content/dam/fom-website/drivers/C/CHALEC01_Charles_Leclerc/chalec01.png.transform/1col/image.png,MON,9540,1239
18,L STROLL,Lance STROLL,STR,Aston Martin,229971,Lance,Stroll,https://media.formula1.com/d_driver_fallback_image.png/content/dam/fom-website/drivers/L/LANSTR01_Lance_Stroll/lanstr01.png.transform/1col/image.png,CAN,9540,1239
20,K MAGNUSSEN,Kevin MAGNUSSEN,MAG,Haas F1 Team,B6BABD,Kevin,Magnussen,https://media.formula1.com/d_driver_fallback_image.png/content/dam/fom-website/drivers/K/KEVMAG01_Kevin_Magnussen/kevmag01.png.transform/1col/image.png,DEN,9540,1239
22,Y TSUNODA,Yuki TSUNODA,TSU,RB,6692FF,Yuki,Tsunoda,https://media.formula1.com/d_driver_fallback_image.png/content/dam/fom-website/drivers/Y/YUKTSU01_Yuki_Tsunoda/yuktsu01.png.transform/1col/image.png,JPN,9540,1239
23,A ALBON,Alexander ALBON,ALB,Williams,64C4FF,Alexander,Albon,https://media.formula1.com/d_driver_fallback_image.png/content/dam/fom-website/drivers/A/ALEALB01_Alexander_Albon/alealb01.png.transform/1col/image.png,THA,9540,1239
24,G ZHOU,ZHOU Guanyu,ZHO,Kick Sauber,52E252,Guanyu,Zhou,https://media.formula1.com/d_driver_fallback_image.png/content/dam/fom-website/drivers/G/GUAZHO01_Guanyu_Zhou/guazho01.png.transform/1col/image.png,CHN,9540,1239
27,N HULKENBERG,Nico HULKENBERG,HUL,Haas F1 Team,B6BABD,Nico,Hulkenberg,https://media.formula1.com/d_driver_fallback_image.png/content/dam/fom-website/drivers/N/NICHUL01_Nico_Hulkenberg/nichul01.png.transform/1col/image.png,GER,9540,1239
31,E OCON,Esteban OCON,OCO,Alpine,0093CC,Esteban,Ocon,https://media.formula1.com/d_driver_fallback_image.png/content/dam/fom-website/drivers/E/ESTOCO01_Esteban_Ocon/estoco01.png.transform/1col/image.png,FRA,9540,1239
44,L HAMILTON,Lewis HAMILTON,HAM,Mercedes,27F4D2,Lewis,Hamilton,https://media.formula1.com/d_driver_fallback_image.png/content/dam/fom-website/drivers/L/LEWHAM01_Lewis_Hamilton/lewham01.png.transform/1col/image.png,GBR,9540,1239
55,C SAINZ,Carlos SAINZ,SAI,Ferrari,E80020,Carlos,Sainz,https://media.formula1.com/d_driver_fallback_image.png/content/dam/fom-website/drivers/C/CARSAI01_Carlos_Sainz/carsai01.png.transform/1col/image.png,ESP,9540,1239
63,G RUSSELL,George RUSSELL,RUS,Mercedes,27F4D2,George,Russell,https://media.formula1.com/d_driver_fallback_image.png/content/dam/fom-website/drivers/G/GEORUS01_George_Russell/georus01.png.transform/1col/image.png,GBR,9540,1239
77,V BOTTAS,Valtteri BOTTAS,BOT,Kick Sauber,52E252,Valtteri,Bottas,https://media.formula1.com/d_driver_fallback_image.png/content/dam/fom-website/drivers/V/VALBOT01_Valtteri_Bottas/valbot01.png.transform/1col/image.png,FIN,9540,1239
81,O PIASTRI,Oscar PIASTRI,PIA,McLaren,FF8000,Oscar,Piastri,https://media.formula1.com/d_driver_fallback_image.png/content/dam/fom-website/drivers/O/OSCPIA01_Oscar_Piastri/oscpia01.png.transform/1col/image.png,AUS,9540,1239
1,M VERSTAPPEN,Max VERSTAPPEN,VER,Red Bull Racing,3671C6,Max,Verstappen,https://media.formula1.com/d_driver_fallback_image.png/content/dam/fom-website/drivers/M/MAXVER01_Max_Verstappen/maxver01.png.transform/1col/image.png,NED,9541,1239
2,L SARGEANT,Logan SARGEANT,SAR,Williams,64C4FF,Logan,Sargeant,https://media.formula1.com/d_driver_fallback_image.png/content/dam/fom-website/drivers/L/LOGSAR01_Logan_Sargeant/logsar01.png.transform/1col/image.png,USA,9541,1239
3,D RICCIARDO,Daniel RICCIARDO,RIC,RB,6692FF,Daniel,Ricciardo,https://media.formula1.com/d_driver_fallback_image.png/content/dam/fom-website/drivers/D/DANRIC01_Daniel_Ricciardo/danric01.png.transform/1col/image.png,AUS,9541,1239
4,L NORRIS,Lando NORRIS,NOR,McLaren,FF8000,Lando,Norris,https://media.formula1.com/d_driver_fallback_image.png/content/dam/fom-website/drivers/L/LANNOR01_Lando_Norris/lannor01.png.transform/1col/image.png,GBR,9541,1239
10,P GASLY,Pierre GASLY,GAS,Alpine,0093CC,Pierre,Gasly,https://media.formula1.com/d_driver_fallback_image.png/content/dam/fom-website/drivers/P/PIEGAS01_Pierre_Gasly/piegas01.png.transform/1col/image.png,FRA,9541,1239
11,S PEREZ,Sergio PEREZ,PER,Red Bull Racing,3671C6,Sergio,Perez,https://media.formula1.com/d_driver_fallback_image.png/content/dam/fom-website/drivers/S/SERPER01_Sergio_Perez/serper01.png.transform/1col/image.png,MEX,9541,1239
14,F ALONSO,Fernando ALONSO,ALO,Aston Martin,229971,Fernando,Alonso,https://media.formula1.com/d_driver_fallback_image.png/content/dam/fom-website/drivers/F/FERALO01_Fernando_Alonso/feralo01.png.transform/1col/image.png,ESP,9541,1239
16,C LECLERC,Charles LECLERC,LEC,Ferrari,E80020,Charles,Leclerc,https://media.formula1.com/d_driver_fallback_image.png/content/dam/fom-website/drivers/C/CHALEC01_Charles_Leclerc/chalec01.png.transform/1col/image.png,MON,9541,1239
18,L STROLL,Lance STROLL,STR,Aston Martin,229971,Lance,Stroll,https://media.formula1.com/d_driver_fallback_image.png/content/dam/fom-website/drivers/L/LANSTR01_Lance_Stroll/lanstr01.png.transform/1col/image.png,CAN,9541,1239
20,K MAGNUSSEN,Kevin MAGNUSSEN,MAG,Haas F1 Team,B6BABD,Kevin,Magnussen,https://media.formula1.com/d_driver_fallback_image.png/content/dam/fom-website/drivers/K/KEVMAG01_Kevin_Magnussen/kevmag01.png.transform/1col/image.png,DEN,9541,1239
22,Y TSUNODA,Yuki TSUNODA,TSU,RB,6692FF,Yuki,Tsunoda,https://media.formula1.com/d_driver_fallback_image.png/content/dam/fom-website/drivers/Y/YUKTSU01_Yuki_Tsunoda/yuktsu01.png.transform/1col/image.png,JPN,9541,1239
23,A ALBON,Alexander ALBON,ALB,Williams,64C4FF,Alexander,Albon,https://media.formula1.com/d_driver_fallback_image.png/content/dam/fom-website/drivers/A/ALEALB01_Alexander_Albon/alealb01.png.transform/1col/image.png,THA,9541,1239
24,G ZHOU,ZHOU Guanyu,ZHO,Kick Sauber,52E252,Guanyu,Zhou,https://media.formula1.com/d_driver_fallback_image.png/content/dam/fom-website/drivers/G/GUAZHO01_Guanyu_Zhou/guazho01.png.transform/1col/image.png,CHN,9541,1239
27,N HULKENBERG,Nico HULKENBERG,HUL,Haas F1 Team,B6BABD,Nico,Hulkenberg,https://media.formula1.com/d_driver_fallback_image.png/content/dam/fom-website/drivers/N/NICHUL01_Nico_Hulkenberg/nichul01.png.transform/1col/image.png,GER,9541,1239
31,E OCON,Esteban OCON,OCO,Alpine,0093CC,Esteban,Ocon,https://media.formula1.com/d_driver_fallback_image.png/content/dam/fom-website/drivers/E/ESTOCO01_Esteban_Ocon/estoco01.png.transform/1col/image.png,FRA,9541,1239
44,L HAMILTON,Lewis HAMILTON,HAM,Mercedes,27F4D2,Lewis,Hamilton,https://media.formula1.com/d_driver_fallback_image.png/content/dam/fom-website/drivers/L/LEWHAM01_Lewis_Hamilton/lewham01.png.transform/1col/image.png,GBR,9541,1239
55,C SAINZ,Carlos SAINZ,SAI,Ferrari,E80020,Carlos,Sainz,https://media.formula1.com/d_driver_fallback_image.png/content/dam/fom-website/drivers/C/CARSAI01_Carlos_Sainz/carsai01.png.transform/1col/image.png,ESP,9541,1239
63,G RUSSELL,George RUSSELL,RUS,Mercedes,27F4D2,George,Russell,https://media.formula1.com/d_driver_fallback_image.png/content/dam/fom-website/drivers/G/GEORUS01_George_Russell/georus01.png.transform/1col/image.png,GBR,9541,1239
77,V BOTTAS,Valtteri BOTTAS,BOT,Kick Sauber,52E252,Valtteri,Bottas,https://media.formula1.com/d_driver_fallback_image.png/content/dam/fom-website/drivers/V/VALBOT01_Valtteri_Bottas/valbot01.png.transform/1col/image.png,FIN,9541,1239
81,O PIASTRI,Oscar PIASTRI,PIA,McLaren,FF8000,Oscar,Piastri,https://media.formula1.com/d_driver_fallback_image.png/content/dam/fom-website/drivers/O/OSCPIA01_Oscar_Piastri/oscpia01.png.transform/1col/image.png,AUS,9541,1239
1,M VERSTAPPEN,Max VERSTAPPEN,VER,Red Bull Racing,3671C6,Max,Verstappen,https://media.formula1.com/d_driver_fallback_image.png/content/dam/fom-website/drivers/M/MAXVER01_Max_Verstappen/maxver01.png.transform/1col/image.png,NED,9545,1239
2,L SARGEANT,Logan SARGEANT,SAR,Williams,64C4FF,Logan,Sargeant,https://media.formula1.com/d_driver_fallback_image.png/content/dam/fom-website/drivers/L/LOGSAR01_Logan_Sargeant/logsar01.png.transform/1col/image.png,USA,9545,1239
3,D RICCIARDO,Daniel RICCIARDO,RIC,RB,6692FF,Daniel,Ricciardo,https://media.formula1.com/d_driver_fallback_image.png/content/dam/fom-website/drivers/D/DANRIC01_Daniel_Ricciardo/danric01.png.transform/1col/image.png,AUS,9545,1239
4,L NORRIS,Lando NORRIS,NOR,McLaren,FF8000,Lando,Norris,https://media.formula1.com/d_driver_fallback_image.png/content/dam/fom-website/drivers/L/LANNOR01_Lando_Norris/lannor01.png.transform/1col/image.png,GBR,9545,1239
10,P GASLY,Pierre GASLY,GAS,Alpine,0093CC,Pierre,Gasly,https://media.formula1.com/d_driver_fallback_image.png/content/dam/fom-website/drivers/P/PIEGAS01_Pierre_Gasly/piegas01.png.transform/1col/image.png,FRA,9545,1239
11,S PEREZ,Sergio PEREZ,PER,Red Bull Racing,3671C6,Sergio,Perez,https://media.formula1.com/d_driver_fallback_image.png/content/dam/fom-website/drivers/S/SERPER01_Sergio_Perez/serper01.png.transform/1col/image.png,MEX,9545,1239
14,F ALONSO,Fernando ALONSO,ALO,Aston Martin,229971,Fernando,Alonso,https://media.formula1.com/d_driver_fallback_image.png/content/dam/fom-website/drivers/F/FERALO01_Fernando_Alonso/feralo01.png.transform/1col/image.png,ESP,9545,1239
16,C LECLERC,Charles LECLERC,LEC,Ferrari,E80020,Charles,Leclerc,https://media.formula1.com/d_driver_fallback_image.png/content/dam/fom-website/drivers/C/CHALEC01_Charles_Leclerc/chalec01.png.transform/1col/image.png,MON,9545,1239
18,L STROLL,Lance STROLL,STR,Aston Martin,229971,Lance,Stroll,https://media.formula1.com/d_driver_fallback_image.png/content/dam/fom-website/drivers/L/LANSTR01_Lance_Stroll/lanstr01.png.transform/1col/image.png,CAN,9545,1239
20,K MAGNUSSEN,Kevin MAGNUSSEN,MAG,Haas F1 Team,B6BABD,Kevin,Magnussen,https://media.formula1.com/d_driver_fallback_image.png/content/dam/fom-website/drivers/K/KEVMAG01_Kevin_Magnussen/kevmag01.png.transform/1col/image.png,DEN,9545,1239
22,Y TSUNODA,Yuki TSUNODA,TSU,RB,6692FF,Yuki,Tsunoda,https://media.formula1.com/d_driver_fallback_image.png/content/dam/fom-website/drivers/Y/YUKTSU01_Yuki_Tsunoda/yuktsu01.png.transform/1col/image.png,JPN,9545,1239
23,A ALBON,Alexander ALBON,ALB,Williams,64C4FF,Alexander,Albon,https://media.formula1.com/d_driver_fallback_image.png/content/dam/fom-website/drivers/A/ALEALB01_Alexander_Albon/alealb01.png.transform/1col/image.png,THA,9545,1239
24,G ZHOU,ZHOU Guanyu,ZHO,Kick Sauber,52E252,Guanyu,Zhou,https://media.formula1.com/d_driver_fallback_image.png/content/dam/fom-website/drivers/G/GUAZHO01_Guanyu_Zhou/guazho01.png.transform/1col/image.png,CHN,9545,1239
27,N HULKENBERG,Nico HULKENBERG,HUL,Haas F1 Team,B6BABD,Nico,Hulkenberg,https://media.formula1.com/d_driver_fallback_image.png/content/dam/fom-website/drivers/N/NICHUL01_Nico_Hulkenberg/nichul01.png.transform/1col/image.png,GER,9545,1239
31,E OCON,Esteban OCON,OCO,Alpine,0093CC,Esteban,Ocon,https://media.formula1.com/d_driver_fallback_image.png/content/dam/fom-website/drivers/E/ESTOCO01_Esteban_Ocon/estoco01.png.transform/1col/image.png,FRA,9545,1239
44,L HAMILTON,Lewis HAMILTON,HAM,Mercedes,27F4D2,Lewis,Hamilton,https://media.formula1.com/d_driver_fallback_image.png/content/dam/fom-website/drivers/L/LEWHAM01_Lewis_Hamilton/lewham01.png.transform/1col/image.png,GBR,9545,1239
55,C SAINZ,Carlos SAINZ,SAI,Ferrari,E80020,Carlos,Sainz,https://media.formula1.com/d_driver_fallback_image.png/content/dam/fom-website/drivers/C/CARSAI01_Carlos_Sainz/carsai01.png.transform/1col/image.png,ESP,9545,1239
63,G RUSSELL,George RUSSELL,RUS,Mercedes,27F4D2,George,Russell,https://media.formula1.com/d_driver_fallback_image.png/content/dam/fom-website/drivers/G/GEORUS01_George_Russell/georus01.png.transform/1col/image.png,GBR,9545,1239
77,V BOTTAS,Valtteri BOTTAS,BOT,Kick Sauber,52E252,Valtteri,Bottas,https://media.formula1.com/d_driver_fallback_image.png/content/dam/fom-website/drivers/V/VALBOT01_Valtteri_Bottas/valbot01.png.transform/1col/image.png,FIN,9545,1239
81,O PIASTRI,Oscar PIASTRI,PIA,McLaren,FF8000,Oscar,Piastri,https://media.formula1.com/d_driver_fallback_image.png/content/dam/fom-website/drivers/O/OSCPIA01_Oscar_Piastri/oscpia01.png.transform/1col/image.png,AUS,9545,1239
1,M VERSTAPPEN,Max VERSTAPPEN,VER,Red Bull Racing,3671C6,Max,Verstappen,https://media.formula1.com/d_driver_fallback_image.png/content/dam/fom-website/drivers/M/MAXVER01_Max_Verstappen/maxver01.png.transform/1col/image.png,NED,9549,1239
2,L SARGEANT,Logan SARGEANT,SAR,Williams,64C4FF,Logan,Sargeant,https://media.formula1.com/d_driver_fallback_image.png/content/dam/fom-website/drivers/L/LOGSAR01_Logan_Sargeant/logsar01.png.transform/1col/image.png,USA,9549,1239
3,D RICCIARDO,Daniel RICCIARDO,RIC,RB,6692FF,Daniel,Ricciardo,https://media.formula1.com/d_driver_fallback_image.png/content/dam/fom-website/drivers/D/DANRIC01_Daniel_Ricciardo/danric01.png.transform/1col/image.png,AUS,9549,1239
4,L NORRIS,Lando NORRIS,NOR,McLaren,FF8000,Lando,Norris,https://media.formula1.com/d_driver_fallback_image.png/content/dam/fom-website/drivers/L/LANNOR01_Lando_Norris/lannor01.png.transform/1col/image.png,GBR,9549,1239
10,P GASLY,Pierre GASLY,GAS,Alpine,0093CC,Pierre,Gasly,https://media.formula1.com/d_driver_fallback_image.png/content/dam/fom-website/drivers/P/PIEGAS01_Pierre_Gasly/piegas01.png.transform/1col/image.png,FRA,9549,1239
11,S PEREZ,Sergio PEREZ,PER,Red Bull Racing,3671C6,Sergio,Perez,https://media.formula1.com/d_driver_fallback_image.png/content/dam/fom-website/drivers/S/SERPER01_Sergio_Perez/serper01.png.transform/1col/image.png,MEX,9549,1239
14,F ALONSO,Fernando ALONSO,ALO,Aston Martin,229971,Fernando,Alonso,https://media.formula1.com/d_driver_fallback_image.png/content/dam/fom-website/drivers/F/FERALO01_Fernando_Alonso/feralo01.png.transform/1col/image.png,ESP,9549,1239
16,C LECLERC,Charles LECLERC,LEC,Ferrari,E80020,Charles,Leclerc,https://media.formula1.com/d_driver_fallback_image.png/content/dam/fom-website/drivers/C/CHALEC01_Charles_Leclerc/chalec01.png.transform/1col/image.png,MON,9549,1239
18,L STROLL,Lance STROLL,STR,Aston Martin,229971,Lance,Stroll,https://media.formula1.com/d_driver_fallback_image.png/content/dam/fom-website/drivers/L/LANSTR01_Lance_Stroll/lanstr01.png.transform/1col/image.png,CAN,9549,1239
20,K MAGNUSSEN,Kevin MAGNUSSEN,MAG,Haas F1 Team,B6BABD,Kevin,Magnussen,https://media.formula1.com/d_driver_fallback_image.png/content/dam/fom-website/drivers/K/KEVMAG01_Kevin_Magnussen/kevmag01.png.transform/1col/image.png,DEN,9549,1239
22,Y TSUNODA,Yuki TSUNODA,TSU,RB,6692FF,Yuki,Tsunoda,https://media.formula1.com/d_driver_fallback_image.png/content/dam/fom-website/drivers/Y/YUKTSU01_Yuki_Tsunoda/yuktsu01.png.transform/1col/image.png,JPN,9549,1239
23,A ALBON,Alexander ALBON,ALB,Williams,64C4FF,Alexander,Albon,https://media.formula1.com/d_driver_fallback_image.png/content/dam/fom-website/drivers/A/ALEALB01_Alexander_Albon/alealb01.png.transform/1col/image.png,THA,9549,1239
24,G ZHOU,ZHOU Guanyu,ZHO,Kick Sauber,52E252,Guanyu,Zhou,https://media.formula1.com/d_driver_fallback_image.png/content/dam/fom-website/drivers/G/GUAZHO01_Guanyu_Zhou/guazho01.png.transform/1col/image.png,CHN,9549,1239
27,N HULKENBERG,Nico HULKENBERG,HUL,Haas F1 Team,B6BABD,Nico,Hulkenberg,https://media.formula1.com/d_driver_fallback_image.png/content/dam/fom-website/drivers/N/NICHUL01_Nico_Hulkenberg/nichul01.png.transform/1col/image.png,GER,9549,1239
31,E OCON,Esteban OCON,OCO,Alpine,0093CC,Esteban,Ocon,https://media.formula1.com/d_driver_fallback_image.png/content/dam/fom-website/drivers/E/ESTOCO01_Esteban_Ocon/estoco01.png.transform/1col/image.png,FRA,9549,1239
44,L HAMILTON,Lewis HAMILTON,HAM,Mercedes,27F4D2,Lewis,Hamilton,https://media.formula1.com/d_driver_fallback_image.png/content/dam/fom-website/drivers/L/LEWHAM01_Lewis_Hamilton/lewham01.png.transform/1col/image.png,GBR,9549,1239
55,C SAINZ,Carlos SAINZ,SAI,Ferrari,E80020,Carlos,Sainz,https://media.formula1.com/d_driver_fallback_image.png/content/dam/fom-website/drivers/C/CARSAI01_Carlos_Sainz/carsai01.png.transform/1col/image.png,ESP,9549,1239
63,G RUSSELL,George RUSSELL,RUS,Mercedes,27F4D2,George,Russell,https://media.formula1.com/d_driver_fallback_image.png/content/dam/fom-website/drivers/G/GEORUS01_George_Russell/georus01.png.transform/1col/image.png,GBR,9549,1239
77,V BOTTAS,Valtteri BOTTAS,BOT,Kick Sauber,52E252,Valtteri,Bottas,https://media.formula1.com/d_driver_fallback_image.png/content/dam/fom-website/drivers/V/VALBOT01_Valtteri_Bottas/valbot01.png.transform/1col/image.png,FIN,9549,1239
81,O PIASTRI,Oscar PIASTRI,PIA,McLaren,FF8000,Oscar,Piastri,https://media.formula1.com/d_driver_fallback_image.png/content/dam/fom-website/drivers/O/OSCPIA01_Oscar_Piastri/oscpia01.png.transform/1col/image.png,AUS,9549,1239
1,M VERSTAPPEN,Max VERSTAPPEN,VER,Red Bull Racing,3671C6,Max,Verstappen,https://media.formula1.com/d_driver_fallback_image.png/content/dam/fom-website/drivers/M/MAXVER01_Max_Verstappen/maxver01.png.transform/1col/image.png,NED,9550,1239
2,L SARGEANT,Logan SARGEANT,SAR,Williams,64C4FF,Logan,Sargeant,https://media.formula1.com/d_driver_fallback_image.png/content/dam/fom-website/drivers/L/LOGSAR01_Logan_Sargeant/logsar01.png.transform/1col/image.png,USA,9550,1239
3,D RICCIARDO,Daniel RICCIARDO,RIC,RB,6692FF,Daniel,Ricciardo,https://media.formula1.com/d_driver_fallback_image.png/content/dam/fom-website/drivers/D/DANRIC01_Daniel_Ricciardo/danric01.png.transform/1col/image.png,AUS,9550,1239
4,L NORRIS,Lando NORRIS,NOR,McLaren,FF8000,Lando,Norris,https://media.formula1.com/d_driver_fallback_image.png/content/dam/fom-website/drivers/L/LANNOR01_Lando_Norris/lannor01.png.transform/1col/image.png,GBR,9550,1239
10,P GASLY,Pierre GASLY,GAS,Alpine,0093CC,Pierre,Gasly,https://media.formula1.com/d_driver_fallback_image.png/content/dam/fom-website/drivers/P/PIEGAS01_Pierre_Gasly/piegas01.png.transform/1col/image.png,FRA,9550,1239
11,S PEREZ,Sergio PEREZ,PER,Red Bull Racing,3671C6,Sergio,Perez,https://media.formula1.com/d_driver_fallback_image.png/content/dam/fom-website/drivers/S/SERPER01_Sergio_Perez/serper01.png.transform/1col/image.png,MEX,9550,1239
14,F ALONSO,Fernando ALONSO,ALO,Aston Martin,229971,Fernando,Alonso,https://media.formula1.com/d_driver_fallback_image.png/content/dam/fom-website/drivers/F/FERALO01_Fernando_Alonso/feralo01.png.transform/1col/image.png,ESP,9550,1239
16,C LECLERC,Charles LECLERC,LEC,Ferrari,E80020,Charles,Leclerc,https://media.formula1.com/d_driver_fallback_image.png/content/dam/fom-website/drivers/C/CHALEC01_Charles_Leclerc/chalec01.png.transform/1col/image.png,MON,9550,1239
18,L STROLL,Lance STROLL,STR,Aston Martin,229971,Lance,Stroll,https://media.formula1.com/d_driver_fallback_image.png/content/dam/fom-website/drivers/L/LANSTR01_Lance_Stroll/lanstr01.png.transform/1col/image.png,CAN,9550,1239
20,K MAGNUSSEN,Kevin MAGNUSSEN,MAG,Haas F1 Team,B6BABD,Kevin,Magnussen,https://media.formula1.com/d_driver_fallback_image.png/content/dam/fom-website/drivers/K/KEVMAG01_Kevin_Magnussen/kevmag01.png.transform/1col/image.png,DEN,9550,1239
22,Y TSUNODA,Yuki TSUNODA,TSU,RB,6692FF,Yuki,Tsunoda,https://media.formula1.com/d_driver_fallback_image.png/content/dam/fom-website/drivers/Y/YUKTSU01_Yuki_Tsunoda/yuktsu01.png.transform/1col/image.png,JPN,9550,1239
23,A ALBON,Alexander ALBON,ALB,Williams,64C4FF,Alexander,Albon,https://media.formula1.com/d_driver_fallback_image.png/content/dam/fom-website/drivers/A/ALEALB01_Alexander_Albon/alealb01.png.transform/1col/image.png,THA,9550,1239
24,G ZHOU,ZHOU Guanyu,ZHO,Kick Sauber,52E252,Guanyu,Zhou,https://media.formula1.com/d_driver_fallback_image.png/content/dam/fom-website/drivers/G/GUAZHO01_Guanyu_Zhou/guazho01.png.transform/1col/image.png,CHN,9550,1239
27,N HULKENBERG,Nico HULKENBERG,HUL,Haas F1 Team,B6BABD,Nico,Hulkenberg,https://media.formula1.com/d_driver_fallback_image.png/content/dam/fom-website/drivers/N/NICHUL01_Nico_Hulkenberg/nichul01.png.transform/1col/image.png,GER,9550,1239
31,E OCON,Esteban OCON,OCO,Alpine,0093CC,Esteban,Ocon,https://media.formula1.com/d_driver_fallback_image.png/content/dam/fom-website/drivers/E/ESTOCO01_Esteban_Ocon/estoco01.png.transform/1col/image.png,FRA,9550,1239
44,L HAMILTON,Lewis HAMILTON,HAM,Mercedes,27F4D2,Lewis,Hamilton,https://media.formula1.com/d_driver_fallback_image.png/content/dam/fom-website/drivers/L/LEWHAM01_Lewis_Hamilton/lewham01.png.transform/1col/image.png,GBR,9550,1239
55,C SAINZ,Carlos SAINZ,SAI,Ferrari,E80020,Carlos,Sainz,https://media.formula1.com/d_driver_fallback_image.png/content/dam/fom-website/drivers/C/CARSAI01_Carlos_Sainz/carsai01.png.transform/1col/image.png,ESP,9550,1239
63,G RUSSELL,George RUSSELL,RUS,Mercedes,27F4D2,George,Russell,https://media.formula1.com/d_driver_fallback_image.png/content/dam/fom-website/drivers/G/GEORUS01_George_Russell/georus01.png.transform/1col/image.png,GBR,9550,1239
77,V BOTTAS,Valtteri BOTTAS,BOT,Kick Sauber,52E252,Valtteri,Bottas,https://media.formula1.com/d_driver_fallback_image.png/content/dam/fom-website/drivers/V/VALBOT01_Valtteri_Bottas/valbot01.png.transform/1col/image.png,FIN,9550,1239
81,O PIASTRI,Oscar PIASTRI,PIA,McLaren,FF8000,Oscar,Piastri,https://media.formula1.com/d_driver_fallback_image.png/content/dam/fom-website/drivers/O/OSCPIA01_Oscar_Piastri/oscpia01.png.transform/1col/image.png,AUS,9550,1239
1,M VERSTAPPEN,Max VERSTAPPEN,VER,Red Bull Racing,3671C6,Max,Verstappen,https://media.formula1.com/d_driver_fallback_image.png/content/dam/fom-website/drivers/M/MAXVER01_Max_Verstappen/maxver01.png.transform/1col/image.png,NED,9551,1240
3,D RICCIARDO,Daniel RICCIARDO,RIC,RB,6692FF,Daniel,Ricciardo,https://media.formula1.com/d_driver_fallback_image.png/content/dam/fom-website/drivers/D/DANRIC01_Daniel_Ricciardo/danric01.png.transform/1col/image.png,AUS,9551,1240
4,L NORRIS,Lando NORRIS,NOR,McLaren,FF8000,Lando,Norris,https://media.formula1.com/d_driver_fallback_image.png/content/dam/fom-website/drivers/L/LANNOR01_Lando_Norris/lannor01.png.transform/1col/image.png,GBR,9551,1240
14,F ALONSO,Fernando ALONSO,ALO,Aston Martin,229971,Fernando,Alonso,https://media.formula1.com/d_driver_fallback_image.png/content/dam/fom-website/drivers/F/FERALO01_Fernando_Alonso/feralo01.png.transform/1col/image.png,ESP,9551,1240
16,C LECLERC,Charles LECLERC,LEC,Ferrari,E80020,Charles,Leclerc,https://media.formula1.com/d_driver_fallback_image.png/content/dam/fom-website/drivers/C/CHALEC01_Charles_Leclerc/chalec01.png.transform/1col/image.png,MON,9551,1240
18,L STROLL,Lance STROLL,STR,Aston Martin,229971,Lance,Stroll,https://media.formula1.com/d_driver_fallback_image.png/content/dam/fom-website/drivers/L/LANSTR01_Lance_Stroll/lanstr01.png.transform/1col/image.png,CAN,9551,1240
22,Y TSUNODA,Yuki TSUNODA,TSU,RB,6692FF,Yuki,Tsunoda,https://media.formula1.com/d_driver_fallback_image.png/content/dam/fom-website/drivers/Y/YUKTSU01_Yuki_Tsunoda/yuktsu01.png.transform/1col/image.png,JPN,9551,1240
23,A ALBON,Alexander ALBON,ALB,Williams,64C4FF,Alexander,Albon,https://media.formula1.com/d_driver_fallback_image.png/content/dam/fom-website/drivers/A/ALEALB01_Alexander_Albon/alealb01.png.transform/1col/image.png,THA,9551,1240
24,G ZHOU,ZHOU Guanyu,ZHO,Kick Sauber,52E252,Guanyu,Zhou,https://media.formula1.com/d_driver_fallback_image.png/content/dam/fom-website/drivers/G/GUAZHO01_Guanyu_Zhou/guazho01.png.transform/1col/image.png,CHN,9551,1240
27,N HULKENBERG,Nico HULKENBERG,HUL,Haas F1 Team,B6BABD,Nico,Hulkenberg,https://media.formula1.com/d_driver_fallback_image.png/content/dam/fom-website/drivers/N/NICHUL01_Nico_Hulkenberg/nichul01.png.transform/1col/image.png,GER,9551,1240
31,E OCON,Esteban OCON,OCO,Alpine,0093CC,Esteban,Ocon,https://media.formula1.com/d_driver_fallback_image.png/content/dam/fom-website/drivers/E/ESTOCO01_Esteban_Ocon/estoco01.png.transform/1col/image.png,FRA,9551,1240
37,I HADJAR,Isack HADJAR,HAD,Red Bull Racing,3671C6,Isack,Hadjar,,FRA,9551,1240
44,L HAMILTON,Lewis HAMILTON,HAM,Mercedes,27F4D2,Lewis,Hamilton,https://media.formula1.com/d_driver_fallback_image.png/content/dam/fom-website/drivers/L/LEWHAM01_Lewis_Hamilton/lewham01.png.transform/1col/image.png,GBR,9551,1240
45,F COLAPINTO,Franco COLAPINTO,COL,Williams,64C4FF,Franco,Colapinto,,ARG,9551,1240
50,O BEARMAN,Oliver BEARMAN,BEA,Haas F1 Team,B6BABD,Oliver,Bearman,,GBR,9551,1240
55,C SAINZ,Carlos SAINZ,SAI,Ferrari,E80020,Carlos,Sainz,https://media.formula1.com/d_driver_fallback_image.png/content/dam/fom-website/drivers/C/CARSAI01_Carlos_Sainz/carsai01.png.transform/1col/image.png,ESP,9551,1240
61,J DOOHAN,Jack DOOHAN,DOO,Alpine,0093CC,Jack,Doohan,,AUS,9551,1240
63,G RUSSELL,George RUSSELL,RUS,Mercedes,27F4D2,George,Russell,https://media.formula1.com/d_driver_fallback_image.png/content/dam/fom-website/drivers/G/GEORUS01_George_Russell/georus01.png.transform/1col/image.png,GBR,9551,1240
77,V BOTTAS,Valtteri BOTTAS,BOT,Kick Sauber,52E252,Valtteri,Bottas,https://media.formula1.com/d_driver_fallback_image.png/content/dam/fom-website/drivers/V/VALBOT01_Valtteri_Bottas/valbot01.png.transform/1col/image.png,FIN,9551,1240
81,O PIASTRI,Oscar PIASTRI,PIA,McLaren,FF8000,Oscar,Piastri,https://media.formula1.com/d_driver_fallback_image.png/content/dam/fom-website/drivers/O/OSCPIA01_Oscar_Piastri/oscpia01.png.transform/1col/image.png,AUS,9551,1240
1,M VERSTAPPEN,Max VERSTAPPEN,VER,Red Bull Racing,3671C6,Max,Verstappen,https://media.formula1.com/d_driver_fallback_image.png/content/dam/fom-website/drivers/M/MAXVER01_Max_Verstappen/maxver01.png.transform/1col/image.png,NED,9552,1240
2,L SARGEANT,Logan SARGEANT,SAR,Williams,64C4FF,Logan,Sargeant,https://media.formula1.com/d_driver_fallback_image.png/content/dam/fom-website/drivers/L/LOGSAR01_Logan_Sargeant/logsar01.png.transform/1col/image.png,USA,9552,1240
3,D RICCIARDO,Daniel RICCIARDO,RIC,RB,6692FF,Daniel,Ricciardo,https://media.formula1.com/d_driver_fallback_image.png/content/dam/fom-website/drivers/D/DANRIC01_Daniel_Ricciardo/danric01.png.transform/1col/image.png,AUS,9552,1240
4,L NORRIS,Lando NORRIS,NOR,McLaren,FF8000,Lando,Norris,https://media.formula1.com/d_driver_fallback_image.png/content/dam/fom-website/drivers/L/LANNOR01_Lando_Norris/lannor01.png.transform/1col/image.png,GBR,9552,1240
10,P GASLY,Pierre GASLY,GAS,Alpine,0093CC,Pierre,Gasly,https://media.formula1.com/d_driver_fallback_image.png/content/dam/fom-website/drivers/P/PIEGAS01_Pierre_Gasly/piegas01.png.transform/1col/image.png,FRA,9552,1240
11,S PEREZ,Sergio PEREZ,PER,Red Bull Racing,3671C6,Sergio,Perez,https://media.formula1.com/d_driver_fallback_image.png/content/dam/fom-website/drivers/S/SERPER01_Sergio_Perez/serper01.png.transform/1col/image.png,MEX,9552,1240
14,F ALONSO,Fernando ALONSO,ALO,Aston Martin,229971,Fernando,Alonso,https://media.formula1.com/d_driver_fallback_image.png/content/dam/fom-website/drivers/F/FERALO01_Fernando_Alonso/feralo01.png.transform/1col/image.png,ESP,9552,1240
16,C LECLERC,Charles LECLERC,LEC,Ferrari,E80020,Charles,Leclerc,https://media.formula1.com/d_driver_fallback_image.png/content/dam/fom-website/drivers/C/CHALEC01_Charles_Leclerc/chalec01.png.transform/1col/image.png,MON,9552,1240
18,L STROLL,Lance STROLL,STR,Aston Martin,229971,Lance,Stroll,https://media.formula1.com/d_driver_fallback_image.png/content/dam/fom-website/drivers/L/LANSTR01_Lance_Stroll/lanstr01.png.transform/1col/image.png,CAN,9552,1240
20,K MAGNUSSEN,Kevin MAGNUSSEN,MAG,Haas F1 Team,B6BABD,Kevin,Magnussen,https://media.formula1.com/d_driver_fallback_image.png/content/dam/fom-website/drivers/K/KEVMAG01_Kevin_Magnussen/kevmag01.png.transform/1col/image.png,DEN,9552,1240
22,Y TSUNODA,Yuki TSUNODA,TSU,RB,6692FF,Yuki,Tsunoda,https://media.formula1.com/d_driver_fallback_image.png/content/dam/fom-website/drivers/Y/YUKTSU01_Yuki_Tsunoda/yuktsu01.png.transform/1col/image.png,JPN,9552,1240
23,A ALBON,Alexander ALBON,ALB,Williams,64C4FF,Alexander,Albon,https://media.formula1.com/d_driver_fallback_image.png/content/dam/fom-website/drivers/A/ALEALB01_Alexander_Albon/alealb01.png.transform/1col/image.png,THA,9552,1240
24,G ZHOU,ZHOU Guanyu,ZHO,Kick Sauber,52E252,Guanyu,Zhou,https://media.formula1.com/d_driver_fallback_image.png/content/dam/fom-website/drivers/G/GUAZHO01_Guanyu_Zhou/guazho01.png.transform/1col/image.png,CHN,9552,1240
27,N HULKENBERG,Nico HULKENBERG,HUL,Haas F1 Team,B6BABD,Nico,Hulkenberg,https://media.formula1.com/d_driver_fallback_image.png/content/dam/fom-website/drivers/N/NICHUL01_Nico_Hulkenberg/nichul01.png.transform/1col/image.png,GER,9552,1240
31,E OCON,Esteban OCON,OCO,Alpine,0093CC,Esteban,Ocon,https://media.formula1.com/d_driver_fallback_image.png/content/dam/fom-website/drivers/E/ESTOCO01_Esteban_Ocon/estoco01.png.transform/1col/image.png,FRA,9552,1240
44,L HAMILTON,Lewis HAMILTON,HAM,Mercedes,27F4D2,Lewis,Hamilton,https://media.formula1.com/d_driver_fallback_image.png/content/dam/fom-website/drivers/L/LEWHAM01_Lewis_Hamilton/lewham01.png.transform/1col/image.png,GBR,9552,1240
55,C SAINZ,Carlos SAINZ,SAI,Ferrari,E80020,Carlos,Sainz,https://media.formula1.com/d_driver_fallback_image.png/content/dam/fom-website/drivers/C/CARSAI01_Carlos_Sainz/carsai01.png.transform/1col/image.png,ESP,9552,1240
63,G RUSSELL,George RUSSELL,RUS,Mercedes,27F4D2,George,Russell,https://media.formula1.com/d_driver_fallback_image.png/content/dam/fom-website/drivers/G/GEORUS01_George_Russell/georus01.png.transform/1col/image.png,GBR,9552,1240
77,V BOTTAS,Valtteri BOTTAS,BOT,Kick Sauber,52E252,Valtteri,Bottas,https://media.formula1.com/d_driver_fallback_image.png/content/dam/fom-website/drivers/V/VALBOT01_Valtteri_Bottas/valbot01.png.transform/1col/image.png,FIN,9552,1240
81,O PIASTRI,Oscar PIASTRI,PIA,McLaren,FF8000,Oscar,Piastri,https://media.formula1.com/d_driver_fallback_image.png/content/dam/fom-website/drivers/O/OSCPIA01_Oscar_Piastri/oscpia01.png.transform/1col/image.png,AUS,9552,1240
1,M VERSTAPPEN,Max VERSTAPPEN,VER,Red Bull Racing,3671C6,Max,Verstappen,https://media.formula1.com/d_driver_fallback_image.png/content/dam/fom-website/drivers/M/MAXVER01_Max_Verstappen/maxver01.png.transform/1col/image.png,NED,9553,1240
2,L SARGEANT,Logan SARGEANT,SAR,Williams,64C4FF,Logan,Sargeant,https://media.formula1.com/d_driver_fallback_image.png/content/dam/fom-website/drivers/L/LOGSAR01_Logan_Sargeant/logsar01.png.transform/1col/image.png,USA,9553,1240
3,D RICCIARDO,Daniel RICCIARDO,RIC,RB,6692FF,Daniel,Ricciardo,https://media.formula1.com/d_driver_fallback_image.png/content/dam/fom-website/drivers/D/DANRIC01_Daniel_Ricciardo/danric01.png.transform/1col/image.png,AUS,9553,1240
4,L NORRIS,Lando NORRIS,NOR,McLaren,FF8000,Lando,Norris,https://media.formula1.com/d_driver_fallback_image.png/content/dam/fom-website/drivers/L/LANNOR01_Lando_Norris/lannor01.png.transform/1col/image.png,GBR,9553,1240
10,P GASLY,Pierre GASLY,GAS,Alpine,0093CC,Pierre,Gasly,https://media.formula1.com/d_driver_fallback_image.png/content/dam/fom-website/drivers/P/PIEGAS01_Pierre_Gasly/piegas01.png.transform/1col/image.png,FRA,9553,1240
11,S PEREZ,Sergio PEREZ,PER,Red Bull Racing,3671C6,Sergio,Perez,https://media.formula1.com/d_driver_fallback_image.png/content/dam/fom-website/drivers/S/SERPER01_Sergio_Perez/serper01.png.transform/1col/image.png,MEX,9553,1240
14,F ALONSO,Fernando ALONSO,ALO,Aston Martin,229971,Fernando,Alonso,https://media.formula1.com/d_driver_fallback_image.png/content/dam/fom-website/drivers/F/FERALO01_Fernando_Alonso/feralo01.png.transform/1col/image.png,ESP,9553,1240
16,C LECLERC,Charles LECLERC,LEC,Ferrari,E80020,Charles,Leclerc,https://media.formula1.com/d_driver_fallback_image.png/content/dam/fom-website/drivers/C/CHALEC01_Charles_Leclerc/chalec01.png.transform/1col/image.png,MON,9553,1240
18,L STROLL,Lance STROLL,STR,Aston Martin,229971,Lance,Stroll,https://media.formula1.com/d_driver_fallback_image.png/content/dam/fom-website/drivers/L/LANSTR01_Lance_Stroll/lanstr01.png.transform/1col/image.png,CAN,9553,1240
20,K MAGNUSSEN,Kevin MAGNUSSEN,MAG,Haas F1 Team,B6BABD,Kevin,Magnussen,https://media.formula1.com/d_driver_fallback_image.png/content/dam/fom-website/drivers/K/KEVMAG01_Kevin_Magnussen/kevmag01.png.transform/1col/image.png,DEN,9553,1240
22,Y TSUNODA,Yuki TSUNODA,TSU,RB,6692FF,Yuki,Tsunoda,https://media.formula1.com/d_driver_fallback_image.png/content/dam/fom-website/drivers/Y/YUKTSU01_Yuki_Tsunoda/yuktsu01.png.transform/1col/image.png,JPN,9553,1240
23,A ALBON,Alexander ALBON,ALB,Williams,64C4FF,Alexander,Albon,https://media.formula1.com/d_driver_fallback_image.png/content/dam/fom-website/drivers/A/ALEALB01_Alexander_Albon/alealb01.png.transform/1col/image.png,THA,9553,1240
24,G ZHOU,ZHOU Guanyu,ZHO,Kick Sauber,52E252,Guanyu,Zhou,https://media.formula1.com/d_driver_fallback_image.png/content/dam/fom-website/drivers/G/GUAZHO01_Guanyu_Zhou/guazho01.png.transform/1col/image.png,CHN,9553,1240
27,N HULKENBERG,Nico HULKENBERG,HUL,Haas F1 Team,B6BABD,Nico,Hulkenberg,https://media.formula1.com/d_driver_fallback_image.png/content/dam/fom-website/drivers/N/NICHUL01_Nico_Hulkenberg/nichul01.png.transform/1col/image.png,GER,9553,1240
31,E OCON,Esteban OCON,OCO,Alpine,0093CC,Esteban,Ocon,https://media.formula1.com/d_driver_fallback_image.png/content/dam/fom-website/drivers/E/ESTOCO01_Esteban_Ocon/estoco01.png.transform/1col/image.png,FRA,9553,1240
44,L HAMILTON,Lewis HAMILTON,HAM,Mercedes,27F4D2,Lewis,Hamilton,https://media.formula1.com/d_driver_fallback_image.png/content/dam/fom-website/drivers/L/LEWHAM01_Lewis_Hamilton/lewham01.png.transform/1col/image.png,GBR,9553,1240
55,C SAINZ,Carlos SAINZ,SAI,Ferrari,E80020,Carlos,Sainz,https://media.formula1.com/d_driver_fallback_image.png/content/dam/fom-website/drivers/C/CARSAI01_Carlos_Sainz/carsai01.png.transform/1col/image.png,ESP,9553,1240
63,G RUSSELL,George RUSSELL,RUS,Mercedes,27F4D2,George,Russell,https://media.formula1.com/d_driver_fallback_image.png/content/dam/fom-website/drivers/G/GEORUS01_George_Russell/georus01.png.transform/1col/image.png,GBR,9553,1240
77,V BOTTAS,Valtteri BOTTAS,BOT,Kick Sauber,52E252,Valtteri,Bottas,https://media.formula1.com/d_driver_fallback_image.png/content/dam/fom-website/drivers/V/VALBOT01_Valtteri_Bottas/valbot01.png.transform/1col/image.png,FIN,9553,1240
81,O PIASTRI,Oscar PIASTRI,PIA,McLaren,FF8000,Oscar,Piastri,https://media.formula1.com/d_driver_fallback_image.png/content/dam/fom-website/drivers/O/OSCPIA01_Oscar_Piastri/oscpia01.png.transform/1col/image.png,AUS,9553,1240
1,M VERSTAPPEN,Max VERSTAPPEN,VER,Red Bull Racing,3671C6,Max,Verstappen,https://media.formula1.com/d_driver_fallback_image.png/content/dam/fom-website/drivers/M/MAXVER01_Max_Verstappen/maxver01.png.transform/1col/image.png,NED,9554,1240
2,L SARGEANT,Logan SARGEANT,SAR,Williams,64C4FF,Logan,Sargeant,https://media.formula1.com/d_driver_fallback_image.png/content/dam/fom-website/drivers/L/LOGSAR01_Logan_Sargeant/logsar01.png.transform/1col/image.png,USA,9554,1240
3,D RICCIARDO,Daniel RICCIARDO,RIC,RB,6692FF,Daniel,Ricciardo,https://media.formula1.com/d_driver_fallback_image.png/content/dam/fom-website/drivers/D/DANRIC01_Daniel_Ricciardo/danric01.png.transform/1col/image.png,AUS,9554,1240
4,L NORRIS,Lando NORRIS,NOR,McLaren,FF8000,Lando,Norris,https://media.formula1.com/d_driver_fallback_image.png/content/dam/fom-website/drivers/L/LANNOR01_Lando_Norris/lannor01.png.transform/1col/image.png,GBR,9554,1240
10,P GASLY,Pierre GASLY,GAS,Alpine,0093CC,Pierre,Gasly,https://media.formula1.com/d_driver_fallback_image.png/content/dam/fom-website/drivers/P/PIEGAS01_Pierre_Gasly/piegas01.png.transform/1col/image.png,FRA,9554,1240
11,S PEREZ,Sergio PEREZ,PER,Red Bull Racing,3671C6,Sergio,Perez,https://media.formula1.com/d_driver_fallback_image.png/content/dam/fom-website/drivers/S/SERPER01_Sergio_Perez/serper01.png.transform/1col/image.png,MEX,9554,1240
14,F ALONSO,Fernando ALONSO,ALO,Aston Martin,229971,Fernando,Alonso,https://media.formula1.com/d_driver_fallback_image.png/content/dam/fom-website/drivers/F/FERALO01_Fernando_Alonso/feralo01.png.transform/1col/image.png,ESP,9554,1240
16,C LECLERC,Charles LECLERC,LEC,Ferrari,E80020,Charles,Leclerc,https://media.formula1.com/d_driver_fallback_image.png/content/dam/fom-website/drivers/C/CHALEC01_Charles_Leclerc/chalec01.png.transform/1col/image.png,MON,9554,1240
18,L STROLL,Lance STROLL,STR,Aston Martin,229971,Lance,Stroll,https://media.formula1.com/d_driver_fallback_image.png/content/dam/fom-website/drivers/L/LANSTR01_Lance_Stroll/lanstr01.png.transform/1col/image.png,CAN,9554,1240
20,K MAGNUSSEN,Kevin MAGNUSSEN,MAG,Haas F1 Team,B6BABD,Kevin,Magnussen,https://media.formula1.com/d_driver_fallback_image.png/content/dam/fom-website/drivers/K/KEVMAG01_Kevin_Magnussen/kevmag01.png.transform/1col/image.png,DEN,9554,1240
22,Y TSUNODA,Yuki TSUNODA,TSU,RB,6692FF,Yuki,Tsunoda,https://media.formula1.com/d_driver_fallback_image.png/content/dam/fom-website/drivers/Y/YUKTSU01_Yuki_Tsunoda/yuktsu01.png.transform/1col/image.png,JPN,9554,1240
23,A ALBON,Alexander ALBON,ALB,Williams,64C4FF,Alexander,Albon,https://media.formula1.com/d_driver_fallback_image.png/content/dam/fom-website/drivers/A/ALEALB01_Alexander_Albon/alealb01.png.transform/1col/image.png,THA,9554,1240
24,G ZHOU,ZHOU Guanyu,ZHO,Kick Sauber,52E252,Guanyu,Zhou,https://media.formula1.com/d_driver_fallback_image.png/content/dam/fom-website/drivers/G/GUAZHO01_Guanyu_Zhou/guazho01.png.transform/1col/image.png,CHN,9554,1240
27,N HULKENBERG,Nico HULKENBERG,HUL,Haas F1 Team,B6BABD,Nico,Hulkenberg,https://media.formula1.com/d_driver_fallback_image.png/content/dam/fom-website/drivers/N/NICHUL01_Nico_Hulkenberg/nichul01.png.transform/1col/image.png,GER,9554,1240
31,E OCON,Esteban OCON,OCO,Alpine,0093CC,Esteban,Ocon,https://media.formula1.com/d_driver_fallback_image.png/content/dam/fom-website/drivers/E/ESTOCO01_Esteban_Ocon/estoco01.png.transform/1col/image.png,FRA,9554,1240
44,L HAMILTON,Lewis HAMILTON,HAM,Mercedes,27F4D2,Lewis,Hamilton,https://media.formula1.com/d_driver_fallback_image.png/content/dam/fom-website/drivers/L/LEWHAM01_Lewis_Hamilton/lewham01.png.transform/1col/image.png,GBR,9554,1240
55,C SAINZ,Carlos SAINZ,SAI,Ferrari,E80020,Carlos,Sainz,https://media.formula1.com/d_driver_fallback_image.png/content/dam/fom-website/drivers/C/CARSAI01_Carlos_Sainz/carsai01.png.transform/1col/image.png,ESP,9554,1240
63,G RUSSELL,George RUSSELL,RUS,Mercedes,27F4D2,George,Russell,https://media.formula1.com/d_driver_fallback_image.png/content/dam/fom-website/drivers/G/GEORUS01_George_Russell/georus01.png.transform/1col/image.png,GBR,9554,1240
77,V BOTTAS,Valtteri BOTTAS,BOT,Kick Sauber,52E252,Valtteri,Bottas,https://media.formula1.com/d_driver_fallback_image.png/content/dam/fom-website/drivers/V/VALBOT01_Valtteri_Bottas/valbot01.png.transform/1col/image.png,FIN,9554,1240
81,O PIASTRI,Oscar PIASTRI,PIA,McLaren,FF8000,Oscar,Piastri,https://media.formula1.com/d_driver_fallback_image.png/content/dam/fom-website/drivers/O/OSCPIA01_Oscar_Piastri/oscpia01.png.transform/1col/image.png,AUS,9554,1240
1,M VERSTAPPEN,Max VERSTAPPEN,VER,Red Bull Racing,3671C6,Max,Verstappen,https://media.formula1.com/d_driver_fallback_image.png/content/dam/fom-website/drivers/M/MAXVER01_Max_Verstappen/maxver01.png.transform/1col/image.png,NED,9558,1240
2,L SARGEANT,Logan SARGEANT,SAR,Williams,64C4FF,Logan,Sargeant,https://media.formula1.com/d_driver_fallback_image.png/content/dam/fom-website/drivers/L/LOGSAR01_Logan_Sargeant/logsar01.png.transform/1col/image.png,USA,9558,1240
3,D RICCIARDO,Daniel RICCIARDO,RIC,RB,6692FF,Daniel,Ricciardo,https://media.formula1.com/d_driver_fallback_image.png/content/dam/fom-website/drivers/D/DANRIC01_Daniel_Ricciardo/danric01.png.transform/1col/image.png,AUS,9558,1240
4,L NORRIS,Lando NORRIS,NOR,McLaren,FF8000,Lando,Norris,https://media.formula1.com/d_driver_fallback_image.png/content/dam/fom-website/drivers/L/LANNOR01_Lando_Norris/lannor01.png.transform/1col/image.png,GBR,9558,1240
10,P GASLY,Pierre GASLY,GAS,Alpine,0093CC,Pierre,Gasly,https://media.formula1.com/d_driver_fallback_image.png/content/dam/fom-website/drivers/P/PIEGAS01_Pierre_Gasly/piegas01.png.transform/1col/image.png,FRA,9558,1240
11,S PEREZ,Sergio PEREZ,PER,Red Bull Racing,3671C6,Sergio,Perez,https://media.formula1.com/d_driver_fallback_image.png/content/dam/fom-website/drivers/S/SERPER01_Sergio_Perez/serper01.png.transform/1col/image.png,MEX,9558,1240
14,F ALONSO,Fernando ALONSO,ALO,Aston Martin,229971,Fernando,Alonso,https://media.formula1.com/d_driver_fallback_image.png/content/dam/fom-website/drivers/F/FERALO01_Fernando_Alonso/feralo01.png.transform/1col/image.png,ESP,9558,1240
16,C LECLERC,Charles LECLERC,LEC,Ferrari,E80020,Charles,Leclerc,https://media.formula1.com/d_driver_fallback_image.png/content/dam/fom-website/drivers/C/CHALEC01_Charles_Leclerc/chalec01.png.transform/1col/image.png,MON,9558,1240
18,L STROLL,Lance STROLL,STR,Aston Martin,229971,Lance,Stroll,https://media.formula1.com/d_driver_fallback_image.png/content/dam/fom-website/drivers/L/LANSTR01_Lance_Stroll/lanstr01.png.transform/1col/image.png,CAN,9558,1240
20,K MAGNUSSEN,Kevin MAGNUSSEN,MAG,Haas F1 Team,B6BABD,Kevin,Magnussen,https://media.formula1.com/d_driver_fallback_image.png/content/dam/fom-website/drivers/K/KEVMAG01_Kevin_Magnussen/kevmag01.png.transform/1col/image.png,DEN,9558,1240
22,Y TSUNODA,Yuki TSUNODA,TSU,RB,6692FF,Yuki,Tsunoda,https://media.formula1.com/d_driver_fallback_image.png/content/dam/fom-website/drivers/Y/YUKTSU01_Yuki_Tsunoda/yuktsu01.png.transform/1col/image.png,JPN,9558,1240
23,A ALBON,Alexander ALBON,ALB,Williams,64C4FF,Alexander,Albon,https://media.formula1.com/d_driver_fallback_image.png/content/dam/fom-website/drivers/A/ALEALB01_Alexander_Albon/alealb01.png.transform/1col/image.png,THA,9558,1240
24,G ZHOU,ZHOU Guanyu,ZHO,Kick Sauber,52E252,Guanyu,Zhou,https://media.formula1.com/d_driver_fallback_image.png/content/dam/fom-website/drivers/G/GUAZHO01_Guanyu_Zhou/guazho01.png.transform/1col/image.png,CHN,9558,1240
27,N HULKENBERG,Nico HULKENBERG,HUL,Haas F1 Team,B6BABD,Nico,Hulkenberg,https://media.formula1.com/d_driver_fallback_image.png/content/dam/fom-website/drivers/N/NICHUL01_Nico_Hulkenberg/nichul01.png.transform/1col/image.png,GER,9558,1240
31,E OCON,Esteban OCON,OCO,Alpine,0093CC,Esteban,Ocon,https://media.formula1.com/d_driver_fallback_image.png/content/dam/fom-website/drivers/E/ESTOCO01_Esteban_Ocon/estoco01.png.transform/1col/image.png,FRA,9558,1240
44,L HAMILTON,Lewis HAMILTON,HAM,Mercedes,27F4D2,Lewis,Hamilton,https://media.formula1.com/d_driver_fallback_image.png/content/dam/fom-website/drivers/L/LEWHAM01_Lewis_Hamilton/lewham01.png.transform/1col/image.png,GBR,9558,1240
55,C SAINZ,Carlos SAINZ,SAI,Ferrari,E80020,Carlos,Sainz,https://media.formula1.com/d_driver_fallback_image.png/content/dam/fom-website/drivers/C/CARSAI01_Carlos_Sainz/carsai01.png.transform/1col/image.png,ESP,9558,1240
63,G RUSSELL,George RUSSELL,RUS,Mercedes,27F4D2,George,Russell,https://media.formula1.com/d_driver_fallback_image.png/content/dam/fom-website/drivers/G/GEORUS01_George_Russell/georus01.png.transform/1col/image.png,GBR,9558,1240
77,V BOTTAS,Valtteri BOTTAS,BOT,Kick Sauber,52E252,Valtteri,Bottas,https://media.formula1.com/d_driver_fallback_image.png/content/dam/fom-website/drivers/V/VALBOT01_Valtteri_Bottas/valbot01.png.transform/1col/image.png,FIN,9558,1240
81,O PIASTRI,Oscar PIASTRI,PIA,McLaren,FF8000,Oscar,Piastri,https://media.formula1.com/d_driver_fallback_image.png/content/dam/fom-website/drivers/O/OSCPIA01_Oscar_Piastri/oscpia01.png.transform/1col/image.png,AUS,9558,1240
1,M VERSTAPPEN,Max VERSTAPPEN,VER,Red Bull Racing,3671C6,Max,Verstappen,https://media.formula1.com/d_driver_fallback_image.png/content/dam/fom-website/drivers/M/MAXVER01_Max_Verstappen/maxver01.png.transform/1col/image.png,NED,9559,1241
2,L SARGEANT,Logan SARGEANT,SAR,Williams,64C4FF,Logan,Sargeant,https://media.formula1.com/d_driver_fallback_image.png/content/dam/fom-website/drivers/L/LOGSAR01_Logan_Sargeant/logsar01.png.transform/1col/image.png,USA,9559,1241
3,D RICCIARDO,Daniel RICCIARDO,RIC,RB,6692FF,Daniel,Ricciardo,https://media.formula1.com/d_driver_fallback_image.png/content/dam/fom-website/drivers/D/DANRIC01_Daniel_Ricciardo/danric01.png.transform/1col/image.png,AUS,9559,1241
4,L NORRIS,Lando NORRIS,NOR,McLaren,FF8000,Lando,Norris,https://media.formula1.com/d_driver_fallback_image.png/content/dam/fom-website/drivers/L/LANNOR01_Lando_Norris/lannor01.png.transform/1col/image.png,GBR,9559,1241
10,P GASLY,Pierre GASLY,GAS,Alpine,0093CC,Pierre,Gasly,https://media.formula1.com/d_driver_fallback_image.png/content/dam/fom-website/drivers/P/PIEGAS01_Pierre_Gasly/piegas01.png.transform/1col/image.png,FRA,9559,1241
11,S PEREZ,Sergio PEREZ,PER,Red Bull Racing,3671C6,Sergio,Perez,https://media.formula1.com/d_driver_fallback_image.png/content/dam/fom-website/drivers/S/SERPER01_Sergio_Perez/serper01.png.transform/1col/image.png,MEX,9559,1241
14,F ALONSO,Fernando ALONSO,ALO,Aston Martin,229971,Fernando,Alonso,https://media.formula1.com/d_driver_fallback_image.png/content/dam/fom-website/drivers/F/FERALO01_Fernando_Alonso/feralo01.png.transform/1col/image.png,ESP,9559,1241
16,C LECLERC,Charles LECLERC,LEC,Ferrari,E80020,Charles,Leclerc,https://media.formula1.com/d_driver_fallback_image.png/content/dam/fom-website/drivers/C/CHALEC01_Charles_Leclerc/chalec01.png.transform/1col/image.png,MON,9559,1241
18,L STROLL,Lance STROLL,STR,Aston Martin,229971,Lance,Stroll,https://media.formula1.com/d_driver_fallback_image.png/content/dam/fom-website/drivers/L/LANSTR01_Lance_Stroll/lanstr01.png.transform/1col/image.png,CAN,9559,1241
20,K MAGNUSSEN,Kevin MAGNUSSEN,MAG,Haas F1 Team,B6BABD,Kevin,Magnussen,https://media.formula1.com/d_driver_fallback_image.png/content/dam/fom-website/drivers/K/KEVMAG01_Kevin_Magnussen/kevmag01.png.transform/1col/image.png,DEN,9559,1241
22,Y TSUNODA,Yuki TSUNODA,TSU,RB,6692FF,Yuki,Tsunoda,https://media.formula1.com/d_driver_fallback_image.png/content/dam/fom-website/drivers/Y/YUKTSU01_Yuki_Tsunoda/yuktsu01.png.transform/1col/image.png,JPN,9559,1241
23,A ALBON,Alexander ALBON,ALB,Williams,64C4FF,Alexander,Albon,https://media.formula1.com/d_driver_fallback_image.png/content/dam/fom-website/drivers/A/ALEALB01_Alexander_Albon/alealb01.png.transform/1col/image.png,THA,9559,1241
24,G ZHOU,ZHOU Guanyu,ZHO,Kick Sauber,52E252,Guanyu,Zhou,https://media.formula1.com/d_driver_fallback_image.png/content/dam/fom-website/drivers/G/GUAZHO01_Guanyu_Zhou/guazho01.png.transform/1col/image.png,CHN,9559,1241
31,E OCON,Esteban OCON,OCO,Alpine,0093CC,Esteban,Ocon,https://media.formula1.com/d_driver_fallback_image.png/content/dam/fom-website/drivers/E/ESTOCO01_Esteban_Ocon/estoco01.png.transform/1col/image.png,FRA,9559,1241
44,L HAMILTON,Lewis HAMILTON,HAM,Mercedes,27F4D2,Lewis,Hamilton,https://media.formula1.com/d_driver_fallback_image.png/content/dam/fom-website/drivers/L/LEWHAM01_Lewis_Hamilton/lewham01.png.transform/1col/image.png,GBR,9559,1241
50,O BEARMAN,Oliver BEARMAN,BEA,Haas F1 Team,B6BABD,Oliver,Bearman,,GBR,9559,1241
55,C SAINZ,Carlos SAINZ,SAI,Ferrari,E80020,Carlos,Sainz,https://media.formula1.com/d_driver_fallback_image.png/content/dam/fom-website/drivers/C/CARSAI01_Carlos_Sainz/carsai01.png.transform/1col/image.png,ESP,9559,1241
63,G RUSSELL,George RUSSELL,RUS,Mercedes,27F4D2,George,Russell,https://media.formula1.com/d_driver_fallback_image.png/content/dam/fom-website/drivers/G/GEORUS01_George_Russell/georus01.png.transform/1col/image.png,GBR,9559,1241
77,V BOTTAS,Valtteri BOTTAS,BOT,Kick Sauber,52E252,Valtteri,Bottas,https://media.formula1.com/d_driver_fallback_image.png/content/dam/fom-website/drivers/V/VALBOT01_Valtteri_Bottas/valbot01.png.transform/1col/image.png,FIN,9559,1241
81,O PIASTRI,Oscar PIASTRI,PIA,McLaren,FF8000,Oscar,Piastri,https://media.formula1.com/d_driver_fallback_image.png/content/dam/fom-website/drivers/O/OSCPIA01_Oscar_Piastri/oscpia01.png.transform/1col/image.png,AUS,9559,1241
1,M VERSTAPPEN,Max VERSTAPPEN,VER,Red Bull Racing,3671C6,Max,Verstappen,https://media.formula1.com/d_driver_fallback_image.png/content/dam/fom-website/drivers/M/MAXVER01_Max_Verstappen/maxver01.png.transform/1col/image.png,NED,9560,1241
2,L SARGEANT,Logan SARGEANT,SAR,Williams,64C4FF,Logan,Sargeant,https://media.formula1.com/d_driver_fallback_image.png/content/dam/fom-website/drivers/L/LOGSAR01_Logan_Sargeant/logsar01.png.transform/1col/image.png,USA,9560,1241
3,D RICCIARDO,Daniel RICCIARDO,RIC,RB,6692FF,Daniel,Ricciardo,https://media.formula1.com/d_driver_fallback_image.png/content/dam/fom-website/drivers/D/DANRIC01_Daniel_Ricciardo/danric01.png.transform/1col/image.png,AUS,9560,1241
4,L NORRIS,Lando NORRIS,NOR,McLaren,FF8000,Lando,Norris,https://media.formula1.com/d_driver_fallback_image.png/content/dam/fom-website/drivers/L/LANNOR01_Lando_Norris/lannor01.png.transform/1col/image.png,GBR,9560,1241
10,P GASLY,Pierre GASLY,GAS,Alpine,0093CC,Pierre,Gasly,https://media.formula1.com/d_driver_fallback_image.png/content/dam/fom-website/drivers/P/PIEGAS01_Pierre_Gasly/piegas01.png.transform/1col/image.png,FRA,9560,1241
11,S PEREZ,Sergio PEREZ,PER,Red Bull Racing,3671C6,Sergio,Perez,https://media.formula1.com/d_driver_fallback_image.png/content/dam/fom-website/drivers/S/SERPER01_Sergio_Perez/serper01.png.transform/1col/image.png,MEX,9560,1241
14,F ALONSO,Fernando ALONSO,ALO,Aston Martin,229971,Fernando,Alonso,https://media.formula1.com/d_driver_fallback_image.png/content/dam/fom-website/drivers/F/FERALO01_Fernando_Alonso/feralo01.png.transform/1col/image.png,ESP,9560,1241
16,C LECLERC,Charles LECLERC,LEC,Ferrari,E80020,Charles,Leclerc,https://media.formula1.com/d_driver_fallback_image.png/content/dam/fom-website/drivers/C/CHALEC01_Charles_Leclerc/chalec01.png.transform/1col/image.png,MON,9560,1241
18,L STROLL,Lance STROLL,STR,Aston Martin,229971,Lance,Stroll,https://media.formula1.com/d_driver_fallback_image.png/content/dam/fom-website/drivers/L/LANSTR01_Lance_Stroll/lanstr01.png.transform/1col/image.png,CAN,9560,1241
20,K MAGNUSSEN,Kevin MAGNUSSEN,MAG,Haas F1 Team,B6BABD,Kevin,Magnussen,https://media.formula1.com/d_driver_fallback_image.png/content/dam/fom-website/drivers/K/KEVMAG01_Kevin_Magnussen/kevmag01.png.transform/1col/image.png,DEN,9560,1241
22,Y TSUNODA,Yuki TSUNODA,TSU,RB,6692FF,Yuki,Tsunoda,https://media.formula1.com/d_driver_fallback_image.png/content/dam/fom-website/drivers/Y/YUKTSU01_Yuki_Tsunoda/yuktsu01.png.transform/1col/image.png,JPN,9560,1241
23,A ALBON,Alexander ALBON,ALB,Williams,64C4FF,Alexander,Albon,https://media.formula1.com/d_driver_fallback_image.png/content/dam/fom-website/drivers/A/ALEALB01_Alexander_Albon/alealb01.png.transform/1col/image.png,THA,9560,1241
24,G ZHOU,ZHOU Guanyu,ZHO,Kick Sauber,52E252,Guanyu,Zhou,https://media.formula1.com/d_driver_fallback_image.png/content/dam/fom-website/drivers/G/GUAZHO01_Guanyu_Zhou/guazho01.png.transform/1col/image.png,CHN,9560,1241
27,N HULKENBERG,Nico HULKENBERG,HUL,Haas F1 Team,B6BABD,Nico,Hulkenberg,https://media.formula1.com/d_driver_fallback_image.png/content/dam/fom-website/drivers/N/NICHUL01_Nico_Hulkenberg/nichul01.png.transform/1col/image.png,GER,9560,1241
31,E OCON,Esteban OCON,OCO,Alpine,0093CC,Esteban,Ocon,https://media.formula1.com/d_driver_fallback_image.png/content/dam/fom-website/drivers/E/ESTOCO01_Esteban_Ocon/estoco01.png.transform/1col/image.png,FRA,9560,1241
44,L HAMILTON,Lewis HAMILTON,HAM,Mercedes,27F4D2,Lewis,Hamilton,https://media.formula1.com/d_driver_fallback_image.png/content/dam/fom-website/drivers/L/LEWHAM01_Lewis_Hamilton/lewham01.png.transform/1col/image.png,GBR,9560,1241
55,C SAINZ,Carlos SAINZ,SAI,Ferrari,E80020,Carlos,Sainz,https://media.formula1.com/d_driver_fallback_image.png/content/dam/fom-website/drivers/C/CARSAI01_Carlos_Sainz/carsai01.png.transform/1col/image.png,ESP,9560,1241
63,G RUSSELL,George RUSSELL,RUS,Mercedes,27F4D2,George,Russell,https://media.formula1.com/d_driver_fallback_image.png/content/dam/fom-website/drivers/G/GEORUS01_George_Russell/georus01.png.transform/1col/image.png,GBR,9560,1241
77,V BOTTAS,Valtteri BOTTAS,BOT,Kick Sauber,52E252,Valtteri,Bottas,https://media.formula1.com/d_driver_fallback_image.png/content/dam/fom-website/drivers/V/VALBOT01_Valtteri_Bottas/valbot01.png.transform/1col/image.png,FIN,9560,1241
81,O PIASTRI,Oscar PIASTRI,PIA,McLaren,FF8000,Oscar,Piastri,https://media.formula1.com/d_driver_fallback_image.png/content/dam/fom-website/drivers/O/OSCPIA01_Oscar_Piastri/oscpia01.png.transform/1col/image.png,AUS,9560,1241
1,M VERSTAPPEN,Max VERSTAPPEN,VER,Red Bull Racing,3671C6,Max,Verstappen,https://media.formula1.com/d_driver_fallback_image.png/content/dam/fom-website/drivers/M/MAXVER01_Max_Verstappen/maxver01.png.transform/1col/image.png,NED,9561,1241
2,L SARGEANT,Logan SARGEANT,SAR,Williams,64C4FF,Logan,Sargeant,https://media.formula1.com/d_driver_fallback_image.png/content/dam/fom-website/drivers/L/LOGSAR01_Logan_Sargeant/logsar01.png.transform/1col/image.png,USA,9561,1241
3,D RICCIARDO,Daniel RICCIARDO,RIC,RB,6692FF,Daniel,Ricciardo,https://media.formula1.com/d_driver_fallback_image.png/content/dam/fom-website/drivers/D/DANRIC01_Daniel_Ricciardo/danric01.png.transform/1col/image.png,AUS,9561,1241
4,L NORRIS,Lando NORRIS,NOR,McLaren,FF8000,Lando,Norris,https://media.formula1.com/d_driver_fallback_image.png/content/dam/fom-website/drivers/L/LANNOR01_Lando_Norris/lannor01.png.transform/1col/image.png,GBR,9561,1241
10,P GASLY,Pierre GASLY,GAS,Alpine,0093CC,Pierre,Gasly,https://media.formula1.com/d_driver_fallback_image.png/content/dam/fom-website/drivers/P/PIEGAS01_Pierre_Gasly/piegas01.png.transform/1col/image.png,FRA,9561,1241
11,S PEREZ,Sergio PEREZ,PER,Red Bull Racing,3671C6,Sergio,Perez,https://media.formula1.com/d_driver_fallback_image.png/content/dam/fom-website/drivers/S/SERPER01_Sergio_Perez/serper01.png.transform/1col/image.png,MEX,9561,1241
14,F ALONSO,Fernando ALONSO,ALO,Aston Martin,229971,Fernando,Alonso,https://media.formula1.com/d_driver_fallback_image.png/content/dam/fom-website/drivers/F/FERALO01_Fernando_Alonso/feralo01.png.transform/1col/image.png,ESP,9561,1241
16,C LECLERC,Charles LECLERC,LEC,Ferrari,E80020,Charles,Leclerc,https://media.formula1.com/d_driver_fallback_image.png/content/dam/fom-website/drivers/C/CHALEC01_Charles_Leclerc/chalec01.png.transform/1col/image.png,MON,9561,1241
18,L STROLL,Lance STROLL,STR,Aston Martin,229971,Lance,Stroll,https://media.formula1.com/d_driver_fallback_image.png/content/dam/fom-website/drivers/L/LANSTR01_Lance_Stroll/lanstr01.png.transform/1col/image.png,CAN,9561,1241
20,K MAGNUSSEN,Kevin MAGNUSSEN,MAG,Haas F1 Team,B6BABD,Kevin,Magnussen,https://media.formula1.com/d_driver_fallback_image.png/content/dam/fom-website/drivers/K/KEVMAG01_Kevin_Magnussen/kevmag01.png.transform/1col/image.png,DEN,9561,1241
22,Y TSUNODA,Yuki TSUNODA,TSU,RB,6692FF,Yuki,Tsunoda,https://media.formula1.com/d_driver_fallback_image.png/content/dam/fom-website/drivers/Y/YUKTSU01_Yuki_Tsunoda/yuktsu01.png.transform/1col/image.png,JPN,9561,1241
23,A ALBON,Alexander ALBON,ALB,Williams,64C4FF,Alexander,Albon,https://media.formula1.com/d_driver_fallback_image.png/content/dam/fom-website/drivers/A/ALEALB01_Alexander_Albon/alealb01.png.transform/1col/image.png,THA,9561,1241
24,G ZHOU,ZHOU Guanyu,ZHO,Kick Sauber,52E252,Guanyu,Zhou,https://media.formula1.com/d_driver_fallback_image.png/content/dam/fom-website/drivers/G/GUAZHO01_Guanyu_Zhou/guazho01.png.transform/1col/image.png,CHN,9561,1241
27,N HULKENBERG,Nico HULKENBERG,HUL,Haas F1 Team,B6BABD,Nico,Hulkenberg,https://media.formula1.com/d_driver_fallback_image.png/content/dam/fom-website/drivers/N/NICHUL01_Nico_Hulkenberg/nichul01.png.transform/1col/image.png,GER,9561,1241
31,E OCON,Esteban OCON,OCO,Alpine,0093CC,Esteban,Ocon,https://media.formula1.com/d_driver_fallback_image.png/content/dam/fom-website/drivers/E/ESTOCO01_Esteban_Ocon/estoco01.png.transform/1col/image.png,FRA,9561,1241
44,L HAMILTON,Lewis HAMILTON,HAM,Mercedes,27F4D2,Lewis,Hamilton,https://media.formula1.com/d_driver_fallback_image.png/content/dam/fom-website/drivers/L/LEWHAM01_Lewis_Hamilton/lewham01.png.transform/1col/image.png,GBR,9561,1241
55,C SAINZ,Carlos SAINZ,SAI,Ferrari,E80020,Carlos,Sainz,https://media.formula1.com/d_driver_fallback_image.png/content/dam/fom-website/drivers/C/CARSAI01_Carlos_Sainz/carsai01.png.transform/1col/image.png,ESP,9561,1241
63,G RUSSELL,George RUSSELL,RUS,Mercedes,27F4D2,George,Russell,https://media.formula1.com/d_driver_fallback_image.png/content/dam/fom-website/drivers/G/GEORUS01_George_Russell/georus01.png.transform/1col/image.png,GBR,9561,1241
77,V BOTTAS,Valtteri BOTTAS,BOT,Kick Sauber,52E252,Valtteri,Bottas,https://media.formula1.com/d_driver_fallback_image.png/content/dam/fom-website/drivers/V/VALBOT01_Valtteri_Bottas/valbot01.png.transform/1col/image.png,FIN,9561,1241
81,O PIASTRI,Oscar PIASTRI,PIA,McLaren,FF8000,Oscar,Piastri,https://media.formula1.com/d_driver_fallback_image.png/content/dam/fom-website/drivers/O/OSCPIA01_Oscar_Piastri/oscpia01.png.transform/1col/image.png,AUS,9561,1241
1,M VERSTAPPEN,Max VERSTAPPEN,VER,Red Bull Racing,3671C6,Max,Verstappen,https://media.formula1.com/d_driver_fallback_image.png/content/dam/fom-website/drivers/M/MAXVER01_Max_Verstappen/maxver01.png.transform/1col/image.png,NED,9562,1241
2,L SARGEANT,Logan SARGEANT,SAR,Williams,64C4FF,Logan,Sargeant,https://media.formula1.com/d_driver_fallback_image.png/content/dam/fom-website/drivers/L/LOGSAR01_Logan_Sargeant/logsar01.png.transform/1col/image.png,USA,9562,1241
3,D RICCIARDO,Daniel RICCIARDO,RIC,RB,6692FF,Daniel,Ricciardo,https://media.formula1.com/d_driver_fallback_image.png/content/dam/fom-website/drivers/D/DANRIC01_Daniel_Ricciardo/danric01.png.transform/1col/image.png,AUS,9562,1241
4,L NORRIS,Lando NORRIS,NOR,McLaren,FF8000,Lando,Norris,https://media.formula1.com/d_driver_fallback_image.png/content/dam/fom-website/drivers/L/LANNOR01_Lando_Norris/lannor01.png.transform/1col/image.png,GBR,9562,1241
10,P GASLY,Pierre GASLY,GAS,Alpine,0093CC,Pierre,Gasly,https://media.formula1.com/d_driver_fallback_image.png/content/dam/fom-website/drivers/P/PIEGAS01_Pierre_Gasly/piegas01.png.transform/1col/image.png,FRA,9562,1241
11,S PEREZ,Sergio PEREZ,PER,Red Bull Racing,3671C6,Sergio,Perez,https://media.formula1.com/d_driver_fallback_image.png/content/dam/fom-website/drivers/S/SERPER01_Sergio_Perez/serper01.png.transform/1col/image.png,MEX,9562,1241
14,F ALONSO,Fernando ALONSO,ALO,Aston Martin,229971,Fernando,Alonso,https://media.formula1.com/d_driver_fallback_image.png/content/dam/fom-website/drivers/F/FERALO01_Fernando_Alonso/feralo01.png.transform/1col/image.png,ESP,9562,1241
16,C LECLERC,Charles LECLERC,LEC,Ferrari,E80020,Charles,Leclerc,https://media.formula1.com/d_driver_fallback_image.png/content/dam/fom-website/drivers/C/CHALEC01_Charles_Leclerc/chalec01.png.transform/1col/image.png,MON,9562,1241
18,L STROLL,Lance STROLL,STR,Aston Martin,229971,Lance,Stroll,https://media.formula1.com/d_driver_fallback_image.png/content/dam/fom-website/drivers/L/LANSTR01_Lance_Stroll/lanstr01.png.transform/1col/image.png,CAN,9562,1241
20,K MAGNUSSEN,Kevin MAGNUSSEN,MAG,Haas F1 Team,B6BABD,Kevin,Magnussen,https://media.formula1.com/d_driver_fallback_image.png/content/dam/fom-website/drivers/K/KEVMAG01_Kevin_Magnussen/kevmag01.png.transform/1col/image.png,DEN,9562,1241
22,Y TSUNODA,Yuki TSUNODA,TSU,RB,6692FF,Yuki,Tsunoda,https://media.formula1.com/d_driver_fallback_image.png/content/dam/fom-website/drivers/Y/YUKTSU01_Yuki_Tsunoda/yuktsu01.png.transform/1col/image.png,JPN,9562,1241
23,A ALBON,Alexander ALBON,ALB,Williams,64C4FF,Alexander,Albon,https://media.formula1.com/d_driver_fallback_image.png/content/dam/fom-website/drivers/A/ALEALB01_Alexander_Albon/alealb01.png.transform/1col/image.png,THA,9562,1241
24,G ZHOU,ZHOU Guanyu,ZHO,Kick Sauber,52E252,Guanyu,Zhou,https://media.formula1.com/d_driver_fallback_image.png/content/dam/fom-website/drivers/G/GUAZHO01_Guanyu_Zhou/guazho01.png.transform/1col/image.png,CHN,9562,1241
27,N HULKENBERG,Nico HULKENBERG,HUL,Haas F1 Team,B6BABD,Nico,Hulkenberg,https://media.formula1.com/d_driver_fallback_image.png/content/dam/fom-website/drivers/N/NICHUL01_Nico_Hulkenberg/nichul01.png.transform/1col/image.png,GER,9562,1241
31,E OCON,Esteban OCON,OCO,Alpine,0093CC,Esteban,Ocon,https://media.formula1.com/d_driver_fallback_image.png/content/dam/fom-website/drivers/E/ESTOCO01_Esteban_Ocon/estoco01.png.transform/1col/image.png,FRA,9562,1241
44,L HAMILTON,Lewis HAMILTON,HAM,Mercedes,27F4D2,Lewis,Hamilton,https://media.formula1.com/d_driver_fallback_image.png/content/dam/fom-website/drivers/L/LEWHAM01_Lewis_Hamilton/lewham01.png.transform/1col/image.png,GBR,9562,1241
55,C SAINZ,Carlos SAINZ,SAI,Ferrari,E80020,Carlos,Sainz,https://media.formula1.com/d_driver_fallback_image.png/content/dam/fom-website/drivers/C/CARSAI01_Carlos_Sainz/carsai01.png.transform/1col/image.png,ESP,9562,1241
63,G RUSSELL,George RUSSELL,RUS,Mercedes,27F4D2,George,Russell,https://media.formula1.com/d_driver_fallback_image.png/content/dam/fom-website/drivers/G/GEORUS01_George_Russell/georus01.png.transform/1col/image.png,GBR,9562,1241
77,V BOTTAS,Valtteri BOTTAS,BOT,Kick Sauber,52E252,Valtteri,Bottas,https://media.formula1.com/d_driver_fallback_image.png/content/dam/fom-website/drivers/V/VALBOT01_Valtteri_Bottas/valbot01.png.transform/1col/image.png,FIN,9562,1241
81,O PIASTRI,Oscar PIASTRI,PIA,McLaren,FF8000,Oscar,Piastri,https://media.formula1.com/d_driver_fallback_image.png/content/dam/fom-website/drivers/O/OSCPIA01_Oscar_Piastri/oscpia01.png.transform/1col/image.png,AUS,9562,1241
1,M VERSTAPPEN,Max VERSTAPPEN,VER,Red Bull Racing,3671C6,Max,Verstappen,https://media.formula1.com/d_driver_fallback_image.png/content/dam/fom-website/drivers/M/MAXVER01_Max_Verstappen/maxver01.png.transform/1col/image.png,NED,9566,1241
2,L SARGEANT,Logan SARGEANT,SAR,Williams,64C4FF,Logan,Sargeant,https://media.formula1.com/d_driver_fallback_image.png/content/dam/fom-website/drivers/L/LOGSAR01_Logan_Sargeant/logsar01.png.transform/1col/image.png,USA,9566,1241
3,D RICCIARDO,Daniel RICCIARDO,RIC,RB,6692FF,Daniel,Ricciardo,https://media.formula1.com/d_driver_fallback_image.png/content/dam/fom-website/drivers/D/DANRIC01_Daniel_Ricciardo/danric01.png.transform/1col/image.png,AUS,9566,1241
4,L NORRIS,Lando NORRIS,NOR,McLaren,FF8000,Lando,Norris,https://media.formula1.com/d_driver_fallback_image.png/content/dam/fom-website/drivers/L/LANNOR01_Lando_Norris/lannor01.png.transform/1col/image.png,GBR,9566,1241
10,P GASLY,Pierre GASLY,GAS,Alpine,0093CC,Pierre,Gasly,https://media.formula1.com/d_driver_fallback_image.png/content/dam/fom-website/drivers/P/PIEGAS01_Pierre_Gasly/piegas01.png.transform/1col/image.png,FRA,9566,1241
11,S PEREZ,Sergio PEREZ,PER,Red Bull Racing,3671C6,Sergio,Perez,https://media.formula1.com/d_driver_fallback_image.png/content/dam/fom-website/drivers/S/SERPER01_Sergio_Perez/serper01.png.transform/1col/image.png,MEX,9566,1241
14,F ALONSO,Fernando ALONSO,ALO,Aston Martin,229971,Fernando,Alonso,https://media.formula1.com/d_driver_fallback_image.png/content/dam/fom-website/drivers/F/FERALO01_Fernando_Alonso/feralo01.png.transform/1col/image.png,ESP,9566,1241
16,C LECLERC,Charles LECLERC,LEC,Ferrari,E80020,Charles,Leclerc,https://media.formula1.com/d_driver_fallback_image.png/content/dam/fom-website/drivers/C/CHALEC01_Charles_Leclerc/chalec01.png.transform/1col/image.png,MON,9566,1241
18,L STROLL,Lance STROLL,STR,Aston Martin,229971,Lance,Stroll,https://media.formula1.com/d_driver_fallback_image.png/content/dam/fom-website/drivers/L/LANSTR01_Lance_Stroll/lanstr01.png.transform/1col/image.png,CAN,9566,1241
20,K MAGNUSSEN,Kevin MAGNUSSEN,MAG,Haas F1 Team,B6BABD,Kevin,Magnussen,https://media.formula1.com/d_driver_fallback_image.png/content/dam/fom-website/drivers/K/KEVMAG01_Kevin_Magnussen/kevmag01.png.transform/1col/image.png,DEN,9566,1241
22,Y TSUNODA,Yuki TSUNODA,TSU,RB,6692FF,Yuki,Tsunoda,https://media.formula1.com/d_driver_fallback_image.png/content/dam/fom-website/drivers/Y/YUKTSU01_Yuki_Tsunoda/yuktsu01.png.transform/1col/image.png,JPN,9566,1241
23,A ALBON,Alexander ALBON,ALB,Williams,64C4FF,Alexander,Albon,https://media.formula1.com/d_driver_fallback_image.png/content/dam/fom-website/drivers/A/ALEALB01_Alexander_Albon/alealb01.png.transform/1col/image.png,THA,9566,1241
24,G ZHOU,ZHOU Guanyu,ZHO,Kick Sauber,52E252,Guanyu,Zhou,https://media.formula1.com/d_driver_fallback_image.png/content/dam/fom-website/drivers/G/GUAZHO01_Guanyu_Zhou/guazho01.png.transform/1col/image.png,CHN,9566,1241
27,N HULKENBERG,Nico HULKENBERG,HUL,Haas F1 Team,B6BABD,Nico,Hulkenberg,https://media.formula1.com/d_driver_fallback_image.png/content/dam/fom-website/drivers/N/NICHUL01_Nico_Hulkenberg/nichul01.png.transform/1col/image.png,GER,9566,1241
31,E OCON,Esteban OCON,OCO,Alpine,0093CC,Esteban,Ocon,https://media.formula1.com/d_driver_fallback_image.png/content/dam/fom-website/drivers/E/ESTOCO01_Esteban_Ocon/estoco01.png.transform/1col/image.png,FRA,9566,1241
44,L HAMILTON,Lewis HAMILTON,HAM,Mercedes,27F4D2,Lewis,Hamilton,https://media.formula1.com/d_driver_fallback_image.png/content/dam/fom-website/drivers/L/LEWHAM01_Lewis_Hamilton/lewham01.png.transform/1col/image.png,GBR,9566,1241
55,C SAINZ,Carlos SAINZ,SAI,Ferrari,E80020,Carlos,Sainz,https://media.formula1.com/d_driver_fallback_image.png/content/dam/fom-website/drivers/C/CARSAI01_Carlos_Sainz/carsai01.png.transform/1col/image.png,ESP,9566,1241
63,G RUSSELL,George RUSSELL,RUS,Mercedes,27F4D2,George,Russell,https://media.formula1.com/d_driver_fallback_image.png/content/dam/fom-website/drivers/G/GEORUS01_George_Russell/georus01.png.transform/1col/image.png,GBR,9566,1241
77,V BOTTAS,Valtteri BOTTAS,BOT,Kick Sauber,52E252,Valtteri,Bottas,https://media.formula1.com/d_driver_fallback_image.png/content/dam/fom-website/drivers/V/VALBOT01_Valtteri_Bottas/valbot01.png.transform/1col/image.png,FIN,9566,1241
81,O PIASTRI,Oscar PIASTRI,PIA,McLaren,FF8000,Oscar,Piastri,https://media.formula1.com/d_driver_fallback_image.png/content/dam/fom-website/drivers/O/OSCPIA01_Oscar_Piastri/oscpia01.png.transform/1col/image.png,AUS,9566,1241
1,M VERSTAPPEN,Max VERSTAPPEN,VER,Red Bull Racing,3671C6,Max,Verstappen,https://media.formula1.com/d_driver_fallback_image.png/content/dam/fom-website/drivers/M/MAXVER01_Max_Verstappen/maxver01.png.transform/1col/image.png,NED,9567,1242
2,L SARGEANT,Logan SARGEANT,SAR,Williams,64C4FF,Logan,Sargeant,https://media.formula1.com/d_driver_fallback_image.png/content/dam/fom-website/drivers/L/LOGSAR01_Logan_Sargeant/logsar01.png.transform/1col/image.png,USA,9567,1242
3,D RICCIARDO,Daniel RICCIARDO,RIC,RB,6692FF,Daniel,Ricciardo,https://media.formula1.com/d_driver_fallback_image.png/content/dam/fom-website/drivers/D/DANRIC01_Daniel_Ricciardo/danric01.png.transform/1col/image.png,AUS,9567,1242
4,L NORRIS,Lando NORRIS,NOR,McLaren,FF8000,Lando,Norris,https://media.formula1.com/d_driver_fallback_image.png/content/dam/fom-website/drivers/L/LANNOR01_Lando_Norris/lannor01.png.transform/1col/image.png,GBR,9567,1242
10,P GASLY,Pierre GASLY,GAS,Alpine,0093cc,Pierre,Gasly,https://media.formula1.com/d_driver_fallback_image.png/content/dam/fom-website/drivers/P/PIEGAS01_Pierre_Gasly/piegas01.png.transform/1col/image.png,FRA,9567,1242
11,S PEREZ,Sergio PEREZ,PER,Red Bull Racing,3671C6,Sergio,Perez,https://media.formula1.com/d_driver_fallback_image.png/content/dam/fom-website/drivers/S/SERPER01_Sergio_Perez/serper01.png.transform/1col/image.png,MEX,9567,1242
14,F ALONSO,Fernando ALONSO,ALO,Aston Martin,229971,Fernando,Alonso,https://media.formula1.com/d_driver_fallback_image.png/content/dam/fom-website/drivers/F/FERALO01_Fernando_Alonso/feralo01.png.transform/1col/image.png,ESP,9567,1242
16,C LECLERC,Charles LECLERC,LEC,Ferrari,E80020,Charles,Leclerc,https://media.formula1.com/d_driver_fallback_image.png/content/dam/fom-website/drivers/C/CHALEC01_Charles_Leclerc/chalec01.png.transform/1col/image.png,MON,9567,1242
18,L STROLL,Lance STROLL,STR,Aston Martin,229971,Lance,Stroll,https://media.formula1.com/d_driver_fallback_image.png/content/dam/fom-website/drivers/L/LANSTR01_Lance_Stroll/lanstr01.png.transform/1col/image.png,CAN,9567,1242
20,K MAGNUSSEN,Kevin MAGNUSSEN,MAG,Haas F1 Team,B6BABD,Kevin,Magnussen,https://media.formula1.com/d_driver_fallback_image.png/content/dam/fom-website/drivers/K/KEVMAG01_Kevin_Magnussen/kevmag01.png.transform/1col/image.png,DEN,9567,1242
22,Y TSUNODA,Yuki TSUNODA,TSU,RB,6692FF,Yuki,Tsunoda,https://media.formula1.com/d_driver_fallback_image.png/content/dam/fom-website/drivers/Y/YUKTSU01_Yuki_Tsunoda/yuktsu01.png.transform/1col/image.png,JPN,9567,1242
23,A ALBON,Alexander ALBON,ALB,Williams,64C4FF,Alexander,Albon,https://media.formula1.com/d_driver_fallback_image.png/content/dam/fom-website/drivers/A/ALEALB01_Alexander_Albon/alealb01.png.transform/1col/image.png,THA,9567,1242
24,G ZHOU,ZHOU Guanyu,ZHO,Kick Sauber,52E252,Guanyu,Zhou,https://media.formula1.com/d_driver_fallback_image.png/content/dam/fom-website/drivers/G/GUAZHO01_Guanyu_Zhou/guazho01.png.transform/1col/image.png,CHN,9567,1242
27,N HULKENBERG,Nico HULKENBERG,HUL,Haas F1 Team,B6BABD,Nico,Hulkenberg,https://media.formula1.com/d_driver_fallback_image.png/content/dam/fom-website/drivers/N/NICHUL01_Nico_Hulkenberg/nichul01.png.transform/1col/image.png,GER,9567,1242
31,E OCON,Esteban OCON,OCO,Alpine,0093cc,Esteban,Ocon,https://media.formula1.com/d_driver_fallback_image.png/content/dam/fom-website/drivers/E/ESTOCO01_Esteban_Ocon/estoco01.png.transform/1col/image.png,FRA,9567,1242
44,L HAMILTON,Lewis HAMILTON,HAM,Mercedes,27F4D2,Lewis,Hamilton,https://media.formula1.com/d_driver_fallback_image.png/content/dam/fom-website/drivers/L/LEWHAM01_Lewis_Hamilton/lewham01.png.transform/1col/image.png,GBR,9567,1242
55,C SAINZ,Carlos SAINZ,SAI,Ferrari,E80020,Carlos,Sainz,https://media.formula1.com/d_driver_fallback_image.png/content/dam/fom-website/drivers/C/CARSAI01_Carlos_Sainz/carsai01.png.transform/1col/image.png,ESP,9567,1242
63,G RUSSELL,George RUSSELL,RUS,Mercedes,27F4D2,George,Russell,https://media.formula1.com/d_driver_fallback_image.png/content/dam/fom-website/drivers/G/GEORUS01_George_Russell/georus01.png.transform/1col/image.png,GBR,9567,1242
77,V BOTTAS,Valtteri BOTTAS,BOT,Kick Sauber,52E252,Valtteri,Bottas,https://media.formula1.com/d_driver_fallback_image.png/content/dam/fom-website/drivers/V/VALBOT01_Valtteri_Bottas/valbot01.png.transform/1col/image.png,FIN,9567,1242
81,O PIASTRI,Oscar PIASTRI,PIA,McLaren,FF8000,Oscar,Piastri,https://media.formula1.com/d_driver_fallback_image.png/content/dam/fom-website/drivers/O/OSCPIA01_Oscar_Piastri/oscpia01.png.transform/1col/image.png,AUS,9567,1242
1,M VERSTAPPEN,Max VERSTAPPEN,VER,Red Bull Racing,3671C6,Max,Verstappen,https://media.formula1.com/d_driver_fallback_image.png/content/dam/fom-website/drivers/M/MAXVER01_Max_Verstappen/maxver01.png.transform/1col/image.png,NED,9568,1242
2,L SARGEANT,Logan SARGEANT,SAR,Williams,64C4FF,Logan,Sargeant,https://media.formula1.com/d_driver_fallback_image.png/content/dam/fom-website/drivers/L/LOGSAR01_Logan_Sargeant/logsar01.png.transform/1col/image.png,USA,9568,1242
3,D RICCIARDO,Daniel RICCIARDO,RIC,RB,6692FF,Daniel,Ricciardo,https://media.formula1.com/d_driver_fallback_image.png/content/dam/fom-website/drivers/D/DANRIC01_Daniel_Ricciardo/danric01.png.transform/1col/image.png,AUS,9568,1242
4,L NORRIS,Lando NORRIS,NOR,McLaren,FF8000,Lando,Norris,https://media.formula1.com/d_driver_fallback_image.png/content/dam/fom-website/drivers/L/LANNOR01_Lando_Norris/lannor01.png.transform/1col/image.png,GBR,9568,1242
10,P GASLY,Pierre GASLY,GAS,Alpine,0093CC,Pierre,Gasly,https://media.formula1.com/d_driver_fallback_image.png/content/dam/fom-website/drivers/P/PIEGAS01_Pierre_Gasly/piegas01.png.transform/1col/image.png,FRA,9568,1242
11,S PEREZ,Sergio PEREZ,PER,Red Bull Racing,3671C6,Sergio,Perez,https://media.formula1.com/d_driver_fallback_image.png/content/dam/fom-website/drivers/S/SERPER01_Sergio_Perez/serper01.png.transform/1col/image.png,MEX,9568,1242
14,F ALONSO,Fernando ALONSO,ALO,Aston Martin,229971,Fernando,Alonso,https://media.formula1.com/d_driver_fallback_image.png/content/dam/fom-website/drivers/F/FERALO01_Fernando_Alonso/feralo01.png.transform/1col/image.png,ESP,9568,1242
16,C LECLERC,Charles LECLERC,LEC,Ferrari,E80020,Charles,Leclerc,https://media.formula1.com/d_driver_fallback_image.png/content/dam/fom-website/drivers/C/CHALEC01_Charles_Leclerc/chalec01.png.transform/1col/image.png,MON,9568,1242
18,L STROLL,Lance STROLL,STR,Aston Martin,229971,Lance,Stroll,https://media.formula1.com/d_driver_fallback_image.png/content/dam/fom-website/drivers/L/LANSTR01_Lance_Stroll/lanstr01.png.transform/1col/image.png,CAN,9568,1242
20,K MAGNUSSEN,Kevin MAGNUSSEN,MAG,Haas F1 Team,B6BABD,Kevin,Magnussen,https://media.formula1.com/d_driver_fallback_image.png/content/dam/fom-website/drivers/K/KEVMAG01_Kevin_Magnussen/kevmag01.png.transform/1col/image.png,DEN,9568,1242
22,Y TSUNODA,Yuki TSUNODA,TSU,RB,6692FF,Yuki,Tsunoda,https://media.formula1.com/d_driver_fallback_image.png/content/dam/fom-website/drivers/Y/YUKTSU01_Yuki_Tsunoda/yuktsu01.png.transform/1col/image.png,JPN,9568,1242
23,A ALBON,Alexander ALBON,ALB,Williams,64C4FF,Alexander,Albon,https://media.formula1.com/d_driver_fallback_image.png/content/dam/fom-website/drivers/A/ALEALB01_Alexander_Albon/alealb01.png.transform/1col/image.png,THA,9568,1242
24,G ZHOU,ZHOU Guanyu,ZHO,Kick Sauber,52E252,Guanyu,Zhou,https://media.formula1.com/d_driver_fallback_image.png/content/dam/fom-website/drivers/G/GUAZHO01_Guanyu_Zhou/guazho01.png.transform/1col/image.png,CHN,9568,1242
27,N HULKENBERG,Nico HULKENBERG,HUL,Haas F1 Team,B6BABD,Nico,Hulkenberg,https://media.formula1.com/d_driver_fallback_image.png/content/dam/fom-website/drivers/N/NICHUL01_Nico_Hulkenberg/nichul01.png.transform/1col/image.png,GER,9568,1242
31,E OCON,Esteban OCON,OCO,Alpine,0093CC,Esteban,Ocon,https://media.formula1.com/d_driver_fallback_image.png/content/dam/fom-website/drivers/E/ESTOCO01_Esteban_Ocon/estoco01.png.transform/1col/image.png,FRA,9568,1242
44,L HAMILTON,Lewis HAMILTON,HAM,Mercedes,27F4D2,Lewis,Hamilton,https://media.formula1.com/d_driver_fallback_image.png/content/dam/fom-website/drivers/L/LEWHAM01_Lewis_Hamilton/lewham01.png.transform/1col/image.png,GBR,9568,1242
55,C SAINZ,Carlos SAINZ,SAI,Ferrari,E80020,Carlos,Sainz,https://media.formula1.com/d_driver_fallback_image.png/content/dam/fom-website/drivers/C/CARSAI01_Carlos_Sainz/carsai01.png.transform/1col/image.png,ESP,9568,1242
63,G RUSSELL,George RUSSELL,RUS,Mercedes,27F4D2,George,Russell,https://media.formula1.com/d_driver_fallback_image.png/content/dam/fom-website/drivers/G/GEORUS01_George_Russell/georus01.png.transform/1col/image.png,GBR,9568,1242
77,V BOTTAS,Valtteri BOTTAS,BOT,Kick Sauber,52E252,Valtteri,Bottas,https://media.formula1.com/d_driver_fallback_image.png/content/dam/fom-website/drivers/V/VALBOT01_Valtteri_Bottas/valbot01.png.transform/1col/image.png,FIN,9568,1242
81,O PIASTRI,Oscar PIASTRI,PIA,McLaren,FF8000,Oscar,Piastri,https://media.formula1.com/d_driver_fallback_image.png/content/dam/fom-website/drivers/O/OSCPIA01_Oscar_Piastri/oscpia01.png.transform/1col/image.png,AUS,9568,1242
1,M VERSTAPPEN,Max VERSTAPPEN,VER,Red Bull Racing,3671C6,Max,Verstappen,https://media.formula1.com/d_driver_fallback_image.png/content/dam/fom-website/drivers/M/MAXVER01_Max_Verstappen/maxver01.png.transform/1col/image.png,NED,9569,1242
2,L SARGEANT,Logan SARGEANT,SAR,Williams,64C4FF,Logan,Sargeant,https://media.formula1.com/d_driver_fallback_image.png/content/dam/fom-website/drivers/L/LOGSAR01_Logan_Sargeant/logsar01.png.transform/1col/image.png,USA,9569,1242
3,D RICCIARDO,Daniel RICCIARDO,RIC,RB,6692FF,Daniel,Ricciardo,https://media.formula1.com/d_driver_fallback_image.png/content/dam/fom-website/drivers/D/DANRIC01_Daniel_Ricciardo/danric01.png.transform/1col/image.png,AUS,9569,1242
4,L NORRIS,Lando NORRIS,NOR,McLaren,FF8000,Lando,Norris,https://media.formula1.com/d_driver_fallback_image.png/content/dam/fom-website/drivers/L/LANNOR01_Lando_Norris/lannor01.png.transform/1col/image.png,GBR,9569,1242
10,P GASLY,Pierre GASLY,GAS,Alpine,0093CC,Pierre,Gasly,https://media.formula1.com/d_driver_fallback_image.png/content/dam/fom-website/drivers/P/PIEGAS01_Pierre_Gasly/piegas01.png.transform/1col/image.png,FRA,9569,1242
11,S PEREZ,Sergio PEREZ,PER,Red Bull Racing,3671C6,Sergio,Perez,https://media.formula1.com/d_driver_fallback_image.png/content/dam/fom-website/drivers/S/SERPER01_Sergio_Perez/serper01.png.transform/1col/image.png,MEX,9569,1242
14,F ALONSO,Fernando ALONSO,ALO,Aston Martin,229971,Fernando,Alonso,https://media.formula1.com/d_driver_fallback_image.png/content/dam/fom-website/drivers/F/FERALO01_Fernando_Alonso/feralo01.png.transform/1col/image.png,ESP,9569,1242
16,C LECLERC,Charles LECLERC,LEC,Ferrari,E80020,Charles,Leclerc,https://media.formula1.com/d_driver_fallback_image.png/content/dam/fom-website/drivers/C/CHALEC01_Charles_Leclerc/chalec01.png.transform/1col/image.png,MON,9569,1242
18,L STROLL,Lance STROLL,STR,Aston Martin,229971,Lance,Stroll,https://media.formula1.com/d_driver_fallback_image.png/content/dam/fom-website/drivers/L/LANSTR01_Lance_Stroll/lanstr01.png.transform/1col/image.png,CAN,9569,1242
20,K MAGNUSSEN,Kevin MAGNUSSEN,MAG,Haas F1 Team,B6BABD,Kevin,Magnussen,https://media.formula1.com/d_driver_fallback_image.png/content/dam/fom-website/drivers/K/KEVMAG01_Kevin_Magnussen/kevmag01.png.transform/1col/image.png,DEN,9569,1242
22,Y TSUNODA,Yuki TSUNODA,TSU,RB,6692FF,Yuki,Tsunoda,https://media.formula1.com/d_driver_fallback_image.png/content/dam/fom-website/drivers/Y/YUKTSU01_Yuki_Tsunoda/yuktsu01.png.transform/1col/image.png,JPN,9569,1242
23,A ALBON,Alexander ALBON,ALB,Williams,64C4FF,Alexander,Albon,https://media.formula1.com/d_driver_fallback_image.png/content/dam/fom-website/drivers/A/ALEALB01_Alexander_Albon/alealb01.png.transform/1col/image.png,THA,9569,1242
24,G ZHOU,ZHOU Guanyu,ZHO,Kick Sauber,52E252,Guanyu,Zhou,https://media.formula1.com/d_driver_fallback_image.png/content/dam/fom-website/drivers/G/GUAZHO01_Guanyu_Zhou/guazho01.png.transform/1col/image.png,CHN,9569,1242
27,N HULKENBERG,Nico HULKENBERG,HUL,Haas F1 Team,B6BABD,Nico,Hulkenberg,https://media.formula1.com/d_driver_fallback_image.png/content/dam/fom-website/drivers/N/NICHUL01_Nico_Hulkenberg/nichul01.png.transform/1col/image.png,GER,9569,1242
31,E OCON,Esteban OCON,OCO,Alpine,0093CC,Esteban,Ocon,https://media.formula1.com/d_driver_fallback_image.png/content/dam/fom-website/drivers/E/ESTOCO01_Esteban_Ocon/estoco01.png.transform/1col/image.png,FRA,9569,1242
44,L HAMILTON,Lewis HAMILTON,HAM,Mercedes,27F4D2,Lewis,Hamilton,https://media.formula1.com/d_driver_fallback_image.png/content/dam/fom-website/drivers/L/LEWHAM01_Lewis_Hamilton/lewham01.png.transform/1col/image.png,GBR,9569,1242
55,C SAINZ,Carlos SAINZ,SAI,Ferrari,E80020,Carlos,Sainz,https://media.formula1.com/d_driver_fallback_image.png/content/dam/fom-website/drivers/C/CARSAI01_Carlos_Sainz/carsai01.png.transform/1col/image.png,ESP,9569,1242
63,G RUSSELL,George RUSSELL,RUS,Mercedes,27F4D2,George,Russell,https://media.formula1.com/d_driver_fallback_image.png/content/dam/fom-website/drivers/G/GEORUS01_George_Russell/georus01.png.transform/1col/image.png,GBR,9569,1242
77,V BOTTAS,Valtteri BOTTAS,BOT,Kick Sauber,52E252,Valtteri,Bottas,https://media.formula1.com/d_driver_fallback_image.png/content/dam/fom-website/drivers/V/VALBOT01_Valtteri_Bottas/valbot01.png.transform/1col/image.png,FIN,9569,1242
81,O PIASTRI,Oscar PIASTRI,PIA,McLaren,FF8000,Oscar,Piastri,https://media.formula1.com/d_driver_fallback_image.png/content/dam/fom-website/drivers/O/OSCPIA01_Oscar_Piastri/oscpia01.png.transform/1col/image.png,AUS,9569,1242
1,M VERSTAPPEN,Max VERSTAPPEN,VER,Red Bull Racing,3671C6,Max,Verstappen,https://media.formula1.com/d_driver_fallback_image.png/content/dam/fom-website/drivers/M/MAXVER01_Max_Verstappen/maxver01.png.transform/1col/image.png,NED,9570,1242
2,L SARGEANT,Logan SARGEANT,SAR,Williams,64C4FF,Logan,Sargeant,https://media.formula1.com/d_driver_fallback_image.png/content/dam/fom-website/drivers/L/LOGSAR01_Logan_Sargeant/logsar01.png.transform/1col/image.png,USA,9570,1242
3,D RICCIARDO,Daniel RICCIARDO,RIC,RB,6692FF,Daniel,Ricciardo,https://media.formula1.com/d_driver_fallback_image.png/content/dam/fom-website/drivers/D/DANRIC01_Daniel_Ricciardo/danric01.png.transform/1col/image.png,AUS,9570,1242
4,L NORRIS,Lando NORRIS,NOR,McLaren,FF8000,Lando,Norris,https://media.formula1.com/d_driver_fallback_image.png/content/dam/fom-website/drivers/L/LANNOR01_Lando_Norris/lannor01.png.transform/1col/image.png,GBR,9570,1242
10,P GASLY,Pierre GASLY,GAS,Alpine,0093CC,Pierre,Gasly,https://media.formula1.com/d_driver_fallback_image.png/content/dam/fom-website/drivers/P/PIEGAS01_Pierre_Gasly/piegas01.png.transform/1col/image.png,FRA,9570,1242
11,S PEREZ,Sergio PEREZ,PER,Red Bull Racing,3671C6,Sergio,Perez,https://media.formula1.com/d_driver_fallback_image.png/content/dam/fom-website/drivers/S/SERPER01_Sergio_Perez/serper01.png.transform/1col/image.png,MEX,9570,1242
14,F ALONSO,Fernando ALONSO,ALO,Aston Martin,229971,Fernando,Alonso,https://media.formula1.com/d_driver_fallback_image.png/content/dam/fom-website/drivers/F/FERALO01_Fernando_Alonso/feralo01.png.transform/1col/image.png,ESP,9570,1242
16,C LECLERC,Charles LECLERC,LEC,Ferrari,E80020,Charles,Leclerc,https://media.formula1.com/d_driver_fallback_image.png/content/dam/fom-website/drivers/C/CHALEC01_Charles_Leclerc/chalec01.png.transform/1col/image.png,MON,9570,1242
18,L STROLL,Lance STROLL,STR,Aston Martin,229971,Lance,Stroll,https://media.formula1.com/d_driver_fallback_image.png/content/dam/fom-website/drivers/L/LANSTR01_Lance_Stroll/lanstr01.png.transform/1col/image.png,CAN,9570,1242
20,K MAGNUSSEN,Kevin MAGNUSSEN,MAG,Haas F1 Team,B6BABD,Kevin,Magnussen,https://media.formula1.com/d_driver_fallback_image.png/content/dam/fom-website/drivers/K/KEVMAG01_Kevin_Magnussen/kevmag01.png.transform/1col/image.png,DEN,9570,1242
22,Y TSUNODA,Yuki TSUNODA,TSU,RB,6692FF,Yuki,Tsunoda,https://media.formula1.com/d_driver_fallback_image.png/content/dam/fom-website/drivers/Y/YUKTSU01_Yuki_Tsunoda/yuktsu01.png.transform/1col/image.png,JPN,9570,1242
23,A ALBON,Alexander ALBON,ALB,Williams,64C4FF,Alexander,Albon,https://media.formula1.com/d_driver_fallback_image.png/content/dam/fom-website/drivers/A/ALEALB01_Alexander_Albon/alealb01.png.transform/1col/image.png,THA,9570,1242
24,G ZHOU,ZHOU Guanyu,ZHO,Kick Sauber,52E252,Guanyu,Zhou,https://media.formula1.com/d_driver_fallback_image.png/content/dam/fom-website/drivers/G/GUAZHO01_Guanyu_Zhou/guazho01.png.transform/1col/image.png,CHN,9570,1242
27,N HULKENBERG,Nico HULKENBERG,HUL,Haas F1 Team,B6BABD,Nico,Hulkenberg,https://media.formula1.com/d_driver_fallback_image.png/content/dam/fom-website/drivers/N/NICHUL01_Nico_Hulkenberg/nichul01.png.transform/1col/image.png,GER,9570,1242
31,E OCON,Esteban OCON,OCO,Alpine,0093CC,Esteban,Ocon,https://media.formula1.com/d_driver_fallback_image.png/content/dam/fom-website/drivers/E/ESTOCO01_Esteban_Ocon/estoco01.png.transform/1col/image.png,FRA,9570,1242
44,L HAMILTON,Lewis HAMILTON,HAM,Mercedes,27F4D2,Lewis,Hamilton,https://media.formula1.com/d_driver_fallback_image.png/content/dam/fom-website/drivers/L/LEWHAM01_Lewis_Hamilton/lewham01.png.transform/1col/image.png,GBR,9570,1242
55,C SAINZ,Carlos SAINZ,SAI,Ferrari,E80020,Carlos,Sainz,https://media.formula1.com/d_driver_fallback_image.png/content/dam/fom-website/drivers/C/CARSAI01_Carlos_Sainz/carsai01.png.transform/1col/image.png,ESP,9570,1242
63,G RUSSELL,George RUSSELL,RUS,Mercedes,27F4D2,George,Russell,https://media.formula1.com/d_driver_fallback_image.png/content/dam/fom-website/drivers/G/GEORUS01_George_Russell/georus01.png.transform/1col/image.png,GBR,9570,1242
77,V BOTTAS,Valtteri BOTTAS,BOT,Kick Sauber,52E252,Valtteri,Bottas,https://media.formula1.com/d_driver_fallback_image.png/content/dam/fom-website/drivers/V/VALBOT01_Valtteri_Bottas/valbot01.png.transform/1col/image.png,FIN,9570,1242
81,O PIASTRI,Oscar PIASTRI,PIA,McLaren,FF8000,Oscar,Piastri,https://media.formula1.com/d_driver_fallback_image.png/content/dam/fom-website/drivers/O/OSCPIA01_Oscar_Piastri/oscpia01.png.transform/1col/image.png,AUS,9570,1242
1,M VERSTAPPEN,Max VERSTAPPEN,VER,Red Bull Racing,3671C6,Max,Verstappen,https://media.formula1.com/d_driver_fallback_image.png/content/dam/fom-website/drivers/M/MAXVER01_Max_Verstappen/maxver01.png.transform/1col/image.png,NED,9574,1242
2,L SARGEANT,Logan SARGEANT,SAR,Williams,64C4FF,Logan,Sargeant,https://media.formula1.com/d_driver_fallback_image.png/content/dam/fom-website/drivers/L/LOGSAR01_Logan_Sargeant/logsar01.png.transform/1col/image.png,USA,9574,1242
3,D RICCIARDO,Daniel RICCIARDO,RIC,RB,6692FF,Daniel,Ricciardo,https://media.formula1.com/d_driver_fallback_image.png/content/dam/fom-website/drivers/D/DANRIC01_Daniel_Ricciardo/danric01.png.transform/1col/image.png,AUS,9574,1242
4,L NORRIS,Lando NORRIS,NOR,McLaren,FF8000,Lando,Norris,https://media.formula1.com/d_driver_fallback_image.png/content/dam/fom-website/drivers/L/LANNOR01_Lando_Norris/lannor01.png.transform/1col/image.png,GBR,9574,1242
10,P GASLY,Pierre GASLY,GAS,Alpine,0093cc,Pierre,Gasly,https://media.formula1.com/d_driver_fallback_image.png/content/dam/fom-website/drivers/P/PIEGAS01_Pierre_Gasly/piegas01.png.transform/1col/image.png,FRA,9574,1242
11,S PEREZ,Sergio PEREZ,PER,Red Bull Racing,3671C6,Sergio,Perez,https://media.formula1.com/d_driver_fallback_image.png/content/dam/fom-website/drivers/S/SERPER01_Sergio_Perez/serper01.png.transform/1col/image.png,MEX,9574,1242
14,F ALONSO,Fernando ALONSO,ALO,Aston Martin,229971,Fernando,Alonso,https://media.formula1.com/d_driver_fallback_image.png/content/dam/fom-website/drivers/F/FERALO01_Fernando_Alonso/feralo01.png.transform/1col/image.png,ESP,9574,1242
16,C LECLERC,Charles LECLERC,LEC,Ferrari,E80020,Charles,Leclerc,https://media.formula1.com/d_driver_fallback_image.png/content/dam/fom-website/drivers/C/CHALEC01_Charles_Leclerc/chalec01.png.transform/1col/image.png,MON,9574,1242
18,L STROLL,Lance STROLL,STR,Aston Martin,229971,Lance,Stroll,https://media.formula1.com/d_driver_fallback_image.png/content/dam/fom-website/drivers/L/LANSTR01_Lance_Stroll/lanstr01.png.transform/1col/image.png,CAN,9574,1242
20,K MAGNUSSEN,Kevin MAGNUSSEN,MAG,Haas F1 Team,B6BABD,Kevin,Magnussen,https://media.formula1.com/d_driver_fallback_image.png/content/dam/fom-website/drivers/K/KEVMAG01_Kevin_Magnussen/kevmag01.png.transform/1col/image.png,DEN,9574,1242
22,Y TSUNODA,Yuki TSUNODA,TSU,RB,6692FF,Yuki,Tsunoda,https://media.formula1.com/d_driver_fallback_image.png/content/dam/fom-website/drivers/Y/YUKTSU01_Yuki_Tsunoda/yuktsu01.png.transform/1col/image.png,JPN,9574,1242
23,A ALBON,Alexander ALBON,ALB,Williams,64C4FF,Alexander,Albon,https://media.formula1.com/d_driver_fallback_image.png/content/dam/fom-website/drivers/A/ALEALB01_Alexander_Albon/alealb01.png.transform/1col/image.png,THA,9574,1242
24,G ZHOU,ZHOU Guanyu,ZHO,Kick Sauber,52E252,Guanyu,Zhou,https://media.formula1.com/d_driver_fallback_image.png/content/dam/fom-website/drivers/G/GUAZHO01_Guanyu_Zhou/guazho01.png.transform/1col/image.png,CHN,9574,1242
27,N HULKENBERG,Nico HULKENBERG,HUL,Haas F1 Team,B6BABD,Nico,Hulkenberg,https://media.formula1.com/d_driver_fallback_image.png/content/dam/fom-website/drivers/N/NICHUL01_Nico_Hulkenberg/nichul01.png.transform/1col/image.png,GER,9574,1242
31,E OCON,Esteban OCON,OCO,Alpine,0093cc,Esteban,Ocon,https://media.formula1.com/d_driver_fallback_image.png/content/dam/fom-website/drivers/E/ESTOCO01_Esteban_Ocon/estoco01.png.transform/1col/image.png,FRA,9574,1242
44,L HAMILTON,Lewis HAMILTON,HAM,Mercedes,27F4D2,Lewis,Hamilton,https://media.formula1.com/d_driver_fallback_image.png/content/dam/fom-website/drivers/L/LEWHAM01_Lewis_Hamilton/lewham01.png.transform/1col/image.png,GBR,9574,1242
55,C SAINZ,Carlos SAINZ,SAI,Ferrari,E80020,Carlos,Sainz,https://media.formula1.com/d_driver_fallback_image.png/content/dam/fom-website/drivers/C/CARSAI01_Carlos_Sainz/carsai01.png.transform/1col/image.png,ESP,9574,1242
63,G RUSSELL,George RUSSELL,RUS,Mercedes,27F4D2,George,Russell,https://media.formula1.com/d_driver_fallback_image.png/content/dam/fom-website/drivers/G/GEORUS01_George_Russell/georus01.png.transform/1col/image.png,GBR,9574,1242
77,V BOTTAS,Valtteri BOTTAS,BOT,Kick Sauber,52E252,Valtteri,Bottas,https://media.formula1.com/d_driver_fallback_image.png/content/dam/fom-website/drivers/V/VALBOT01_Valtteri_Bottas/valbot01.png.transform/1col/image.png,FIN,9574,1242
81,O PIASTRI,Oscar PIASTRI,PIA,McLaren,FF8000,Oscar,Piastri,https://media.formula1.com/d_driver_fallback_image.png/content/dam/fom-website/drivers/O/OSCPIA01_Oscar_Piastri/oscpia01.png.transform/1col/image.png,AUS,9574,1242
1,M VERSTAPPEN,Max VERSTAPPEN,VER,Red Bull Racing,3671C6,Max,Verstappen,https://media.formula1.com/d_driver_fallback_image.png/content/dam/fom-website/drivers/M/MAXVER01_Max_Verstappen/maxver01.png.transform/1col/image.png,NED,9575,1243
2,L SARGEANT,Logan SARGEANT,SAR,Williams,64C4FF,Logan,Sargeant,https://media.formula1.com/d_driver_fallback_image.png/content/dam/fom-website/drivers/L/LOGSAR01_Logan_Sargeant/logsar01.png.transform/1col/image.png,USA,9575,1243
3,D RICCIARDO,Daniel RICCIARDO,RIC,RB,6692FF,Daniel,Ricciardo,https://media.formula1.com/d_driver_fallback_image.png/content/dam/fom-website/drivers/D/DANRIC01_Daniel_Ricciardo/danric01.png.transform/1col/image.png,AUS,9575,1243
4,L NORRIS,Lando NORRIS,NOR,McLaren,FF8000,Lando,Norris,https://media.formula1.com/d_driver_fallback_image.png/content/dam/fom-website/drivers/L/LANNOR01_Lando_Norris/lannor01.png.transform/1col/image.png,GBR,9575,1243
10,P GASLY,Pierre GASLY,GAS,Alpine,0093CC,Pierre,Gasly,https://media.formula1.com/d_driver_fallback_image.png/content/dam/fom-website/drivers/P/PIEGAS01_Pierre_Gasly/piegas01.png.transform/1col/image.png,FRA,9575,1243
11,S PEREZ,Sergio PEREZ,PER,Red Bull Racing,3671C6,Sergio,Perez,https://media.formula1.com/d_driver_fallback_image.png/content/dam/fom-website/drivers/S/SERPER01_Sergio_Perez/serper01.png.transform/1col/image.png,MEX,9575,1243
14,F ALONSO,Fernando ALONSO,ALO,Aston Martin,229971,Fernando,Alonso,https://media.formula1.com/d_driver_fallback_image.png/content/dam/fom-website/drivers/F/FERALO01_Fernando_Alonso/feralo01.png.transform/1col/image.png,ESP,9575,1243
16,C LECLERC,Charles LECLERC,LEC,Ferrari,E80020,Charles,Leclerc,https://media.formula1.com/d_driver_fallback_image.png/content/dam/fom-website/drivers/C/CHALEC01_Charles_Leclerc/chalec01.png.transform/1col/image.png,MON,9575,1243
18,L STROLL,Lance STROLL,STR,Aston Martin,229971,Lance,Stroll,https://media.formula1.com/d_driver_fallback_image.png/content/dam/fom-website/drivers/L/LANSTR01_Lance_Stroll/lanstr01.png.transform/1col/image.png,CAN,9575,1243
20,K MAGNUSSEN,Kevin MAGNUSSEN,MAG,Haas F1 Team,B6BABD,Kevin,Magnussen,https://media.formula1.com/d_driver_fallback_image.png/content/dam/fom-website/drivers/K/KEVMAG01_Kevin_Magnussen/kevmag01.png.transform/1col/image.png,DEN,9575,1243
22,Y TSUNODA,Yuki TSUNODA,TSU,RB,6692FF,Yuki,Tsunoda,https://media.formula1.com/d_driver_fallback_image.png/content/dam/fom-website/drivers/Y/YUKTSU01_Yuki_Tsunoda/yuktsu01.png.transform/1col/image.png,JPN,9575,1243
23,A ALBON,Alexander ALBON,ALB,Williams,64C4FF,Alexander,Albon,https://media.formula1.com/d_driver_fallback_image.png/content/dam/fom-website/drivers/A/ALEALB01_Alexander_Albon/alealb01.png.transform/1col/image.png,THA,9575,1243
24,G ZHOU,ZHOU Guanyu,ZHO,Kick Sauber,52E252,Guanyu,Zhou,https://media.formula1.com/d_driver_fallback_image.png/content/dam/fom-website/drivers/G/GUAZHO01_Guanyu_Zhou/guazho01.png.transform/1col/image.png,CHN,9575,1243
27,N HULKENBERG,Nico HULKENBERG,HUL,Haas F1 Team,B6BABD,Nico,Hulkenberg,https://media.formula1.com/d_driver_fallback_image.png/content/dam/fom-website/drivers/N/NICHUL01_Nico_Hulkenberg/nichul01.png.transform/1col/image.png,GER,9575,1243
31,E OCON,Esteban OCON,OCO,Alpine,0093CC,Esteban,Ocon,https://media.formula1.com/d_driver_fallback_image.png/content/dam/fom-website/drivers/E/ESTOCO01_Esteban_Ocon/estoco01.png.transform/1col/image.png,FRA,9575,1243
44,L HAMILTON,Lewis HAMILTON,HAM,Mercedes,27F4D2,Lewis,Hamilton,https://media.formula1.com/d_driver_fallback_image.png/content/dam/fom-website/drivers/L/LEWHAM01_Lewis_Hamilton/lewham01.png.transform/1col/image.png,GBR,9575,1243
55,C SAINZ,Carlos SAINZ,SAI,Ferrari,E80020,Carlos,Sainz,https://media.formula1.com/d_driver_fallback_image.png/content/dam/fom-website/drivers/C/CARSAI01_Carlos_Sainz/carsai01.png.transform/1col/image.png,ESP,9575,1243
63,G RUSSELL,George RUSSELL,RUS,Mercedes,27F4D2,George,Russell,https://media.formula1.com/d_driver_fallback_image.png/content/dam/fom-website/drivers/G/GEORUS01_George_Russell/georus01.png.transform/1col/image.png,GBR,9575,1243
81,O PIASTRI,Oscar PIASTRI,PIA,McLaren,FF8000,Oscar,Piastri,https://media.formula1.com/d_driver_fallback_image.png/content/dam/fom-website/drivers/O/OSCPIA01_Oscar_Piastri/oscpia01.png.transform/1col/image.png,AUS,9575,1243
97,R SHWARTZMAN,Robert SHWARTZMAN,SHW,Kick Sauber,52E252,Robert,Shwartzman,,ISR,9575,1243
1,M VERSTAPPEN,Max VERSTAPPEN,VER,Red Bull Racing,3671C6,Max,Verstappen,https://media.formula1.com/d_driver_fallback_image.png/content/dam/fom-website/drivers/M/MAXVER01_Max_Verstappen/maxver01.png.transform/1col/image.png,NED,9576,1243
2,L SARGEANT,Logan SARGEANT,SAR,Williams,64C4FF,Logan,Sargeant,https://media.formula1.com/d_driver_fallback_image.png/content/dam/fom-website/drivers/L/LOGSAR01_Logan_Sargeant/logsar01.png.transform/1col/image.png,USA,9576,1243
3,D RICCIARDO,Daniel RICCIARDO,RIC,RB,6692FF,Daniel,Ricciardo,https://media.formula1.com/d_driver_fallback_image.png/content/dam/fom-website/drivers/D/DANRIC01_Daniel_Ricciardo/danric01.png.transform/1col/image.png,AUS,9576,1243
4,L NORRIS,Lando NORRIS,NOR,McLaren,FF8000,Lando,Norris,https://media.formula1.com/d_driver_fallback_image.png/content/dam/fom-website/drivers/L/LANNOR01_Lando_Norris/lannor01.png.transform/1col/image.png,GBR,9576,1243
10,P GASLY,Pierre GASLY,GAS,Alpine,0093CC,Pierre,Gasly,https://media.formula1.com/d_driver_fallback_image.png/content/dam/fom-website/drivers/P/PIEGAS01_Pierre_Gasly/piegas01.png.transform/1col/image.png,FRA,9576,1243
11,S PEREZ,Sergio PEREZ,PER,Red Bull Racing,3671C6,Sergio,Perez,https://media.formula1.com/d_driver_fallback_image.png/content/dam/fom-website/drivers/S/SERPER01_Sergio_Perez/serper01.png.transform/1col/image.png,MEX,9576,1243
14,F ALONSO,Fernando ALONSO,ALO,Aston Martin,229971,Fernando,Alonso,https://media.formula1.com/d_driver_fallback_image.png/content/dam/fom-website/drivers/F/FERALO01_Fernando_Alonso/feralo01.png.transform/1col/image.png,ESP,9576,1243
16,C LECLERC,Charles LECLERC,LEC,Ferrari,E80020,Charles,Leclerc,https://media.formula1.com/d_driver_fallback_image.png/content/dam/fom-website/drivers/C/CHALEC01_Charles_Leclerc/chalec01.png.transform/1col/image.png,MON,9576,1243
18,L STROLL,Lance STROLL,STR,Aston Martin,229971,Lance,Stroll,https://media.formula1.com/d_driver_fallback_image.png/content/dam/fom-website/drivers/L/LANSTR01_Lance_Stroll/lanstr01.png.transform/1col/image.png,CAN,9576,1243
20,K MAGNUSSEN,Kevin MAGNUSSEN,MAG,Haas F1 Team,B6BABD,Kevin,Magnussen,https://media.formula1.com/d_driver_fallback_image.png/content/dam/fom-website/drivers/K/KEVMAG01_Kevin_Magnussen/kevmag01.png.transform/1col/image.png,DEN,9576,1243
22,Y TSUNODA,Yuki TSUNODA,TSU,RB,6692FF,Yuki,Tsunoda,https://media.formula1.com/d_driver_fallback_image.png/content/dam/fom-website/drivers/Y/YUKTSU01_Yuki_Tsunoda/yuktsu01.png.transform/1col/image.png,JPN,9576,1243
23,A ALBON,Alexander ALBON,ALB,Williams,64C4FF,Alexander,Albon,https://media.formula1.com/d_driver_fallback_image.png/content/dam/fom-website/drivers/A/ALEALB01_Alexander_Albon/alealb01.png.transform/1col/image.png,THA,9576,1243
24,G ZHOU,ZHOU Guanyu,ZHO,Kick Sauber,52E252,Guanyu,Zhou,https://media.formula1.com/d_driver_fallback_image.png/content/dam/fom-website/drivers/G/GUAZHO01_Guanyu_Zhou/guazho01.png.transform/1col/image.png,CHN,9576,1243
27,N HULKENBERG,Nico HULKENBERG,HUL,Haas F1 Team,B6BABD,Nico,Hulkenberg,https://media.formula1.com/d_driver_fallback_image.png/content/dam/fom-website/drivers/N/NICHUL01_Nico_Hulkenberg/nichul01.png.transform/1col/image.png,GER,9576,1243
31,E OCON,Esteban OCON,OCO,Alpine,0093CC,Esteban,Ocon,https://media.formula1.com/d_driver_fallback_image.png/content/dam/fom-website/drivers/E/ESTOCO01_Esteban_Ocon/estoco01.png.transform/1col/image.png,FRA,9576,1243
44,L HAMILTON,Lewis HAMILTON,HAM,Mercedes,27F4D2,Lewis,Hamilton,https://media.formula1.com/d_driver_fallback_image.png/content/dam/fom-website/drivers/L/LEWHAM01_Lewis_Hamilton/lewham01.png.transform/1col/image.png,GBR,9576,1243
55,C SAINZ,Carlos SAINZ,SAI,Ferrari,E80020,Carlos,Sainz,https://media.formula1.com/d_driver_fallback_image.png/content/dam/fom-website/drivers/C/CARSAI01_Carlos_Sainz/carsai01.png.transform/1col/image.png,ESP,9576,1243
63,G RUSSELL,George RUSSELL,RUS,Mercedes,27F4D2,George,Russell,https://media.formula1.com/d_driver_fallback_image.png/content/dam/fom-website/drivers/G/GEORUS01_George_Russell/georus01.png.transform/1col/image.png,GBR,9576,1243
77,V BOTTAS,Valtteri BOTTAS,BOT,Kick Sauber,52E252,Valtteri,Bottas,https://media.formula1.com/d_driver_fallback_image.png/content/dam/fom-website/drivers/V/VALBOT01_Valtteri_Bottas/valbot01.png.transform/1col/image.png,FIN,9576,1243
81,O PIASTRI,Oscar PIASTRI,PIA,McLaren,FF8000,Oscar,Piastri,https://media.formula1.com/d_driver_fallback_image.png/content/dam/fom-website/drivers/O/OSCPIA01_Oscar_Piastri/oscpia01.png.transform/1col/image.png,AUS,9576,1243
1,M VERSTAPPEN,Max VERSTAPPEN,VER,Red Bull Racing,3671C6,Max,Verstappen,https://media.formula1.com/d_driver_fallback_image.png/content/dam/fom-website/drivers/M/MAXVER01_Max_Verstappen/maxver01.png.transform/1col/image.png,NED,9577,1243
2,L SARGEANT,Logan SARGEANT,SAR,Williams,64C4FF,Logan,Sargeant,https://media.formula1.com/d_driver_fallback_image.png/content/dam/fom-website/drivers/L/LOGSAR01_Logan_Sargeant/logsar01.png.transform/1col/image.png,USA,9577,1243
3,D RICCIARDO,Daniel RICCIARDO,RIC,RB,6692FF,Daniel,Ricciardo,https://media.formula1.com/d_driver_fallback_image.png/content/dam/fom-website/drivers/D/DANRIC01_Daniel_Ricciardo/danric01.png.transform/1col/image.png,AUS,9577,1243
4,L NORRIS,Lando NORRIS,NOR,McLaren,FF8000,Lando,Norris,https://media.formula1.com/d_driver_fallback_image.png/content/dam/fom-website/drivers/L/LANNOR01_Lando_Norris/lannor01.png.transform/1col/image.png,GBR,9577,1243
10,P GASLY,Pierre GASLY,GAS,Alpine,0093CC,Pierre,Gasly,https://media.formula1.com/d_driver_fallback_image.png/content/dam/fom-website/drivers/P/PIEGAS01_Pierre_Gasly/piegas01.png.transform/1col/image.png,FRA,9577,1243
11,S PEREZ,Sergio PEREZ,PER,Red Bull Racing,3671C6,Sergio,Perez,https://media.formula1.com/d_driver_fallback_image.png/content/dam/fom-website/drivers/S/SERPER01_Sergio_Perez/serper01.png.transform/1col/image.png,MEX,9577,1243
14,F ALONSO,Fernando ALONSO,ALO,Aston Martin,229971,Fernando,Alonso,https://media.formula1.com/d_driver_fallback_image.png/content/dam/fom-website/drivers/F/FERALO01_Fernando_Alonso/feralo01.png.transform/1col/image.png,ESP,9577,1243
16,C LECLERC,Charles LECLERC,LEC,Ferrari,E80020,Charles,Leclerc,https://media.formula1.com/d_driver_fallback_image.png/content/dam/fom-website/drivers/C/CHALEC01_Charles_Leclerc/chalec01.png.transform/1col/image.png,MON,9577,1243
18,L STROLL,Lance STROLL,STR,Aston Martin,229971,Lance,Stroll,https://media.formula1.com/d_driver_fallback_image.png/content/dam/fom-website/drivers/L/LANSTR01_Lance_Stroll/lanstr01.png.transform/1col/image.png,CAN,9577,1243
20,K MAGNUSSEN,Kevin MAGNUSSEN,MAG,Haas F1 Team,B6BABD,Kevin,Magnussen,https://media.formula1.com/d_driver_fallback_image.png/content/dam/fom-website/drivers/K/KEVMAG01_Kevin_Magnussen/kevmag01.png.transform/1col/image.png,DEN,9577,1243
22,Y TSUNODA,Yuki TSUNODA,TSU,RB,6692FF,Yuki,Tsunoda,https://media.formula1.com/d_driver_fallback_image.png/content/dam/fom-website/drivers/Y/YUKTSU01_Yuki_Tsunoda/yuktsu01.png.transform/1col/image.png,JPN,9577,1243
23,A ALBON,Alexander ALBON,ALB,Williams,64C4FF,Alexander,Albon,https://media.formula1.com/d_driver_fallback_image.png/content/dam/fom-website/drivers/A/ALEALB01_Alexander_Albon/alealb01.png.transform/1col/image.png,THA,9577,1243
24,G ZHOU,ZHOU Guanyu,ZHO,Kick Sauber,52E252,Guanyu,Zhou,https://media.formula1.com/d_driver_fallback_image.png/content/dam/fom-website/drivers/G/GUAZHO01_Guanyu_Zhou/guazho01.png.transform/1col/image.png,CHN,9577,1243
27,N HULKENBERG,Nico HULKENBERG,HUL,Haas F1 Team,B6BABD,Nico,Hulkenberg,https://media.formula1.com/d_driver_fallback_image.png/content/dam/fom-website/drivers/N/NICHUL01_Nico_Hulkenberg/nichul01.png.transform/1col/image.png,GER,9577,1243
31,E OCON,Esteban OCON,OCO,Alpine,0093CC,Esteban,Ocon,https://media.formula1.com/d_driver_fallback_image.png/content/dam/fom-website/drivers/E/ESTOCO01_Esteban_Ocon/estoco01.png.transform/1col/image.png,FRA,9577,1243
44,L HAMILTON,Lewis HAMILTON,HAM,Mercedes,27F4D2,Lewis,Hamilton,https://media.formula1.com/d_driver_fallback_image.png/content/dam/fom-website/drivers/L/LEWHAM01_Lewis_Hamilton/lewham01.png.transform/1col/image.png,GBR,9577,1243
55,C SAINZ,Carlos SAINZ,SAI,Ferrari,E80020,Carlos,Sainz,https://media.formula1.com/d_driver_fallback_image.png/content/dam/fom-website/drivers/C/CARSAI01_Carlos_Sainz/carsai01.png.transform/1col/image.png,ESP,9577,1243
63,G RUSSELL,George RUSSELL,RUS,Mercedes,27F4D2,George,Russell,https://media.formula1.com/d_driver_fallback_image.png/content/dam/fom-website/drivers/G/GEORUS01_George_Russell/georus01.png.transform/1col/image.png,GBR,9577,1243
77,V BOTTAS,Valtteri BOTTAS,BOT,Kick Sauber,52E252,Valtteri,Bottas,https://media.formula1.com/d_driver_fallback_image.png/content/dam/fom-website/drivers/V/VALBOT01_Valtteri_Bottas/valbot01.png.transform/1col/image.png,FIN,9577,1243
81,O PIASTRI,Oscar PIASTRI,PIA,McLaren,FF8000,Oscar,Piastri,https://media.formula1.com/d_driver_fallback_image.png/content/dam/fom-website/drivers/O/OSCPIA01_Oscar_Piastri/oscpia01.png.transform/1col/image.png,AUS,9577,1243
1,M VERSTAPPEN,Max VERSTAPPEN,VER,Red Bull Racing,3671C6,Max,Verstappen,https://media.formula1.com/d_driver_fallback_image.png/content/dam/fom-website/drivers/M/MAXVER01_Max_Verstappen/maxver01.png.transform/1col/image.png,NED,9578,1243
2,L SARGEANT,Logan SARGEANT,SAR,Williams,64C4FF,Logan,Sargeant,https://media.formula1.com/d_driver_fallback_image.png/content/dam/fom-website/drivers/L/LOGSAR01_Logan_Sargeant/logsar01.png.transform/1col/image.png,USA,9578,1243
3,D RICCIARDO,Daniel RICCIARDO,RIC,RB,6692FF,Daniel,Ricciardo,https://media.formula1.com/d_driver_fallback_image.png/content/dam/fom-website/drivers/D/DANRIC01_Daniel_Ricciardo/danric01.png.transform/1col/image.png,AUS,9578,1243
4,L NORRIS,Lando NORRIS,NOR,McLaren,FF8000,Lando,Norris,https://media.formula1.com/d_driver_fallback_image.png/content/dam/fom-website/drivers/L/LANNOR01_Lando_Norris/lannor01.png.transform/1col/image.png,GBR,9578,1243
10,P GASLY,Pierre GASLY,GAS,Alpine,0093cc,Pierre,Gasly,https://media.formula1.com/d_driver_fallback_image.png/content/dam/fom-website/drivers/P/PIEGAS01_Pierre_Gasly/piegas01.png.transform/1col/image.png,FRA,9578,1243
11,S PEREZ,Sergio PEREZ,PER,Red Bull Racing,3671C6,Sergio,Perez,https://media.formula1.com/d_driver_fallback_image.png/content/dam/fom-website/drivers/S/SERPER01_Sergio_Perez/serper01.png.transform/1col/image.png,MEX,9578,1243
14,F ALONSO,Fernando ALONSO,ALO,Aston Martin,229971,Fernando,Alonso,https://media.formula1.com/d_driver_fallback_image.png/content/dam/fom-website/drivers/F/FERALO01_Fernando_Alonso/feralo01.png.transform/1col/image.png,ESP,9578,1243
16,C LECLERC,Charles LECLERC,LEC,Ferrari,E80020,Charles,Leclerc,https://media.formula1.com/d_driver_fallback_image.png/content/dam/fom-website/drivers/C/CHALEC01_Charles_Leclerc/chalec01.png.transform/1col/image.png,MON,9578,1243
18,L STROLL,Lance STROLL,STR,Aston Martin,229971,Lance,Stroll,https://media.formula1.com/d_driver_fallback_image.png/content/dam/fom-website/drivers/L/LANSTR01_Lance_Stroll/lanstr01.png.transform/1col/image.png,CAN,9578,1243
20,K MAGNUSSEN,Kevin MAGNUSSEN,MAG,Haas F1 Team,B6BABD,Kevin,Magnussen,https://media.formula1.com/d_driver_fallback_image.png/content/dam/fom-website/drivers/K/KEVMAG01_Kevin_Magnussen/kevmag01.png.transform/1col/image.png,DEN,9578,1243
22,Y TSUNODA,Yuki TSUNODA,TSU,RB,6692FF,Yuki,Tsunoda,https://media.formula1.com/d_driver_fallback_image.png/content/dam/fom-website/drivers/Y/YUKTSU01_Yuki_Tsunoda/yuktsu01.png.transform/1col/image.png,JPN,9578,1243
23,A ALBON,Alexander ALBON,ALB,Williams,64C4FF,Alexander,Albon,https://media.formula1.com/d_driver_fallback_image.png/content/dam/fom-website/drivers/A/ALEALB01_Alexander_Albon/alealb01.png.transform/1col/image.png,THA,9578,1243
24,G ZHOU,ZHOU Guanyu,ZHO,Kick Sauber,52E252,Guanyu,Zhou,https://media.formula1.com/d_driver_fallback_image.png/content/dam/fom-website/drivers/G/GUAZHO01_Guanyu_Zhou/guazho01.png.transform/1col/image.png,CHN,9578,1243
27,N HULKENBERG,Nico HULKENBERG,HUL,Haas F1 Team,B6BABD,Nico,Hulkenberg,https://media.formula1.com/d_driver_fallback_image.png/content/dam/fom-website/drivers/N/NICHUL01_Nico_Hulkenberg/nichul01.png.transform/1col/image.png,GER,9578,1243
31,E OCON,Esteban OCON,OCO,Alpine,0093cc,Esteban,Ocon,https://media.formula1.com/d_driver_fallback_image.png/content/dam/fom-website/drivers/E/ESTOCO01_Esteban_Ocon/estoco01.png.transform/1col/image.png,FRA,9578,1243
44,L HAMILTON,Lewis HAMILTON,HAM,Mercedes,27F4D2,Lewis,Hamilton,https://media.formula1.com/d_driver_fallback_image.png/content/dam/fom-website/drivers/L/LEWHAM01_Lewis_Hamilton/lewham01.png.transform/1col/image.png,GBR,9578,1243
55,C SAINZ,Carlos SAINZ,SAI,Ferrari,E80020,Carlos,Sainz,https://media.formula1.com/d_driver_fallback_image.png/content/dam/fom-website/drivers/C/CARSAI01_Carlos_Sainz/carsai01.png.transform/1col/image.png,ESP,9578,1243
63,G RUSSELL,George RUSSELL,RUS,Mercedes,27F4D2,George,Russell,https://media.formula1.com/d_driver_fallback_image.png/content/dam/fom-website/drivers/G/GEORUS01_George_Russell/georus01.png.transform/1col/image.png,GBR,9578,1243
77,V BOTTAS,Valtteri BOTTAS,BOT,Kick Sauber,52E252,Valtteri,Bottas,https://media.formula1.com/d_driver_fallback_image.png/content/dam/fom-website/drivers/V/VALBOT01_Valtteri_Bottas/valbot01.png.transform/1col/image.png,FIN,9578,1243
81,O PIASTRI,Oscar PIASTRI,PIA,McLaren,FF8000,Oscar,Piastri,https://media.formula1.com/d_driver_fallback_image.png/content/dam/fom-website/drivers/O/OSCPIA01_Oscar_Piastri/oscpia01.png.transform/1col/image.png,AUS,9578,1243
1,M VERSTAPPEN,Max VERSTAPPEN,VER,Red Bull Racing,3671C6,Max,Verstappen,https://media.formula1.com/d_driver_fallback_image.png/content/dam/fom-website/drivers/M/MAXVER01_Max_Verstappen/maxver01.png.transform/1col/image.png,NED,9582,1243
2,L SARGEANT,Logan SARGEANT,SAR,Williams,64C4FF,Logan,Sargeant,https://media.formula1.com/d_driver_fallback_image.png/content/dam/fom-website/drivers/L/LOGSAR01_Logan_Sargeant/logsar01.png.transform/1col/image.png,USA,9582,1243
3,D RICCIARDO,Daniel RICCIARDO,RIC,RB,6692FF,Daniel,Ricciardo,https://media.formula1.com/d_driver_fallback_image.png/content/dam/fom-website/drivers/D/DANRIC01_Daniel_Ricciardo/danric01.png.transform/1col/image.png,AUS,9582,1243
4,L NORRIS,Lando NORRIS,NOR,McLaren,FF8000,Lando,Norris,https://media.formula1.com/d_driver_fallback_image.png/content/dam/fom-website/drivers/L/LANNOR01_Lando_Norris/lannor01.png.transform/1col/image.png,GBR,9582,1243
10,P GASLY,Pierre GASLY,GAS,Alpine,0093CC,Pierre,Gasly,https://media.formula1.com/d_driver_fallback_image.png/content/dam/fom-website/drivers/P/PIEGAS01_Pierre_Gasly/piegas01.png.transform/1col/image.png,FRA,9582,1243
11,S PEREZ,Sergio PEREZ,PER,Red Bull Racing,3671C6,Sergio,Perez,https://media.formula1.com/d_driver_fallback_image.png/content/dam/fom-website/drivers/S/SERPER01_Sergio_Perez/serper01.png.transform/1col/image.png,MEX,9582,1243
14,F ALONSO,Fernando ALONSO,ALO,Aston Martin,229971,Fernando,Alonso,https://media.formula1.com/d_driver_fallback_image.png/content/dam/fom-website/drivers/F/FERALO01_Fernando_Alonso/feralo01.png.transform/1col/image.png,ESP,9582,1243
16,C LECLERC,Charles LECLERC,LEC,Ferrari,E80020,Charles,Leclerc,https://media.formula1.com/d_driver_fallback_image.png/content/dam/fom-website/drivers/C/CHALEC01_Charles_Leclerc/chalec01.png.transform/1col/image.png,MON,9582,1243
18,L STROLL,Lance STROLL,STR,Aston Martin,229971,Lance,Stroll,https://media.formula1.com/d_driver_fallback_image.png/content/dam/fom-website/drivers/L/LANSTR01_Lance_Stroll/lanstr01.png.transform/1col/image.png,CAN,9582,1243
20,K MAGNUSSEN,Kevin MAGNUSSEN,MAG,Haas F1 Team,B6BABD,Kevin,Magnussen,https://media.formula1.com/d_driver_fallback_image.png/content/dam/fom-website/drivers/K/KEVMAG01_Kevin_Magnussen/kevmag01.png.transform/1col/image.png,DEN,9582,1243
22,Y TSUNODA,Yuki TSUNODA,TSU,RB,6692FF,Yuki,Tsunoda,https://media.formula1.com/d_driver_fallback_image.png/content/dam/fom-website/drivers/Y/YUKTSU01_Yuki_Tsunoda/yuktsu01.png.transform/1col/image.png,JPN,9582,1243
23,A ALBON,Alexander ALBON,ALB,Williams,64C4FF,Alexander,Albon,https://media.formula1.com/d_driver_fallback_image.png/content/dam/fom-website/drivers/A/ALEALB01_Alexander_Albon/alealb01.png.transform/1col/image.png,THA,9582,1243
24,G ZHOU,ZHOU Guanyu,ZHO,Kick Sauber,52E252,Guanyu,Zhou,https://media.formula1.com/d_driver_fallback_image.png/content/dam/fom-website/drivers/G/GUAZHO01_Guanyu_Zhou/guazho01.png.transform/1col/image.png,CHN,9582,1243
27,N HULKENBERG,Nico HULKENBERG,HUL,Haas F1 Team,B6BABD,Nico,Hulkenberg,https://media.formula1.com/d_driver_fallback_image.png/content/dam/fom-website/drivers/N/NICHUL01_Nico_Hulkenberg/nichul01.png.transform/1col/image.png,GER,9582,1243
31,E OCON,Esteban OCON,OCO,Alpine,0093CC,Esteban,Ocon,https://media.formula1.com/d_driver_fallback_image.png/content/dam/fom-website/drivers/E/ESTOCO01_Esteban_Ocon/estoco01.png.transform/1col/image.png,FRA,9582,1243
44,L HAMILTON,Lewis HAMILTON,HAM,Mercedes,27F4D2,Lewis,Hamilton,https://media.formula1.com/d_driver_fallback_image.png/content/dam/fom-website/drivers/L/LEWHAM01_Lewis_Hamilton/lewham01.png.transform/1col/image.png,GBR,9582,1243
55,C SAINZ,Carlos SAINZ,SAI,Ferrari,E80020,Carlos,Sainz,https://media.formula1.com/d_driver_fallback_image.png/content/dam/fom-website/drivers/C/CARSAI01_Carlos_Sainz/carsai01.png.transform/1col/image.png,ESP,9582,1243
63,G RUSSELL,George RUSSELL,RUS,Mercedes,27F4D2,George,Russell,https://media.formula1.com/d_driver_fallback_image.png/content/dam/fom-website/drivers/G/GEORUS01_George_Russell/georus01.png.transform/1col/image.png,GBR,9582,1243
77,V BOTTAS,Valtteri BOTTAS,BOT,Kick Sauber,52E252,Valtteri,Bottas,https://media.formula1.com/d_driver_fallback_image.png/content/dam/fom-website/drivers/V/VALBOT01_Valtteri_Bottas/valbot01.png.transform/1col/image.png,FIN,9582,1243
81,O PIASTRI,Oscar PIASTRI,PIA,McLaren,FF8000,Oscar,Piastri,https://media.formula1.com/d_driver_fallback_image.png/content/dam/fom-website/drivers/O/OSCPIA01_Oscar_Piastri/oscpia01.png.transform/1col/image.png,AUS,9582,1243
1,M VERSTAPPEN,Max VERSTAPPEN,VER,Red Bull Racing,3671C6,Max,Verstappen,https://media.formula1.com/d_driver_fallback_image.png/content/dam/fom-website/drivers/M/MAXVER01_Max_Verstappen/maxver01.png.transform/1col/image.png,NED,9583,1244
3,D RICCIARDO,Daniel RICCIARDO,RIC,RB,6692FF,Daniel,Ricciardo,https://media.formula1.com/d_driver_fallback_image.png/content/dam/fom-website/drivers/D/DANRIC01_Daniel_Ricciardo/danric01.png.transform/1col/image.png,AUS,9583,1244
4,L NORRIS,Lando NORRIS,NOR,McLaren,FF8000,Lando,Norris,https://media.formula1.com/d_driver_fallback_image.png/content/dam/fom-website/drivers/L/LANNOR01_Lando_Norris/lannor01.png.transform/1col/image.png,GBR,9583,1244
10,P GASLY,Pierre GASLY,GAS,Alpine,0093CC,Pierre,Gasly,https://media.formula1.com/d_driver_fallback_image.png/content/dam/fom-website/drivers/P/PIEGAS01_Pierre_Gasly/piegas01.png.transform/1col/image.png,FRA,9583,1244
11,S PEREZ,Sergio PEREZ,PER,Red Bull Racing,3671C6,Sergio,Perez,https://media.formula1.com/d_driver_fallback_image.png/content/dam/fom-website/drivers/S/SERPER01_Sergio_Perez/serper01.png.transform/1col/image.png,MEX,9583,1244
12,A ANTONELLI,Andrea Kimi ANTONELLI,ANT,Mercedes,27F4D2,Andrea Kimi,Antonelli,,ITA,9583,1244
14,F ALONSO,Fernando ALONSO,ALO,Aston Martin,229971,Fernando,Alonso,https://media.formula1.com/d_driver_fallback_image.png/content/dam/fom-website/drivers/F/FERALO01_Fernando_Alonso/feralo01.png.transform/1col/image.png,ESP,9583,1244
16,C LECLERC,Charles LECLERC,LEC,Ferrari,E80020,Charles,Leclerc,https://media.formula1.com/d_driver_fallback_image.png/content/dam/fom-website/drivers/C/CHALEC01_Charles_Leclerc/chalec01.png.transform/1col/image.png,MON,9583,1244
18,L STROLL,Lance STROLL,STR,Aston Martin,229971,Lance,Stroll,https://media.formula1.com/d_driver_fallback_image.png/content/dam/fom-website/drivers/L/LANSTR01_Lance_Stroll/lanstr01.png.transform/1col/image.png,CAN,9583,1244
20,K MAGNUSSEN,Kevin MAGNUSSEN,MAG,Haas F1 Team,B6BABD,Kevin,Magnussen,https://media.formula1.com/d_driver_fallback_image.png/content/dam/fom-website/drivers/K/KEVMAG01_Kevin_Magnussen/kevmag01.png.transform/1col/image.png,DEN,9583,1244
22,Y TSUNODA,Yuki TSUNODA,TSU,RB,6692FF,Yuki,Tsunoda,https://media.formula1.com/d_driver_fallback_image.png/content/dam/fom-website/drivers/Y/YUKTSU01_Yuki_Tsunoda/yuktsu01.png.transform/1col/image.png,JPN,9583,1244
23,A ALBON,Alexander ALBON,ALB,Williams,64C4FF,Alexander,Albon,https://media.formula1.com/d_driver_fallback_image.png/content/dam/fom-website/drivers/A/ALEALB01_Alexander_Albon/alealb01.png.transform/1col/image.png,THA,9583,1244
24,G ZHOU,ZHOU Guanyu,ZHO,Kick Sauber,52E252,Guanyu,Zhou,https://media.formula1.com/d_driver_fallback_image.png/content/dam/fom-website/drivers/G/GUAZHO01_Guanyu_Zhou/guazho01.png.transform/1col/image.png,CHN,9583,1244
27,N HULKENBERG,Nico HULKENBERG,HUL,Haas F1 Team,B6BABD,Nico,Hulkenberg,https://media.formula1.com/d_driver_fallback_image.png/content/dam/fom-website/drivers/N/NICHUL01_Nico_Hulkenberg/nichul01.png.transform/1col/image.png,GER,9583,1244
31,E OCON,Esteban OCON,OCO,Alpine,0093CC,Esteban,Ocon,https://media.formula1.com/d_driver_fallback_image.png/content/dam/fom-website/drivers/E/ESTOCO01_Esteban_Ocon/estoco01.png.transform/1col/image.png,FRA,9583,1244
43,F COLAPINTO,Franco COLAPINTO,COL,Williams,64C4FF,Franco,Colapinto,,ARG,9583,1244
44,L HAMILTON,Lewis HAMILTON,HAM,Mercedes,27F4D2,Lewis,Hamilton,https://media.formula1.com/d_driver_fallback_image.png/content/dam/fom-website/drivers/L/LEWHAM01_Lewis_Hamilton/lewham01.png.transform/1col/image.png,GBR,9583,1244
55,C SAINZ,Carlos SAINZ,SAI,Ferrari,E80020,Carlos,Sainz,https://media.formula1.com/d_driver_fallback_image.png/content/dam/fom-website/drivers/C/CARSAI01_Carlos_Sainz/carsai01.png.transform/1col/image.png,ESP,9583,1244
77,V BOTTAS,Valtteri BOTTAS,BOT,Kick Sauber,52E252,Valtteri,Bottas,https://media.formula1.com/d_driver_fallback_image.png/content/dam/fom-website/drivers/V/VALBOT01_Valtteri_Bottas/valbot01.png.transform/1col/image.png,FIN,9583,1244
81,O PIASTRI,Oscar PIASTRI,PIA,McLaren,FF8000,Oscar,Piastri,https://media.formula1.com/d_driver_fallback_image.png/content/dam/fom-website/drivers/O/OSCPIA01_Oscar_Piastri/oscpia01.png.transform/1col/image.png,AUS,9583,1244
1,M VERSTAPPEN,Max VERSTAPPEN,VER,Red Bull Racing,3671C6,Max,Verstappen,https://media.formula1.com/d_driver_fallback_image.png/content/dam/fom-website/drivers/M/MAXVER01_Max_Verstappen/maxver01.png.transform/1col/image.png,NED,9584,1244
3,D RICCIARDO,Daniel RICCIARDO,RIC,RB,6692FF,Daniel,Ricciardo,https://media.formula1.com/d_driver_fallback_image.png/content/dam/fom-website/drivers/D/DANRIC01_Daniel_Ricciardo/danric01.png.transform/1col/image.png,AUS,9584,1244
4,L NORRIS,Lando NORRIS,NOR,McLaren,FF8000,Lando,Norris,https://media.formula1.com/d_driver_fallback_image.png/content/dam/fom-website/drivers/L/LANNOR01_Lando_Norris/lannor01.png.transform/1col/image.png,GBR,9584,1244
10,P GASLY,Pierre GASLY,GAS,Alpine,0093CC,Pierre,Gasly,https://media.formula1.com/d_driver_fallback_image.png/content/dam/fom-website/drivers/P/PIEGAS01_Pierre_Gasly/piegas01.png.transform/1col/image.png,FRA,9584,1244
11,S PEREZ,Sergio PEREZ,PER,Red Bull Racing,3671C6,Sergio,Perez,https://media.formula1.com/d_driver_fallback_image.png/content/dam/fom-website/drivers/S/SERPER01_Sergio_Perez/serper01.png.transform/1col/image.png,MEX,9584,1244
14,F ALONSO,Fernando ALONSO,ALO,Aston Martin,229971,Fernando,Alonso,https://media.formula1.com/d_driver_fallback_image.png/content/dam/fom-website/drivers/F/FERALO01_Fernando_Alonso/feralo01.png.transform/1col/image.png,ESP,9584,1244
16,C LECLERC,Charles LECLERC,LEC,Ferrari,E80020,Charles,Leclerc,https://media.formula1.com/d_driver_fallback_image.png/content/dam/fom-website/drivers/C/CHALEC01_Charles_Leclerc/chalec01.png.transform/1col/image.png,MON,9584,1244
18,L STROLL,Lance STROLL,STR,Aston Martin,229971,Lance,Stroll,https://media.formula1.com/d_driver_fallback_image.png/content/dam/fom-website/drivers/L/LANSTR01_Lance_Stroll/lanstr01.png.transform/1col/image.png,CAN,9584,1244
20,K MAGNUSSEN,Kevin MAGNUSSEN,MAG,Haas F1 Team,B6BABD,Kevin,Magnussen,https://media.formula1.com/d_driver_fallback_image.png/content/dam/fom-website/drivers/K/KEVMAG01_Kevin_Magnussen/kevmag01.png.transform/1col/image.png,DEN,9584,1244
22,Y TSUNODA,Yuki TSUNODA,TSU,RB,6692FF,Yuki,Tsunoda,https://media.formula1.com/d_driver_fallback_image.png/content/dam/fom-website/drivers/Y/YUKTSU01_Yuki_Tsunoda/yuktsu01.png.transform/1col/image.png,JPN,9584,1244
23,A ALBON,Alexander ALBON,ALB,Williams,64C4FF,Alexander,Albon,https://media.formula1.com/d_driver_fallback_image.png/content/dam/fom-website/drivers/A/ALEALB01_Alexander_Albon/alealb01.png.transform/1col/image.png,THA,9584,1244
24,G ZHOU,ZHOU Guanyu,ZHO,Kick Sauber,52E252,Guanyu,Zhou,https://media.formula1.com/d_driver_fallback_image.png/content/dam/fom-website/drivers/G/GUAZHO01_Guanyu_Zhou/guazho01.png.transform/1col/image.png,CHN,9584,1244
27,N HULKENBERG,Nico HULKENBERG,HUL,Haas F1 Team,B6BABD,Nico,Hulkenberg,https://media.formula1.com/d_driver_fallback_image.png/content/dam/fom-website/drivers/N/NICHUL01_Nico_Hulkenberg/nichul01.png.transform/1col/image.png,GER,9584,1244
31,E OCON,Esteban OCON,OCO,Alpine,0093CC,Esteban,Ocon,https://media.formula1.com/d_driver_fallback_image.png/content/dam/fom-website/drivers/E/ESTOCO01_Esteban_Ocon/estoco01.png.transform/1col/image.png,FRA,9584,1244
43,F COLAPINTO,Franco COLAPINTO,COL,Williams,64C4FF,Franco,Colapinto,,ARG,9584,1244
44,L HAMILTON,Lewis HAMILTON,HAM,Mercedes,27F4D2,Lewis,Hamilton,https://media.formula1.com/d_driver_fallback_image.png/content/dam/fom-website/drivers/L/LEWHAM01_Lewis_Hamilton/lewham01.png.transform/1col/image.png,GBR,9584,1244
55,C SAINZ,Carlos SAINZ,SAI,Ferrari,E80020,Carlos,Sainz,https://media.formula1.com/d_driver_fallback_image.png/content/dam/fom-website/drivers/C/CARSAI01_Carlos_Sainz/carsai01.png.transform/1col/image.png,ESP,9584,1244
63,G RUSSELL,George RUSSELL,RUS,Mercedes,27F4D2,George,Russell,https://media.formula1.com/d_driver_fallback_image.png/content/dam/fom-website/drivers/G/GEORUS01_George_Russell/georus01.png.transform/1col/image.png,GBR,9584,1244
77,V BOTTAS,Valtteri BOTTAS,BOT,Kick Sauber,52E252,Valtteri,Bottas,https://media.formula1.com/d_driver_fallback_image.png/content/dam/fom-website/drivers/V/VALBOT01_Valtteri_Bottas/valbot01.png.transform/1col/image.png,FIN,9584,1244
81,O PIASTRI,Oscar PIASTRI,PIA,McLaren,FF8000,Oscar,Piastri,https://media.formula1.com/d_driver_fallback_image.png/content/dam/fom-website/drivers/O/OSCPIA01_Oscar_Piastri/oscpia01.png.transform/1col/image.png,AUS,9584,1244
1,M VERSTAPPEN,Max VERSTAPPEN,VER,Red Bull Racing,3671C6,Max,Verstappen,https://media.formula1.com/d_driver_fallback_image.png/content/dam/fom-website/drivers/M/MAXVER01_Max_Verstappen/maxver01.png.transform/1col/image.png,NED,9585,1244
3,D RICCIARDO,Daniel RICCIARDO,RIC,RB,6692FF,Daniel,Ricciardo,https://media.formula1.com/d_driver_fallback_image.png/content/dam/fom-website/drivers/D/DANRIC01_Daniel_Ricciardo/danric01.png.transform/1col/image.png,AUS,9585,1244
4,L NORRIS,Lando NORRIS,NOR,McLaren,FF8000,Lando,Norris,https://media.formula1.com/d_driver_fallback_image.png/content/dam/fom-website/drivers/L/LANNOR01_Lando_Norris/lannor01.png.transform/1col/image.png,GBR,9585,1244
10,P GASLY,Pierre GASLY,GAS,Alpine,0093CC,Pierre,Gasly,https://media.formula1.com/d_driver_fallback_image.png/content/dam/fom-website/drivers/P/PIEGAS01_Pierre_Gasly/piegas01.png.transform/1col/image.png,FRA,9585,1244
11,S PEREZ,Sergio PEREZ,PER,Red Bull Racing,3671C6,Sergio,Perez,https://media.formula1.com/d_driver_fallback_image.png/content/dam/fom-website/drivers/S/SERPER01_Sergio_Perez/serper01.png.transform/1col/image.png,MEX,9585,1244
14,F ALONSO,Fernando ALONSO,ALO,Aston Martin,229971,Fernando,Alonso,https://media.formula1.com/d_driver_fallback_image.png/content/dam/fom-website/drivers/F/FERALO01_Fernando_Alonso/feralo01.png.transform/1col/image.png,ESP,9585,1244
16,C LECLERC,Charles LECLERC,LEC,Ferrari,E80020,Charles,Leclerc,https://media.formula1.com/d_driver_fallback_image.png/content/dam/fom-website/drivers/C/CHALEC01_Charles_Leclerc/chalec01.png.transform/1col/image.png,MON,9585,1244
18,L STROLL,Lance STROLL,STR,Aston Martin,229971,Lance,Stroll,https://media.formula1.com/d_driver_fallback_image.png/content/dam/fom-website/drivers/L/LANSTR01_Lance_Stroll/lanstr01.png.transform/1col/image.png,CAN,9585,1244
20,K MAGNUSSEN,Kevin MAGNUSSEN,MAG,Haas F1 Team,B6BABD,Kevin,Magnussen,https://media.formula1.com/d_driver_fallback_image.png/content/dam/fom-website/drivers/K/KEVMAG01_Kevin_Magnussen/kevmag01.png.transform/1col/image.png,DEN,9585,1244
22,Y TSUNODA,Yuki TSUNODA,TSU,RB,6692FF,Yuki,Tsunoda,https://media.formula1.com/d_driver_fallback_image.png/content/dam/fom-website/drivers/Y/YUKTSU01_Yuki_Tsunoda/yuktsu01.png.transform/1col/image.png,JPN,9585,1244
23,A ALBON,Alexander ALBON,ALB,Williams,64C4FF,Alexander,Albon,https://media.formula1.com/d_driver_fallback_image.png/content/dam/fom-website/drivers/A/ALEALB01_Alexander_Albon/alealb01.png.transform/1col/image.png,THA,9585,1244
24,G ZHOU,ZHOU Guanyu,ZHO,Kick Sauber,52E252,Guanyu,Zhou,https://media.formula1.com/d_driver_fallback_image.png/content/dam/fom-website/drivers/G/GUAZHO01_Guanyu_Zhou/guazho01.png.transform/1col/image.png,CHN,9585,1244
27,N HULKENBERG,Nico HULKENBERG,HUL,Haas F1 Team,B6BABD,Nico,Hulkenberg,https://media.formula1.com/d_driver_fallback_image.png/content/dam/fom-website/drivers/N/NICHUL01_Nico_Hulkenberg/nichul01.png.transform/1col/image.png,GER,9585,1244
31,E OCON,Esteban OCON,OCO,Alpine,0093CC,Esteban,Ocon,https://media.formula1.com/d_driver_fallback_image.png/content/dam/fom-website/drivers/E/ESTOCO01_Esteban_Ocon/estoco01.png.transform/1col/image.png,FRA,9585,1244
43,F COLAPINTO,Franco COLAPINTO,COL,Williams,64C4FF,Franco,Colapinto,,ARG,9585,1244
44,L HAMILTON,Lewis HAMILTON,HAM,Mercedes,27F4D2,Lewis,Hamilton,https://media.formula1.com/d_driver_fallback_image.png/content/dam/fom-website/drivers/L/LEWHAM01_Lewis_Hamilton/lewham01.png.transform/1col/image.png,GBR,9585,1244
55,C SAINZ,Carlos SAINZ,SAI,Ferrari,E80020,Carlos,Sainz,https://media.formula1.com/d_driver_fallback_image.png/content/dam/fom-website/drivers/C/CARSAI01_Carlos_Sainz/carsai01.png.transform/1col/image.png,ESP,9585,1244
63,G RUSSELL,George RUSSELL,RUS,Mercedes,27F4D2,George,Russell,https://media.formula1.com/d_driver_fallback_image.png/content/dam/fom-website/drivers/G/GEORUS01_George_Russell/georus01.png.transform/1col/image.png,GBR,9585,1244
77,V BOTTAS,Valtteri BOTTAS,BOT,Kick Sauber,52E252,Valtteri,Bottas,https://media.formula1.com/d_driver_fallback_image.png/content/dam/fom-website/drivers/V/VALBOT01_Valtteri_Bottas/valbot01.png.transform/1col/image.png,FIN,9585,1244
81,O PIASTRI,Oscar PIASTRI,PIA,McLaren,FF8000,Oscar,Piastri,https://media.formula1.com/d_driver_fallback_image.png/content/dam/fom-website/drivers/O/OSCPIA01_Oscar_Piastri/oscpia01.png.transform/1col/image.png,AUS,9585,1244
1,M VERSTAPPEN,Max VERSTAPPEN,VER,Red Bull Racing,3671C6,Max,Verstappen,https://media.formula1.com/d_driver_fallback_image.png/content/dam/fom-website/drivers/M/MAXVER01_Max_Verstappen/maxver01.png.transform/1col/image.png,NED,9586,1244
3,D RICCIARDO,Daniel RICCIARDO,RIC,RB,6692FF,Daniel,Ricciardo,https://media.formula1.com/d_driver_fallback_image.png/content/dam/fom-website/drivers/D/DANRIC01_Daniel_Ricciardo/danric01.png.transform/1col/image.png,AUS,9586,1244
4,L NORRIS,Lando NORRIS,NOR,McLaren,FF8000,Lando,Norris,https://media.formula1.com/d_driver_fallback_image.png/content/dam/fom-website/drivers/L/LANNOR01_Lando_Norris/lannor01.png.transform/1col/image.png,GBR,9586,1244
10,P GASLY,Pierre GASLY,GAS,Alpine,0093CC,Pierre,Gasly,https://media.formula1.com/d_driver_fallback_image.png/content/dam/fom-website/drivers/P/PIEGAS01_Pierre_Gasly/piegas01.png.transform/1col/image.png,FRA,9586,1244
11,S PEREZ,Sergio PEREZ,PER,Red Bull Racing,3671C6,Sergio,Perez,https://media.formula1.com/d_driver_fallback_image.png/content/dam/fom-website/drivers/S/SERPER01_Sergio_Perez/serper01.png.transform/1col/image.png,MEX,9586,1244
14,F ALONSO,Fernando ALONSO,ALO,Aston Martin,229971,Fernando,Alonso,https://media.formula1.com/d_driver_fallback_image.png/content/dam/fom-website/drivers/F/FERALO01_Fernando_Alonso/feralo01.png.transform/1col/image.png,ESP,9586,1244
16,C LECLERC,Charles LECLERC,LEC,Ferrari,E80020,Charles,Leclerc,https://media.formula1.com/d_driver_fallback_image.png/content/dam/fom-website/drivers/C/CHALEC01_Charles_Leclerc/chalec01.png.transform/1col/image.png,MON,9586,1244
18,L STROLL,Lance STROLL,STR,Aston Martin,229971,Lance,Stroll,https://media.formula1.com/d_driver_fallback_image.png/content/dam/fom-website/drivers/L/LANSTR01_Lance_Stroll/lanstr01.png.transform/1col/image.png,CAN,9586,1244
20,K MAGNUSSEN,Kevin MAGNUSSEN,MAG,Haas F1 Team,B6BABD,Kevin,Magnussen,https://media.formula1.com/d_driver_fallback_image.png/content/dam/fom-website/drivers/K/KEVMAG01_Kevin_Magnussen/kevmag01.png.transform/1col/image.png,DEN,9586,1244
22,Y TSUNODA,Yuki TSUNODA,TSU,RB,6692FF,Yuki,Tsunoda,https://media.formula1.com/d_driver_fallback_image.png/content/dam/fom-website/drivers/Y/YUKTSU01_Yuki_Tsunoda/yuktsu01.png.transform/1col/image.png,JPN,9586,1244
23,A ALBON,Alexander ALBON,ALB,Williams,64C4FF,Alexander,Albon,https://media.formula1.com/d_driver_fallback_image.png/content/dam/fom-website/drivers/A/ALEALB01_Alexander_Albon/alealb01.png.transform/1col/image.png,THA,9586,1244
24,G ZHOU,ZHOU Guanyu,ZHO,Kick Sauber,52E252,Guanyu,Zhou,https://media.formula1.com/d_driver_fallback_image.png/content/dam/fom-website/drivers/G/GUAZHO01_Guanyu_Zhou/guazho01.png.transform/1col/image.png,CHN,9586,1244
27,N HULKENBERG,Nico HULKENBERG,HUL,Haas F1 Team,B6BABD,Nico,Hulkenberg,https://media.formula1.com/d_driver_fallback_image.png/content/dam/fom-website/drivers/N/NICHUL01_Nico_Hulkenberg/nichul01.png.transform/1col/image.png,GER,9586,1244
31,E OCON,Esteban OCON,OCO,Alpine,0093CC,Esteban,Ocon,https://media.formula1.com/d_driver_fallback_image.png/content/dam/fom-website/drivers/E/ESTOCO01_Esteban_Ocon/estoco01.png.transform/1col/image.png,FRA,9586,1244
43,F COLAPINTO,Franco COLAPINTO,COL,Williams,64C4FF,Franco,Colapinto,,ARG,9586,1244
44,L HAMILTON,Lewis HAMILTON,HAM,Mercedes,27F4D2,Lewis,Hamilton,https://media.formula1.com/d_driver_fallback_image.png/content/dam/fom-website/drivers/L/LEWHAM01_Lewis_Hamilton/lewham01.png.transform/1col/image.png,GBR,9586,1244
55,C SAINZ,Carlos SAINZ,SAI,Ferrari,E80020,Carlos,Sainz,https://media.formula1.com/d_driver_fallback_image.png/content/dam/fom-website/drivers/C/CARSAI01_Carlos_Sainz/carsai01.png.transform/1col/image.png,ESP,9586,1244
63,G RUSSELL,George RUSSELL,RUS,Mercedes,27F4D2,George,Russell,https://media.formula1.com/d_driver_fallback_image.png/content/dam/fom-website/drivers/G/GEORUS01_George_Russell/georus01.png.transform/1col/image.png,GBR,9586,1244
77,V BOTTAS,Valtteri BOTTAS,BOT,Kick Sauber,52E252,Valtteri,Bottas,https://media.formula1.com/d_driver_fallback_image.png/content/dam/fom-website/drivers/V/VALBOT01_Valtteri_Bottas/valbot01.png.transform/1col/image.png,FIN,9586,1244
81,O PIASTRI,Oscar PIASTRI,PIA,McLaren,FF8000,Oscar,Piastri,https://media.formula1.com/d_driver_fallback_image.png/content/dam/fom-website/drivers/O/OSCPIA01_Oscar_Piastri/oscpia01.png.transform/1col/image.png,AUS,9586,1244
1,M VERSTAPPEN,Max VERSTAPPEN,VER,Red Bull Racing,3671C6,Max,Verstappen,https://media.formula1.com/d_driver_fallback_image.png/content/dam/fom-website/drivers/M/MAXVER01_Max_Verstappen/maxver01.png.transform/1col/image.png,NED,9590,1244
3,D RICCIARDO,Daniel RICCIARDO,RIC,RB,6692FF,Daniel,Ricciardo,https://media.formula1.com/d_driver_fallback_image.png/content/dam/fom-website/drivers/D/DANRIC01_Daniel_Ricciardo/danric01.png.transform/1col/image.png,AUS,9590,1244
4,L NORRIS,Lando NORRIS,NOR,McLaren,FF8000,Lando,Norris,https://media.formula1.com/d_driver_fallback_image.png/content/dam/fom-website/drivers/L/LANNOR01_Lando_Norris/lannor01.png.transform/1col/image.png,GBR,9590,1244
10,P GASLY,Pierre GASLY,GAS,Alpine,0093cc,Pierre,Gasly,https://media.formula1.com/d_driver_fallback_image.png/content/dam/fom-website/drivers/P/PIEGAS01_Pierre_Gasly/piegas01.png.transform/1col/image.png,FRA,9590,1244
11,S PEREZ,Sergio PEREZ,PER,Red Bull Racing,3671C6,Sergio,Perez,https://media.formula1.com/d_driver_fallback_image.png/content/dam/fom-website/drivers/S/SERPER01_Sergio_Perez/serper01.png.transform/1col/image.png,MEX,9590,1244
14,F ALONSO,Fernando ALONSO,ALO,Aston Martin,229971,Fernando,Alonso,https://media.formula1.com/d_driver_fallback_image.png/content/dam/fom-website/drivers/F/FERALO01_Fernando_Alonso/feralo01.png.transform/1col/image.png,ESP,9590,1244
16,C LECLERC,Charles LECLERC,LEC,Ferrari,E80020,Charles,Leclerc,https://media.formula1.com/d_driver_fallback_image.png/content/dam/fom-website/drivers/C/CHALEC01_Charles_Leclerc/chalec01.png.transform/1col/image.png,MON,9590,1244
18,L STROLL,Lance STROLL,STR,Aston Martin,229971,Lance,Stroll,https://media.formula1.com/d_driver_fallback_image.png/content/dam/fom-website/drivers/L/LANSTR01_Lance_Stroll/lanstr01.png.transform/1col/image.png,CAN,9590,1244
20,K MAGNUSSEN,Kevin MAGNUSSEN,MAG,Haas F1 Team,B6BABD,Kevin,Magnussen,https://media.formula1.com/d_driver_fallback_image.png/content/dam/fom-website/drivers/K/KEVMAG01_Kevin_Magnussen/kevmag01.png.transform/1col/image.png,DEN,9590,1244
22,Y TSUNODA,Yuki TSUNODA,TSU,RB,6692FF,Yuki,Tsunoda,https://media.formula1.com/d_driver_fallback_image.png/content/dam/fom-website/drivers/Y/YUKTSU01_Yuki_Tsunoda/yuktsu01.png.transform/1col/image.png,JPN,9590,1244
23,A ALBON,Alexander ALBON,ALB,Williams,64C4FF,Alexander,Albon,https://media.formula1.com/d_driver_fallback_image.png/content/dam/fom-website/drivers/A/ALEALB01_Alexander_Albon/alealb01.png.transform/1col/image.png,THA,9590,1244
24,G ZHOU,ZHOU Guanyu,ZHO,Kick Sauber,52E252,Guanyu,Zhou,https://media.formula1.com/d_driver_fallback_image.png/content/dam/fom-website/drivers/G/GUAZHO01_Guanyu_Zhou/guazho01.png.transform/1col/image.png,CHN,9590,1244
27,N HULKENBERG,Nico HULKENBERG,HUL,Haas F1 Team,B6BABD,Nico,Hulkenberg,https://media.formula1.com/d_driver_fallback_image.png/content/dam/fom-website/drivers/N/NICHUL01_Nico_Hulkenberg/nichul01.png.transform/1col/image.png,GER,9590,1244
31,E OCON,Esteban OCON,OCO,Alpine,0093cc,Esteban,Ocon,https://media.formula1.com/d_driver_fallback_image.png/content/dam/fom-website/drivers/E/ESTOCO01_Esteban_Ocon/estoco01.png.transform/1col/image.png,FRA,9590,1244
43,F COLAPINTO,Franco COLAPINTO,COL,,,,,,,9590,1244
44,L HAMILTON,Lewis HAMILTON,HAM,Mercedes,27F4D2,Lewis,Hamilton,https://media.formula1.com/d_driver_fallback_image.png/content/dam/fom-website/drivers/L/LEWHAM01_Lewis_Hamilton/lewham01.png.transform/1col/image.png,GBR,9590,1244
55,C SAINZ,Carlos SAINZ,SAI,Ferrari,E80020,Carlos,Sainz,https://media.formula1.com/d_driver_fallback_image.png/content/dam/fom-website/drivers/C/CARSAI01_Carlos_Sainz/carsai01.png.transform/1col/image.png,ESP,9590,1244
63,G RUSSELL,George RUSSELL,RUS,Mercedes,27F4D2,George,Russell,https://media.formula1.com/d_driver_fallback_image.png/content/dam/fom-website/drivers/G/GEORUS01_George_Russell/georus01.png.transform/1col/image.png,GBR,9590,1244
77,V BOTTAS,Valtteri BOTTAS,BOT,Kick Sauber,52E252,Valtteri,Bottas,https://media.formula1.com/d_driver_fallback_image.png/content/dam/fom-website/drivers/V/VALBOT01_Valtteri_Bottas/valbot01.png.transform/1col/image.png,FIN,9590,1244
81,O PIASTRI,Oscar PIASTRI,PIA,McLaren,FF8000,Oscar,Piastri,https://media.formula1.com/d_driver_fallback_image.png/content/dam/fom-website/drivers/O/OSCPIA01_Oscar_Piastri/oscpia01.png.transform/1col/image.png,AUS,9590,1244
1,M VERSTAPPEN,Max VERSTAPPEN,VER,Red Bull Racing,3671C6,Max,Verstappen,https://media.formula1.com/d_driver_fallback_image.png/content/dam/fom-website/drivers/M/MAXVER01_Max_Verstappen/maxver01.png.transform/1col/image.png,NED,9591,1245
3,D RICCIARDO,Daniel RICCIARDO,RIC,RB,6692FF,Daniel,Ricciardo,https://media.formula1.com/d_driver_fallback_image.png/content/dam/fom-website/drivers/D/DANRIC01_Daniel_Ricciardo/danric01.png.transform/1col/image.png,AUS,9591,1245
4,L NORRIS,Lando NORRIS,NOR,McLaren,FF8000,Lando,Norris,https://media.formula1.com/d_driver_fallback_image.png/content/dam/fom-website/drivers/L/LANNOR01_Lando_Norris/lannor01.png.transform/1col/image.png,GBR,9591,1245
10,P GASLY,Pierre GASLY,GAS,Alpine,0093CC,Pierre,Gasly,https://media.formula1.com/d_driver_fallback_image.png/content/dam/fom-website/drivers/P/PIEGAS01_Pierre_Gasly/piegas01.png.transform/1col/image.png,FRA,9591,1245
11,S PEREZ,Sergio PEREZ,PER,Red Bull Racing,3671C6,Sergio,Perez,https://media.formula1.com/d_driver_fallback_image.png/content/dam/fom-website/drivers/S/SERPER01_Sergio_Perez/serper01.png.transform/1col/image.png,MEX,9591,1245
14,F ALONSO,Fernando ALONSO,ALO,Aston Martin,229971,Fernando,Alonso,https://media.formula1.com/d_driver_fallback_image.png/content/dam/fom-website/drivers/F/FERALO01_Fernando_Alonso/feralo01.png.transform/1col/image.png,ESP,9591,1245
16,C LECLERC,Charles LECLERC,LEC,Ferrari,E80020,Charles,Leclerc,https://media.formula1.com/d_driver_fallback_image.png/content/dam/fom-website/drivers/C/CHALEC01_Charles_Leclerc/chalec01.png.transform/1col/image.png,MON,9591,1245
18,L STROLL,Lance STROLL,STR,Aston Martin,229971,Lance,Stroll,https://media.formula1.com/d_driver_fallback_image.png/content/dam/fom-website/drivers/L/LANSTR01_Lance_Stroll/lanstr01.png.transform/1col/image.png,CAN,9591,1245
22,Y TSUNODA,Yuki TSUNODA,TSU,RB,6692FF,Yuki,Tsunoda,https://media.formula1.com/d_driver_fallback_image.png/content/dam/fom-website/drivers/Y/YUKTSU01_Yuki_Tsunoda/yuktsu01.png.transform/1col/image.png,JPN,9591,1245
23,A ALBON,Alexander ALBON,ALB,Williams,64C4FF,Alexander,Albon,https://media.formula1.com/d_driver_fallback_image.png/content/dam/fom-website/drivers/A/ALEALB01_Alexander_Albon/alealb01.png.transform/1col/image.png,THA,9591,1245
24,G ZHOU,ZHOU Guanyu,ZHO,Kick Sauber,52E252,Guanyu,Zhou,https://media.formula1.com/d_driver_fallback_image.png/content/dam/fom-website/drivers/G/GUAZHO01_Guanyu_Zhou/guazho01.png.transform/1col/image.png,CHN,9591,1245
27,N HULKENBERG,Nico HULKENBERG,HUL,Haas F1 Team,B6BABD,Nico,Hulkenberg,https://media.formula1.com/d_driver_fallback_image.png/content/dam/fom-website/drivers/N/NICHUL01_Nico_Hulkenberg/nichul01.png.transform/1col/image.png,GER,9591,1245
31,E OCON,Esteban OCON,OCO,Alpine,0093CC,Esteban,Ocon,https://media.formula1.com/d_driver_fallback_image.png/content/dam/fom-website/drivers/E/ESTOCO01_Esteban_Ocon/estoco01.png.transform/1col/image.png,FRA,9591,1245
43,F COLAPINTO,Franco COLAPINTO,COL,Williams,64C4FF,Franco,Colapinto,,ARG,9591,1245
44,L HAMILTON,Lewis HAMILTON,HAM,Mercedes,27F4D2,Lewis,Hamilton,https://media.formula1.com/d_driver_fallback_image.png/content/dam/fom-website/drivers/L/LEWHAM01_Lewis_Hamilton/lewham01.png.transform/1col/image.png,GBR,9591,1245
50,O BEARMAN,Oliver BEARMAN,BEA,Haas F1 Team,B6BABD,Oliver,Bearman,,GBR,9591,1245
55,C SAINZ,Carlos SAINZ,SAI,Ferrari,E80020,Carlos,Sainz,https://media.formula1.com/d_driver_fallback_image.png/content/dam/fom-website/drivers/C/CARSAI01_Carlos_Sainz/carsai01.png.transform/1col/image.png,ESP,9591,1245
63,G RUSSELL,George RUSSELL,RUS,Mercedes,27F4D2,George,Russell,https://media.formula1.com/d_driver_fallback_image.png/content/dam/fom-website/drivers/G/GEORUS01_George_Russell/georus01.png.transform/1col/image.png,GBR,9591,1245
77,V BOTTAS,Valtteri BOTTAS,BOT,Kick Sauber,52E252,Valtteri,Bottas,https://media.formula1.com/d_driver_fallback_image.png/content/dam/fom-website/drivers/V/VALBOT01_Valtteri_Bottas/valbot01.png.transform/1col/image.png,FIN,9591,1245
81,O PIASTRI,Oscar PIASTRI,PIA,McLaren,FF8000,Oscar,Piastri,https://media.formula1.com/d_driver_fallback_image.png/content/dam/fom-website/drivers/O/OSCPIA01_Oscar_Piastri/oscpia01.png.transform/1col/image.png,AUS,9591,1245
1,M VERSTAPPEN,Max VERSTAPPEN,VER,Red Bull Racing,3671C6,Max,Verstappen,https://media.formula1.com/d_driver_fallback_image.png/content/dam/fom-website/drivers/M/MAXVER01_Max_Verstappen/maxver01.png.transform/1col/image.png,NED,9592,1245
3,D RICCIARDO,Daniel RICCIARDO,RIC,RB,6692FF,Daniel,Ricciardo,https://media.formula1.com/d_driver_fallback_image.png/content/dam/fom-website/drivers/D/DANRIC01_Daniel_Ricciardo/danric01.png.transform/1col/image.png,AUS,9592,1245
4,L NORRIS,Lando NORRIS,NOR,McLaren,FF8000,Lando,Norris,https://media.formula1.com/d_driver_fallback_image.png/content/dam/fom-website/drivers/L/LANNOR01_Lando_Norris/lannor01.png.transform/1col/image.png,GBR,9592,1245
10,P GASLY,Pierre GASLY,GAS,Alpine,0093CC,Pierre,Gasly,https://media.formula1.com/d_driver_fallback_image.png/content/dam/fom-website/drivers/P/PIEGAS01_Pierre_Gasly/piegas01.png.transform/1col/image.png,FRA,9592,1245
11,S PEREZ,Sergio PEREZ,PER,Red Bull Racing,3671C6,Sergio,Perez,https://media.formula1.com/d_driver_fallback_image.png/content/dam/fom-website/drivers/S/SERPER01_Sergio_Perez/serper01.png.transform/1col/image.png,MEX,9592,1245
14,F ALONSO,Fernando ALONSO,ALO,Aston Martin,229971,Fernando,Alonso,https://media.formula1.com/d_driver_fallback_image.png/content/dam/fom-website/drivers/F/FERALO01_Fernando_Alonso/feralo01.png.transform/1col/image.png,ESP,9592,1245
16,C LECLERC,Charles LECLERC,LEC,Ferrari,E80020,Charles,Leclerc,https://media.formula1.com/d_driver_fallback_image.png/content/dam/fom-website/drivers/C/CHALEC01_Charles_Leclerc/chalec01.png.transform/1col/image.png,MON,9592,1245
18,L STROLL,Lance STROLL,STR,Aston Martin,229971,Lance,Stroll,https://media.formula1.com/d_driver_fallback_image.png/content/dam/fom-website/drivers/L/LANSTR01_Lance_Stroll/lanstr01.png.transform/1col/image.png,CAN,9592,1245
22,Y TSUNODA,Yuki TSUNODA,TSU,RB,6692FF,Yuki,Tsunoda,https://media.formula1.com/d_driver_fallback_image.png/content/dam/fom-website/drivers/Y/YUKTSU01_Yuki_Tsunoda/yuktsu01.png.transform/1col/image.png,JPN,9592,1245
23,A ALBON,Alexander ALBON,ALB,Williams,64C4FF,Alexander,Albon,https://media.formula1.com/d_driver_fallback_image.png/content/dam/fom-website/drivers/A/ALEALB01_Alexander_Albon/alealb01.png.transform/1col/image.png,THA,9592,1245
24,G ZHOU,ZHOU Guanyu,ZHO,Kick Sauber,52E252,Guanyu,Zhou,https://media.formula1.com/d_driver_fallback_image.png/content/dam/fom-website/drivers/G/GUAZHO01_Guanyu_Zhou/guazho01.png.transform/1col/image.png,CHN,9592,1245
27,N HULKENBERG,Nico HULKENBERG,HUL,Haas F1 Team,B6BABD,Nico,Hulkenberg,https://media.formula1.com/d_driver_fallback_image.png/content/dam/fom-website/drivers/N/NICHUL01_Nico_Hulkenberg/nichul01.png.transform/1col/image.png,GER,9592,1245
31,E OCON,Esteban OCON,OCO,Alpine,0093CC,Esteban,Ocon,https://media.formula1.com/d_driver_fallback_image.png/content/dam/fom-website/drivers/E/ESTOCO01_Esteban_Ocon/estoco01.png.transform/1col/image.png,FRA,9592,1245
43,F COLAPINTO,Franco COLAPINTO,COL,Williams,64C4FF,Franco,Colapinto,,ARG,9592,1245
44,L HAMILTON,Lewis HAMILTON,HAM,Mercedes,27F4D2,Lewis,Hamilton,https://media.formula1.com/d_driver_fallback_image.png/content/dam/fom-website/drivers/L/LEWHAM01_Lewis_Hamilton/lewham01.png.transform/1col/image.png,GBR,9592,1245
50,O BEARMAN,Oliver BEARMAN,BEA,Haas F1 Team,B6BABD,Oliver,Bearman,,GBR,9592,1245
55,C SAINZ,Carlos SAINZ,SAI,Ferrari,E80020,Carlos,Sainz,https://media.formula1.com/d_driver_fallback_image.png/content/dam/fom-website/drivers/C/CARSAI01_Carlos_Sainz/carsai01.png.transform/1col/image.png,ESP,9592,1245
63,G RUSSELL,George RUSSELL,RUS,Mercedes,27F4D2,George,Russell,https://media.formula1.com/d_driver_fallback_image.png/content/dam/fom-website/drivers/G/GEORUS01_George_Russell/georus01.png.transform/1col/image.png,GBR,9592,1245
77,V BOTTAS,Valtteri BOTTAS,BOT,Kick Sauber,52E252,Valtteri,Bottas,https://media.formula1.com/d_driver_fallback_image.png/content/dam/fom-website/drivers/V/VALBOT01_Valtteri_Bottas/valbot01.png.transform/1col/image.png,FIN,9592,1245
81,O PIASTRI,Oscar PIASTRI,PIA,McLaren,FF8000,Oscar,Piastri,https://media.formula1.com/d_driver_fallback_image.png/content/dam/fom-website/drivers/O/OSCPIA01_Oscar_Piastri/oscpia01.png.transform/1col/image.png,AUS,9592,1245
1,M VERSTAPPEN,Max VERSTAPPEN,VER,Red Bull Racing,3671C6,Max,Verstappen,https://media.formula1.com/d_driver_fallback_image.png/content/dam/fom-website/drivers/M/MAXVER01_Max_Verstappen/maxver01.png.transform/1col/image.png,NED,9593,1245
3,D RICCIARDO,Daniel RICCIARDO,RIC,RB,6692FF,Daniel,Ricciardo,https://media.formula1.com/d_driver_fallback_image.png/content/dam/fom-website/drivers/D/DANRIC01_Daniel_Ricciardo/danric01.png.transform/1col/image.png,AUS,9593,1245
4,L NORRIS,Lando NORRIS,NOR,McLaren,FF8000,Lando,Norris,https://media.formula1.com/d_driver_fallback_image.png/content/dam/fom-website/drivers/L/LANNOR01_Lando_Norris/lannor01.png.transform/1col/image.png,GBR,9593,1245
10,P GASLY,Pierre GASLY,GAS,Alpine,0093CC,Pierre,Gasly,https://media.formula1.com/d_driver_fallback_image.png/content/dam/fom-website/drivers/P/PIEGAS01_Pierre_Gasly/piegas01.png.transform/1col/image.png,FRA,9593,1245
11,S PEREZ,Sergio PEREZ,PER,Red Bull Racing,3671C6,Sergio,Perez,https://media.formula1.com/d_driver_fallback_image.png/content/dam/fom-website/drivers/S/SERPER01_Sergio_Perez/serper01.png.transform/1col/image.png,MEX,9593,1245
14,F ALONSO,Fernando ALONSO,ALO,Aston Martin,229971,Fernando,Alonso,https://media.formula1.com/d_driver_fallback_image.png/content/dam/fom-website/drivers/F/FERALO01_Fernando_Alonso/feralo01.png.transform/1col/image.png,ESP,9593,1245
16,C LECLERC,Charles LECLERC,LEC,Ferrari,E80020,Charles,Leclerc,https://media.formula1.com/d_driver_fallback_image.png/content/dam/fom-website/drivers/C/CHALEC01_Charles_Leclerc/chalec01.png.transform/1col/image.png,MON,9593,1245
18,L STROLL,Lance STROLL,STR,Aston Martin,229971,Lance,Stroll,https://media.formula1.com/d_driver_fallback_image.png/content/dam/fom-website/drivers/L/LANSTR01_Lance_Stroll/lanstr01.png.transform/1col/image.png,CAN,9593,1245
22,Y TSUNODA,Yuki TSUNODA,TSU,RB,6692FF,Yuki,Tsunoda,https://media.formula1.com/d_driver_fallback_image.png/content/dam/fom-website/drivers/Y/YUKTSU01_Yuki_Tsunoda/yuktsu01.png.transform/1col/image.png,JPN,9593,1245
23,A ALBON,Alexander ALBON,ALB,Williams,64C4FF,Alexander,Albon,https://media.formula1.com/d_driver_fallback_image.png/content/dam/fom-website/drivers/A/ALEALB01_Alexander_Albon/alealb01.png.transform/1col/image.png,THA,9593,1245
24,G ZHOU,ZHOU Guanyu,ZHO,Kick Sauber,52E252,Guanyu,Zhou,https://media.formula1.com/d_driver_fallback_image.png/content/dam/fom-website/drivers/G/GUAZHO01_Guanyu_Zhou/guazho01.png.transform/1col/image.png,CHN,9593,1245
27,N HULKENBERG,Nico HULKENBERG,HUL,Haas F1 Team,B6BABD,Nico,Hulkenberg,https://media.formula1.com/d_driver_fallback_image.png/content/dam/fom-website/drivers/N/NICHUL01_Nico_Hulkenberg/nichul01.png.transform/1col/image.png,GER,9593,1245
31,E OCON,Esteban OCON,OCO,Alpine,0093CC,Esteban,Ocon,https://media.formula1.com/d_driver_fallback_image.png/content/dam/fom-website/drivers/E/ESTOCO01_Esteban_Ocon/estoco01.png.transform/1col/image.png,FRA,9593,1245
43,F COLAPINTO,Franco COLAPINTO,COL,Williams,64C4FF,Franco,Colapinto,,ARG,9593,1245
44,L HAMILTON,Lewis HAMILTON,HAM,Mercedes,27F4D2,Lewis,Hamilton,https://media.formula1.com/d_driver_fallback_image.png/content/dam/fom-website/drivers/L/LEWHAM01_Lewis_Hamilton/lewham01.png.transform/1col/image.png,GBR,9593,1245
50,O BEARMAN,Oliver BEARMAN,BEA,Haas F1 Team,B6BABD,Oliver,Bearman,,GBR,9593,1245
55,C SAINZ,Carlos SAINZ,SAI,Ferrari,E80020,Carlos,Sainz,https://media.formula1.com/d_driver_fallback_image.png/content/dam/fom-website/drivers/C/CARSAI01_Carlos_Sainz/carsai01.png.transform/1col/image.png,ESP,9593,1245
63,G RUSSELL,George RUSSELL,RUS,Mercedes,27F4D2,George,Russell,https://media.formula1.com/d_driver_fallback_image.png/content/dam/fom-website/drivers/G/GEORUS01_George_Russell/georus01.png.transform/1col/image.png,GBR,9593,1245
77,V BOTTAS,Valtteri BOTTAS,BOT,Kick Sauber,52E252,Valtteri,Bottas,https://media.formula1.com/d_driver_fallback_image.png/content/dam/fom-website/drivers/V/VALBOT01_Valtteri_Bottas/valbot01.png.transform/1col/image.png,FIN,9593,1245
81,O PIASTRI,Oscar PIASTRI,PIA,McLaren,FF8000,Oscar,Piastri,https://media.formula1.com/d_driver_fallback_image.png/content/dam/fom-website/drivers/O/OSCPIA01_Oscar_Piastri/oscpia01.png.transform/1col/image.png,AUS,9593,1245
1,M VERSTAPPEN,Max VERSTAPPEN,VER,Red Bull Racing,3671C6,Max,Verstappen,https://media.formula1.com/d_driver_fallback_image.png/content/dam/fom-website/drivers/M/MAXVER01_Max_Verstappen/maxver01.png.transform/1col/image.png,NED,9594,1245
3,D RICCIARDO,Daniel RICCIARDO,RIC,RB,6692FF,Daniel,Ricciardo,https://media.formula1.com/d_driver_fallback_image.png/content/dam/fom-website/drivers/D/DANRIC01_Daniel_Ricciardo/danric01.png.transform/1col/image.png,AUS,9594,1245
4,L NORRIS,Lando NORRIS,NOR,McLaren,FF8000,Lando,Norris,https://media.formula1.com/d_driver_fallback_image.png/content/dam/fom-website/drivers/L/LANNOR01_Lando_Norris/lannor01.png.transform/1col/image.png,GBR,9594,1245
10,P GASLY,Pierre GASLY,GAS,Alpine,0093CC,Pierre,Gasly,https://media.formula1.com/d_driver_fallback_image.png/content/dam/fom-website/drivers/P/PIEGAS01_Pierre_Gasly/piegas01.png.transform/1col/image.png,FRA,9594,1245
11,S PEREZ,Sergio PEREZ,PER,Red Bull Racing,3671C6,Sergio,Perez,https://media.formula1.com/d_driver_fallback_image.png/content/dam/fom-website/drivers/S/SERPER01_Sergio_Perez/serper01.png.transform/1col/image.png,MEX,9594,1245
14,F ALONSO,Fernando ALONSO,ALO,Aston Martin,229971,Fernando,Alonso,https://media.formula1.com/d_driver_fallback_image.png/content/dam/fom-website/drivers/F/FERALO01_Fernando_Alonso/feralo01.png.transform/1col/image.png,ESP,9594,1245
16,C LECLERC,Charles LECLERC,LEC,Ferrari,E80020,Charles,Leclerc,https://media.formula1.com/d_driver_fallback_image.png/content/dam/fom-website/drivers/C/CHALEC01_Charles_Leclerc/chalec01.png.transform/1col/image.png,MON,9594,1245
18,L STROLL,Lance STROLL,STR,Aston Martin,229971,Lance,Stroll,https://media.formula1.com/d_driver_fallback_image.png/content/dam/fom-website/drivers/L/LANSTR01_Lance_Stroll/lanstr01.png.transform/1col/image.png,CAN,9594,1245
22,Y TSUNODA,Yuki TSUNODA,TSU,RB,6692FF,Yuki,Tsunoda,https://media.formula1.com/d_driver_fallback_image.png/content/dam/fom-website/drivers/Y/YUKTSU01_Yuki_Tsunoda/yuktsu01.png.transform/1col/image.png,JPN,9594,1245
23,A ALBON,Alexander ALBON,ALB,Williams,64C4FF,Alexander,Albon,https://media.formula1.com/d_driver_fallback_image.png/content/dam/fom-website/drivers/A/ALEALB01_Alexander_Albon/alealb01.png.transform/1col/image.png,THA,9594,1245
24,G ZHOU,ZHOU Guanyu,ZHO,Kick Sauber,52E252,Guanyu,Zhou,https://media.formula1.com/d_driver_fallback_image.png/content/dam/fom-website/drivers/G/GUAZHO01_Guanyu_Zhou/guazho01.png.transform/1col/image.png,CHN,9594,1245
27,N HULKENBERG,Nico HULKENBERG,HUL,Haas F1 Team,B6BABD,Nico,Hulkenberg,https://media.formula1.com/d_driver_fallback_image.png/content/dam/fom-website/drivers/N/NICHUL01_Nico_Hulkenberg/nichul01.png.transform/1col/image.png,GER,9594,1245
31,E OCON,Esteban OCON,OCO,Alpine,0093CC,Esteban,Ocon,https://media.formula1.com/d_driver_fallback_image.png/content/dam/fom-website/drivers/E/ESTOCO01_Esteban_Ocon/estoco01.png.transform/1col/image.png,FRA,9594,1245
43,F COLAPINTO,Franco COLAPINTO,COL,Williams,64C4FF,Franco,Colapinto,,ARG,9594,1245
44,L HAMILTON,Lewis HAMILTON,HAM,Mercedes,27F4D2,Lewis,Hamilton,https://media.formula1.com/d_driver_fallback_image.png/content/dam/fom-website/drivers/L/LEWHAM01_Lewis_Hamilton/lewham01.png.transform/1col/image.png,GBR,9594,1245
50,O BEARMAN,Oliver BEARMAN,BEA,Haas F1 Team,B6BABD,Oliver,Bearman,,GBR,9594,1245
55,C SAINZ,Carlos SAINZ,SAI,Ferrari,E80020,Carlos,Sainz,https://media.formula1.com/d_driver_fallback_image.png/content/dam/fom-website/drivers/C/CARSAI01_Carlos_Sainz/carsai01.png.transform/1col/image.png,ESP,9594,1245
63,G RUSSELL,George RUSSELL,RUS,Mercedes,27F4D2,George,Russell,https://media.formula1.com/d_driver_fallback_image.png/content/dam/fom-website/drivers/G/GEORUS01_George_Russell/georus01.png.transform/1col/image.png,GBR,9594,1245
77,V BOTTAS,Valtteri BOTTAS,BOT,Kick Sauber,52E252,Valtteri,Bottas,https://media.formula1.com/d_driver_fallback_image.png/content/dam/fom-website/drivers/V/VALBOT01_Valtteri_Bottas/valbot01.png.transform/1col/image.png,FIN,9594,1245
81,O PIASTRI,Oscar PIASTRI,PIA,McLaren,FF8000,Oscar,Piastri,https://media.formula1.com/d_driver_fallback_image.png/content/dam/fom-website/drivers/O/OSCPIA01_Oscar_Piastri/oscpia01.png.transform/1col/image.png,AUS,9594,1245
1,M VERSTAPPEN,Max VERSTAPPEN,VER,Red Bull Racing,3671C6,Max,Verstappen,https://media.formula1.com/d_driver_fallback_image.png/content/dam/fom-website/drivers/M/MAXVER01_Max_Verstappen/maxver01.png.transform/1col/image.png,NED,9598,1245
3,D RICCIARDO,Daniel RICCIARDO,RIC,RB,6692FF,Daniel,Ricciardo,https://media.formula1.com/d_driver_fallback_image.png/content/dam/fom-website/drivers/D/DANRIC01_Daniel_Ricciardo/danric01.png.transform/1col/image.png,AUS,9598,1245
4,L NORRIS,Lando NORRIS,NOR,McLaren,FF8000,Lando,Norris,https://media.formula1.com/d_driver_fallback_image.png/content/dam/fom-website/drivers/L/LANNOR01_Lando_Norris/lannor01.png.transform/1col/image.png,GBR,9598,1245
10,P GASLY,Pierre GASLY,GAS,Alpine,0093CC,Pierre,Gasly,https://media.formula1.com/d_driver_fallback_image.png/content/dam/fom-website/drivers/P/PIEGAS01_Pierre_Gasly/piegas01.png.transform/1col/image.png,FRA,9598,1245
11,S PEREZ,Sergio PEREZ,PER,Red Bull Racing,3671C6,Sergio,Perez,https://media.formula1.com/d_driver_fallback_image.png/content/dam/fom-website/drivers/S/SERPER01_Sergio_Perez/serper01.png.transform/1col/image.png,MEX,9598,1245
14,F ALONSO,Fernando ALONSO,ALO,Aston Martin,229971,Fernando,Alonso,https://media.formula1.com/d_driver_fallback_image.png/content/dam/fom-website/drivers/F/FERALO01_Fernando_Alonso/feralo01.png.transform/1col/image.png,ESP,9598,1245
16,C LECLERC,Charles LECLERC,LEC,Ferrari,E80020,Charles,Leclerc,https://media.formula1.com/d_driver_fallback_image.png/content/dam/fom-website/drivers/C/CHALEC01_Charles_Leclerc/chalec01.png.transform/1col/image.png,MON,9598,1245
18,L STROLL,Lance STROLL,STR,Aston Martin,229971,Lance,Stroll,https://media.formula1.com/d_driver_fallback_image.png/content/dam/fom-website/drivers/L/LANSTR01_Lance_Stroll/lanstr01.png.transform/1col/image.png,CAN,9598,1245
22,Y TSUNODA,Yuki TSUNODA,TSU,RB,6692FF,Yuki,Tsunoda,https://media.formula1.com/d_driver_fallback_image.png/content/dam/fom-website/drivers/Y/YUKTSU01_Yuki_Tsunoda/yuktsu01.png.transform/1col/image.png,JPN,9598,1245
23,A ALBON,Alexander ALBON,ALB,Williams,64C4FF,Alexander,Albon,https://media.formula1.com/d_driver_fallback_image.png/content/dam/fom-website/drivers/A/ALEALB01_Alexander_Albon/alealb01.png.transform/1col/image.png,THA,9598,1245
24,G ZHOU,ZHOU Guanyu,ZHO,Kick Sauber,52E252,Guanyu,Zhou,https://media.formula1.com/d_driver_fallback_image.png/content/dam/fom-website/drivers/G/GUAZHO01_Guanyu_Zhou/guazho01.png.transform/1col/image.png,CHN,9598,1245
27,N HULKENBERG,Nico HULKENBERG,HUL,Haas F1 Team,B6BABD,Nico,Hulkenberg,https://media.formula1.com/d_driver_fallback_image.png/content/dam/fom-website/drivers/N/NICHUL01_Nico_Hulkenberg/nichul01.png.transform/1col/image.png,GER,9598,1245
31,E OCON,Esteban OCON,OCO,Alpine,0093CC,Esteban,Ocon,https://media.formula1.com/d_driver_fallback_image.png/content/dam/fom-website/drivers/E/ESTOCO01_Esteban_Ocon/estoco01.png.transform/1col/image.png,FRA,9598,1245
43,F COLAPINTO,Franco COLAPINTO,COL,Williams,64C4FF,Franco,Colapinto,,ARG,9598,1245
44,L HAMILTON,Lewis HAMILTON,HAM,Mercedes,27F4D2,Lewis,Hamilton,https://media.formula1.com/d_driver_fallback_image.png/content/dam/fom-website/drivers/L/LEWHAM01_Lewis_Hamilton/lewham01.png.transform/1col/image.png,GBR,9598,1245
50,O BEARMAN,Oliver BEARMAN,BEA,Haas F1 Team,B6BABD,Oliver,Bearman,,GBR,9598,1245
55,C SAINZ,Carlos SAINZ,SAI,Ferrari,E80020,Carlos,Sainz,https://media.formula1.com/d_driver_fallback_image.png/content/dam/fom-website/drivers/C/CARSAI01_Carlos_Sainz/carsai01.png.transform/1col/image.png,ESP,9598,1245
63,G RUSSELL,George RUSSELL,RUS,Mercedes,27F4D2,George,Russell,https://media.formula1.com/d_driver_fallback_image.png/content/dam/fom-website/drivers/G/GEORUS01_George_Russell/georus01.png.transform/1col/image.png,GBR,9598,1245
77,V BOTTAS,Valtteri BOTTAS,BOT,Kick Sauber,52E252,Valtteri,Bottas,https://media.formula1.com/d_driver_fallback_image.png/content/dam/fom-website/drivers/V/VALBOT01_Valtteri_Bottas/valbot01.png.transform/1col/image.png,FIN,9598,1245
81,O PIASTRI,Oscar PIASTRI,PIA,McLaren,FF8000,Oscar,Piastri,https://media.formula1.com/d_driver_fallback_image.png/content/dam/fom-website/drivers/O/OSCPIA01_Oscar_Piastri/oscpia01.png.transform/1col/image.png,AUS,9598,1245
1,M VERSTAPPEN,Max VERSTAPPEN,VER,Red Bull Racing,3671C6,Max,Verstappen,https://media.formula1.com/d_driver_fallback_image.png/content/dam/fom-website/drivers/M/MAXVER01_Max_Verstappen/maxver01.png.transform/1col/image.png,NED,9599,1246
3,D RICCIARDO,Daniel RICCIARDO,RIC,RB,6692FF,Daniel,Ricciardo,https://media.formula1.com/d_driver_fallback_image.png/content/dam/fom-website/drivers/D/DANRIC01_Daniel_Ricciardo/danric01.png.transform/1col/image.png,AUS,9599,1246
4,L NORRIS,Lando NORRIS,NOR,McLaren,FF8000,Lando,Norris,https://media.formula1.com/d_driver_fallback_image.png/content/dam/fom-website/drivers/L/LANNOR01_Lando_Norris/lannor01.png.transform/1col/image.png,GBR,9599,1246
10,P GASLY,Pierre GASLY,GAS,Alpine,0093CC,Pierre,Gasly,https://media.formula1.com/d_driver_fallback_image.png/content/dam/fom-website/drivers/P/PIEGAS01_Pierre_Gasly/piegas01.png.transform/1col/image.png,FRA,9599,1246
11,S PEREZ,Sergio PEREZ,PER,Red Bull Racing,3671C6,Sergio,Perez,https://media.formula1.com/d_driver_fallback_image.png/content/dam/fom-website/drivers/S/SERPER01_Sergio_Perez/serper01.png.transform/1col/image.png,MEX,9599,1246
14,F ALONSO,Fernando ALONSO,ALO,Aston Martin,229971,Fernando,Alonso,https://media.formula1.com/d_driver_fallback_image.png/content/dam/fom-website/drivers/F/FERALO01_Fernando_Alonso/feralo01.png.transform/1col/image.png,ESP,9599,1246
16,C LECLERC,Charles LECLERC,LEC,Ferrari,E80020,Charles,Leclerc,https://media.formula1.com/d_driver_fallback_image.png/content/dam/fom-website/drivers/C/CHALEC01_Charles_Leclerc/chalec01.png.transform/1col/image.png,MON,9599,1246
18,L STROLL,Lance STROLL,STR,Aston Martin,229971,Lance,Stroll,https://media.formula1.com/d_driver_fallback_image.png/content/dam/fom-website/drivers/L/LANSTR01_Lance_Stroll/lanstr01.png.transform/1col/image.png,CAN,9599,1246
20,K MAGNUSSEN,Kevin MAGNUSSEN,MAG,Haas F1 Team,B6BABD,Kevin,Magnussen,https://media.formula1.com/d_driver_fallback_image.png/content/dam/fom-website/drivers/K/KEVMAG01_Kevin_Magnussen/kevmag01.png.transform/1col/image.png,DEN,9599,1246
22,Y TSUNODA,Yuki TSUNODA,TSU,RB,6692FF,Yuki,Tsunoda,https://media.formula1.com/d_driver_fallback_image.png/content/dam/fom-website/drivers/Y/YUKTSU01_Yuki_Tsunoda/yuktsu01.png.transform/1col/image.png,JPN,9599,1246
23,A ALBON,Alexander ALBON,ALB,Williams,64C4FF,Alexander,Albon,https://media.formula1.com/d_driver_fallback_image.png/content/dam/fom-website/drivers/A/ALEALB01_Alexander_Albon/alealb01.png.transform/1col/image.png,THA,9599,1246
24,G ZHOU,ZHOU Guanyu,ZHO,Kick Sauber,52E252,Guanyu,Zhou,https://media.formula1.com/d_driver_fallback_image.png/content/dam/fom-website/drivers/G/GUAZHO01_Guanyu_Zhou/guazho01.png.transform/1col/image.png,CHN,9599,1246
27,N HULKENBERG,Nico HULKENBERG,HUL,Haas F1 Team,B6BABD,Nico,Hulkenberg,https://media.formula1.com/d_driver_fallback_image.png/content/dam/fom-website/drivers/N/NICHUL01_Nico_Hulkenberg/nichul01.png.transform/1col/image.png,GER,9599,1246
31,E OCON,Esteban OCON,OCO,Alpine,0093CC,Esteban,Ocon,https://media.formula1.com/d_driver_fallback_image.png/content/dam/fom-website/drivers/E/ESTOCO01_Esteban_Ocon/estoco01.png.transform/1col/image.png,FRA,9599,1246
43,F COLAPINTO,Franco COLAPINTO,COL,Williams,64C4FF,Franco,Colapinto,,ARG,9599,1246
44,L HAMILTON,Lewis HAMILTON,HAM,Mercedes,27F4D2,Lewis,Hamilton,https://media.formula1.com/d_driver_fallback_image.png/content/dam/fom-website/drivers/L/LEWHAM01_Lewis_Hamilton/lewham01.png.transform/1col/image.png,GBR,9599,1246
55,C SAINZ,Carlos SAINZ,SAI,Ferrari,E80020,Carlos,Sainz,https://media.formula1.com/d_driver_fallback_image.png/content/dam/fom-website/drivers/C/CARSAI01_Carlos_Sainz/carsai01.png.transform/1col/image.png,ESP,9599,1246
63,G RUSSELL,George RUSSELL,RUS,Mercedes,27F4D2,George,Russell,https://media.formula1.com/d_driver_fallback_image.png/content/dam/fom-website/drivers/G/GEORUS01_George_Russell/georus01.png.transform/1col/image.png,GBR,9599,1246
77,V BOTTAS,Valtteri BOTTAS,BOT,Kick Sauber,52E252,Valtteri,Bottas,https://media.formula1.com/d_driver_fallback_image.png/content/dam/fom-website/drivers/V/VALBOT01_Valtteri_Bottas/valbot01.png.transform/1col/image.png,FIN,9599,1246
81,O PIASTRI,Oscar PIASTRI,PIA,McLaren,FF8000,Oscar,Piastri,https://media.formula1.com/d_driver_fallback_image.png/content/dam/fom-website/drivers/O/OSCPIA01_Oscar_Piastri/oscpia01.png.transform/1col/image.png,AUS,9599,1246
1,M VERSTAPPEN,Max VERSTAPPEN,VER,Red Bull Racing,3671C6,Max,Verstappen,https://media.formula1.com/d_driver_fallback_image.png/content/dam/fom-website/drivers/M/MAXVER01_Max_Verstappen/maxver01.png.transform/1col/image.png,NED,9600,1246
3,D RICCIARDO,Daniel RICCIARDO,RIC,RB,6692FF,Daniel,Ricciardo,https://media.formula1.com/d_driver_fallback_image.png/content/dam/fom-website/drivers/D/DANRIC01_Daniel_Ricciardo/danric01.png.transform/1col/image.png,AUS,9600,1246
4,L NORRIS,Lando NORRIS,NOR,McLaren,FF8000,Lando,Norris,https://media.formula1.com/d_driver_fallback_image.png/content/dam/fom-website/drivers/L/LANNOR01_Lando_Norris/lannor01.png.transform/1col/image.png,GBR,9600,1246
10,P GASLY,Pierre GASLY,GAS,Alpine,0093CC,Pierre,Gasly,https://media.formula1.com/d_driver_fallback_image.png/content/dam/fom-website/drivers/P/PIEGAS01_Pierre_Gasly/piegas01.png.transform/1col/image.png,FRA,9600,1246
11,S PEREZ,Sergio PEREZ,PER,Red Bull Racing,3671C6,Sergio,Perez,https://media.formula1.com/d_driver_fallback_image.png/content/dam/fom-website/drivers/S/SERPER01_Sergio_Perez/serper01.png.transform/1col/image.png,MEX,9600,1246
14,F ALONSO,Fernando ALONSO,ALO,Aston Martin,229971,Fernando,Alonso,https://media.formula1.com/d_driver_fallback_image.png/content/dam/fom-website/drivers/F/FERALO01_Fernando_Alonso/feralo01.png.transform/1col/image.png,ESP,9600,1246
16,C LECLERC,Charles LECLERC,LEC,Ferrari,E80020,Charles,Leclerc,https://media.formula1.com/d_driver_fallback_image.png/content/dam/fom-website/drivers/C/CHALEC01_Charles_Leclerc/chalec01.png.transform/1col/image.png,MON,9600,1246
18,L STROLL,Lance STROLL,STR,Aston Martin,229971,Lance,Stroll,https://media.formula1.com/d_driver_fallback_image.png/content/dam/fom-website/drivers/L/LANSTR01_Lance_Stroll/lanstr01.png.transform/1col/image.png,CAN,9600,1246
20,K MAGNUSSEN,Kevin MAGNUSSEN,MAG,Haas F1 Team,B6BABD,Kevin,Magnussen,https://media.formula1.com/d_driver_fallback_image.png/content/dam/fom-website/drivers/K/KEVMAG01_Kevin_Magnussen/kevmag01.png.transform/1col/image.png,DEN,9600,1246
22,Y TSUNODA,Yuki TSUNODA,TSU,RB,6692FF,Yuki,Tsunoda,https://media.formula1.com/d_driver_fallback_image.png/content/dam/fom-website/drivers/Y/YUKTSU01_Yuki_Tsunoda/yuktsu01.png.transform/1col/image.png,JPN,9600,1246
23,A ALBON,Alexander ALBON,ALB,Williams,64C4FF,Alexander,Albon,https://media.formula1.com/d_driver_fallback_image.png/content/dam/fom-website/drivers/A/ALEALB01_Alexander_Albon/alealb01.png.transform/1col/image.png,THA,9600,1246
24,G ZHOU,ZHOU Guanyu,ZHO,Kick Sauber,52E252,Guanyu,Zhou,https://media.formula1.com/d_driver_fallback_image.png/content/dam/fom-website/drivers/G/GUAZHO01_Guanyu_Zhou/guazho01.png.transform/1col/image.png,CHN,9600,1246
27,N HULKENBERG,Nico HULKENBERG,HUL,Haas F1 Team,B6BABD,Nico,Hulkenberg,https://media.formula1.com/d_driver_fallback_image.png/content/dam/fom-website/drivers/N/NICHUL01_Nico_Hulkenberg/nichul01.png.transform/1col/image.png,GER,9600,1246
31,E OCON,Esteban OCON,OCO,Alpine,0093CC,Esteban,Ocon,https://media.formula1.com/d_driver_fallback_image.png/content/dam/fom-website/drivers/E/ESTOCO01_Esteban_Ocon/estoco01.png.transform/1col/image.png,FRA,9600,1246
43,F COLAPINTO,Franco COLAPINTO,COL,Williams,64C4FF,Franco,Colapinto,,ARG,9600,1246
44,L HAMILTON,Lewis HAMILTON,HAM,Mercedes,27F4D2,Lewis,Hamilton,https://media.formula1.com/d_driver_fallback_image.png/content/dam/fom-website/drivers/L/LEWHAM01_Lewis_Hamilton/lewham01.png.transform/1col/image.png,GBR,9600,1246
55,C SAINZ,Carlos SAINZ,SAI,Ferrari,E80020,Carlos,Sainz,https://media.formula1.com/d_driver_fallback_image.png/content/dam/fom-website/drivers/C/CARSAI01_Carlos_Sainz/carsai01.png.transform/1col/image.png,ESP,9600,1246
63,G RUSSELL,George RUSSELL,RUS,Mercedes,27F4D2,George,Russell,https://media.formula1.com/d_driver_fallback_image.png/content/dam/fom-website/drivers/G/GEORUS01_George_Russell/georus01.png.transform/1col/image.png,GBR,9600,1246
77,V BOTTAS,Valtteri BOTTAS,BOT,Kick Sauber,52E252,Valtteri,Bottas,https://media.formula1.com/d_driver_fallback_image.png/content/dam/fom-website/drivers/V/VALBOT01_Valtteri_Bottas/valbot01.png.transform/1col/image.png,FIN,9600,1246
81,O PIASTRI,Oscar PIASTRI,PIA,McLaren,FF8000,Oscar,Piastri,https://media.formula1.com/d_driver_fallback_image.png/content/dam/fom-website/drivers/O/OSCPIA01_Oscar_Piastri/oscpia01.png.transform/1col/image.png,AUS,9600,1246
1,M VERSTAPPEN,Max VERSTAPPEN,VER,Red Bull Racing,3671C6,Max,Verstappen,https://media.formula1.com/d_driver_fallback_image.png/content/dam/fom-website/drivers/M/MAXVER01_Max_Verstappen/maxver01.png.transform/1col/image.png,NED,9601,1246
3,D RICCIARDO,Daniel RICCIARDO,RIC,RB,6692FF,Daniel,Ricciardo,https://media.formula1.com/d_driver_fallback_image.png/content/dam/fom-website/drivers/D/DANRIC01_Daniel_Ricciardo/danric01.png.transform/1col/image.png,AUS,9601,1246
4,L NORRIS,Lando NORRIS,NOR,McLaren,FF8000,Lando,Norris,https://media.formula1.com/d_driver_fallback_image.png/content/dam/fom-website/drivers/L/LANNOR01_Lando_Norris/lannor01.png.transform/1col/image.png,GBR,9601,1246
10,P GASLY,Pierre GASLY,GAS,Alpine,0093CC,Pierre,Gasly,https://media.formula1.com/d_driver_fallback_image.png/content/dam/fom-website/drivers/P/PIEGAS01_Pierre_Gasly/piegas01.png.transform/1col/image.png,FRA,9601,1246
11,S PEREZ,Sergio PEREZ,PER,Red Bull Racing,3671C6,Sergio,Perez,https://media.formula1.com/d_driver_fallback_image.png/content/dam/fom-website/drivers/S/SERPER01_Sergio_Perez/serper01.png.transform/1col/image.png,MEX,9601,1246
14,F ALONSO,Fernando ALONSO,ALO,Aston Martin,229971,Fernando,Alonso,https://media.formula1.com/d_driver_fallback_image.png/content/dam/fom-website/drivers/F/FERALO01_Fernando_Alonso/feralo01.png.transform/1col/image.png,ESP,9601,1246
16,C LECLERC,Charles LECLERC,LEC,Ferrari,E80020,Charles,Leclerc,https://media.formula1.com/d_driver_fallback_image.png/content/dam/fom-website/drivers/C/CHALEC01_Charles_Leclerc/chalec01.png.transform/1col/image.png,MON,9601,1246
18,L STROLL,Lance STROLL,STR,Aston Martin,229971,Lance,Stroll,https://media.formula1.com/d_driver_fallback_image.png/content/dam/fom-website/drivers/L/LANSTR01_Lance_Stroll/lanstr01.png.transform/1col/image.png,CAN,9601,1246
20,K MAGNUSSEN,Kevin MAGNUSSEN,MAG,Haas F1 Team,B6BABD,Kevin,Magnussen,https://media.formula1.com/d_driver_fallback_image.png/content/dam/fom-website/drivers/K/KEVMAG01_Kevin_Magnussen/kevmag01.png.transform/1col/image.png,DEN,9601,1246
22,Y TSUNODA,Yuki TSUNODA,TSU,RB,6692FF,Yuki,Tsunoda,https://media.formula1.com/d_driver_fallback_image.png/content/dam/fom-website/drivers/Y/YUKTSU01_Yuki_Tsunoda/yuktsu01.png.transform/1col/image.png,JPN,9601,1246
23,A ALBON,Alexander ALBON,ALB,Williams,64C4FF,Alexander,Albon,https://media.formula1.com/d_driver_fallback_image.png/content/dam/fom-website/drivers/A/ALEALB01_Alexander_Albon/alealb01.png.transform/1col/image.png,THA,9601,1246
24,G ZHOU,ZHOU Guanyu,ZHO,Kick Sauber,52E252,Guanyu,Zhou,https://media.formula1.com/d_driver_fallback_image.png/content/dam/fom-website/drivers/G/GUAZHO01_Guanyu_Zhou/guazho01.png.transform/1col/image.png,CHN,9601,1246
27,N HULKENBERG,Nico HULKENBERG,HUL,Haas F1 Team,B6BABD,Nico,Hulkenberg,https://media.formula1.com/d_driver_fallback_image.png/content/dam/fom-website/drivers/N/NICHUL01_Nico_Hulkenberg/nichul01.png.transform/1col/image.png,GER,9601,1246
31,E OCON,Esteban OCON,OCO,Alpine,0093CC,Esteban,Ocon,https://media.formula1.com/d_driver_fallback_image.png/content/dam/fom-website/drivers/E/ESTOCO01_Esteban_Ocon/estoco01.png.transform/1col/image.png,FRA,9601,1246
43,F COLAPINTO,Franco COLAPINTO,COL,Williams,64C4FF,Franco,Colapinto,,ARG,9601,1246
44,L HAMILTON,Lewis HAMILTON,HAM,Mercedes,27F4D2,Lewis,Hamilton,https://media.formula1.com/d_driver_fallback_image.png/content/dam/fom-website/drivers/L/LEWHAM01_Lewis_Hamilton/lewham01.png.transform/1col/image.png,GBR,9601,1246
55,C SAINZ,Carlos SAINZ,SAI,Ferrari,E80020,Carlos,Sainz,https://media.formula1.com/d_driver_fallback_image.png/content/dam/fom-website/drivers/C/CARSAI01_Carlos_Sainz/carsai01.png.transform/1col/image.png,ESP,9601,1246
63,G RUSSELL,George RUSSELL,RUS,Mercedes,27F4D2,George,Russell,https://media.formula1.com/d_driver_fallback_image.png/content/dam/fom-website/drivers/G/GEORUS01_George_Russell/georus01.png.transform/1col/image.png,GBR,9601,1246
77,V BOTTAS,Valtteri BOTTAS,BOT,Kick Sauber,52E252,Valtteri,Bottas,https://media.formula1.com/d_driver_fallback_image.png/content/dam/fom-website/drivers/V/VALBOT01_Valtteri_Bottas/valbot01.png.transform/1col/image.png,FIN,9601,1246
81,O PIASTRI,Oscar PIASTRI,PIA,McLaren,FF8000,Oscar,Piastri,https://media.formula1.com/d_driver_fallback_image.png/content/dam/fom-website/drivers/O/OSCPIA01_Oscar_Piastri/oscpia01.png.transform/1col/image.png,AUS,9601,1246
1,M VERSTAPPEN,Max VERSTAPPEN,VER,Red Bull Racing,3671C6,Max,Verstappen,https://media.formula1.com/d_driver_fallback_image.png/content/dam/fom-website/drivers/M/MAXVER01_Max_Verstappen/maxver01.png.transform/1col/image.png,NED,9602,1246
3,D RICCIARDO,Daniel RICCIARDO,RIC,RB,6692FF,Daniel,Ricciardo,https://media.formula1.com/d_driver_fallback_image.png/content/dam/fom-website/drivers/D/DANRIC01_Daniel_Ricciardo/danric01.png.transform/1col/image.png,AUS,9602,1246
4,L NORRIS,Lando NORRIS,NOR,McLaren,FF8000,Lando,Norris,https://media.formula1.com/d_driver_fallback_image.png/content/dam/fom-website/drivers/L/LANNOR01_Lando_Norris/lannor01.png.transform/1col/image.png,GBR,9602,1246
10,P GASLY,Pierre GASLY,GAS,Alpine,0093CC,Pierre,Gasly,https://media.formula1.com/d_driver_fallback_image.png/content/dam/fom-website/drivers/P/PIEGAS01_Pierre_Gasly/piegas01.png.transform/1col/image.png,FRA,9602,1246
11,S PEREZ,Sergio PEREZ,PER,Red Bull Racing,3671C6,Sergio,Perez,https://media.formula1.com/d_driver_fallback_image.png/content/dam/fom-website/drivers/S/SERPER01_Sergio_Perez/serper01.png.transform/1col/image.png,MEX,9602,1246
14,F ALONSO,Fernando ALONSO,ALO,Aston Martin,229971,Fernando,Alonso,https://media.formula1.com/d_driver_fallback_image.png/content/dam/fom-website/drivers/F/FERALO01_Fernando_Alonso/feralo01.png.transform/1col/image.png,ESP,9602,1246
16,C LECLERC,Charles LECLERC,LEC,Ferrari,E80020,Charles,Leclerc,https://media.formula1.com/d_driver_fallback_image.png/content/dam/fom-website/drivers/C/CHALEC01_Charles_Leclerc/chalec01.png.transform/1col/image.png,MON,9602,1246
18,L STROLL,Lance STROLL,STR,Aston Martin,229971,Lance,Stroll,https://media.formula1.com/d_driver_fallback_image.png/content/dam/fom-website/drivers/L/LANSTR01_Lance_Stroll/lanstr01.png.transform/1col/image.png,CAN,9602,1246
20,K MAGNUSSEN,Kevin MAGNUSSEN,MAG,Haas F1 Team,B6BABD,Kevin,Magnussen,https://media.formula1.com/d_driver_fallback_image.png/content/dam/fom-website/drivers/K/KEVMAG01_Kevin_Magnussen/kevmag01.png.transform/1col/image.png,DEN,9602,1246
22,Y TSUNODA,Yuki TSUNODA,TSU,RB,6692FF,Yuki,Tsunoda,https://media.formula1.com/d_driver_fallback_image.png/content/dam/fom-website/drivers/Y/YUKTSU01_Yuki_Tsunoda/yuktsu01.png.transform/1col/image.png,JPN,9602,1246
23,A ALBON,Alexander ALBON,ALB,Williams,64C4FF,Alexander,Albon,https://media.formula1.com/d_driver_fallback_image.png/content/dam/fom-website/drivers/A/ALEALB01_Alexander_Albon/alealb01.png.transform/1col/image.png,THA,9602,1246
24,G ZHOU,ZHOU Guanyu,ZHO,Kick Sauber,52E252,Guanyu,Zhou,https://media.formula1.com/d_driver_fallback_image.png/content/dam/fom-website/drivers/G/GUAZHO01_Guanyu_Zhou/guazho01.png.transform/1col/image.png,CHN,9602,1246
27,N HULKENBERG,Nico HULKENBERG,HUL,Haas F1 Team,B6BABD,Nico,Hulkenberg,https://media.formula1.com/d_driver_fallback_image.png/content/dam/fom-website/drivers/N/NICHUL01_Nico_Hulkenberg/nichul01.png.transform/1col/image.png,GER,9602,1246
31,E OCON,Esteban OCON,OCO,Alpine,0093CC,Esteban,Ocon,https://media.formula1.com/d_driver_fallback_image.png/content/dam/fom-website/drivers/E/ESTOCO01_Esteban_Ocon/estoco01.png.transform/1col/image.png,FRA,9602,1246
43,F COLAPINTO,Franco COLAPINTO,COL,Williams,64C4FF,Franco,Colapinto,,ARG,9602,1246
44,L HAMILTON,Lewis HAMILTON,HAM,Mercedes,27F4D2,Lewis,Hamilton,https://media.formula1.com/d_driver_fallback_image.png/content/dam/fom-website/drivers/L/LEWHAM01_Lewis_Hamilton/lewham01.png.transform/1col/image.png,GBR,9602,1246
55,C SAINZ,Carlos SAINZ,SAI,Ferrari,E80020,Carlos,Sainz,https://media.formula1.com/d_driver_fallback_image.png/content/dam/fom-website/drivers/C/CARSAI01_Carlos_Sainz/carsai01.png.transform/1col/image.png,ESP,9602,1246
63,G RUSSELL,George RUSSELL,RUS,Mercedes,27F4D2,George,Russell,https://media.formula1.com/d_driver_fallback_image.png/content/dam/fom-website/drivers/G/GEORUS01_George_Russell/georus01.png.transform/1col/image.png,GBR,9602,1246
77,V BOTTAS,Valtteri BOTTAS,BOT,Kick Sauber,52E252,Valtteri,Bottas,https://media.formula1.com/d_driver_fallback_image.png/content/dam/fom-website/drivers/V/VALBOT01_Valtteri_Bottas/valbot01.png.transform/1col/image.png,FIN,9602,1246
81,O PIASTRI,Oscar PIASTRI,PIA,McLaren,FF8000,Oscar,Piastri,https://media.formula1.com/d_driver_fallback_image.png/content/dam/fom-website/drivers/O/OSCPIA01_Oscar_Piastri/oscpia01.png.transform/1col/image.png,AUS,9602,1246
1,M VERSTAPPEN,Max VERSTAPPEN,VER,Red Bull Racing,3671C6,Max,Verstappen,https://media.formula1.com/d_driver_fallback_image.png/content/dam/fom-website/drivers/M/MAXVER01_Max_Verstappen/maxver01.png.transform/1col/image.png,NED,9606,1246
3,D RICCIARDO,Daniel RICCIARDO,RIC,RB,6692FF,Daniel,Ricciardo,https://media.formula1.com/d_driver_fallback_image.png/content/dam/fom-website/drivers/D/DANRIC01_Daniel_Ricciardo/danric01.png.transform/1col/image.png,AUS,9606,1246
4,L NORRIS,Lando NORRIS,NOR,McLaren,FF8000,Lando,Norris,https://media.formula1.com/d_driver_fallback_image.png/content/dam/fom-website/drivers/L/LANNOR01_Lando_Norris/lannor01.png.transform/1col/image.png,GBR,9606,1246
10,P GASLY,Pierre GASLY,GAS,Alpine,0093CC,Pierre,Gasly,https://media.formula1.com/d_driver_fallback_image.png/content/dam/fom-website/drivers/P/PIEGAS01_Pierre_Gasly/piegas01.png.transform/1col/image.png,FRA,9606,1246
11,S PEREZ,Sergio PEREZ,PER,Red Bull Racing,3671C6,Sergio,Perez,https://media.formula1.com/d_driver_fallback_image.png/content/dam/fom-website/drivers/S/SERPER01_Sergio_Perez/serper01.png.transform/1col/image.png,MEX,9606,1246
14,F ALONSO,Fernando ALONSO,ALO,Aston Martin,229971,Fernando,Alonso,https://media.formula1.com/d_driver_fallback_image.png/content/dam/fom-website/drivers/F/FERALO01_Fernando_Alonso/feralo01.png.transform/1col/image.png,ESP,9606,1246
16,C LECLERC,Charles LECLERC,LEC,Ferrari,E80020,Charles,Leclerc,https://media.formula1.com/d_driver_fallback_image.png/content/dam/fom-website/drivers/C/CHALEC01_Charles_Leclerc/chalec01.png.transform/1col/image.png,MON,9606,1246
18,L STROLL,Lance STROLL,STR,Aston Martin,229971,Lance,Stroll,https://media.formula1.com/d_driver_fallback_image.png/content/dam/fom-website/drivers/L/LANSTR01_Lance_Stroll/lanstr01.png.transform/1col/image.png,CAN,9606,1246
20,K MAGNUSSEN,Kevin MAGNUSSEN,MAG,Haas F1 Team,B6BABD,Kevin,Magnussen,https://media.formula1.com/d_driver_fallback_image.png/content/dam/fom-website/drivers/K/KEVMAG01_Kevin_Magnussen/kevmag01.png.transform/1col/image.png,DEN,9606,1246
22,Y TSUNODA,Yuki TSUNODA,TSU,RB,6692FF,Yuki,Tsunoda,https://media.formula1.com/d_driver_fallback_image.png/content/dam/fom-website/drivers/Y/YUKTSU01_Yuki_Tsunoda/yuktsu01.png.transform/1col/image.png,JPN,9606,1246
23,A ALBON,Alexander ALBON,ALB,Williams,64C4FF,Alexander,Albon,https://media.formula1.com/d_driver_fallback_image.png/content/dam/fom-website/drivers/A/ALEALB01_Alexander_Albon/alealb01.png.transform/1col/image.png,THA,9606,1246
24,G ZHOU,ZHOU Guanyu,ZHO,Kick Sauber,52E252,Guanyu,Zhou,https://media.formula1.com/d_driver_fallback_image.png/content/dam/fom-website/drivers/G/GUAZHO01_Guanyu_Zhou/guazho01.png.transform/1col/image.png,CHN,9606,1246
27,N HULKENBERG,Nico HULKENBERG,HUL,Haas F1 Team,B6BABD,Nico,Hulkenberg,https://media.formula1.com/d_driver_fallback_image.png/content/dam/fom-website/drivers/N/NICHUL01_Nico_Hulkenberg/nichul01.png.transform/1col/image.png,GER,9606,1246
31,E OCON,Esteban OCON,OCO,Alpine,0093CC,Esteban,Ocon,https://media.formula1.com/d_driver_fallback_image.png/content/dam/fom-website/drivers/E/ESTOCO01_Esteban_Ocon/estoco01.png.transform/1col/image.png,FRA,9606,1246
43,F COLAPINTO,Franco COLAPINTO,COL,Williams,64C4FF,Franco,Colapinto,,ARG,9606,1246
44,L HAMILTON,Lewis HAMILTON,HAM,Mercedes,27F4D2,Lewis,Hamilton,https://media.formula1.com/d_driver_fallback_image.png/content/dam/fom-website/drivers/L/LEWHAM01_Lewis_Hamilton/lewham01.png.transform/1col/image.png,GBR,9606,1246
55,C SAINZ,Carlos SAINZ,SAI,Ferrari,E80020,Carlos,Sainz,https://media.formula1.com/d_driver_fallback_image.png/content/dam/fom-website/drivers/C/CARSAI01_Carlos_Sainz/carsai01.png.transform/1col/image.png,ESP,9606,1246
63,G RUSSELL,George RUSSELL,RUS,Mercedes,27F4D2,George,Russell,https://media.formula1.com/d_driver_fallback_image.png/content/dam/fom-website/drivers/G/GEORUS01_George_Russell/georus01.png.transform/1col/image.png,GBR,9606,1246
77,V BOTTAS,Valtteri BOTTAS,BOT,Kick Sauber,52E252,Valtteri,Bottas,https://media.formula1.com/d_driver_fallback_image.png/content/dam/fom-website/drivers/V/VALBOT01_Valtteri_Bottas/valbot01.png.transform/1col/image.png,FIN,9606,1246
81,O PIASTRI,Oscar PIASTRI,PIA,McLaren,FF8000,Oscar,Piastri,https://media.formula1.com/d_driver_fallback_image.png/content/dam/fom-website/drivers/O/OSCPIA01_Oscar_Piastri/oscpia01.png.transform/1col/image.png,AUS,9606,1246
1,M VERSTAPPEN,Max VERSTAPPEN,VER,Red Bull Racing,3671C6,Max,Verstappen,https://media.formula1.com/d_driver_fallback_image.png/content/dam/fom-website/drivers/M/MAXVER01_Max_Verstappen/maxver01.png.transform/1col/image.png,NED,9607,1247
4,L NORRIS,Lando NORRIS,NOR,McLaren,FF8000,Lando,Norris,https://media.formula1.com/d_driver_fallback_image.png/content/dam/fom-website/drivers/L/LANNOR01_Lando_Norris/lannor01.png.transform/1col/image.png,GBR,9607,1247
10,P GASLY,Pierre GASLY,GAS,Alpine,0093CC,Pierre,Gasly,https://media.formula1.com/d_driver_fallback_image.png/content/dam/fom-website/drivers/P/PIEGAS01_Pierre_Gasly/piegas01.png.transform/1col/image.png,FRA,9607,1247
11,S PEREZ,Sergio PEREZ,PER,Red Bull Racing,3671C6,Sergio,Perez,https://media.formula1.com/d_driver_fallback_image.png/content/dam/fom-website/drivers/S/SERPER01_Sergio_Perez/serper01.png.transform/1col/image.png,MEX,9607,1247
14,F ALONSO,Fernando ALONSO,ALO,Aston Martin,229971,Fernando,Alonso,https://media.formula1.com/d_driver_fallback_image.png/content/dam/fom-website/drivers/F/FERALO01_Fernando_Alonso/feralo01.png.transform/1col/image.png,ESP,9607,1247
16,C LECLERC,Charles LECLERC,LEC,Ferrari,E80020,Charles,Leclerc,https://media.formula1.com/d_driver_fallback_image.png/content/dam/fom-website/drivers/C/CHALEC01_Charles_Leclerc/chalec01.png.transform/1col/image.png,MON,9607,1247
18,L STROLL,Lance STROLL,STR,Aston Martin,229971,Lance,Stroll,https://media.formula1.com/d_driver_fallback_image.png/content/dam/fom-website/drivers/L/LANSTR01_Lance_Stroll/lanstr01.png.transform/1col/image.png,CAN,9607,1247
20,K MAGNUSSEN,Kevin MAGNUSSEN,MAG,Haas F1 Team,B6BABD,Kevin,Magnussen,https://media.formula1.com/d_driver_fallback_image.png/content/dam/fom-website/drivers/K/KEVMAG01_Kevin_Magnussen/kevmag01.png.transform/1col/image.png,DEN,9607,1247
22,Y TSUNODA,Yuki TSUNODA,TSU,RB,6692FF,Yuki,Tsunoda,https://media.formula1.com/d_driver_fallback_image.png/content/dam/fom-website/drivers/Y/YUKTSU01_Yuki_Tsunoda/yuktsu01.png.transform/1col/image.png,JPN,9607,1247
23,A ALBON,Alexander ALBON,ALB,Williams,64C4FF,Alexander,Albon,https://media.formula1.com/d_driver_fallback_image.png/content/dam/fom-website/drivers/A/ALEALB01_Alexander_Albon/alealb01.png.transform/1col/image.png,THA,9607,1247
24,G ZHOU,ZHOU Guanyu,ZHO,Kick Sauber,52E252,Guanyu,Zhou,https://media.formula1.com/d_driver_fallback_image.png/content/dam/fom-website/drivers/G/GUAZHO01_Guanyu_Zhou/guazho01.png.transform/1col/image.png,CHN,9607,1247
27,N HULKENBERG,Nico HULKENBERG,HUL,Haas F1 Team,B6BABD,Nico,Hulkenberg,https://media.formula1.com/d_driver_fallback_image.png/content/dam/fom-website/drivers/N/NICHUL01_Nico_Hulkenberg/nichul01.png.transform/1col/image.png,GER,9607,1247
30,L LAWSON,Liam LAWSON,LAW,RB,6692FF,Liam,Lawson,,NZL,9607,1247
31,E OCON,Esteban OCON,OCO,Alpine,0093CC,Esteban,Ocon,https://media.formula1.com/d_driver_fallback_image.png/content/dam/fom-website/drivers/E/ESTOCO01_Esteban_Ocon/estoco01.png.transform/1col/image.png,FRA,9607,1247
43,F COLAPINTO,Franco COLAPINTO,COL,Williams,64C4FF,Franco,Colapinto,,ARG,9607,1247
44,L HAMILTON,Lewis HAMILTON,HAM,Mercedes,27F4D2,Lewis,Hamilton,https://media.formula1.com/d_driver_fallback_image.png/content/dam/fom-website/drivers/L/LEWHAM01_Lewis_Hamilton/lewham01.png.transform/1col/image.png,GBR,9607,1247
55,C SAINZ,Carlos SAINZ,SAI,Ferrari,E80020,Carlos,Sainz,https://media.formula1.com/d_driver_fallback_image.png/content/dam/fom-website/drivers/C/CARSAI01_Carlos_Sainz/carsai01.png.transform/1col/image.png,ESP,9607,1247
63,G RUSSELL,George RUSSELL,RUS,Mercedes,27F4D2,George,Russell,https://media.formula1.com/d_driver_fallback_image.png/content/dam/fom-website/drivers/G/GEORUS01_George_Russell/georus01.png.transform/1col/image.png,GBR,9607,1247
77,V BOTTAS,Valtteri BOTTAS,BOT,Kick Sauber,52E252,Valtteri,Bottas,https://media.formula1.com/d_driver_fallback_image.png/content/dam/fom-website/drivers/V/VALBOT01_Valtteri_Bottas/valbot01.png.transform/1col/image.png,FIN,9607,1247
81,O PIASTRI,Oscar PIASTRI,PIA,McLaren,FF8000,Oscar,Piastri,https://media.formula1.com/d_driver_fallback_image.png/content/dam/fom-website/drivers/O/OSCPIA01_Oscar_Piastri/oscpia01.png.transform/1col/image.png,AUS,9607,1247
1,M VERSTAPPEN,Max VERSTAPPEN,VER,Red Bull Racing,3671C6,Max,Verstappen,https://media.formula1.com/d_driver_fallback_image.png/content/dam/fom-website/drivers/M/MAXVER01_Max_Verstappen/maxver01.png.transform/1col/image.png,NED,9608,1247
4,L NORRIS,Lando NORRIS,NOR,McLaren,FF8000,Lando,Norris,https://media.formula1.com/d_driver_fallback_image.png/content/dam/fom-website/drivers/L/LANNOR01_Lando_Norris/lannor01.png.transform/1col/image.png,GBR,9608,1247
10,P GASLY,Pierre GASLY,GAS,Alpine,0093CC,Pierre,Gasly,https://media.formula1.com/d_driver_fallback_image.png/content/dam/fom-website/drivers/P/PIEGAS01_Pierre_Gasly/piegas01.png.transform/1col/image.png,FRA,9608,1247
11,S PEREZ,Sergio PEREZ,PER,Red Bull Racing,3671C6,Sergio,Perez,https://media.formula1.com/d_driver_fallback_image.png/content/dam/fom-website/drivers/S/SERPER01_Sergio_Perez/serper01.png.transform/1col/image.png,MEX,9608,1247
14,F ALONSO,Fernando ALONSO,ALO,Aston Martin,229971,Fernando,Alonso,https://media.formula1.com/d_driver_fallback_image.png/content/dam/fom-website/drivers/F/FERALO01_Fernando_Alonso/feralo01.png.transform/1col/image.png,ESP,9608,1247
16,C LECLERC,Charles LECLERC,LEC,Ferrari,E80020,Charles,Leclerc,https://media.formula1.com/d_driver_fallback_image.png/content/dam/fom-website/drivers/C/CHALEC01_Charles_Leclerc/chalec01.png.transform/1col/image.png,MON,9608,1247
18,L STROLL,Lance STROLL,STR,Aston Martin,229971,Lance,Stroll,https://media.formula1.com/d_driver_fallback_image.png/content/dam/fom-website/drivers/L/LANSTR01_Lance_Stroll/lanstr01.png.transform/1col/image.png,CAN,9608,1247
20,K MAGNUSSEN,Kevin MAGNUSSEN,MAG,Haas F1 Team,B6BABD,Kevin,Magnussen,https://media.formula1.com/d_driver_fallback_image.png/content/dam/fom-website/drivers/K/KEVMAG01_Kevin_Magnussen/kevmag01.png.transform/1col/image.png,DEN,9608,1247
22,Y TSUNODA,Yuki TSUNODA,TSU,RB,6692FF,Yuki,Tsunoda,https://media.formula1.com/d_driver_fallback_image.png/content/dam/fom-website/drivers/Y/YUKTSU01_Yuki_Tsunoda/yuktsu01.png.transform/1col/image.png,JPN,9608,1247
23,A ALBON,Alexander ALBON,ALB,Williams,64C4FF,Alexander,Albon,https://media.formula1.com/d_driver_fallback_image.png/content/dam/fom-website/drivers/A/ALEALB01_Alexander_Albon/alealb01.png.transform/1col/image.png,THA,9608,1247
24,G ZHOU,ZHOU Guanyu,ZHO,Kick Sauber,52E252,Guanyu,Zhou,https://media.formula1.com/d_driver_fallback_image.png/content/dam/fom-website/drivers/G/GUAZHO01_Guanyu_Zhou/guazho01.png.transform/1col/image.png,CHN,9608,1247
27,N HULKENBERG,Nico HULKENBERG,HUL,Haas F1 Team,B6BABD,Nico,Hulkenberg,https://media.formula1.com/d_driver_fallback_image.png/content/dam/fom-website/drivers/N/NICHUL01_Nico_Hulkenberg/nichul01.png.transform/1col/image.png,GER,9608,1247
30,L LAWSON,Liam LAWSON,LAW,RB,6692FF,Liam,Lawson,,NZL,9608,1247
31,E OCON,Esteban OCON,OCO,Alpine,0093CC,Esteban,Ocon,https://media.formula1.com/d_driver_fallback_image.png/content/dam/fom-website/drivers/E/ESTOCO01_Esteban_Ocon/estoco01.png.transform/1col/image.png,FRA,9608,1247
43,F COLAPINTO,Franco COLAPINTO,COL,Williams,64C4FF,Franco,Colapinto,,ARG,9608,1247
44,L HAMILTON,Lewis HAMILTON,HAM,Mercedes,27F4D2,Lewis,Hamilton,https://media.formula1.com/d_driver_fallback_image.png/content/dam/fom-website/drivers/L/LEWHAM01_Lewis_Hamilton/lewham01.png.transform/1col/image.png,GBR,9608,1247
55,C SAINZ,Carlos SAINZ,SAI,Ferrari,E80020,Carlos,Sainz,https://media.formula1.com/d_driver_fallback_image.png/content/dam/fom-website/drivers/C/CARSAI01_Carlos_Sainz/carsai01.png.transform/1col/image.png,ESP,9608,1247
63,G RUSSELL,George RUSSELL,RUS,Mercedes,27F4D2,George,Russell,https://media.formula1.com/d_driver_fallback_image.png/content/dam/fom-website/drivers/G/GEORUS01_George_Russell/georus01.png.transform/1col/image.png,GBR,9608,1247
77,V BOTTAS,Valtteri BOTTAS,BOT,Kick Sauber,52E252,Valtteri,Bottas,https://media.formula1.com/d_driver_fallback_image.png/content/dam/fom-website/drivers/V/VALBOT01_Valtteri_Bottas/valbot01.png.transform/1col/image.png,FIN,9608,1247
81,O PIASTRI,Oscar PIASTRI,PIA,McLaren,FF8000,Oscar,Piastri,https://media.formula1.com/d_driver_fallback_image.png/content/dam/fom-website/drivers/O/OSCPIA01_Oscar_Piastri/oscpia01.png.transform/1col/image.png,AUS,9608,1247
1,M VERSTAPPEN,Max VERSTAPPEN,VER,Red Bull Racing,3671C6,Max,Verstappen,https://media.formula1.com/d_driver_fallback_image.png/content/dam/fom-website/drivers/M/MAXVER01_Max_Verstappen/maxver01.png.transform/1col/image.png,NED,9612,1247
4,L NORRIS,Lando NORRIS,NOR,McLaren,FF8000,Lando,Norris,https://media.formula1.com/d_driver_fallback_image.png/content/dam/fom-website/drivers/L/LANNOR01_Lando_Norris/lannor01.png.transform/1col/image.png,GBR,9612,1247
10,P GASLY,Pierre GASLY,GAS,Alpine,0093CC,Pierre,Gasly,https://media.formula1.com/d_driver_fallback_image.png/content/dam/fom-website/drivers/P/PIEGAS01_Pierre_Gasly/piegas01.png.transform/1col/image.png,FRA,9612,1247
11,S PEREZ,Sergio PEREZ,PER,Red Bull Racing,3671C6,Sergio,Perez,https://media.formula1.com/d_driver_fallback_image.png/content/dam/fom-website/drivers/S/SERPER01_Sergio_Perez/serper01.png.transform/1col/image.png,MEX,9612,1247
14,F ALONSO,Fernando ALONSO,ALO,Aston Martin,229971,Fernando,Alonso,https://media.formula1.com/d_driver_fallback_image.png/content/dam/fom-website/drivers/F/FERALO01_Fernando_Alonso/feralo01.png.transform/1col/image.png,ESP,9612,1247
16,C LECLERC,Charles LECLERC,LEC,Ferrari,E80020,Charles,Leclerc,https://media.formula1.com/d_driver_fallback_image.png/content/dam/fom-website/drivers/C/CHALEC01_Charles_Leclerc/chalec01.png.transform/1col/image.png,MON,9612,1247
18,L STROLL,Lance STROLL,STR,Aston Martin,229971,Lance,Stroll,https://media.formula1.com/d_driver_fallback_image.png/content/dam/fom-website/drivers/L/LANSTR01_Lance_Stroll/lanstr01.png.transform/1col/image.png,CAN,9612,1247
20,K MAGNUSSEN,Kevin MAGNUSSEN,MAG,Haas F1 Team,B6BABD,Kevin,Magnussen,https://media.formula1.com/d_driver_fallback_image.png/content/dam/fom-website/drivers/K/KEVMAG01_Kevin_Magnussen/kevmag01.png.transform/1col/image.png,DEN,9612,1247
22,Y TSUNODA,Yuki TSUNODA,TSU,RB,6692FF,Yuki,Tsunoda,https://media.formula1.com/d_driver_fallback_image.png/content/dam/fom-website/drivers/Y/YUKTSU01_Yuki_Tsunoda/yuktsu01.png.transform/1col/image.png,JPN,9612,1247
23,A ALBON,Alexander ALBON,ALB,Williams,64C4FF,Alexander,Albon,https://media.formula1.com/d_driver_fallback_image.png/content/dam/fom-website/drivers/A/ALEALB01_Alexander_Albon/alealb01.png.transform/1col/image.png,THA,9612,1247
24,G ZHOU,ZHOU Guanyu,ZHO,Kick Sauber,52E252,Guanyu,Zhou,https://media.formula1.com/d_driver_fallback_image.png/content/dam/fom-website/drivers/G/GUAZHO01_Guanyu_Zhou/guazho01.png.transform/1col/image.png,CHN,9612,1247
27,N HULKENBERG,Nico HULKENBERG,HUL,Haas F1 Team,B6BABD,Nico,Hulkenberg,https://media.formula1.com/d_driver_fallback_image.png/content/dam/fom-website/drivers/N/NICHUL01_Nico_Hulkenberg/nichul01.png.transform/1col/image.png,GER,9612,1247
30,L LAWSON,Liam LAWSON,LAW,RB,6692FF,Liam,Lawson,,NZL,9612,1247
31,E OCON,Esteban OCON,OCO,Alpine,0093CC,Esteban,Ocon,https://media.formula1.com/d_driver_fallback_image.png/content/dam/fom-website/drivers/E/ESTOCO01_Esteban_Ocon/estoco01.png.transform/1col/image.png,FRA,9612,1247
43,F COLAPINTO,Franco COLAPINTO,COL,Williams,64C4FF,Franco,Colapinto,,ARG,9612,1247
44,L HAMILTON,Lewis HAMILTON,HAM,Mercedes,27F4D2,Lewis,Hamilton,https://media.formula1.com/d_driver_fallback_image.png/content/dam/fom-website/drivers/L/LEWHAM01_Lewis_Hamilton/lewham01.png.transform/1col/image.png,GBR,9612,1247
55,C SAINZ,Carlos SAINZ,SAI,Ferrari,E80020,Carlos,Sainz,https://media.formula1.com/d_driver_fallback_image.png/content/dam/fom-website/drivers/C/CARSAI01_Carlos_Sainz/carsai01.png.transform/1col/image.png,ESP,9612,1247
63,G RUSSELL,George RUSSELL,RUS,Mercedes,27F4D2,George,Russell,https://media.formula1.com/d_driver_fallback_image.png/content/dam/fom-website/drivers/G/GEORUS01_George_Russell/georus01.png.transform/1col/image.png,GBR,9612,1247
77,V BOTTAS,Valtteri BOTTAS,BOT,Kick Sauber,52E252,Valtteri,Bottas,https://media.formula1.com/d_driver_fallback_image.png/content/dam/fom-website/drivers/V/VALBOT01_Valtteri_Bottas/valbot01.png.transform/1col/image.png,FIN,9612,1247
81,O PIASTRI,Oscar PIASTRI,PIA,McLaren,FF8000,Oscar,Piastri,https://media.formula1.com/d_driver_fallback_image.png/content/dam/fom-website/drivers/O/OSCPIA01_Oscar_Piastri/oscpia01.png.transform/1col/image.png,AUS,9612,1247
1,M VERSTAPPEN,Max VERSTAPPEN,VER,Red Bull Racing,3671C6,Max,Verstappen,https://media.formula1.com/d_driver_fallback_image.png/content/dam/fom-website/drivers/M/MAXVER01_Max_Verstappen/maxver01.png.transform/1col/image.png,NED,9616,1247
4,L NORRIS,Lando NORRIS,NOR,McLaren,FF8000,Lando,Norris,https://media.formula1.com/d_driver_fallback_image.png/content/dam/fom-website/drivers/L/LANNOR01_Lando_Norris/lannor01.png.transform/1col/image.png,GBR,9616,1247
10,P GASLY,Pierre GASLY,GAS,Alpine,0093CC,Pierre,Gasly,https://media.formula1.com/d_driver_fallback_image.png/content/dam/fom-website/drivers/P/PIEGAS01_Pierre_Gasly/piegas01.png.transform/1col/image.png,FRA,9616,1247
11,S PEREZ,Sergio PEREZ,PER,Red Bull Racing,3671C6,Sergio,Perez,https://media.formula1.com/d_driver_fallback_image.png/content/dam/fom-website/drivers/S/SERPER01_Sergio_Perez/serper01.png.transform/1col/image.png,MEX,9616,1247
14,F ALONSO,Fernando ALONSO,ALO,Aston Martin,229971,Fernando,Alonso,https://media.formula1.com/d_driver_fallback_image.png/content/dam/fom-website/drivers/F/FERALO01_Fernando_Alonso/feralo01.png.transform/1col/image.png,ESP,9616,1247
16,C LECLERC,Charles LECLERC,LEC,Ferrari,E80020,Charles,Leclerc,https://media.formula1.com/d_driver_fallback_image.png/content/dam/fom-website/drivers/C/CHALEC01_Charles_Leclerc/chalec01.png.transform/1col/image.png,MON,9616,1247
18,L STROLL,Lance STROLL,STR,Aston Martin,229971,Lance,Stroll,https://media.formula1.com/d_driver_fallback_image.png/content/dam/fom-website/drivers/L/LANSTR01_Lance_Stroll/lanstr01.png.transform/1col/image.png,CAN,9616,1247
20,K MAGNUSSEN,Kevin MAGNUSSEN,MAG,Haas F1 Team,B6BABD,Kevin,Magnussen,https://media.formula1.com/d_driver_fallback_image.png/content/dam/fom-website/drivers/K/KEVMAG01_Kevin_Magnussen/kevmag01.png.transform/1col/image.png,DEN,9616,1247
22,Y TSUNODA,Yuki TSUNODA,TSU,RB,6692FF,Yuki,Tsunoda,https://media.formula1.com/d_driver_fallback_image.png/content/dam/fom-website/drivers/Y/YUKTSU01_Yuki_Tsunoda/yuktsu01.png.transform/1col/image.png,JPN,9616,1247
23,A ALBON,Alexander ALBON,ALB,Williams,64C4FF,Alexander,Albon,https://media.formula1.com/d_driver_fallback_image.png/content/dam/fom-website/drivers/A/ALEALB01_Alexander_Albon/alealb01.png.transform/1col/image.png,THA,9616,1247
24,G ZHOU,ZHOU Guanyu,ZHO,Kick Sauber,52E252,Guanyu,Zhou,https://media.formula1.com/d_driver_fallback_image.png/content/dam/fom-website/drivers/G/GUAZHO01_Guanyu_Zhou/guazho01.png.transform/1col/image.png,CHN,9616,1247
27,N HULKENBERG,Nico HULKENBERG,HUL,Haas F1 Team,B6BABD,Nico,Hulkenberg,https://media.formula1.com/d_driver_fallback_image.png/content/dam/fom-website/drivers/N/NICHUL01_Nico_Hulkenberg/nichul01.png.transform/1col/image.png,GER,9616,1247
30,L LAWSON,Liam LAWSON,LAW,RB,6692FF,Liam,Lawson,,NZL,9616,1247
31,E OCON,Esteban OCON,OCO,Alpine,0093CC,Esteban,Ocon,https://media.formula1.com/d_driver_fallback_image.png/content/dam/fom-website/drivers/E/ESTOCO01_Esteban_Ocon/estoco01.png.transform/1col/image.png,FRA,9616,1247
43,F COLAPINTO,Franco COLAPINTO,COL,Williams,64C4FF,Franco,Colapinto,,ARG,9616,1247
44,L HAMILTON,Lewis HAMILTON,HAM,Mercedes,27F4D2,Lewis,Hamilton,https://media.formula1.com/d_driver_fallback_image.png/content/dam/fom-website/drivers/L/LEWHAM01_Lewis_Hamilton/lewham01.png.transform/1col/image.png,GBR,9616,1247
55,C SAINZ,Carlos SAINZ,SAI,Ferrari,E80020,Carlos,Sainz,https://media.formula1.com/d_driver_fallback_image.png/content/dam/fom-website/drivers/C/CARSAI01_Carlos_Sainz/carsai01.png.transform/1col/image.png,ESP,9616,1247
63,G RUSSELL,George RUSSELL,RUS,Mercedes,27F4D2,George,Russell,https://media.formula1.com/d_driver_fallback_image.png/content/dam/fom-website/drivers/G/GEORUS01_George_Russell/georus01.png.transform/1col/image.png,GBR,9616,1247
77,V BOTTAS,Valtteri BOTTAS,BOT,Kick Sauber,52E252,Valtteri,Bottas,https://media.formula1.com/d_driver_fallback_image.png/content/dam/fom-website/drivers/V/VALBOT01_Valtteri_Bottas/valbot01.png.transform/1col/image.png,FIN,9616,1247
81,O PIASTRI,Oscar PIASTRI,PIA,McLaren,FF8000,Oscar,Piastri,https://media.formula1.com/d_driver_fallback_image.png/content/dam/fom-website/drivers/O/OSCPIA01_Oscar_Piastri/oscpia01.png.transform/1col/image.png,AUS,9616,1247
1,M VERSTAPPEN,Max VERSTAPPEN,VER,Red Bull Racing,3671C6,Max,Verstappen,https://media.formula1.com/d_driver_fallback_image.png/content/dam/fom-website/drivers/M/MAXVER01_Max_Verstappen/maxver01.png.transform/1col/image.png,NED,9617,1247
4,L NORRIS,Lando NORRIS,NOR,McLaren,FF8000,Lando,Norris,https://media.formula1.com/d_driver_fallback_image.png/content/dam/fom-website/drivers/L/LANNOR01_Lando_Norris/lannor01.png.transform/1col/image.png,GBR,9617,1247
10,P GASLY,Pierre GASLY,GAS,Alpine,0093CC,Pierre,Gasly,https://media.formula1.com/d_driver_fallback_image.png/content/dam/fom-website/drivers/P/PIEGAS01_Pierre_Gasly/piegas01.png.transform/1col/image.png,FRA,9617,1247
11,S PEREZ,Sergio PEREZ,PER,Red Bull Racing,3671C6,Sergio,Perez,https://media.formula1.com/d_driver_fallback_image.png/content/dam/fom-website/drivers/S/SERPER01_Sergio_Perez/serper01.png.transform/1col/image.png,MEX,9617,1247
14,F ALONSO,Fernando ALONSO,ALO,Aston Martin,229971,Fernando,Alonso,https://media.formula1.com/d_driver_fallback_image.png/content/dam/fom-website/drivers/F/FERALO01_Fernando_Alonso/feralo01.png.transform/1col/image.png,ESP,9617,1247
16,C LECLERC,Charles LECLERC,LEC,Ferrari,E80020,Charles,Leclerc,https://media.formula1.com/d_driver_fallback_image.png/content/dam/fom-website/drivers/C/CHALEC01_Charles_Leclerc/chalec01.png.transform/1col/image.png,MON,9617,1247
18,L STROLL,Lance STROLL,STR,Aston Martin,229971,Lance,Stroll,https://media.formula1.com/d_driver_fallback_image.png/content/dam/fom-website/drivers/L/LANSTR01_Lance_Stroll/lanstr01.png.transform/1col/image.png,CAN,9617,1247
20,K MAGNUSSEN,Kevin MAGNUSSEN,MAG,Haas F1 Team,B6BABD,Kevin,Magnussen,https://media.formula1.com/d_driver_fallback_image.png/content/dam/fom-website/drivers/K/KEVMAG01_Kevin_Magnussen/kevmag01.png.transform/1col/image.png,DEN,9617,1247
22,Y TSUNODA,Yuki TSUNODA,TSU,RB,6692FF,Yuki,Tsunoda,https://media.formula1.com/d_driver_fallback_image.png/content/dam/fom-website/drivers/Y/YUKTSU01_Yuki_Tsunoda/yuktsu01.png.transform/1col/image.png,JPN,9617,1247
23,A ALBON,Alexander ALBON,ALB,Williams,64C4FF,Alexander,Albon,https://media.formula1.com/d_driver_fallback_image.png/content/dam/fom-website/drivers/A/ALEALB01_Alexander_Albon/alealb01.png.transform/1col/image.png,THA,9617,1247
24,G ZHOU,ZHOU Guanyu,ZHO,Kick Sauber,52E252,Guanyu,Zhou,https://media.formula1.com/d_driver_fallback_image.png/content/dam/fom-website/drivers/G/GUAZHO01_Guanyu_Zhou/guazho01.png.transform/1col/image.png,CHN,9617,1247
27,N HULKENBERG,Nico HULKENBERG,HUL,Haas F1 Team,B6BABD,Nico,Hulkenberg,https://media.formula1.com/d_driver_fallback_image.png/content/dam/fom-website/drivers/N/NICHUL01_Nico_Hulkenberg/nichul01.png.transform/1col/image.png,GER,9617,1247
30,L LAWSON,Liam LAWSON,LAW,RB,6692FF,Liam,Lawson,,NZL,9617,1247
31,E OCON,Esteban OCON,OCO,Alpine,0093CC,Esteban,Ocon,https://media.formula1.com/d_driver_fallback_image.png/content/dam/fom-website/drivers/E/ESTOCO01_Esteban_Ocon/estoco01.png.transform/1col/image.png,FRA,9617,1247
43,F COLAPINTO,Franco COLAPINTO,COL,Williams,64C4FF,Franco,Colapinto,,ARG,9617,1247
44,L HAMILTON,Lewis HAMILTON,HAM,Mercedes,27F4D2,Lewis,Hamilton,https://media.formula1.com/d_driver_fallback_image.png/content/dam/fom-website/drivers/L/LEWHAM01_Lewis_Hamilton/lewham01.png.transform/1col/image.png,GBR,9617,1247
55,C SAINZ,Carlos SAINZ,SAI,Ferrari,E80020,Carlos,Sainz,https://media.formula1.com/d_driver_fallback_image.png/content/dam/fom-website/drivers/C/CARSAI01_Carlos_Sainz/carsai01.png.transform/1col/image.png,ESP,9617,1247
63,G RUSSELL,George RUSSELL,RUS,Mercedes,27F4D2,George,Russell,https://media.formula1.com/d_driver_fallback_image.png/content/dam/fom-website/drivers/G/GEORUS01_George_Russell/georus01.png.transform/1col/image.png,GBR,9617,1247
77,V BOTTAS,Valtteri BOTTAS,BOT,Kick Sauber,52E252,Valtteri,Bottas,https://media.formula1.com/d_driver_fallback_image.png/content/dam/fom-website/drivers/V/VALBOT01_Valtteri_Bottas/valbot01.png.transform/1col/image.png,FIN,9617,1247
81,O PIASTRI,Oscar PIASTRI,PIA,McLaren,FF8000,Oscar,Piastri,https://media.formula1.com/d_driver_fallback_image.png/content/dam/fom-website/drivers/O/OSCPIA01_Oscar_Piastri/oscpia01.png.transform/1col/image.png,AUS,9617,1247
1,M VERSTAPPEN,Max VERSTAPPEN,VER,Red Bull Racing,3671C6,Max,Verstappen,https://media.formula1.com/d_driver_fallback_image.png/content/dam/fom-website/drivers/M/MAXVER01_Max_Verstappen/maxver01.png.transform/1col/image.png,NED,9618,1248
10,P GASLY,Pierre GASLY,GAS,Alpine,0093cc,Pierre,Gasly,https://media.formula1.com/d_driver_fallback_image.png/content/dam/fom-website/drivers/P/PIEGAS01_Pierre_Gasly/piegas01.png.transform/1col/image.png,FRA,9618,1248
11,S PEREZ,Sergio PEREZ,PER,Red Bull Racing,3671C6,Sergio,Perez,https://media.formula1.com/d_driver_fallback_image.png/content/dam/fom-website/drivers/S/SERPER01_Sergio_Perez/serper01.png.transform/1col/image.png,MEX,9618,1248
12,A ANTONELLI,Andrea Kimi ANTONELLI,ANT,,,,,,,9618,1248
18,L STROLL,Lance STROLL,STR,Aston Martin,229971,Lance,Stroll,https://media.formula1.com/d_driver_fallback_image.png/content/dam/fom-website/drivers/L/LANSTR01_Lance_Stroll/lanstr01.png.transform/1col/image.png,CAN,9618,1248
20,K MAGNUSSEN,Kevin MAGNUSSEN,MAG,Haas F1 Team,B6BABD,Kevin,Magnussen,https://media.formula1.com/d_driver_fallback_image.png/content/dam/fom-website/drivers/K/KEVMAG01_Kevin_Magnussen/kevmag01.png.transform/1col/image.png,DEN,9618,1248
22,Y TSUNODA,Yuki TSUNODA,TSU,RB,6692FF,Yuki,Tsunoda,https://media.formula1.com/d_driver_fallback_image.png/content/dam/fom-website/drivers/Y/YUKTSU01_Yuki_Tsunoda/yuktsu01.png.transform/1col/image.png,JPN,9618,1248
23,A ALBON,Alexander ALBON,ALB,Williams,64C4FF,Alexander,Albon,https://media.formula1.com/d_driver_fallback_image.png/content/dam/fom-website/drivers/A/ALEALB01_Alexander_Albon/alealb01.png.transform/1col/image.png,THA,9618,1248
27,N HULKENBERG,Nico HULKENBERG,HUL,Haas F1 Team,B6BABD,Nico,Hulkenberg,https://media.formula1.com/d_driver_fallback_image.png/content/dam/fom-website/drivers/N/NICHUL01_Nico_Hulkenberg/nichul01.png.transform/1col/image.png,GER,9618,1248
29,P O'WARD,Patricio O'WARD,OWA,,,,,,,9618,1248
30,L LAWSON,Liam LAWSON,LAW,,,,,,,9618,1248
31,E OCON,Esteban OCON,OCO,Alpine,0093cc,Esteban,Ocon,https://media.formula1.com/d_driver_fallback_image.png/content/dam/fom-website/drivers/E/ESTOCO01_Esteban_Ocon/estoco01.png.transform/1col/image.png,FRA,9618,1248
34,F DRUGOVICH,Felipe DRUGOVICH,DRU,,,,,,,9618,1248
38,O BEARMAN,Oliver BEARMAN,BEA,,,,,,,9618,1248
43,F COLAPINTO,Franco COLAPINTO,COL,,,,,,,9618,1248
55,C SAINZ,Carlos SAINZ,SAI,Ferrari,E80020,Carlos,Sainz,https://media.formula1.com/d_driver_fallback_image.png/content/dam/fom-website/drivers/C/CARSAI01_Carlos_Sainz/carsai01.png.transform/1col/image.png,ESP,9618,1248
63,G RUSSELL,George RUSSELL,RUS,Mercedes,27F4D2,George,Russell,https://media.formula1.com/d_driver_fallback_image.png/content/dam/fom-website/drivers/G/GEORUS01_George_Russell/georus01.png.transform/1col/image.png,GBR,9618,1248
77,V BOTTAS,Valtteri BOTTAS,BOT,Kick Sauber,52E252,Valtteri,Bottas,https://media.formula1.com/d_driver_fallback_image.png/content/dam/fom-website/drivers/V/VALBOT01_Valtteri_Bottas/valbot01.png.transform/1col/image.png,FIN,9618,1248
81,O PIASTRI,Oscar PIASTRI,PIA,McLaren,FF8000,Oscar,Piastri,https://media.formula1.com/d_driver_fallback_image.png/content/dam/fom-website/drivers/O/OSCPIA01_Oscar_Piastri/oscpia01.png.transform/1col/image.png,AUS,9618,1248
97,R SHWARTZMAN,Robert SHWARTZMAN,SHW,,,,,,,9618,1248
1,M VERSTAPPEN,Max VERSTAPPEN,VER,Red Bull Racing,3671C6,Max,Verstappen,https://media.formula1.com/d_driver_fallback_image.png/content/dam/fom-website/drivers/M/MAXVER01_Max_Verstappen/maxver01.png.transform/1col/image.png,NED,9619,1248
4,L NORRIS,Lando NORRIS,NOR,McLaren,FF8000,Lando,Norris,https://media.formula1.com/d_driver_fallback_image.png/content/dam/fom-website/drivers/L/LANNOR01_Lando_Norris/lannor01.png.transform/1col/image.png,GBR,9619,1248
10,P GASLY,Pierre GASLY,GAS,Alpine,0093cc,Pierre,Gasly,https://media.formula1.com/d_driver_fallback_image.png/content/dam/fom-website/drivers/P/PIEGAS01_Pierre_Gasly/piegas01.png.transform/1col/image.png,FRA,9619,1248
11,S PEREZ,Sergio PEREZ,PER,Red Bull Racing,3671C6,Sergio,Perez,https://media.formula1.com/d_driver_fallback_image.png/content/dam/fom-website/drivers/S/SERPER01_Sergio_Perez/serper01.png.transform/1col/image.png,MEX,9619,1248
14,F ALONSO,Fernando ALONSO,ALO,Aston Martin,229971,Fernando,Alonso,https://media.formula1.com/d_driver_fallback_image.png/content/dam/fom-website/drivers/F/FERALO01_Fernando_Alonso/feralo01.png.transform/1col/image.png,ESP,9619,1248
16,C LECLERC,Charles LECLERC,LEC,Ferrari,E80020,Charles,Leclerc,https://media.formula1.com/d_driver_fallback_image.png/content/dam/fom-website/drivers/C/CHALEC01_Charles_Leclerc/chalec01.png.transform/1col/image.png,MON,9619,1248
18,L STROLL,Lance STROLL,STR,Aston Martin,229971,Lance,Stroll,https://media.formula1.com/d_driver_fallback_image.png/content/dam/fom-website/drivers/L/LANSTR01_Lance_Stroll/lanstr01.png.transform/1col/image.png,CAN,9619,1248
20,K MAGNUSSEN,Kevin MAGNUSSEN,MAG,Haas F1 Team,B6BABD,Kevin,Magnussen,https://media.formula1.com/d_driver_fallback_image.png/content/dam/fom-website/drivers/K/KEVMAG01_Kevin_Magnussen/kevmag01.png.transform/1col/image.png,DEN,9619,1248
22,Y TSUNODA,Yuki TSUNODA,TSU,RB,6692FF,Yuki,Tsunoda,https://media.formula1.com/d_driver_fallback_image.png/content/dam/fom-website/drivers/Y/YUKTSU01_Yuki_Tsunoda/yuktsu01.png.transform/1col/image.png,JPN,9619,1248
23,A ALBON,Alexander ALBON,ALB,Williams,64C4FF,Alexander,Albon,https://media.formula1.com/d_driver_fallback_image.png/content/dam/fom-website/drivers/A/ALEALB01_Alexander_Albon/alealb01.png.transform/1col/image.png,THA,9619,1248
24,G ZHOU,ZHOU Guanyu,ZHO,Kick Sauber,52E252,Guanyu,Zhou,https://media.formula1.com/d_driver_fallback_image.png/content/dam/fom-website/drivers/G/GUAZHO01_Guanyu_Zhou/guazho01.png.transform/1col/image.png,CHN,9619,1248
27,N HULKENBERG,Nico HULKENBERG,HUL,Haas F1 Team,B6BABD,Nico,Hulkenberg,https://media.formula1.com/d_driver_fallback_image.png/content/dam/fom-website/drivers/N/NICHUL01_Nico_Hulkenberg/nichul01.png.transform/1col/image.png,GER,9619,1248
30,L LAWSON,Liam LAWSON,LAW,,,,,,,9619,1248
31,E OCON,Esteban OCON,OCO,Alpine,0093cc,Esteban,Ocon,https://media.formula1.com/d_driver_fallback_image.png/content/dam/fom-website/drivers/E/ESTOCO01_Esteban_Ocon/estoco01.png.transform/1col/image.png,FRA,9619,1248
43,F COLAPINTO,Franco COLAPINTO,COL,,,,,,,9619,1248
44,L HAMILTON,Lewis HAMILTON,HAM,Mercedes,27F4D2,Lewis,Hamilton,https://media.formula1.com/d_driver_fallback_image.png/content/dam/fom-website/drivers/L/LEWHAM01_Lewis_Hamilton/lewham01.png.transform/1col/image.png,GBR,9619,1248
55,C SAINZ,Carlos SAINZ,SAI,Ferrari,E80020,Carlos,Sainz,https://media.formula1.com/d_driver_fallback_image.png/content/dam/fom-website/drivers/C/CARSAI01_Carlos_Sainz/carsai01.png.transform/1col/image.png,ESP,9619,1248
63,G RUSSELL,George RUSSELL,RUS,Mercedes,27F4D2,George,Russell,https://media.formula1.com/d_driver_fallback_image.png/content/dam/fom-website/drivers/G/GEORUS01_George_Russell/georus01.png.transform/1col/image.png,GBR,9619,1248
77,V BOTTAS,Valtteri BOTTAS,BOT,Kick Sauber,52E252,Valtteri,Bottas,https://media.formula1.com/d_driver_fallback_image.png/content/dam/fom-website/drivers/V/VALBOT01_Valtteri_Bottas/valbot01.png.transform/1col/image.png,FIN,9619,1248
81,O PIASTRI,Oscar PIASTRI,PIA,McLaren,FF8000,Oscar,Piastri,https://media.formula1.com/d_driver_fallback_image.png/content/dam/fom-website/drivers/O/OSCPIA01_Oscar_Piastri/oscpia01.png.transform/1col/image.png,AUS,9619,1248
1,M VERSTAPPEN,Max VERSTAPPEN,VER,Red Bull Racing,3671C6,Max,Verstappen,https://media.formula1.com/d_driver_fallback_image.png/content/dam/fom-website/drivers/M/MAXVER01_Max_Verstappen/maxver01.png.transform/1col/image.png,NED,9620,1248
4,L NORRIS,Lando NORRIS,NOR,McLaren,FF8000,Lando,Norris,https://media.formula1.com/d_driver_fallback_image.png/content/dam/fom-website/drivers/L/LANNOR01_Lando_Norris/lannor01.png.transform/1col/image.png,GBR,9620,1248
10,P GASLY,Pierre GASLY,GAS,Alpine,0093CC,Pierre,Gasly,https://media.formula1.com/d_driver_fallback_image.png/content/dam/fom-website/drivers/P/PIEGAS01_Pierre_Gasly/piegas01.png.transform/1col/image.png,FRA,9620,1248
11,S PEREZ,Sergio PEREZ,PER,Red Bull Racing,3671C6,Sergio,Perez,https://media.formula1.com/d_driver_fallback_image.png/content/dam/fom-website/drivers/S/SERPER01_Sergio_Perez/serper01.png.transform/1col/image.png,MEX,9620,1248
14,F ALONSO,Fernando ALONSO,ALO,Aston Martin,229971,Fernando,Alonso,https://media.formula1.com/d_driver_fallback_image.png/content/dam/fom-website/drivers/F/FERALO01_Fernando_Alonso/feralo01.png.transform/1col/image.png,ESP,9620,1248
16,C LECLERC,Charles LECLERC,LEC,Ferrari,E80020,Charles,Leclerc,https://media.formula1.com/d_driver_fallback_image.png/content/dam/fom-website/drivers/C/CHALEC01_Charles_Leclerc/chalec01.png.transform/1col/image.png,MON,9620,1248
18,L STROLL,Lance STROLL,STR,Aston Martin,229971,Lance,Stroll,https://media.formula1.com/d_driver_fallback_image.png/content/dam/fom-website/drivers/L/LANSTR01_Lance_Stroll/lanstr01.png.transform/1col/image.png,CAN,9620,1248
20,K MAGNUSSEN,Kevin MAGNUSSEN,MAG,Haas F1 Team,B6BABD,Kevin,Magnussen,https://media.formula1.com/d_driver_fallback_image.png/content/dam/fom-website/drivers/K/KEVMAG01_Kevin_Magnussen/kevmag01.png.transform/1col/image.png,DEN,9620,1248
22,Y TSUNODA,Yuki TSUNODA,TSU,RB,6692FF,Yuki,Tsunoda,https://media.formula1.com/d_driver_fallback_image.png/content/dam/fom-website/drivers/Y/YUKTSU01_Yuki_Tsunoda/yuktsu01.png.transform/1col/image.png,JPN,9620,1248
23,A ALBON,Alexander ALBON,ALB,Williams,64C4FF,Alexander,Albon,https://media.formula1.com/d_driver_fallback_image.png/content/dam/fom-website/drivers/A/ALEALB01_Alexander_Albon/alealb01.png.transform/1col/image.png,THA,9620,1248
24,G ZHOU,ZHOU Guanyu,ZHO,Kick Sauber,52E252,Guanyu,Zhou,https://media.formula1.com/d_driver_fallback_image.png/content/dam/fom-website/drivers/G/GUAZHO01_Guanyu_Zhou/guazho01.png.transform/1col/image.png,CHN,9620,1248
27,N HULKENBERG,Nico HULKENBERG,HUL,Haas F1 Team,B6BABD,Nico,Hulkenberg,https://media.formula1.com/d_driver_fallback_image.png/content/dam/fom-website/drivers/N/NICHUL01_Nico_Hulkenberg/nichul01.png.transform/1col/image.png,GER,9620,1248
30,L LAWSON,Liam LAWSON,LAW,RB,6692FF,Liam,Lawson,,NZL,9620,1248
31,E OCON,Esteban OCON,OCO,Alpine,0093CC,Esteban,Ocon,https://media.formula1.com/d_driver_fallback_image.png/content/dam/fom-website/drivers/E/ESTOCO01_Esteban_Ocon/estoco01.png.transform/1col/image.png,FRA,9620,1248
43,F COLAPINTO,Franco COLAPINTO,COL,Williams,64C4FF,Franco,Colapinto,,ARG,9620,1248
44,L HAMILTON,Lewis HAMILTON,HAM,Mercedes,27F4D2,Lewis,Hamilton,https://media.formula1.com/d_driver_fallback_image.png/content/dam/fom-website/drivers/L/LEWHAM01_Lewis_Hamilton/lewham01.png.transform/1col/image.png,GBR,9620,1248
55,C SAINZ,Carlos SAINZ,SAI,Ferrari,E80020,Carlos,Sainz,https://media.formula1.com/d_driver_fallback_image.png/content/dam/fom-website/drivers/C/CARSAI01_Carlos_Sainz/carsai01.png.transform/1col/image.png,ESP,9620,1248
63,G RUSSELL,George RUSSELL,RUS,Mercedes,27F4D2,George,Russell,https://media.formula1.com/d_driver_fallback_image.png/content/dam/fom-website/drivers/G/GEORUS01_George_Russell/georus01.png.transform/1col/image.png,GBR,9620,1248
77,V BOTTAS,Valtteri BOTTAS,BOT,Kick Sauber,52E252,Valtteri,Bottas,https://media.formula1.com/d_driver_fallback_image.png/content/dam/fom-website/drivers/V/VALBOT01_Valtteri_Bottas/valbot01.png.transform/1col/image.png,FIN,9620,1248
81,O PIASTRI,Oscar PIASTRI,PIA,McLaren,FF8000,Oscar,Piastri,https://media.formula1.com/d_driver_fallback_image.png/content/dam/fom-website/drivers/O/OSCPIA01_Oscar_Piastri/oscpia01.png.transform/1col/image.png,AUS,9620,1248
1,M VERSTAPPEN,Max VERSTAPPEN,VER,Red Bull Racing,3671C6,Max,Verstappen,https://media.formula1.com/d_driver_fallback_image.png/content/dam/fom-website/drivers/M/MAXVER01_Max_Verstappen/maxver01.png.transform/1col/image.png,NED,9621,1248
4,L NORRIS,Lando NORRIS,NOR,McLaren,FF8000,Lando,Norris,https://media.formula1.com/d_driver_fallback_image.png/content/dam/fom-website/drivers/L/LANNOR01_Lando_Norris/lannor01.png.transform/1col/image.png,GBR,9621,1248
10,P GASLY,Pierre GASLY,GAS,Alpine,0093cc,Pierre,Gasly,https://media.formula1.com/d_driver_fallback_image.png/content/dam/fom-website/drivers/P/PIEGAS01_Pierre_Gasly/piegas01.png.transform/1col/image.png,FRA,9621,1248
11,S PEREZ,Sergio PEREZ,PER,Red Bull Racing,3671C6,Sergio,Perez,https://media.formula1.com/d_driver_fallback_image.png/content/dam/fom-website/drivers/S/SERPER01_Sergio_Perez/serper01.png.transform/1col/image.png,MEX,9621,1248
14,F ALONSO,Fernando ALONSO,ALO,Aston Martin,229971,Fernando,Alonso,https://media.formula1.com/d_driver_fallback_image.png/content/dam/fom-website/drivers/F/FERALO01_Fernando_Alonso/feralo01.png.transform/1col/image.png,ESP,9621,1248
16,C LECLERC,Charles LECLERC,LEC,Ferrari,E80020,Charles,Leclerc,https://media.formula1.com/d_driver_fallback_image.png/content/dam/fom-website/drivers/C/CHALEC01_Charles_Leclerc/chalec01.png.transform/1col/image.png,MON,9621,1248
18,L STROLL,Lance STROLL,STR,Aston Martin,229971,Lance,Stroll,https://media.formula1.com/d_driver_fallback_image.png/content/dam/fom-website/drivers/L/LANSTR01_Lance_Stroll/lanstr01.png.transform/1col/image.png,CAN,9621,1248
20,K MAGNUSSEN,Kevin MAGNUSSEN,MAG,Haas F1 Team,B6BABD,Kevin,Magnussen,https://media.formula1.com/d_driver_fallback_image.png/content/dam/fom-website/drivers/K/KEVMAG01_Kevin_Magnussen/kevmag01.png.transform/1col/image.png,DEN,9621,1248
22,Y TSUNODA,Yuki TSUNODA,TSU,RB,6692FF,Yuki,Tsunoda,https://media.formula1.com/d_driver_fallback_image.png/content/dam/fom-website/drivers/Y/YUKTSU01_Yuki_Tsunoda/yuktsu01.png.transform/1col/image.png,JPN,9621,1248
23,A ALBON,Alexander ALBON,ALB,Williams,64C4FF,Alexander,Albon,https://media.formula1.com/d_driver_fallback_image.png/content/dam/fom-website/drivers/A/ALEALB01_Alexander_Albon/alealb01.png.transform/1col/image.png,THA,9621,1248
24,G ZHOU,ZHOU Guanyu,ZHO,Kick Sauber,52E252,Guanyu,Zhou,https://media.formula1.com/d_driver_fallback_image.png/content/dam/fom-website/drivers/G/GUAZHO01_Guanyu_Zhou/guazho01.png.transform/1col/image.png,CHN,9621,1248
27,N HULKENBERG,Nico HULKENBERG,HUL,Haas F1 Team,B6BABD,Nico,Hulkenberg,https://media.formula1.com/d_driver_fallback_image.png/content/dam/fom-website/drivers/N/NICHUL01_Nico_Hulkenberg/nichul01.png.transform/1col/image.png,GER,9621,1248
30,L LAWSON,Liam LAWSON,LAW,,,,,,,9621,1248
31,E OCON,Esteban OCON,OCO,Alpine,0093cc,Esteban,Ocon,https://media.formula1.com/d_driver_fallback_image.png/content/dam/fom-website/drivers/E/ESTOCO01_Esteban_Ocon/estoco01.png.transform/1col/image.png,FRA,9621,1248
43,F COLAPINTO,Franco COLAPINTO,COL,,,,,,,9621,1248
44,L HAMILTON,Lewis HAMILTON,HAM,Mercedes,27F4D2,Lewis,Hamilton,https://media.formula1.com/d_driver_fallback_image.png/content/dam/fom-website/drivers/L/LEWHAM01_Lewis_Hamilton/lewham01.png.transform/1col/image.png,GBR,9621,1248
55,C SAINZ,Carlos SAINZ,SAI,Ferrari,E80020,Carlos,Sainz,https://media.formula1.com/d_driver_fallback_image.png/content/dam/fom-website/drivers/C/CARSAI01_Carlos_Sainz/carsai01.png.transform/1col/image.png,ESP,9621,1248
63,G RUSSELL,George RUSSELL,RUS,Mercedes,27F4D2,George,Russell,https://media.formula1.com/d_driver_fallback_image.png/content/dam/fom-website/drivers/G/GEORUS01_George_Russell/georus01.png.transform/1col/image.png,GBR,9621,1248
77,V BOTTAS,Valtteri BOTTAS,BOT,Kick Sauber,52E252,Valtteri,Bottas,https://media.formula1.com/d_driver_fallback_image.png/content/dam/fom-website/drivers/V/VALBOT01_Valtteri_Bottas/valbot01.png.transform/1col/image.png,FIN,9621,1248
81,O PIASTRI,Oscar PIASTRI,PIA,McLaren,FF8000,Oscar,Piastri,https://media.formula1.com/d_driver_fallback_image.png/content/dam/fom-website/drivers/O/OSCPIA01_Oscar_Piastri/oscpia01.png.transform/1col/image.png,AUS,9621,1248
1,M VERSTAPPEN,Max VERSTAPPEN,VER,Red Bull Racing,3671C6,Max,Verstappen,https://media.formula1.com/d_driver_fallback_image.png/content/dam/fom-website/drivers/M/MAXVER01_Max_Verstappen/maxver01.png.transform/1col/image.png,NED,9625,1248
4,L NORRIS,Lando NORRIS,NOR,McLaren,FF8000,Lando,Norris,https://media.formula1.com/d_driver_fallback_image.png/content/dam/fom-website/drivers/L/LANNOR01_Lando_Norris/lannor01.png.transform/1col/image.png,GBR,9625,1248
10,P GASLY,Pierre GASLY,GAS,Alpine,0093CC,Pierre,Gasly,https://media.formula1.com/d_driver_fallback_image.png/content/dam/fom-website/drivers/P/PIEGAS01_Pierre_Gasly/piegas01.png.transform/1col/image.png,FRA,9625,1248
11,S PEREZ,Sergio PEREZ,PER,Red Bull Racing,3671C6,Sergio,Perez,https://media.formula1.com/d_driver_fallback_image.png/content/dam/fom-website/drivers/S/SERPER01_Sergio_Perez/serper01.png.transform/1col/image.png,MEX,9625,1248
14,F ALONSO,Fernando ALONSO,ALO,Aston Martin,229971,Fernando,Alonso,https://media.formula1.com/d_driver_fallback_image.png/content/dam/fom-website/drivers/F/FERALO01_Fernando_Alonso/feralo01.png.transform/1col/image.png,ESP,9625,1248
16,C LECLERC,Charles LECLERC,LEC,Ferrari,E80020,Charles,Leclerc,https://media.formula1.com/d_driver_fallback_image.png/content/dam/fom-website/drivers/C/CHALEC01_Charles_Leclerc/chalec01.png.transform/1col/image.png,MON,9625,1248
18,L STROLL,Lance STROLL,STR,Aston Martin,229971,Lance,Stroll,https://media.formula1.com/d_driver_fallback_image.png/content/dam/fom-website/drivers/L/LANSTR01_Lance_Stroll/lanstr01.png.transform/1col/image.png,CAN,9625,1248
20,K MAGNUSSEN,Kevin MAGNUSSEN,MAG,Haas F1 Team,B6BABD,Kevin,Magnussen,https://media.formula1.com/d_driver_fallback_image.png/content/dam/fom-website/drivers/K/KEVMAG01_Kevin_Magnussen/kevmag01.png.transform/1col/image.png,DEN,9625,1248
22,Y TSUNODA,Yuki TSUNODA,TSU,RB,6692FF,Yuki,Tsunoda,https://media.formula1.com/d_driver_fallback_image.png/content/dam/fom-website/drivers/Y/YUKTSU01_Yuki_Tsunoda/yuktsu01.png.transform/1col/image.png,JPN,9625,1248
23,A ALBON,Alexander ALBON,ALB,Williams,64C4FF,Alexander,Albon,https://media.formula1.com/d_driver_fallback_image.png/content/dam/fom-website/drivers/A/ALEALB01_Alexander_Albon/alealb01.png.transform/1col/image.png,THA,9625,1248
24,G ZHOU,ZHOU Guanyu,ZHO,Kick Sauber,52E252,Guanyu,Zhou,https://media.formula1.com/d_driver_fallback_image.png/content/dam/fom-website/drivers/G/GUAZHO01_Guanyu_Zhou/guazho01.png.transform/1col/image.png,CHN,9625,1248
27,N HULKENBERG,Nico HULKENBERG,HUL,Haas F1 Team,B6BABD,Nico,Hulkenberg,https://media.formula1.com/d_driver_fallback_image.png/content/dam/fom-website/drivers/N/NICHUL01_Nico_Hulkenberg/nichul01.png.transform/1col/image.png,GER,9625,1248
30,L LAWSON,Liam LAWSON,LAW,RB,6692FF,Liam,Lawson,,NZL,9625,1248
31,E OCON,Esteban OCON,OCO,Alpine,0093CC,Esteban,Ocon,https://media.formula1.com/d_driver_fallback_image.png/content/dam/fom-website/drivers/E/ESTOCO01_Esteban_Ocon/estoco01.png.transform/1col/image.png,FRA,9625,1248
43,F COLAPINTO,Franco COLAPINTO,COL,Williams,64C4FF,Franco,Colapinto,,ARG,9625,1248
44,L HAMILTON,Lewis HAMILTON,HAM,Mercedes,27F4D2,Lewis,Hamilton,https://media.formula1.com/d_driver_fallback_image.png/content/dam/fom-website/drivers/L/LEWHAM01_Lewis_Hamilton/lewham01.png.transform/1col/image.png,GBR,9625,1248
55,C SAINZ,Carlos SAINZ,SAI,Ferrari,E80020,Carlos,Sainz,https://media.formula1.com/d_driver_fallback_image.png/content/dam/fom-website/drivers/C/CARSAI01_Carlos_Sainz/carsai01.png.transform/1col/image.png,ESP,9625,1248
63,G RUSSELL,George RUSSELL,RUS,Mercedes,27F4D2,George,Russell,https://media.formula1.com/d_driver_fallback_image.png/content/dam/fom-website/drivers/G/GEORUS01_George_Russell/georus01.png.transform/1col/image.png,GBR,9625,1248
77,V BOTTAS,Valtteri BOTTAS,BOT,Kick Sauber,52E252,Valtteri,Bottas,https://media.formula1.com/d_driver_fallback_image.png/content/dam/fom-website/drivers/V/VALBOT01_Valtteri_Bottas/valbot01.png.transform/1col/image.png,FIN,9625,1248
81,O PIASTRI,Oscar PIASTRI,PIA,McLaren,FF8000,Oscar,Piastri,https://media.formula1.com/d_driver_fallback_image.png/content/dam/fom-website/drivers/O/OSCPIA01_Oscar_Piastri/oscpia01.png.transform/1col/image.png,AUS,9625,1248
1,M VERSTAPPEN,Max VERSTAPPEN,VER,Red Bull Racing,3671C6,Max,Verstappen,https://media.formula1.com/d_driver_fallback_image.png/content/dam/fom-website/drivers/M/MAXVER01_Max_Verstappen/maxver01.png.transform/1col/image.png,NED,9626,1249
4,L NORRIS,Lando NORRIS,NOR,McLaren,FF8000,Lando,Norris,https://media.formula1.com/d_driver_fallback_image.png/content/dam/fom-website/drivers/L/LANNOR01_Lando_Norris/lannor01.png.transform/1col/image.png,GBR,9626,1249
10,P GASLY,Pierre GASLY,GAS,Alpine,0093cc,Pierre,Gasly,https://media.formula1.com/d_driver_fallback_image.png/content/dam/fom-website/drivers/P/PIEGAS01_Pierre_Gasly/piegas01.png.transform/1col/image.png,FRA,9626,1249
11,S PEREZ,Sergio PEREZ,PER,Red Bull Racing,3671C6,Sergio,Perez,https://media.formula1.com/d_driver_fallback_image.png/content/dam/fom-website/drivers/S/SERPER01_Sergio_Perez/serper01.png.transform/1col/image.png,MEX,9626,1249
14,F ALONSO,Fernando ALONSO,ALO,Aston Martin,229971,Fernando,Alonso,https://media.formula1.com/d_driver_fallback_image.png/content/dam/fom-website/drivers/F/FERALO01_Fernando_Alonso/feralo01.png.transform/1col/image.png,ESP,9626,1249
16,C LECLERC,Charles LECLERC,LEC,Ferrari,E80020,Charles,Leclerc,https://media.formula1.com/d_driver_fallback_image.png/content/dam/fom-website/drivers/C/CHALEC01_Charles_Leclerc/chalec01.png.transform/1col/image.png,MON,9626,1249
18,L STROLL,Lance STROLL,STR,Aston Martin,229971,Lance,Stroll,https://media.formula1.com/d_driver_fallback_image.png/content/dam/fom-website/drivers/L/LANSTR01_Lance_Stroll/lanstr01.png.transform/1col/image.png,CAN,9626,1249
22,Y TSUNODA,Yuki TSUNODA,TSU,RB,6692FF,Yuki,Tsunoda,https://media.formula1.com/d_driver_fallback_image.png/content/dam/fom-website/drivers/Y/YUKTSU01_Yuki_Tsunoda/yuktsu01.png.transform/1col/image.png,JPN,9626,1249
23,A ALBON,Alexander ALBON,ALB,Williams,64C4FF,Alexander,Albon,https://media.formula1.com/d_driver_fallback_image.png/content/dam/fom-website/drivers/A/ALEALB01_Alexander_Albon/alealb01.png.transform/1col/image.png,THA,9626,1249
24,G ZHOU,ZHOU Guanyu,ZHO,Kick Sauber,52E252,Guanyu,Zhou,https://media.formula1.com/d_driver_fallback_image.png/content/dam/fom-website/drivers/G/GUAZHO01_Guanyu_Zhou/guazho01.png.transform/1col/image.png,CHN,9626,1249
27,N HULKENBERG,Nico HULKENBERG,HUL,Haas F1 Team,B6BABD,Nico,Hulkenberg,https://media.formula1.com/d_driver_fallback_image.png/content/dam/fom-website/drivers/N/NICHUL01_Nico_Hulkenberg/nichul01.png.transform/1col/image.png,GER,9626,1249
30,L LAWSON,Liam LAWSON,LAW,,,,,,,9626,1249
31,E OCON,Esteban OCON,OCO,Alpine,0093cc,Esteban,Ocon,https://media.formula1.com/d_driver_fallback_image.png/content/dam/fom-website/drivers/E/ESTOCO01_Esteban_Ocon/estoco01.png.transform/1col/image.png,FRA,9626,1249
43,F COLAPINTO,Franco COLAPINTO,COL,,,,,,,9626,1249
44,L HAMILTON,Lewis HAMILTON,HAM,Mercedes,27F4D2,Lewis,Hamilton,https://media.formula1.com/d_driver_fallback_image.png/content/dam/fom-website/drivers/L/LEWHAM01_Lewis_Hamilton/lewham01.png.transform/1col/image.png,GBR,9626,1249
50,O BEARMAN,Oliver BEARMAN,BEA,,,,,,,9626,1249
55,C SAINZ,Carlos SAINZ,SAI,Ferrari,E80020,Carlos,Sainz,https://media.formula1.com/d_driver_fallback_image.png/content/dam/fom-website/drivers/C/CARSAI01_Carlos_Sainz/carsai01.png.transform/1col/image.png,ESP,9626,1249
63,G RUSSELL,George RUSSELL,RUS,Mercedes,27F4D2,George,Russell,https://media.formula1.com/d_driver_fallback_image.png/content/dam/fom-website/drivers/G/GEORUS01_George_Russell/georus01.png.transform/1col/image.png,GBR,9626,1249
77,V BOTTAS,Valtteri BOTTAS,BOT,Kick Sauber,52E252,Valtteri,Bottas,https://media.formula1.com/d_driver_fallback_image.png/content/dam/fom-website/drivers/V/VALBOT01_Valtteri_Bottas/valbot01.png.transform/1col/image.png,FIN,9626,1249
81,O PIASTRI,Oscar PIASTRI,PIA,McLaren,FF8000,Oscar,Piastri,https://media.formula1.com/d_driver_fallback_image.png/content/dam/fom-website/drivers/O/OSCPIA01_Oscar_Piastri/oscpia01.png.transform/1col/image.png,AUS,9626,1249
1,M VERSTAPPEN,Max VERSTAPPEN,VER,Red Bull Racing,3671C6,Max,Verstappen,https://media.formula1.com/d_driver_fallback_image.png/content/dam/fom-website/drivers/M/MAXVER01_Max_Verstappen/maxver01.png.transform/1col/image.png,NED,9627,1249
4,L NORRIS,Lando NORRIS,NOR,McLaren,FF8000,Lando,Norris,https://media.formula1.com/d_driver_fallback_image.png/content/dam/fom-website/drivers/L/LANNOR01_Lando_Norris/lannor01.png.transform/1col/image.png,GBR,9627,1249
10,P GASLY,Pierre GASLY,GAS,Alpine,0093CC,Pierre,Gasly,https://media.formula1.com/d_driver_fallback_image.png/content/dam/fom-website/drivers/P/PIEGAS01_Pierre_Gasly/piegas01.png.transform/1col/image.png,FRA,9627,1249
11,S PEREZ,Sergio PEREZ,PER,Red Bull Racing,3671C6,Sergio,Perez,https://media.formula1.com/d_driver_fallback_image.png/content/dam/fom-website/drivers/S/SERPER01_Sergio_Perez/serper01.png.transform/1col/image.png,MEX,9627,1249
14,F ALONSO,Fernando ALONSO,ALO,Aston Martin,229971,Fernando,Alonso,https://media.formula1.com/d_driver_fallback_image.png/content/dam/fom-website/drivers/F/FERALO01_Fernando_Alonso/feralo01.png.transform/1col/image.png,ESP,9627,1249
16,C LECLERC,Charles LECLERC,LEC,Ferrari,E80020,Charles,Leclerc,https://media.formula1.com/d_driver_fallback_image.png/content/dam/fom-website/drivers/C/CHALEC01_Charles_Leclerc/chalec01.png.transform/1col/image.png,MON,9627,1249
18,L STROLL,Lance STROLL,STR,Aston Martin,229971,Lance,Stroll,https://media.formula1.com/d_driver_fallback_image.png/content/dam/fom-website/drivers/L/LANSTR01_Lance_Stroll/lanstr01.png.transform/1col/image.png,CAN,9627,1249
22,Y TSUNODA,Yuki TSUNODA,TSU,RB,6692FF,Yuki,Tsunoda,https://media.formula1.com/d_driver_fallback_image.png/content/dam/fom-website/drivers/Y/YUKTSU01_Yuki_Tsunoda/yuktsu01.png.transform/1col/image.png,JPN,9627,1249
23,A ALBON,Alexander ALBON,ALB,Williams,64C4FF,Alexander,Albon,https://media.formula1.com/d_driver_fallback_image.png/content/dam/fom-website/drivers/A/ALEALB01_Alexander_Albon/alealb01.png.transform/1col/image.png,THA,9627,1249
24,G ZHOU,ZHOU Guanyu,ZHO,Kick Sauber,52E252,Guanyu,Zhou,https://media.formula1.com/d_driver_fallback_image.png/content/dam/fom-website/drivers/G/GUAZHO01_Guanyu_Zhou/guazho01.png.transform/1col/image.png,CHN,9627,1249
27,N HULKENBERG,Nico HULKENBERG,HUL,Haas F1 Team,B6BABD,Nico,Hulkenberg,https://media.formula1.com/d_driver_fallback_image.png/content/dam/fom-website/drivers/N/NICHUL01_Nico_Hulkenberg/nichul01.png.transform/1col/image.png,GER,9627,1249
30,L LAWSON,Liam LAWSON,LAW,RB,6692FF,Liam,Lawson,,NZL,9627,1249
31,E OCON,Esteban OCON,OCO,Alpine,0093CC,Esteban,Ocon,https://media.formula1.com/d_driver_fallback_image.png/content/dam/fom-website/drivers/E/ESTOCO01_Esteban_Ocon/estoco01.png.transform/1col/image.png,FRA,9627,1249
43,F COLAPINTO,Franco COLAPINTO,COL,Williams,64C4FF,Franco,Colapinto,,ARG,9627,1249
44,L HAMILTON,Lewis HAMILTON,HAM,Mercedes,27F4D2,Lewis,Hamilton,https://media.formula1.com/d_driver_fallback_image.png/content/dam/fom-website/drivers/L/LEWHAM01_Lewis_Hamilton/lewham01.png.transform/1col/image.png,GBR,9627,1249
50,O BEARMAN,Oliver BEARMAN,BEA,Haas F1 Team,B6BABD,Oliver,Bearman,,GBR,9627,1249
55,C SAINZ,Carlos SAINZ,SAI,Ferrari,E80020,Carlos,Sainz,https://media.formula1.com/d_driver_fallback_image.png/content/dam/fom-website/drivers/C/CARSAI01_Carlos_Sainz/carsai01.png.transform/1col/image.png,ESP,9627,1249
63,G RUSSELL,George RUSSELL,RUS,Mercedes,27F4D2,George,Russell,https://media.formula1.com/d_driver_fallback_image.png/content/dam/fom-website/drivers/G/GEORUS01_George_Russell/georus01.png.transform/1col/image.png,GBR,9627,1249
77,V BOTTAS,Valtteri BOTTAS,BOT,Kick Sauber,52E252,Valtteri,Bottas,https://media.formula1.com/d_driver_fallback_image.png/content/dam/fom-website/drivers/V/VALBOT01_Valtteri_Bottas/valbot01.png.transform/1col/image.png,FIN,9627,1249
81,O PIASTRI,Oscar PIASTRI,PIA,McLaren,FF8000,Oscar,Piastri,https://media.formula1.com/d_driver_fallback_image.png/content/dam/fom-website/drivers/O/OSCPIA01_Oscar_Piastri/oscpia01.png.transform/1col/image.png,AUS,9627,1249
1,M VERSTAPPEN,Max VERSTAPPEN,VER,Red Bull Racing,3671C6,Max,Verstappen,https://media.formula1.com/d_driver_fallback_image.png/content/dam/fom-website/drivers/M/MAXVER01_Max_Verstappen/maxver01.png.transform/1col/image.png,NED,9631,1249
4,L NORRIS,Lando NORRIS,NOR,McLaren,FF8000,Lando,Norris,https://media.formula1.com/d_driver_fallback_image.png/content/dam/fom-website/drivers/L/LANNOR01_Lando_Norris/lannor01.png.transform/1col/image.png,GBR,9631,1249
10,P GASLY,Pierre GASLY,GAS,Alpine,0093cc,Pierre,Gasly,https://media.formula1.com/d_driver_fallback_image.png/content/dam/fom-website/drivers/P/PIEGAS01_Pierre_Gasly/piegas01.png.transform/1col/image.png,FRA,9631,1249
11,S PEREZ,Sergio PEREZ,PER,Red Bull Racing,3671C6,Sergio,Perez,https://media.formula1.com/d_driver_fallback_image.png/content/dam/fom-website/drivers/S/SERPER01_Sergio_Perez/serper01.png.transform/1col/image.png,MEX,9631,1249
14,F ALONSO,Fernando ALONSO,ALO,Aston Martin,229971,Fernando,Alonso,https://media.formula1.com/d_driver_fallback_image.png/content/dam/fom-website/drivers/F/FERALO01_Fernando_Alonso/feralo01.png.transform/1col/image.png,ESP,9631,1249
16,C LECLERC,Charles LECLERC,LEC,Ferrari,E80020,Charles,Leclerc,https://media.formula1.com/d_driver_fallback_image.png/content/dam/fom-website/drivers/C/CHALEC01_Charles_Leclerc/chalec01.png.transform/1col/image.png,MON,9631,1249
18,L STROLL,Lance STROLL,STR,Aston Martin,229971,Lance,Stroll,https://media.formula1.com/d_driver_fallback_image.png/content/dam/fom-website/drivers/L/LANSTR01_Lance_Stroll/lanstr01.png.transform/1col/image.png,CAN,9631,1249
22,Y TSUNODA,Yuki TSUNODA,TSU,RB,6692FF,Yuki,Tsunoda,https://media.formula1.com/d_driver_fallback_image.png/content/dam/fom-website/drivers/Y/YUKTSU01_Yuki_Tsunoda/yuktsu01.png.transform/1col/image.png,JPN,9631,1249
23,A ALBON,Alexander ALBON,ALB,Williams,64C4FF,Alexander,Albon,https://media.formula1.com/d_driver_fallback_image.png/content/dam/fom-website/drivers/A/ALEALB01_Alexander_Albon/alealb01.png.transform/1col/image.png,THA,9631,1249
24,G ZHOU,ZHOU Guanyu,ZHO,Kick Sauber,52E252,Guanyu,Zhou,https://media.formula1.com/d_driver_fallback_image.png/content/dam/fom-website/drivers/G/GUAZHO01_Guanyu_Zhou/guazho01.png.transform/1col/image.png,CHN,9631,1249
27,N HULKENBERG,Nico HULKENBERG,HUL,Haas F1 Team,B6BABD,Nico,Hulkenberg,https://media.formula1.com/d_driver_fallback_image.png/content/dam/fom-website/drivers/N/NICHUL01_Nico_Hulkenberg/nichul01.png.transform/1col/image.png,GER,9631,1249
30,L LAWSON,Liam LAWSON,LAW,,,,,,,9631,1249
31,E OCON,Esteban OCON,OCO,Alpine,0093cc,Esteban,Ocon,https://media.formula1.com/d_driver_fallback_image.png/content/dam/fom-website/drivers/E/ESTOCO01_Esteban_Ocon/estoco01.png.transform/1col/image.png,FRA,9631,1249
43,F COLAPINTO,Franco COLAPINTO,COL,,,,,,,9631,1249
44,L HAMILTON,Lewis HAMILTON,HAM,Mercedes,27F4D2,Lewis,Hamilton,https://media.formula1.com/d_driver_fallback_image.png/content/dam/fom-website/drivers/L/LEWHAM01_Lewis_Hamilton/lewham01.png.transform/1col/image.png,GBR,9631,1249
50,O BEARMAN,Oliver BEARMAN,BEA,,,,,,,9631,1249
55,C SAINZ,Carlos SAINZ,SAI,Ferrari,E80020,Carlos,Sainz,https://media.formula1.com/d_driver_fallback_image.png/content/dam/fom-website/drivers/C/CARSAI01_Carlos_Sainz/carsai01.png.transform/1col/image.png,ESP,9631,1249
63,G RUSSELL,George RUSSELL,RUS,Mercedes,27F4D2,George,Russell,https://media.formula1.com/d_driver_fallback_image.png/content/dam/fom-website/drivers/G/GEORUS01_George_Russell/georus01.png.transform/1col/image.png,GBR,9631,1249
77,V BOTTAS,Valtteri BOTTAS,BOT,Kick Sauber,52E252,Valtteri,Bottas,https://media.formula1.com/d_driver_fallback_image.png/content/dam/fom-website/drivers/V/VALBOT01_Valtteri_Bottas/valbot01.png.transform/1col/image.png,FIN,9631,1249
81,O PIASTRI,Oscar PIASTRI,PIA,McLaren,FF8000,Oscar,Piastri,https://media.formula1.com/d_driver_fallback_image.png/content/dam/fom-website/drivers/O/OSCPIA01_Oscar_Piastri/oscpia01.png.transform/1col/image.png,AUS,9631,1249
1,M VERSTAPPEN,Max VERSTAPPEN,VER,Red Bull Racing,3671C6,Max,Verstappen,https://media.formula1.com/d_driver_fallback_image.png/content/dam/fom-website/drivers/M/MAXVER01_Max_Verstappen/maxver01.png.transform/1col/image.png,NED,9635,1249
4,L NORRIS,Lando NORRIS,NOR,McLaren,FF8000,Lando,Norris,https://media.formula1.com/d_driver_fallback_image.png/content/dam/fom-website/drivers/L/LANNOR01_Lando_Norris/lannor01.png.transform/1col/image.png,GBR,9635,1249
10,P GASLY,Pierre GASLY,GAS,Alpine,0093CC,Pierre,Gasly,https://media.formula1.com/d_driver_fallback_image.png/content/dam/fom-website/drivers/P/PIEGAS01_Pierre_Gasly/piegas01.png.transform/1col/image.png,FRA,9635,1249
11,S PEREZ,Sergio PEREZ,PER,Red Bull Racing,3671C6,Sergio,Perez,https://media.formula1.com/d_driver_fallback_image.png/content/dam/fom-website/drivers/S/SERPER01_Sergio_Perez/serper01.png.transform/1col/image.png,MEX,9635,1249
14,F ALONSO,Fernando ALONSO,ALO,Aston Martin,229971,Fernando,Alonso,https://media.formula1.com/d_driver_fallback_image.png/content/dam/fom-website/drivers/F/FERALO01_Fernando_Alonso/feralo01.png.transform/1col/image.png,ESP,9635,1249
16,C LECLERC,Charles LECLERC,LEC,Ferrari,E80020,Charles,Leclerc,https://media.formula1.com/d_driver_fallback_image.png/content/dam/fom-website/drivers/C/CHALEC01_Charles_Leclerc/chalec01.png.transform/1col/image.png,MON,9635,1249
18,L STROLL,Lance STROLL,STR,Aston Martin,229971,Lance,Stroll,https://media.formula1.com/d_driver_fallback_image.png/content/dam/fom-website/drivers/L/LANSTR01_Lance_Stroll/lanstr01.png.transform/1col/image.png,CAN,9635,1249
22,Y TSUNODA,Yuki TSUNODA,TSU,RB,6692FF,Yuki,Tsunoda,https://media.formula1.com/d_driver_fallback_image.png/content/dam/fom-website/drivers/Y/YUKTSU01_Yuki_Tsunoda/yuktsu01.png.transform/1col/image.png,JPN,9635,1249
23,A ALBON,Alexander ALBON,ALB,Williams,64C4FF,Alexander,Albon,https://media.formula1.com/d_driver_fallback_image.png/content/dam/fom-website/drivers/A/ALEALB01_Alexander_Albon/alealb01.png.transform/1col/image.png,THA,9635,1249
24,G ZHOU,ZHOU Guanyu,ZHO,Kick Sauber,52E252,Guanyu,Zhou,https://media.formula1.com/d_driver_fallback_image.png/content/dam/fom-website/drivers/G/GUAZHO01_Guanyu_Zhou/guazho01.png.transform/1col/image.png,CHN,9635,1249
27,N HULKENBERG,Nico HULKENBERG,HUL,Haas F1 Team,B6BABD,Nico,Hulkenberg,https://media.formula1.com/d_driver_fallback_image.png/content/dam/fom-website/drivers/N/NICHUL01_Nico_Hulkenberg/nichul01.png.transform/1col/image.png,GER,9635,1249
30,L LAWSON,Liam LAWSON,LAW,RB,6692FF,Liam,Lawson,,NZL,9635,1249
31,E OCON,Esteban OCON,OCO,Alpine,0093CC,Esteban,Ocon,https://media.formula1.com/d_driver_fallback_image.png/content/dam/fom-website/drivers/E/ESTOCO01_Esteban_Ocon/estoco01.png.transform/1col/image.png,FRA,9635,1249
43,F COLAPINTO,Franco COLAPINTO,COL,Williams,64C4FF,Franco,Colapinto,,ARG,9635,1249
44,L HAMILTON,Lewis HAMILTON,HAM,Mercedes,27F4D2,Lewis,Hamilton,https://media.formula1.com/d_driver_fallback_image.png/content/dam/fom-website/drivers/L/LEWHAM01_Lewis_Hamilton/lewham01.png.transform/1col/image.png,GBR,9635,1249
50,O BEARMAN,Oliver BEARMAN,BEA,Haas F1 Team,B6BABD,Oliver,Bearman,,GBR,9635,1249
55,C SAINZ,Carlos SAINZ,SAI,Ferrari,E80020,Carlos,Sainz,https://media.formula1.com/d_driver_fallback_image.png/content/dam/fom-website/drivers/C/CARSAI01_Carlos_Sainz/carsai01.png.transform/1col/image.png,ESP,9635,1249
63,G RUSSELL,George RUSSELL,RUS,Mercedes,27F4D2,George,Russell,https://media.formula1.com/d_driver_fallback_image.png/content/dam/fom-website/drivers/G/GEORUS01_George_Russell/georus01.png.transform/1col/image.png,GBR,9635,1249
77,V BOTTAS,Valtteri BOTTAS,BOT,Kick Sauber,52E252,Valtteri,Bottas,https://media.formula1.com/d_driver_fallback_image.png/content/dam/fom-website/drivers/V/VALBOT01_Valtteri_Bottas/valbot01.png.transform/1col/image.png,FIN,9635,1249
81,O PIASTRI,Oscar PIASTRI,PIA,McLaren,FF8000,Oscar,Piastri,https://media.formula1.com/d_driver_fallback_image.png/content/dam/fom-website/drivers/O/OSCPIA01_Oscar_Piastri/oscpia01.png.transform/1col/image.png,AUS,9635,1249
1,M VERSTAPPEN,Max VERSTAPPEN,VER,Red Bull Racing,3671C6,Max,Verstappen,https://media.formula1.com/d_driver_fallback_image.png/content/dam/fom-website/drivers/M/MAXVER01_Max_Verstappen/maxver01.png.transform/1col/image.png,NED,9636,1249
4,L NORRIS,Lando NORRIS,NOR,McLaren,FF8000,Lando,Norris,https://media.formula1.com/d_driver_fallback_image.png/content/dam/fom-website/drivers/L/LANNOR01_Lando_Norris/lannor01.png.transform/1col/image.png,GBR,9636,1249
10,P GASLY,Pierre GASLY,GAS,Alpine,0093CC,Pierre,Gasly,https://media.formula1.com/d_driver_fallback_image.png/content/dam/fom-website/drivers/P/PIEGAS01_Pierre_Gasly/piegas01.png.transform/1col/image.png,FRA,9636,1249
11,S PEREZ,Sergio PEREZ,PER,Red Bull Racing,3671C6,Sergio,Perez,https://media.formula1.com/d_driver_fallback_image.png/content/dam/fom-website/drivers/S/SERPER01_Sergio_Perez/serper01.png.transform/1col/image.png,MEX,9636,1249
14,F ALONSO,Fernando ALONSO,ALO,Aston Martin,229971,Fernando,Alonso,https://media.formula1.com/d_driver_fallback_image.png/content/dam/fom-website/drivers/F/FERALO01_Fernando_Alonso/feralo01.png.transform/1col/image.png,ESP,9636,1249
16,C LECLERC,Charles LECLERC,LEC,Ferrari,E80020,Charles,Leclerc,https://media.formula1.com/d_driver_fallback_image.png/content/dam/fom-website/drivers/C/CHALEC01_Charles_Leclerc/chalec01.png.transform/1col/image.png,MON,9636,1249
18,L STROLL,Lance STROLL,STR,Aston Martin,229971,Lance,Stroll,https://media.formula1.com/d_driver_fallback_image.png/content/dam/fom-website/drivers/L/LANSTR01_Lance_Stroll/lanstr01.png.transform/1col/image.png,CAN,9636,1249
22,Y TSUNODA,Yuki TSUNODA,TSU,RB,6692FF,Yuki,Tsunoda,https://media.formula1.com/d_driver_fallback_image.png/content/dam/fom-website/drivers/Y/YUKTSU01_Yuki_Tsunoda/yuktsu01.png.transform/1col/image.png,JPN,9636,1249
23,A ALBON,Alexander ALBON,ALB,Williams,64C4FF,Alexander,Albon,https://media.formula1.com/d_driver_fallback_image.png/content/dam/fom-website/drivers/A/ALEALB01_Alexander_Albon/alealb01.png.transform/1col/image.png,THA,9636,1249
24,G ZHOU,ZHOU Guanyu,ZHO,Kick Sauber,52E252,Guanyu,Zhou,https://media.formula1.com/d_driver_fallback_image.png/content/dam/fom-website/drivers/G/GUAZHO01_Guanyu_Zhou/guazho01.png.transform/1col/image.png,CHN,9636,1249
27,N HULKENBERG,Nico HULKENBERG,HUL,Haas F1 Team,B6BABD,Nico,Hulkenberg,https://media.formula1.com/d_driver_fallback_image.png/content/dam/fom-website/drivers/N/NICHUL01_Nico_Hulkenberg/nichul01.png.transform/1col/image.png,GER,9636,1249
30,L LAWSON,Liam LAWSON,LAW,RB,6692FF,Liam,Lawson,,NZL,9636,1249
31,E OCON,Esteban OCON,OCO,Alpine,0093CC,Esteban,Ocon,https://media.formula1.com/d_driver_fallback_image.png/content/dam/fom-website/drivers/E/ESTOCO01_Esteban_Ocon/estoco01.png.transform/1col/image.png,FRA,9636,1249
43,F COLAPINTO,Franco COLAPINTO,COL,Williams,64C4FF,Franco,Colapinto,,ARG,9636,1249
44,L HAMILTON,Lewis HAMILTON,HAM,Mercedes,27F4D2,Lewis,Hamilton,https://media.formula1.com/d_driver_fallback_image.png/content/dam/fom-website/drivers/L/LEWHAM01_Lewis_Hamilton/lewham01.png.transform/1col/image.png,GBR,9636,1249
50,O BEARMAN,Oliver BEARMAN,BEA,Haas F1 Team,B6BABD,Oliver,Bearman,,GBR,9636,1249
55,C SAINZ,Carlos SAINZ,SAI,Ferrari,E80020,Carlos,Sainz,https://media.formula1.com/d_driver_fallback_image.png/content/dam/fom-website/drivers/C/CARSAI01_Carlos_Sainz/carsai01.png.transform/1col/image.png,ESP,9636,1249
63,G RUSSELL,George RUSSELL,RUS,Mercedes,27F4D2,George,Russell,https://media.formula1.com/d_driver_fallback_image.png/content/dam/fom-website/drivers/G/GEORUS01_George_Russell/georus01.png.transform/1col/image.png,GBR,9636,1249
77,V BOTTAS,Valtteri BOTTAS,BOT,Kick Sauber,52E252,Valtteri,Bottas,https://media.formula1.com/d_driver_fallback_image.png/content/dam/fom-website/drivers/V/VALBOT01_Valtteri_Bottas/valbot01.png.transform/1col/image.png,FIN,9636,1249
81,O PIASTRI,Oscar PIASTRI,PIA,McLaren,FF8000,Oscar,Piastri,https://media.formula1.com/d_driver_fallback_image.png/content/dam/fom-website/drivers/O/OSCPIA01_Oscar_Piastri/oscpia01.png.transform/1col/image.png,AUS,9636,1249
1,M VERSTAPPEN,Max VERSTAPPEN,VER,Red Bull Racing,3671C6,Max,Verstappen,https://media.formula1.com/d_driver_fallback_image.png/content/dam/fom-website/drivers/M/MAXVER01_Max_Verstappen/maxver01.png.transform/1col/image.png,NED,9637,1250
4,L NORRIS,Lando NORRIS,NOR,McLaren,FF8000,Lando,Norris,https://media.formula1.com/d_driver_fallback_image.png/content/dam/fom-website/drivers/L/LANNOR01_Lando_Norris/lannor01.png.transform/1col/image.png,GBR,9637,1250
10,P GASLY,Pierre GASLY,GAS,Alpine,0093CC,Pierre,Gasly,https://media.formula1.com/d_driver_fallback_image.png/content/dam/fom-website/drivers/P/PIEGAS01_Pierre_Gasly/piegas01.png.transform/1col/image.png,FRA,9637,1250
11,S PEREZ,Sergio PEREZ,PER,Red Bull Racing,3671C6,Sergio,Perez,https://media.formula1.com/d_driver_fallback_image.png/content/dam/fom-website/drivers/S/SERPER01_Sergio_Perez/serper01.png.transform/1col/image.png,MEX,9637,1250
14,F ALONSO,Fernando ALONSO,ALO,Aston Martin,229971,Fernando,Alonso,https://media.formula1.com/d_driver_fallback_image.png/content/dam/fom-website/drivers/F/FERALO01_Fernando_Alonso/feralo01.png.transform/1col/image.png,ESP,9637,1250
16,C LECLERC,Charles LECLERC,LEC,Ferrari,E80020,Charles,Leclerc,https://media.formula1.com/d_driver_fallback_image.png/content/dam/fom-website/drivers/C/CHALEC01_Charles_Leclerc/chalec01.png.transform/1col/image.png,MON,9637,1250
18,L STROLL,Lance STROLL,STR,Aston Martin,229971,Lance,Stroll,https://media.formula1.com/d_driver_fallback_image.png/content/dam/fom-website/drivers/L/LANSTR01_Lance_Stroll/lanstr01.png.transform/1col/image.png,CAN,9637,1250
20,K MAGNUSSEN,Kevin MAGNUSSEN,MAG,Haas F1 Team,B6BABD,Kevin,Magnussen,https://media.formula1.com/d_driver_fallback_image.png/content/dam/fom-website/drivers/K/KEVMAG01_Kevin_Magnussen/kevmag01.png.transform/1col/image.png,DEN,9637,1250
22,Y TSUNODA,Yuki TSUNODA,TSU,RB,6692FF,Yuki,Tsunoda,https://media.formula1.com/d_driver_fallback_image.png/content/dam/fom-website/drivers/Y/YUKTSU01_Yuki_Tsunoda/yuktsu01.png.transform/1col/image.png,JPN,9637,1250
23,A ALBON,Alexander ALBON,ALB,Williams,64C4FF,Alexander,Albon,https://media.formula1.com/d_driver_fallback_image.png/content/dam/fom-website/drivers/A/ALEALB01_Alexander_Albon/alealb01.png.transform/1col/image.png,THA,9637,1250
24,G ZHOU,ZHOU Guanyu,ZHO,Kick Sauber,52E252,Guanyu,Zhou,https://media.formula1.com/d_driver_fallback_image.png/content/dam/fom-website/drivers/G/GUAZHO01_Guanyu_Zhou/guazho01.png.transform/1col/image.png,CHN,9637,1250
27,N HULKENBERG,Nico HULKENBERG,HUL,Haas F1 Team,B6BABD,Nico,Hulkenberg,https://media.formula1.com/d_driver_fallback_image.png/content/dam/fom-website/drivers/N/NICHUL01_Nico_Hulkenberg/nichul01.png.transform/1col/image.png,GER,9637,1250
30,L LAWSON,Liam LAWSON,LAW,RB,6692FF,Liam,Lawson,,NZL,9637,1250
31,E OCON,Esteban OCON,OCO,Alpine,0093CC,Esteban,Ocon,https://media.formula1.com/d_driver_fallback_image.png/content/dam/fom-website/drivers/E/ESTOCO01_Esteban_Ocon/estoco01.png.transform/1col/image.png,FRA,9637,1250
43,F COLAPINTO,Franco COLAPINTO,COL,Williams,64C4FF,Franco,Colapinto,,ARG,9637,1250
44,L HAMILTON,Lewis HAMILTON,HAM,Mercedes,27F4D2,Lewis,Hamilton,https://media.formula1.com/d_driver_fallback_image.png/content/dam/fom-website/drivers/L/LEWHAM01_Lewis_Hamilton/lewham01.png.transform/1col/image.png,GBR,9637,1250
55,C SAINZ,Carlos SAINZ,SAI,Ferrari,E80020,Carlos,Sainz,https://media.formula1.com/d_driver_fallback_image.png/content/dam/fom-website/drivers/C/CARSAI01_Carlos_Sainz/carsai01.png.transform/1col/image.png,ESP,9637,1250
63,G RUSSELL,George RUSSELL,RUS,Mercedes,27F4D2,George,Russell,https://media.formula1.com/d_driver_fallback_image.png/content/dam/fom-website/drivers/G/GEORUS01_George_Russell/georus01.png.transform/1col/image.png,GBR,9637,1250
77,V BOTTAS,Valtteri BOTTAS,BOT,Kick Sauber,52E252,Valtteri,Bottas,https://media.formula1.com/d_driver_fallback_image.png/content/dam/fom-website/drivers/V/VALBOT01_Valtteri_Bottas/valbot01.png.transform/1col/image.png,FIN,9637,1250
81,O PIASTRI,Oscar PIASTRI,PIA,McLaren,FF8000,Oscar,Piastri,https://media.formula1.com/d_driver_fallback_image.png/content/dam/fom-website/drivers/O/OSCPIA01_Oscar_Piastri/oscpia01.png.transform/1col/image.png,AUS,9637,1250
1,M VERSTAPPEN,Max VERSTAPPEN,VER,Red Bull Racing,3671C6,Max,Verstappen,https://media.formula1.com/d_driver_fallback_image.png/content/dam/fom-website/drivers/M/MAXVER01_Max_Verstappen/maxver01.png.transform/1col/image.png,NED,9638,1250
4,L NORRIS,Lando NORRIS,NOR,McLaren,FF8000,Lando,Norris,https://media.formula1.com/d_driver_fallback_image.png/content/dam/fom-website/drivers/L/LANNOR01_Lando_Norris/lannor01.png.transform/1col/image.png,GBR,9638,1250
10,P GASLY,Pierre GASLY,GAS,Alpine,0093CC,Pierre,Gasly,https://media.formula1.com/d_driver_fallback_image.png/content/dam/fom-website/drivers/P/PIEGAS01_Pierre_Gasly/piegas01.png.transform/1col/image.png,FRA,9638,1250
11,S PEREZ,Sergio PEREZ,PER,Red Bull Racing,3671C6,Sergio,Perez,https://media.formula1.com/d_driver_fallback_image.png/content/dam/fom-website/drivers/S/SERPER01_Sergio_Perez/serper01.png.transform/1col/image.png,MEX,9638,1250
14,F ALONSO,Fernando ALONSO,ALO,Aston Martin,229971,Fernando,Alonso,https://media.formula1.com/d_driver_fallback_image.png/content/dam/fom-website/drivers/F/FERALO01_Fernando_Alonso/feralo01.png.transform/1col/image.png,ESP,9638,1250
16,C LECLERC,Charles LECLERC,LEC,Ferrari,E80020,Charles,Leclerc,https://media.formula1.com/d_driver_fallback_image.png/content/dam/fom-website/drivers/C/CHALEC01_Charles_Leclerc/chalec01.png.transform/1col/image.png,MON,9638,1250
18,L STROLL,Lance STROLL,STR,Aston Martin,229971,Lance,Stroll,https://media.formula1.com/d_driver_fallback_image.png/content/dam/fom-website/drivers/L/LANSTR01_Lance_Stroll/lanstr01.png.transform/1col/image.png,CAN,9638,1250
20,K MAGNUSSEN,Kevin MAGNUSSEN,MAG,Haas F1 Team,B6BABD,Kevin,Magnussen,https://media.formula1.com/d_driver_fallback_image.png/content/dam/fom-website/drivers/K/KEVMAG01_Kevin_Magnussen/kevmag01.png.transform/1col/image.png,DEN,9638,1250
22,Y TSUNODA,Yuki TSUNODA,TSU,RB,6692FF,Yuki,Tsunoda,https://media.formula1.com/d_driver_fallback_image.png/content/dam/fom-website/drivers/Y/YUKTSU01_Yuki_Tsunoda/yuktsu01.png.transform/1col/image.png,JPN,9638,1250
23,A ALBON,Alexander ALBON,ALB,Williams,64C4FF,Alexander,Albon,https://media.formula1.com/d_driver_fallback_image.png/content/dam/fom-website/drivers/A/ALEALB01_Alexander_Albon/alealb01.png.transform/1col/image.png,THA,9638,1250
24,G ZHOU,ZHOU Guanyu,ZHO,Kick Sauber,52E252,Guanyu,Zhou,https://media.formula1.com/d_driver_fallback_image.png/content/dam/fom-website/drivers/G/GUAZHO01_Guanyu_Zhou/guazho01.png.transform/1col/image.png,CHN,9638,1250
27,N HULKENBERG,Nico HULKENBERG,HUL,Haas F1 Team,B6BABD,Nico,Hulkenberg,https://media.formula1.com/d_driver_fallback_image.png/content/dam/fom-website/drivers/N/NICHUL01_Nico_Hulkenberg/nichul01.png.transform/1col/image.png,GER,9638,1250
30,L LAWSON,Liam LAWSON,LAW,RB,6692FF,Liam,Lawson,,NZL,9638,1250
31,E OCON,Esteban OCON,OCO,Alpine,0093CC,Esteban,Ocon,https://media.formula1.com/d_driver_fallback_image.png/content/dam/fom-website/drivers/E/ESTOCO01_Esteban_Ocon/estoco01.png.transform/1col/image.png,FRA,9638,1250
43,F COLAPINTO,Franco COLAPINTO,COL,Williams,64C4FF,Franco,Colapinto,,ARG,9638,1250
44,L HAMILTON,Lewis HAMILTON,HAM,Mercedes,27F4D2,Lewis,Hamilton,https://media.formula1.com/d_driver_fallback_image.png/content/dam/fom-website/drivers/L/LEWHAM01_Lewis_Hamilton/lewham01.png.transform/1col/image.png,GBR,9638,1250
55,C SAINZ,Carlos SAINZ,SAI,Ferrari,E80020,Carlos,Sainz,https://media.formula1.com/d_driver_fallback_image.png/content/dam/fom-website/drivers/C/CARSAI01_Carlos_Sainz/carsai01.png.transform/1col/image.png,ESP,9638,1250
63,G RUSSELL,George RUSSELL,RUS,Mercedes,27F4D2,George,Russell,https://media.formula1.com/d_driver_fallback_image.png/content/dam/fom-website/drivers/G/GEORUS01_George_Russell/georus01.png.transform/1col/image.png,GBR,9638,1250
77,V BOTTAS,Valtteri BOTTAS,BOT,Kick Sauber,52E252,Valtteri,Bottas,https://media.formula1.com/d_driver_fallback_image.png/content/dam/fom-website/drivers/V/VALBOT01_Valtteri_Bottas/valbot01.png.transform/1col/image.png,FIN,9638,1250
81,O PIASTRI,Oscar PIASTRI,PIA,McLaren,FF8000,Oscar,Piastri,https://media.formula1.com/d_driver_fallback_image.png/content/dam/fom-website/drivers/O/OSCPIA01_Oscar_Piastri/oscpia01.png.transform/1col/image.png,AUS,9638,1250
1,M VERSTAPPEN,Max VERSTAPPEN,VER,Red Bull Racing,3671C6,Max,Verstappen,https://media.formula1.com/d_driver_fallback_image.png/content/dam/fom-website/drivers/M/MAXVER01_Max_Verstappen/maxver01.png.transform/1col/image.png,NED,9639,1250
4,L NORRIS,Lando NORRIS,NOR,McLaren,FF8000,Lando,Norris,https://media.formula1.com/d_driver_fallback_image.png/content/dam/fom-website/drivers/L/LANNOR01_Lando_Norris/lannor01.png.transform/1col/image.png,GBR,9639,1250
10,P GASLY,Pierre GASLY,GAS,Alpine,0093CC,Pierre,Gasly,https://media.formula1.com/d_driver_fallback_image.png/content/dam/fom-website/drivers/P/PIEGAS01_Pierre_Gasly/piegas01.png.transform/1col/image.png,FRA,9639,1250
11,S PEREZ,Sergio PEREZ,PER,Red Bull Racing,3671C6,Sergio,Perez,https://media.formula1.com/d_driver_fallback_image.png/content/dam/fom-website/drivers/S/SERPER01_Sergio_Perez/serper01.png.transform/1col/image.png,MEX,9639,1250
14,F ALONSO,Fernando ALONSO,ALO,Aston Martin,229971,Fernando,Alonso,https://media.formula1.com/d_driver_fallback_image.png/content/dam/fom-website/drivers/F/FERALO01_Fernando_Alonso/feralo01.png.transform/1col/image.png,ESP,9639,1250
16,C LECLERC,Charles LECLERC,LEC,Ferrari,E80020,Charles,Leclerc,https://media.formula1.com/d_driver_fallback_image.png/content/dam/fom-website/drivers/C/CHALEC01_Charles_Leclerc/chalec01.png.transform/1col/image.png,MON,9639,1250
18,L STROLL,Lance STROLL,STR,Aston Martin,229971,Lance,Stroll,https://media.formula1.com/d_driver_fallback_image.png/content/dam/fom-website/drivers/L/LANSTR01_Lance_Stroll/lanstr01.png.transform/1col/image.png,CAN,9639,1250
20,K MAGNUSSEN,Kevin MAGNUSSEN,MAG,Haas F1 Team,B6BABD,Kevin,Magnussen,https://media.formula1.com/d_driver_fallback_image.png/content/dam/fom-website/drivers/K/KEVMAG01_Kevin_Magnussen/kevmag01.png.transform/1col/image.png,DEN,9639,1250
22,Y TSUNODA,Yuki TSUNODA,TSU,RB,6692FF,Yuki,Tsunoda,https://media.formula1.com/d_driver_fallback_image.png/content/dam/fom-website/drivers/Y/YUKTSU01_Yuki_Tsunoda/yuktsu01.png.transform/1col/image.png,JPN,9639,1250
23,A ALBON,Alexander ALBON,ALB,Williams,64C4FF,Alexander,Albon,https://media.formula1.com/d_driver_fallback_image.png/content/dam/fom-website/drivers/A/ALEALB01_Alexander_Albon/alealb01.png.transform/1col/image.png,THA,9639,1250
24,G ZHOU,ZHOU Guanyu,ZHO,Kick Sauber,52E252,Guanyu,Zhou,https://media.formula1.com/d_driver_fallback_image.png/content/dam/fom-website/drivers/G/GUAZHO01_Guanyu_Zhou/guazho01.png.transform/1col/image.png,CHN,9639,1250
27,N HULKENBERG,Nico HULKENBERG,HUL,Haas F1 Team,B6BABD,Nico,Hulkenberg,https://media.formula1.com/d_driver_fallback_image.png/content/dam/fom-website/drivers/N/NICHUL01_Nico_Hulkenberg/nichul01.png.transform/1col/image.png,GER,9639,1250
30,L LAWSON,Liam LAWSON,LAW,RB,6692FF,Liam,Lawson,,NZL,9639,1250
31,E OCON,Esteban OCON,OCO,Alpine,0093CC,Esteban,Ocon,https://media.formula1.com/d_driver_fallback_image.png/content/dam/fom-website/drivers/E/ESTOCO01_Esteban_Ocon/estoco01.png.transform/1col/image.png,FRA,9639,1250
43,F COLAPINTO,Franco COLAPINTO,COL,Williams,64C4FF,Franco,Colapinto,,ARG,9639,1250
44,L HAMILTON,Lewis HAMILTON,HAM,Mercedes,27F4D2,Lewis,Hamilton,https://media.formula1.com/d_driver_fallback_image.png/content/dam/fom-website/drivers/L/LEWHAM01_Lewis_Hamilton/lewham01.png.transform/1col/image.png,GBR,9639,1250
55,C SAINZ,Carlos SAINZ,SAI,Ferrari,E80020,Carlos,Sainz,https://media.formula1.com/d_driver_fallback_image.png/content/dam/fom-website/drivers/C/CARSAI01_Carlos_Sainz/carsai01.png.transform/1col/image.png,ESP,9639,1250
63,G RUSSELL,George RUSSELL,RUS,Mercedes,27F4D2,George,Russell,https://media.formula1.com/d_driver_fallback_image.png/content/dam/fom-website/drivers/G/GEORUS01_George_Russell/georus01.png.transform/1col/image.png,GBR,9639,1250
77,V BOTTAS,Valtteri BOTTAS,BOT,Kick Sauber,52E252,Valtteri,Bottas,https://media.formula1.com/d_driver_fallback_image.png/content/dam/fom-website/drivers/V/VALBOT01_Valtteri_Bottas/valbot01.png.transform/1col/image.png,FIN,9639,1250
81,O PIASTRI,Oscar PIASTRI,PIA,McLaren,FF8000,Oscar,Piastri,https://media.formula1.com/d_driver_fallback_image.png/content/dam/fom-website/drivers/O/OSCPIA01_Oscar_Piastri/oscpia01.png.transform/1col/image.png,AUS,9639,1250
1,M VERSTAPPEN,Max VERSTAPPEN,VER,Red Bull Racing,3671C6,Max,Verstappen,https://media.formula1.com/d_driver_fallback_image.png/content/dam/fom-website/drivers/M/MAXVER01_Max_Verstappen/maxver01.png.transform/1col/image.png,NED,9640,1250
4,L NORRIS,Lando NORRIS,NOR,McLaren,FF8000,Lando,Norris,https://media.formula1.com/d_driver_fallback_image.png/content/dam/fom-website/drivers/L/LANNOR01_Lando_Norris/lannor01.png.transform/1col/image.png,GBR,9640,1250
10,P GASLY,Pierre GASLY,GAS,Alpine,0093cc,Pierre,Gasly,https://media.formula1.com/d_driver_fallback_image.png/content/dam/fom-website/drivers/P/PIEGAS01_Pierre_Gasly/piegas01.png.transform/1col/image.png,FRA,9640,1250
11,S PEREZ,Sergio PEREZ,PER,Red Bull Racing,3671C6,Sergio,Perez,https://media.formula1.com/d_driver_fallback_image.png/content/dam/fom-website/drivers/S/SERPER01_Sergio_Perez/serper01.png.transform/1col/image.png,MEX,9640,1250
14,F ALONSO,Fernando ALONSO,ALO,Aston Martin,229971,Fernando,Alonso,https://media.formula1.com/d_driver_fallback_image.png/content/dam/fom-website/drivers/F/FERALO01_Fernando_Alonso/feralo01.png.transform/1col/image.png,ESP,9640,1250
16,C LECLERC,Charles LECLERC,LEC,Ferrari,E80020,Charles,Leclerc,https://media.formula1.com/d_driver_fallback_image.png/content/dam/fom-website/drivers/C/CHALEC01_Charles_Leclerc/chalec01.png.transform/1col/image.png,MON,9640,1250
18,L STROLL,Lance STROLL,STR,Aston Martin,229971,Lance,Stroll,https://media.formula1.com/d_driver_fallback_image.png/content/dam/fom-website/drivers/L/LANSTR01_Lance_Stroll/lanstr01.png.transform/1col/image.png,CAN,9640,1250
20,K MAGNUSSEN,Kevin MAGNUSSEN,MAG,Haas F1 Team,B6BABD,Kevin,Magnussen,https://media.formula1.com/d_driver_fallback_image.png/content/dam/fom-website/drivers/K/KEVMAG01_Kevin_Magnussen/kevmag01.png.transform/1col/image.png,DEN,9640,1250
22,Y TSUNODA,Yuki TSUNODA,TSU,RB,6692FF,Yuki,Tsunoda,https://media.formula1.com/d_driver_fallback_image.png/content/dam/fom-website/drivers/Y/YUKTSU01_Yuki_Tsunoda/yuktsu01.png.transform/1col/image.png,JPN,9640,1250
23,A ALBON,Alexander ALBON,ALB,Williams,64C4FF,Alexander,Albon,https://media.formula1.com/d_driver_fallback_image.png/content/dam/fom-website/drivers/A/ALEALB01_Alexander_Albon/alealb01.png.transform/1col/image.png,THA,9640,1250
24,G ZHOU,ZHOU Guanyu,ZHO,Kick Sauber,52E252,Guanyu,Zhou,https://media.formula1.com/d_driver_fallback_image.png/content/dam/fom-website/drivers/G/GUAZHO01_Guanyu_Zhou/guazho01.png.transform/1col/image.png,CHN,9640,1250
27,N HULKENBERG,Nico HULKENBERG,HUL,Haas F1 Team,B6BABD,Nico,Hulkenberg,https://media.formula1.com/d_driver_fallback_image.png/content/dam/fom-website/drivers/N/NICHUL01_Nico_Hulkenberg/nichul01.png.transform/1col/image.png,GER,9640,1250
30,L LAWSON,Liam LAWSON,LAW,,,,,,,9640,1250
31,E OCON,Esteban OCON,OCO,Alpine,0093cc,Esteban,Ocon,https://media.formula1.com/d_driver_fallback_image.png/content/dam/fom-website/drivers/E/ESTOCO01_Esteban_Ocon/estoco01.png.transform/1col/image.png,FRA,9640,1250
43,F COLAPINTO,Franco COLAPINTO,COL,,,,,,,9640,1250
44,L HAMILTON,Lewis HAMILTON,HAM,Mercedes,27F4D2,Lewis,Hamilton,https://media.formula1.com/d_driver_fallback_image.png/content/dam/fom-website/drivers/L/LEWHAM01_Lewis_Hamilton/lewham01.png.transform/1col/image.png,GBR,9640,1250
55,C SAINZ,Carlos SAINZ,SAI,Ferrari,E80020,Carlos,Sainz,https://media.formula1.com/d_driver_fallback_image.png/content/dam/fom-website/drivers/C/CARSAI01_Carlos_Sainz/carsai01.png.transform/1col/image.png,ESP,9640,1250
63,G RUSSELL,George RUSSELL,RUS,Mercedes,27F4D2,George,Russell,https://media.formula1.com/d_driver_fallback_image.png/content/dam/fom-website/drivers/G/GEORUS01_George_Russell/georus01.png.transform/1col/image.png,GBR,9640,1250
77,V BOTTAS,Valtteri BOTTAS,BOT,Kick Sauber,52E252,Valtteri,Bottas,https://media.formula1.com/d_driver_fallback_image.png/content/dam/fom-website/drivers/V/VALBOT01_Valtteri_Bottas/valbot01.png.transform/1col/image.png,FIN,9640,1250
81,O PIASTRI,Oscar PIASTRI,PIA,McLaren,FF8000,Oscar,Piastri,https://media.formula1.com/d_driver_fallback_image.png/content/dam/fom-website/drivers/O/OSCPIA01_Oscar_Piastri/oscpia01.png.transform/1col/image.png,AUS,9640,1250
1,M VERSTAPPEN,Max VERSTAPPEN,VER,Red Bull Racing,3671C6,Max,Verstappen,https://media.formula1.com/d_driver_fallback_image.png/content/dam/fom-website/drivers/M/MAXVER01_Max_Verstappen/maxver01.png.transform/1col/image.png,NED,9644,1250
4,L NORRIS,Lando NORRIS,NOR,McLaren,FF8000,Lando,Norris,https://media.formula1.com/d_driver_fallback_image.png/content/dam/fom-website/drivers/L/LANNOR01_Lando_Norris/lannor01.png.transform/1col/image.png,GBR,9644,1250
10,P GASLY,Pierre GASLY,GAS,Alpine,0093cc,Pierre,Gasly,https://media.formula1.com/d_driver_fallback_image.png/content/dam/fom-website/drivers/P/PIEGAS01_Pierre_Gasly/piegas01.png.transform/1col/image.png,FRA,9644,1250
11,S PEREZ,Sergio PEREZ,PER,Red Bull Racing,3671C6,Sergio,Perez,https://media.formula1.com/d_driver_fallback_image.png/content/dam/fom-website/drivers/S/SERPER01_Sergio_Perez/serper01.png.transform/1col/image.png,MEX,9644,1250
14,F ALONSO,Fernando ALONSO,ALO,Aston Martin,229971,Fernando,Alonso,https://media.formula1.com/d_driver_fallback_image.png/content/dam/fom-website/drivers/F/FERALO01_Fernando_Alonso/feralo01.png.transform/1col/image.png,ESP,9644,1250
16,C LECLERC,Charles LECLERC,LEC,Ferrari,E80020,Charles,Leclerc,https://media.formula1.com/d_driver_fallback_image.png/content/dam/fom-website/drivers/C/CHALEC01_Charles_Leclerc/chalec01.png.transform/1col/image.png,MON,9644,1250
18,L STROLL,Lance STROLL,STR,Aston Martin,229971,Lance,Stroll,https://media.formula1.com/d_driver_fallback_image.png/content/dam/fom-website/drivers/L/LANSTR01_Lance_Stroll/lanstr01.png.transform/1col/image.png,CAN,9644,1250
20,K MAGNUSSEN,Kevin MAGNUSSEN,MAG,Haas F1 Team,B6BABD,Kevin,Magnussen,https://media.formula1.com/d_driver_fallback_image.png/content/dam/fom-website/drivers/K/KEVMAG01_Kevin_Magnussen/kevmag01.png.transform/1col/image.png,DEN,9644,1250
22,Y TSUNODA,Yuki TSUNODA,TSU,RB,6692FF,Yuki,Tsunoda,https://media.formula1.com/d_driver_fallback_image.png/content/dam/fom-website/drivers/Y/YUKTSU01_Yuki_Tsunoda/yuktsu01.png.transform/1col/image.png,JPN,9644,1250
23,A ALBON,Alexander ALBON,ALB,Williams,64C4FF,Alexander,Albon,https://media.formula1.com/d_driver_fallback_image.png/content/dam/fom-website/drivers/A/ALEALB01_Alexander_Albon/alealb01.png.transform/1col/image.png,THA,9644,1250
24,G ZHOU,ZHOU Guanyu,ZHO,Kick Sauber,52E252,Guanyu,Zhou,https://media.formula1.com/d_driver_fallback_image.png/content/dam/fom-website/drivers/G/GUAZHO01_Guanyu_Zhou/guazho01.png.transform/1col/image.png,CHN,9644,1250
27,N HULKENBERG,Nico HULKENBERG,HUL,Haas F1 Team,B6BABD,Nico,Hulkenberg,https://media.formula1.com/d_driver_fallback_image.png/content/dam/fom-website/drivers/N/NICHUL01_Nico_Hulkenberg/nichul01.png.transform/1col/image.png,GER,9644,1250
30,L LAWSON,Liam LAWSON,LAW,,,,,,,9644,1250
31,E OCON,Esteban OCON,OCO,Alpine,0093cc,Esteban,Ocon,https://media.formula1.com/d_driver_fallback_image.png/content/dam/fom-website/drivers/E/ESTOCO01_Esteban_Ocon/estoco01.png.transform/1col/image.png,FRA,9644,1250
43,F COLAPINTO,Franco COLAPINTO,COL,,,,,,,9644,1250
44,L HAMILTON,Lewis HAMILTON,HAM,Mercedes,27F4D2,Lewis,Hamilton,https://media.formula1.com/d_driver_fallback_image.png/content/dam/fom-website/drivers/L/LEWHAM01_Lewis_Hamilton/lewham01.png.transform/1col/image.png,GBR,9644,1250
55,C SAINZ,Carlos SAINZ,SAI,Ferrari,E80020,Carlos,Sainz,https://media.formula1.com/d_driver_fallback_image.png/content/dam/fom-website/drivers/C/CARSAI01_Carlos_Sainz/carsai01.png.transform/1col/image.png,ESP,9644,1250
63,G RUSSELL,George RUSSELL,RUS,Mercedes,27F4D2,George,Russell,https://media.formula1.com/d_driver_fallback_image.png/content/dam/fom-website/drivers/G/GEORUS01_George_Russell/georus01.png.transform/1col/image.png,GBR,9644,1250
77,V BOTTAS,Valtteri BOTTAS,BOT,Kick Sauber,52E252,Valtteri,Bottas,https://media.formula1.com/d_driver_fallback_image.png/content/dam/fom-website/drivers/V/VALBOT01_Valtteri_Bottas/valbot01.png.transform/1col/image.png,FIN,9644,1250
81,O PIASTRI,Oscar PIASTRI,PIA,McLaren,FF8000,Oscar,Piastri,https://media.formula1.com/d_driver_fallback_image.png/content/dam/fom-website/drivers/O/OSCPIA01_Oscar_Piastri/oscpia01.png.transform/1col/image.png,AUS,9644,1250
1,M VERSTAPPEN,Max VERSTAPPEN,VER,Red Bull Racing,3671C6,Max,Verstappen,https://media.formula1.com/d_driver_fallback_image.png/content/dam/fom-website/drivers/M/MAXVER01_Max_Verstappen/maxver01.png.transform/1col/image.png,NED,9645,1251
4,L NORRIS,Lando NORRIS,NOR,McLaren,FF8000,Lando,Norris,https://media.formula1.com/d_driver_fallback_image.png/content/dam/fom-website/drivers/L/LANNOR01_Lando_Norris/lannor01.png.transform/1col/image.png,GBR,9645,1251
10,P GASLY,Pierre GASLY,GAS,Alpine,0093cc,Pierre,Gasly,https://media.formula1.com/d_driver_fallback_image.png/content/dam/fom-website/drivers/P/PIEGAS01_Pierre_Gasly/piegas01.png.transform/1col/image.png,FRA,9645,1251
11,S PEREZ,Sergio PEREZ,PER,Red Bull Racing,3671C6,Sergio,Perez,https://media.formula1.com/d_driver_fallback_image.png/content/dam/fom-website/drivers/S/SERPER01_Sergio_Perez/serper01.png.transform/1col/image.png,MEX,9645,1251
14,F ALONSO,Fernando ALONSO,ALO,Aston Martin,229971,Fernando,Alonso,https://media.formula1.com/d_driver_fallback_image.png/content/dam/fom-website/drivers/F/FERALO01_Fernando_Alonso/feralo01.png.transform/1col/image.png,ESP,9645,1251
16,C LECLERC,Charles LECLERC,LEC,Ferrari,E80020,Charles,Leclerc,https://media.formula1.com/d_driver_fallback_image.png/content/dam/fom-website/drivers/C/CHALEC01_Charles_Leclerc/chalec01.png.transform/1col/image.png,MON,9645,1251
18,L STROLL,Lance STROLL,STR,Aston Martin,229971,Lance,Stroll,https://media.formula1.com/d_driver_fallback_image.png/content/dam/fom-website/drivers/L/LANSTR01_Lance_Stroll/lanstr01.png.transform/1col/image.png,CAN,9645,1251
20,K MAGNUSSEN,Kevin MAGNUSSEN,MAG,Haas F1 Team,B6BABD,Kevin,Magnussen,https://media.formula1.com/d_driver_fallback_image.png/content/dam/fom-website/drivers/K/KEVMAG01_Kevin_Magnussen/kevmag01.png.transform/1col/image.png,DEN,9645,1251
22,Y TSUNODA,Yuki TSUNODA,TSU,RB,6692FF,Yuki,Tsunoda,https://media.formula1.com/d_driver_fallback_image.png/content/dam/fom-website/drivers/Y/YUKTSU01_Yuki_Tsunoda/yuktsu01.png.transform/1col/image.png,JPN,9645,1251
23,A ALBON,Alexander ALBON,ALB,Williams,64C4FF,Alexander,Albon,https://media.formula1.com/d_driver_fallback_image.png/content/dam/fom-website/drivers/A/ALEALB01_Alexander_Albon/alealb01.png.transform/1col/image.png,THA,9645,1251
24,G ZHOU,ZHOU Guanyu,ZHO,Kick Sauber,52E252,Guanyu,Zhou,https://media.formula1.com/d_driver_fallback_image.png/content/dam/fom-website/drivers/G/GUAZHO01_Guanyu_Zhou/guazho01.png.transform/1col/image.png,CHN,9645,1251
27,N HULKENBERG,Nico HULKENBERG,HUL,Haas F1 Team,B6BABD,Nico,Hulkenberg,https://media.formula1.com/d_driver_fallback_image.png/content/dam/fom-website/drivers/N/NICHUL01_Nico_Hulkenberg/nichul01.png.transform/1col/image.png,GER,9645,1251
30,L LAWSON,Liam LAWSON,LAW,,,,,,,9645,1251
31,E OCON,Esteban OCON,OCO,Alpine,0093cc,Esteban,Ocon,https://media.formula1.com/d_driver_fallback_image.png/content/dam/fom-website/drivers/E/ESTOCO01_Esteban_Ocon/estoco01.png.transform/1col/image.png,FRA,9645,1251
43,F COLAPINTO,Franco COLAPINTO,COL,,,,,,,9645,1251
44,L HAMILTON,Lewis HAMILTON,HAM,Mercedes,27F4D2,Lewis,Hamilton,https://media.formula1.com/d_driver_fallback_image.png/content/dam/fom-website/drivers/L/LEWHAM01_Lewis_Hamilton/lewham01.png.transform/1col/image.png,GBR,9645,1251
55,C SAINZ,Carlos SAINZ,SAI,Ferrari,E80020,Carlos,Sainz,https://media.formula1.com/d_driver_fallback_image.png/content/dam/fom-website/drivers/C/CARSAI01_Carlos_Sainz/carsai01.png.transform/1col/image.png,ESP,9645,1251
63,G RUSSELL,George RUSSELL,RUS,Mercedes,27F4D2,George,Russell,https://media.formula1.com/d_driver_fallback_image.png/content/dam/fom-website/drivers/G/GEORUS01_George_Russell/georus01.png.transform/1col/image.png,GBR,9645,1251
77,V BOTTAS,Valtteri BOTTAS,BOT,Kick Sauber,52E252,Valtteri,Bottas,https://media.formula1.com/d_driver_fallback_image.png/content/dam/fom-website/drivers/V/VALBOT01_Valtteri_Bottas/valbot01.png.transform/1col/image.png,FIN,9645,1251
81,O PIASTRI,Oscar PIASTRI,PIA,McLaren,FF8000,Oscar,Piastri,https://media.formula1.com/d_driver_fallback_image.png/content/dam/fom-website/drivers/O/OSCPIA01_Oscar_Piastri/oscpia01.png.transform/1col/image.png,AUS,9645,1251
1,M VERSTAPPEN,Max VERSTAPPEN,VER,Red Bull Racing,3671C6,Max,Verstappen,https://media.formula1.com/d_driver_fallback_image.png/content/dam/fom-website/drivers/M/MAXVER01_Max_Verstappen/maxver01.png.transform/1col/image.png,NED,9646,1251
4,L NORRIS,Lando NORRIS,NOR,McLaren,FF8000,Lando,Norris,https://media.formula1.com/d_driver_fallback_image.png/content/dam/fom-website/drivers/L/LANNOR01_Lando_Norris/lannor01.png.transform/1col/image.png,GBR,9646,1251
10,P GASLY,Pierre GASLY,GAS,Alpine,0093cc,Pierre,Gasly,https://media.formula1.com/d_driver_fallback_image.png/content/dam/fom-website/drivers/P/PIEGAS01_Pierre_Gasly/piegas01.png.transform/1col/image.png,FRA,9646,1251
11,S PEREZ,Sergio PEREZ,PER,Red Bull Racing,3671C6,Sergio,Perez,https://media.formula1.com/d_driver_fallback_image.png/content/dam/fom-website/drivers/S/SERPER01_Sergio_Perez/serper01.png.transform/1col/image.png,MEX,9646,1251
14,F ALONSO,Fernando ALONSO,ALO,Aston Martin,229971,Fernando,Alonso,https://media.formula1.com/d_driver_fallback_image.png/content/dam/fom-website/drivers/F/FERALO01_Fernando_Alonso/feralo01.png.transform/1col/image.png,ESP,9646,1251
16,C LECLERC,Charles LECLERC,LEC,Ferrari,E80020,Charles,Leclerc,https://media.formula1.com/d_driver_fallback_image.png/content/dam/fom-website/drivers/C/CHALEC01_Charles_Leclerc/chalec01.png.transform/1col/image.png,MON,9646,1251
18,L STROLL,Lance STROLL,STR,Aston Martin,229971,Lance,Stroll,https://media.formula1.com/d_driver_fallback_image.png/content/dam/fom-website/drivers/L/LANSTR01_Lance_Stroll/lanstr01.png.transform/1col/image.png,CAN,9646,1251
20,K MAGNUSSEN,Kevin MAGNUSSEN,MAG,Haas F1 Team,B6BABD,Kevin,Magnussen,https://media.formula1.com/d_driver_fallback_image.png/content/dam/fom-website/drivers/K/KEVMAG01_Kevin_Magnussen/kevmag01.png.transform/1col/image.png,DEN,9646,1251
22,Y TSUNODA,Yuki TSUNODA,TSU,RB,6692FF,Yuki,Tsunoda,https://media.formula1.com/d_driver_fallback_image.png/content/dam/fom-website/drivers/Y/YUKTSU01_Yuki_Tsunoda/yuktsu01.png.transform/1col/image.png,JPN,9646,1251
23,A ALBON,Alexander ALBON,ALB,Williams,64C4FF,Alexander,Albon,https://media.formula1.com/d_driver_fallback_image.png/content/dam/fom-website/drivers/A/ALEALB01_Alexander_Albon/alealb01.png.transform/1col/image.png,THA,9646,1251
24,G ZHOU,ZHOU Guanyu,ZHO,Kick Sauber,52E252,Guanyu,Zhou,https://media.formula1.com/d_driver_fallback_image.png/content/dam/fom-website/drivers/G/GUAZHO01_Guanyu_Zhou/guazho01.png.transform/1col/image.png,CHN,9646,1251
27,N HULKENBERG,Nico HULKENBERG,HUL,Haas F1 Team,B6BABD,Nico,Hulkenberg,https://media.formula1.com/d_driver_fallback_image.png/content/dam/fom-website/drivers/N/NICHUL01_Nico_Hulkenberg/nichul01.png.transform/1col/image.png,GER,9646,1251
30,L LAWSON,Liam LAWSON,LAW,,,,,,,9646,1251
31,E OCON,Esteban OCON,OCO,Alpine,0093cc,Esteban,Ocon,https://media.formula1.com/d_driver_fallback_image.png/content/dam/fom-website/drivers/E/ESTOCO01_Esteban_Ocon/estoco01.png.transform/1col/image.png,FRA,9646,1251
43,F COLAPINTO,Franco COLAPINTO,COL,,,,,,,9646,1251
44,L HAMILTON,Lewis HAMILTON,HAM,Mercedes,27F4D2,Lewis,Hamilton,https://media.formula1.com/d_driver_fallback_image.png/content/dam/fom-website/drivers/L/LEWHAM01_Lewis_Hamilton/lewham01.png.transform/1col/image.png,GBR,9646,1251
55,C SAINZ,Carlos SAINZ,SAI,Ferrari,E80020,Carlos,Sainz,https://media.formula1.com/d_driver_fallback_image.png/content/dam/fom-website/drivers/C/CARSAI01_Carlos_Sainz/carsai01.png.transform/1col/image.png,ESP,9646,1251
63,G RUSSELL,George RUSSELL,RUS,Mercedes,27F4D2,George,Russell,https://media.formula1.com/d_driver_fallback_image.png/content/dam/fom-website/drivers/G/GEORUS01_George_Russell/georus01.png.transform/1col/image.png,GBR,9646,1251
77,V BOTTAS,Valtteri BOTTAS,BOT,Kick Sauber,52E252,Valtteri,Bottas,https://media.formula1.com/d_driver_fallback_image.png/content/dam/fom-website/drivers/V/VALBOT01_Valtteri_Bottas/valbot01.png.transform/1col/image.png,FIN,9646,1251
81,O PIASTRI,Oscar PIASTRI,PIA,McLaren,FF8000,Oscar,Piastri,https://media.formula1.com/d_driver_fallback_image.png/content/dam/fom-website/drivers/O/OSCPIA01_Oscar_Piastri/oscpia01.png.transform/1col/image.png,AUS,9646,1251
1,M VERSTAPPEN,Max VERSTAPPEN,VER,Red Bull Racing,3671C6,Max,Verstappen,https://media.formula1.com/d_driver_fallback_image.png/content/dam/fom-website/drivers/M/MAXVER01_Max_Verstappen/maxver01.png.transform/1col/image.png,NED,9650,1251
4,L NORRIS,Lando NORRIS,NOR,McLaren,FF8000,Lando,Norris,https://media.formula1.com/d_driver_fallback_image.png/content/dam/fom-website/drivers/L/LANNOR01_Lando_Norris/lannor01.png.transform/1col/image.png,GBR,9650,1251
10,P GASLY,Pierre GASLY,GAS,Alpine,0093cc,Pierre,Gasly,https://media.formula1.com/d_driver_fallback_image.png/content/dam/fom-website/drivers/P/PIEGAS01_Pierre_Gasly/piegas01.png.transform/1col/image.png,FRA,9650,1251
11,S PEREZ,Sergio PEREZ,PER,Red Bull Racing,3671C6,Sergio,Perez,https://media.formula1.com/d_driver_fallback_image.png/content/dam/fom-website/drivers/S/SERPER01_Sergio_Perez/serper01.png.transform/1col/image.png,MEX,9650,1251
14,F ALONSO,Fernando ALONSO,ALO,Aston Martin,229971,Fernando,Alonso,https://media.formula1.com/d_driver_fallback_image.png/content/dam/fom-website/drivers/F/FERALO01_Fernando_Alonso/feralo01.png.transform/1col/image.png,ESP,9650,1251
16,C LECLERC,Charles LECLERC,LEC,Ferrari,E80020,Charles,Leclerc,https://media.formula1.com/d_driver_fallback_image.png/content/dam/fom-website/drivers/C/CHALEC01_Charles_Leclerc/chalec01.png.transform/1col/image.png,MON,9650,1251
18,L STROLL,Lance STROLL,STR,Aston Martin,229971,Lance,Stroll,https://media.formula1.com/d_driver_fallback_image.png/content/dam/fom-website/drivers/L/LANSTR01_Lance_Stroll/lanstr01.png.transform/1col/image.png,CAN,9650,1251
20,K MAGNUSSEN,Kevin MAGNUSSEN,MAG,Haas F1 Team,B6BABD,Kevin,Magnussen,https://media.formula1.com/d_driver_fallback_image.png/content/dam/fom-website/drivers/K/KEVMAG01_Kevin_Magnussen/kevmag01.png.transform/1col/image.png,DEN,9650,1251
22,Y TSUNODA,Yuki TSUNODA,TSU,RB,6692FF,Yuki,Tsunoda,https://media.formula1.com/d_driver_fallback_image.png/content/dam/fom-website/drivers/Y/YUKTSU01_Yuki_Tsunoda/yuktsu01.png.transform/1col/image.png,JPN,9650,1251
23,A ALBON,Alexander ALBON,ALB,Williams,64C4FF,Alexander,Albon,https://media.formula1.com/d_driver_fallback_image.png/content/dam/fom-website/drivers/A/ALEALB01_Alexander_Albon/alealb01.png.transform/1col/image.png,THA,9650,1251
24,G ZHOU,ZHOU Guanyu,ZHO,Kick Sauber,52E252,Guanyu,Zhou,https://media.formula1.com/d_driver_fallback_image.png/content/dam/fom-website/drivers/G/GUAZHO01_Guanyu_Zhou/guazho01.png.transform/1col/image.png,CHN,9650,1251
27,N HULKENBERG,Nico HULKENBERG,HUL,Haas F1 Team,B6BABD,Nico,Hulkenberg,https://media.formula1.com/d_driver_fallback_image.png/content/dam/fom-website/drivers/N/NICHUL01_Nico_Hulkenberg/nichul01.png.transform/1col/image.png,GER,9650,1251
30,L LAWSON,Liam LAWSON,LAW,,,,,,,9650,1251
31,E OCON,Esteban OCON,OCO,Alpine,0093cc,Esteban,Ocon,https://media.formula1.com/d_driver_fallback_image.png/content/dam/fom-website/drivers/E/ESTOCO01_Esteban_Ocon/estoco01.png.transform/1col/image.png,FRA,9650,1251
43,F COLAPINTO,Franco COLAPINTO,COL,,,,,,,9650,1251
44,L HAMILTON,Lewis HAMILTON,HAM,Mercedes,27F4D2,Lewis,Hamilton,https://media.formula1.com/d_driver_fallback_image.png/content/dam/fom-website/drivers/L/LEWHAM01_Lewis_Hamilton/lewham01.png.transform/1col/image.png,GBR,9650,1251
55,C SAINZ,Carlos SAINZ,SAI,Ferrari,E80020,Carlos,Sainz,https://media.formula1.com/d_driver_fallback_image.png/content/dam/fom-website/drivers/C/CARSAI01_Carlos_Sainz/carsai01.png.transform/1col/image.png,ESP,9650,1251
63,G RUSSELL,George RUSSELL,RUS,Mercedes,27F4D2,George,Russell,https://media.formula1.com/d_driver_fallback_image.png/content/dam/fom-website/drivers/G/GEORUS01_George_Russell/georus01.png.transform/1col/image.png,GBR,9650,1251
77,V BOTTAS,Valtteri BOTTAS,BOT,Kick Sauber,52E252,Valtteri,Bottas,https://media.formula1.com/d_driver_fallback_image.png/content/dam/fom-website/drivers/V/VALBOT01_Valtteri_Bottas/valbot01.png.transform/1col/image.png,FIN,9650,1251
81,O PIASTRI,Oscar PIASTRI,PIA,McLaren,FF8000,Oscar,Piastri,https://media.formula1.com/d_driver_fallback_image.png/content/dam/fom-website/drivers/O/OSCPIA01_Oscar_Piastri/oscpia01.png.transform/1col/image.png,AUS,9650,1251
1,M VERSTAPPEN,Max VERSTAPPEN,VER,Red Bull Racing,3671C6,Max,Verstappen,https://media.formula1.com/d_driver_fallback_image.png/content/dam/fom-website/drivers/M/MAXVER01_Max_Verstappen/maxver01.png.transform/1col/image.png,NED,9654,1251
4,L NORRIS,Lando NORRIS,NOR,McLaren,FF8000,Lando,Norris,https://media.formula1.com/d_driver_fallback_image.png/content/dam/fom-website/drivers/L/LANNOR01_Lando_Norris/lannor01.png.transform/1col/image.png,GBR,9654,1251
10,P GASLY,Pierre GASLY,GAS,Alpine,0093CC,Pierre,Gasly,https://media.formula1.com/d_driver_fallback_image.png/content/dam/fom-website/drivers/P/PIEGAS01_Pierre_Gasly/piegas01.png.transform/1col/image.png,FRA,9654,1251
11,S PEREZ,Sergio PEREZ,PER,Red Bull Racing,3671C6,Sergio,Perez,https://media.formula1.com/d_driver_fallback_image.png/content/dam/fom-website/drivers/S/SERPER01_Sergio_Perez/serper01.png.transform/1col/image.png,MEX,9654,1251
14,F ALONSO,Fernando ALONSO,ALO,Aston Martin,229971,Fernando,Alonso,https://media.formula1.com/d_driver_fallback_image.png/content/dam/fom-website/drivers/F/FERALO01_Fernando_Alonso/feralo01.png.transform/1col/image.png,ESP,9654,1251
16,C LECLERC,Charles LECLERC,LEC,Ferrari,E80020,Charles,Leclerc,https://media.formula1.com/d_driver_fallback_image.png/content/dam/fom-website/drivers/C/CHALEC01_Charles_Leclerc/chalec01.png.transform/1col/image.png,MON,9654,1251
18,L STROLL,Lance STROLL,STR,Aston Martin,229971,Lance,Stroll,https://media.formula1.com/d_driver_fallback_image.png/content/dam/fom-website/drivers/L/LANSTR01_Lance_Stroll/lanstr01.png.transform/1col/image.png,CAN,9654,1251
20,K MAGNUSSEN,Kevin MAGNUSSEN,MAG,Haas F1 Team,B6BABD,Kevin,Magnussen,https://media.formula1.com/d_driver_fallback_image.png/content/dam/fom-website/drivers/K/KEVMAG01_Kevin_Magnussen/kevmag01.png.transform/1col/image.png,DEN,9654,1251
22,Y TSUNODA,Yuki TSUNODA,TSU,RB,6692FF,Yuki,Tsunoda,https://media.formula1.com/d_driver_fallback_image.png/content/dam/fom-website/drivers/Y/YUKTSU01_Yuki_Tsunoda/yuktsu01.png.transform/1col/image.png,JPN,9654,1251
23,A ALBON,Alexander ALBON,ALB,Williams,64C4FF,Alexander,Albon,https://media.formula1.com/d_driver_fallback_image.png/content/dam/fom-website/drivers/A/ALEALB01_Alexander_Albon/alealb01.png.transform/1col/image.png,THA,9654,1251
24,G ZHOU,ZHOU Guanyu,ZHO,Kick Sauber,52E252,Guanyu,Zhou,https://media.formula1.com/d_driver_fallback_image.png/content/dam/fom-website/drivers/G/GUAZHO01_Guanyu_Zhou/guazho01.png.transform/1col/image.png,CHN,9654,1251
27,N HULKENBERG,Nico HULKENBERG,HUL,Haas F1 Team,B6BABD,Nico,Hulkenberg,https://media.formula1.com/d_driver_fallback_image.png/content/dam/fom-website/drivers/N/NICHUL01_Nico_Hulkenberg/nichul01.png.transform/1col/image.png,GER,9654,1251
30,L LAWSON,Liam LAWSON,LAW,RB,6692FF,Liam,Lawson,,NZL,9654,1251
31,E OCON,Esteban OCON,OCO,Alpine,0093CC,Esteban,Ocon,https://media.formula1.com/d_driver_fallback_image.png/content/dam/fom-website/drivers/E/ESTOCO01_Esteban_Ocon/estoco01.png.transform/1col/image.png,FRA,9654,1251
43,F COLAPINTO,Franco COLAPINTO,COL,Williams,64C4FF,Franco,Colapinto,,ARG,9654,1251
44,L HAMILTON,Lewis HAMILTON,HAM,Mercedes,27F4D2,Lewis,Hamilton,https://media.formula1.com/d_driver_fallback_image.png/content/dam/fom-website/drivers/L/LEWHAM01_Lewis_Hamilton/lewham01.png.transform/1col/image.png,GBR,9654,1251
55,C SAINZ,Carlos SAINZ,SAI,Ferrari,E80020,Carlos,Sainz,https://media.formula1.com/d_driver_fallback_image.png/content/dam/fom-website/drivers/C/CARSAI01_Carlos_Sainz/carsai01.png.transform/1col/image.png,ESP,9654,1251
63,G RUSSELL,George RUSSELL,RUS,Mercedes,27F4D2,George,Russell,https://media.formula1.com/d_driver_fallback_image.png/content/dam/fom-website/drivers/G/GEORUS01_George_Russell/georus01.png.transform/1col/image.png,GBR,9654,1251
77,V BOTTAS,Valtteri BOTTAS,BOT,Kick Sauber,52E252,Valtteri,Bottas,https://media.formula1.com/d_driver_fallback_image.png/content/dam/fom-website/drivers/V/VALBOT01_Valtteri_Bottas/valbot01.png.transform/1col/image.png,FIN,9654,1251
81,O PIASTRI,Oscar PIASTRI,PIA,McLaren,FF8000,Oscar,Piastri,https://media.formula1.com/d_driver_fallback_image.png/content/dam/fom-website/drivers/O/OSCPIA01_Oscar_Piastri/oscpia01.png.transform/1col/image.png,AUS,9654,1251
1,M VERSTAPPEN,Max VERSTAPPEN,VER,Red Bull Racing,3671C6,Max,Verstappen,https://media.formula1.com/d_driver_fallback_image.png/content/dam/fom-website/drivers/M/MAXVER01_Max_Verstappen/maxver01.png.transform/1col/image.png,NED,9655,1251
4,L NORRIS,Lando NORRIS,NOR,McLaren,FF8000,Lando,Norris,https://media.formula1.com/d_driver_fallback_image.png/content/dam/fom-website/drivers/L/LANNOR01_Lando_Norris/lannor01.png.transform/1col/image.png,GBR,9655,1251
10,P GASLY,Pierre GASLY,GAS,Alpine,0093cc,Pierre,Gasly,https://media.formula1.com/d_driver_fallback_image.png/content/dam/fom-website/drivers/P/PIEGAS01_Pierre_Gasly/piegas01.png.transform/1col/image.png,FRA,9655,1251
11,S PEREZ,Sergio PEREZ,PER,Red Bull Racing,3671C6,Sergio,Perez,https://media.formula1.com/d_driver_fallback_image.png/content/dam/fom-website/drivers/S/SERPER01_Sergio_Perez/serper01.png.transform/1col/image.png,MEX,9655,1251
14,F ALONSO,Fernando ALONSO,ALO,Aston Martin,229971,Fernando,Alonso,https://media.formula1.com/d_driver_fallback_image.png/content/dam/fom-website/drivers/F/FERALO01_Fernando_Alonso/feralo01.png.transform/1col/image.png,ESP,9655,1251
16,C LECLERC,Charles LECLERC,LEC,Ferrari,E80020,Charles,Leclerc,https://media.formula1.com/d_driver_fallback_image.png/content/dam/fom-website/drivers/C/CHALEC01_Charles_Leclerc/chalec01.png.transform/1col/image.png,MON,9655,1251
18,L STROLL,Lance STROLL,STR,Aston Martin,229971,Lance,Stroll,https://media.formula1.com/d_driver_fallback_image.png/content/dam/fom-website/drivers/L/LANSTR01_Lance_Stroll/lanstr01.png.transform/1col/image.png,CAN,9655,1251
20,K MAGNUSSEN,Kevin MAGNUSSEN,MAG,Haas F1 Team,B6BABD,Kevin,Magnussen,https://media.formula1.com/d_driver_fallback_image.png/content/dam/fom-website/drivers/K/KEVMAG01_Kevin_Magnussen/kevmag01.png.transform/1col/image.png,DEN,9655,1251
22,Y TSUNODA,Yuki TSUNODA,TSU,RB,6692FF,Yuki,Tsunoda,https://media.formula1.com/d_driver_fallback_image.png/content/dam/fom-website/drivers/Y/YUKTSU01_Yuki_Tsunoda/yuktsu01.png.transform/1col/image.png,JPN,9655,1251
23,A ALBON,Alexander ALBON,ALB,Williams,64C4FF,Alexander,Albon,https://media.formula1.com/d_driver_fallback_image.png/content/dam/fom-website/drivers/A/ALEALB01_Alexander_Albon/alealb01.png.transform/1col/image.png,THA,9655,1251
24,G ZHOU,ZHOU Guanyu,ZHO,Kick Sauber,52E252,Guanyu,Zhou,https://media.formula1.com/d_driver_fallback_image.png/content/dam/fom-website/drivers/G/GUAZHO01_Guanyu_Zhou/guazho01.png.transform/1col/image.png,CHN,9655,1251
27,N HULKENBERG,Nico HULKENBERG,HUL,Haas F1 Team,B6BABD,Nico,Hulkenberg,https://media.formula1.com/d_driver_fallback_image.png/content/dam/fom-website/drivers/N/NICHUL01_Nico_Hulkenberg/nichul01.png.transform/1col/image.png,GER,9655,1251
30,L LAWSON,Liam LAWSON,LAW,,,,,,,9655,1251
31,E OCON,Esteban OCON,OCO,Alpine,0093cc,Esteban,Ocon,https://media.formula1.com/d_driver_fallback_image.png/content/dam/fom-website/drivers/E/ESTOCO01_Esteban_Ocon/estoco01.png.transform/1col/image.png,FRA,9655,1251
43,F COLAPINTO,Franco COLAPINTO,COL,,,,,,,9655,1251
44,L HAMILTON,Lewis HAMILTON,HAM,Mercedes,27F4D2,Lewis,Hamilton,https://media.formula1.com/d_driver_fallback_image.png/content/dam/fom-website/drivers/L/LEWHAM01_Lewis_Hamilton/lewham01.png.transform/1col/image.png,GBR,9655,1251
55,C SAINZ,Carlos SAINZ,SAI,Ferrari,E80020,Carlos,Sainz,https://media.formula1.com/d_driver_fallback_image.png/content/dam/fom-website/drivers/C/CARSAI01_Carlos_Sainz/carsai01.png.transform/1col/image.png,ESP,9655,1251
63,G RUSSELL,George RUSSELL,RUS,Mercedes,27F4D2,George,Russell,https://media.formula1.com/d_driver_fallback_image.png/content/dam/fom-website/drivers/G/GEORUS01_George_Russell/georus01.png.transform/1col/image.png,GBR,9655,1251
77,V BOTTAS,Valtteri BOTTAS,BOT,Kick Sauber,52E252,Valtteri,Bottas,https://media.formula1.com/d_driver_fallback_image.png/content/dam/fom-website/drivers/V/VALBOT01_Valtteri_Bottas/valbot01.png.transform/1col/image.png,FIN,9655,1251
81,O PIASTRI,Oscar PIASTRI,PIA,McLaren,FF8000,Oscar,Piastri,https://media.formula1.com/d_driver_fallback_image.png/content/dam/fom-website/drivers/O/OSCPIA01_Oscar_Piastri/oscpia01.png.transform/1col/image.png,AUS,9655,1251
4,L NORRIS,Lando NORRIS,NOR,,,,,,,9461,1252
10,P GASLY,Pierre GASLY,GAS,,,,,,,9461,1252
11,S PEREZ,Sergio PEREZ,PER,,,,,,,9461,1252
14,F ALONSO,Fernando ALONSO,ALO,,,,,,,9461,1252
16,C LECLERC,Charles LECLERC,LEC,,,,,,,9461,1252
20,K MAGNUSSEN,Kevin MAGNUSSEN,MAG,,,,,,,9461,1252
24,G ZHOU,ZHOU Guanyu,ZHO,,,,,,,9461,1252
27,N HULKENBERG,Nico HULKENBERG,HUL,,,,,,,9461,1252
28,R HIRAKAWA,Ryo HIRAKAWA,HIR,,,,,,,9461,1252
30,L LAWSON,Liam LAWSON,LAW,,,,,,,9461,1252
34,F DRUGOVICH,Felipe DRUGOVICH,DRU,,,,,,,9461,1252
37,I HADJAR,Isack HADJAR,HAD,,,,,,,9461,1252
39,A LECLERC,Arthur LECLERC,LEL,,,,,,,9461,1252
40,A IWASA,Ayumu IWASA,IWA,,,,,,,9461,1252
43,F COLAPINTO,Franco COLAPINTO,COL,,,,,,,9461,1252
44,L HAMILTON,Lewis HAMILTON,HAM,,,,,,,9461,1252
46,L BROWNING,Luke BROWNING,BRO,,,,,,,9461,1252
61,J DOOHAN,Jack DOOHAN,DOO,,,,,,,9461,1252
63,G RUSSELL,George RUSSELL,RUS,,,,,,,9461,1252
77,V BOTTAS,Valtteri BOTTAS,BOT,,,,,,,9461,1252
1,M VERSTAPPEN,Max VERSTAPPEN,VER,Red Bull Racing,3671C6,Max,Verstappen,https://media.formula1.com/d_driver_fallback_image.png/content/dam/fom-website/drivers/M/MAXVER01_Max_Verstappen/maxver01.png.transform/1col/image.png,NED,9656,1252
4,L NORRIS,Lando NORRIS,NOR,McLaren,FF8000,Lando,Norris,https://media.formula1.com/d_driver_fallback_image.png/content/dam/fom-website/drivers/L/LANNOR01_Lando_Norris/lannor01.png.transform/1col/image.png,GBR,9656,1252
10,P GASLY,Pierre GASLY,GAS,Alpine,0093CC,Pierre,Gasly,https://media.formula1.com/d_driver_fallback_image.png/content/dam/fom-website/drivers/P/PIEGAS01_Pierre_Gasly/piegas01.png.transform/1col/image.png,FRA,9656,1252
11,S PEREZ,Sergio PEREZ,PER,Red Bull Racing,3671C6,Sergio,Perez,https://media.formula1.com/d_driver_fallback_image.png/content/dam/fom-website/drivers/S/SERPER01_Sergio_Perez/serper01.png.transform/1col/image.png,MEX,9656,1252
14,F ALONSO,Fernando ALONSO,ALO,Aston Martin,229971,Fernando,Alonso,https://media.formula1.com/d_driver_fallback_image.png/content/dam/fom-website/drivers/F/FERALO01_Fernando_Alonso/feralo01.png.transform/1col/image.png,ESP,9656,1252
16,C LECLERC,Charles LECLERC,LEC,Ferrari,E80020,Charles,Leclerc,https://media.formula1.com/d_driver_fallback_image.png/content/dam/fom-website/drivers/C/CHALEC01_Charles_Leclerc/chalec01.png.transform/1col/image.png,MON,9656,1252
18,L STROLL,Lance STROLL,STR,Aston Martin,229971,Lance,Stroll,https://media.formula1.com/d_driver_fallback_image.png/content/dam/fom-website/drivers/L/LANSTR01_Lance_Stroll/lanstr01.png.transform/1col/image.png,CAN,9656,1252
20,K MAGNUSSEN,Kevin MAGNUSSEN,MAG,Haas F1 Team,B6BABD,Kevin,Magnussen,https://media.formula1.com/d_driver_fallback_image.png/content/dam/fom-website/drivers/K/KEVMAG01_Kevin_Magnussen/kevmag01.png.transform/1col/image.png,DEN,9656,1252
22,Y TSUNODA,Yuki TSUNODA,TSU,RB,6692FF,Yuki,Tsunoda,https://media.formula1.com/d_driver_fallback_image.png/content/dam/fom-website/drivers/Y/YUKTSU01_Yuki_Tsunoda/yuktsu01.png.transform/1col/image.png,JPN,9656,1252
23,A ALBON,Alexander ALBON,ALB,Williams,64C4FF,Alexander,Albon,https://media.formula1.com/d_driver_fallback_image.png/content/dam/fom-website/drivers/A/ALEALB01_Alexander_Albon/alealb01.png.transform/1col/image.png,THA,9656,1252
24,G ZHOU,ZHOU Guanyu,ZHO,Kick Sauber,52E252,Guanyu,Zhou,https://media.formula1.com/d_driver_fallback_image.png/content/dam/fom-website/drivers/G/GUAZHO01_Guanyu_Zhou/guazho01.png.transform/1col/image.png,CHN,9656,1252
27,N HULKENBERG,Nico HULKENBERG,HUL,Haas F1 Team,B6BABD,Nico,Hulkenberg,https://media.formula1.com/d_driver_fallback_image.png/content/dam/fom-website/drivers/N/NICHUL01_Nico_Hulkenberg/nichul01.png.transform/1col/image.png,GER,9656,1252
30,L LAWSON,Liam LAWSON,LAW,RB,6692FF,Liam,Lawson,,NZL,9656,1252
43,F COLAPINTO,Franco COLAPINTO,COL,Williams,64C4FF,Franco,Colapinto,,ARG,9656,1252
44,L HAMILTON,Lewis HAMILTON,HAM,Mercedes,27F4D2,Lewis,Hamilton,https://media.formula1.com/d_driver_fallback_image.png/content/dam/fom-website/drivers/L/LEWHAM01_Lewis_Hamilton/lewham01.png.transform/1col/image.png,GBR,9656,1252
55,C SAINZ,Carlos SAINZ,SAI,Ferrari,E80020,Carlos,Sainz,https://media.formula1.com/d_driver_fallback_image.png/content/dam/fom-website/drivers/C/CARSAI01_Carlos_Sainz/carsai01.png.transform/1col/image.png,ESP,9656,1252
61,J DOOHAN,Jack DOOHAN,DOO,Alpine,0093CC,Jack,Doohan,,AUS,9656,1252
63,G RUSSELL,George RUSSELL,RUS,Mercedes,27F4D2,George,Russell,https://media.formula1.com/d_driver_fallback_image.png/content/dam/fom-website/drivers/G/GEORUS01_George_Russell/georus01.png.transform/1col/image.png,GBR,9656,1252
77,V BOTTAS,Valtteri BOTTAS,BOT,Kick Sauber,52E252,Valtteri,Bottas,https://media.formula1.com/d_driver_fallback_image.png/content/dam/fom-website/drivers/V/VALBOT01_Valtteri_Bottas/valbot01.png.transform/1col/image.png,FIN,9656,1252
81,O PIASTRI,Oscar PIASTRI,PIA,McLaren,FF8000,Oscar,Piastri,https://media.formula1.com/d_driver_fallback_image.png/content/dam/fom-website/drivers/O/OSCPIA01_Oscar_Piastri/oscpia01.png.transform/1col/image.png,AUS,9656,1252
1,M VERSTAPPEN,Max VERSTAPPEN,VER,Red Bull Racing,3671C6,Max,Verstappen,https://media.formula1.com/d_driver_fallback_image.png/content/dam/fom-website/drivers/M/MAXVER01_Max_Verstappen/maxver01.png.transform/1col/image.png,NED,9657,1252
4,L NORRIS,Lando NORRIS,NOR,McLaren,FF8000,Lando,Norris,https://media.formula1.com/d_driver_fallback_image.png/content/dam/fom-website/drivers/L/LANNOR01_Lando_Norris/lannor01.png.transform/1col/image.png,GBR,9657,1252
10,P GASLY,Pierre GASLY,GAS,Alpine,0093cc,Pierre,Gasly,https://media.formula1.com/d_driver_fallback_image.png/content/dam/fom-website/drivers/P/PIEGAS01_Pierre_Gasly/piegas01.png.transform/1col/image.png,FRA,9657,1252
11,S PEREZ,Sergio PEREZ,PER,Red Bull Racing,3671C6,Sergio,Perez,https://media.formula1.com/d_driver_fallback_image.png/content/dam/fom-website/drivers/S/SERPER01_Sergio_Perez/serper01.png.transform/1col/image.png,MEX,9657,1252
14,F ALONSO,Fernando ALONSO,ALO,Aston Martin,229971,Fernando,Alonso,https://media.formula1.com/d_driver_fallback_image.png/content/dam/fom-website/drivers/F/FERALO01_Fernando_Alonso/feralo01.png.transform/1col/image.png,ESP,9657,1252
16,C LECLERC,Charles LECLERC,LEC,Ferrari,E80020,Charles,Leclerc,https://media.formula1.com/d_driver_fallback_image.png/content/dam/fom-website/drivers/C/CHALEC01_Charles_Leclerc/chalec01.png.transform/1col/image.png,MON,9657,1252
18,L STROLL,Lance STROLL,STR,Aston Martin,229971,Lance,Stroll,https://media.formula1.com/d_driver_fallback_image.png/content/dam/fom-website/drivers/L/LANSTR01_Lance_Stroll/lanstr01.png.transform/1col/image.png,CAN,9657,1252
20,K MAGNUSSEN,Kevin MAGNUSSEN,MAG,Haas F1 Team,B6BABD,Kevin,Magnussen,https://media.formula1.com/d_driver_fallback_image.png/content/dam/fom-website/drivers/K/KEVMAG01_Kevin_Magnussen/kevmag01.png.transform/1col/image.png,DEN,9657,1252
22,Y TSUNODA,Yuki TSUNODA,TSU,RB,6692FF,Yuki,Tsunoda,https://media.formula1.com/d_driver_fallback_image.png/content/dam/fom-website/drivers/Y/YUKTSU01_Yuki_Tsunoda/yuktsu01.png.transform/1col/image.png,JPN,9657,1252
23,A ALBON,Alexander ALBON,ALB,Williams,64C4FF,Alexander,Albon,https://media.formula1.com/d_driver_fallback_image.png/content/dam/fom-website/drivers/A/ALEALB01_Alexander_Albon/alealb01.png.transform/1col/image.png,THA,9657,1252
24,G ZHOU,ZHOU Guanyu,ZHO,Kick Sauber,52E252,Guanyu,Zhou,https://media.formula1.com/d_driver_fallback_image.png/content/dam/fom-website/drivers/G/GUAZHO01_Guanyu_Zhou/guazho01.png.transform/1col/image.png,CHN,9657,1252
27,N HULKENBERG,Nico HULKENBERG,HUL,Haas F1 Team,B6BABD,Nico,Hulkenberg,https://media.formula1.com/d_driver_fallback_image.png/content/dam/fom-website/drivers/N/NICHUL01_Nico_Hulkenberg/nichul01.png.transform/1col/image.png,GER,9657,1252
30,L LAWSON,Liam LAWSON,LAW,,,,,,,9657,1252
43,F COLAPINTO,Franco COLAPINTO,COL,,,,,,,9657,1252
44,L HAMILTON,Lewis HAMILTON,HAM,Mercedes,27F4D2,Lewis,Hamilton,https://media.formula1.com/d_driver_fallback_image.png/content/dam/fom-website/drivers/L/LEWHAM01_Lewis_Hamilton/lewham01.png.transform/1col/image.png,GBR,9657,1252
55,C SAINZ,Carlos SAINZ,SAI,Ferrari,E80020,Carlos,Sainz,https://media.formula1.com/d_driver_fallback_image.png/content/dam/fom-website/drivers/C/CARSAI01_Carlos_Sainz/carsai01.png.transform/1col/image.png,ESP,9657,1252
61,J DOOHAN,Jack DOOHAN,DOO,,,,,,,9657,1252
63,G RUSSELL,George RUSSELL,RUS,Mercedes,27F4D2,George,Russell,https://media.formula1.com/d_driver_fallback_image.png/content/dam/fom-website/drivers/G/GEORUS01_George_Russell/georus01.png.transform/1col/image.png,GBR,9657,1252
77,V BOTTAS,Valtteri BOTTAS,BOT,Kick Sauber,52E252,Valtteri,Bottas,https://media.formula1.com/d_driver_fallback_image.png/content/dam/fom-website/drivers/V/VALBOT01_Valtteri_Bottas/valbot01.png.transform/1col/image.png,FIN,9657,1252
81,O PIASTRI,Oscar PIASTRI,PIA,McLaren,FF8000,Oscar,Piastri,https://media.formula1.com/d_driver_fallback_image.png/content/dam/fom-website/drivers/O/OSCPIA01_Oscar_Piastri/oscpia01.png.transform/1col/image.png,AUS,9657,1252
1,M VERSTAPPEN,Max VERSTAPPEN,VER,Red Bull Racing,3671C6,Max,Verstappen,https://media.formula1.com/d_driver_fallback_image.png/content/dam/fom-website/drivers/M/MAXVER01_Max_Verstappen/maxver01.png.transform/1col/image.png,NED,9658,1252
4,L NORRIS,Lando NORRIS,NOR,McLaren,FF8000,Lando,Norris,https://media.formula1.com/d_driver_fallback_image.png/content/dam/fom-website/drivers/L/LANNOR01_Lando_Norris/lannor01.png.transform/1col/image.png,GBR,9658,1252
10,P GASLY,Pierre GASLY,GAS,Alpine,0093CC,Pierre,Gasly,https://media.formula1.com/d_driver_fallback_image.png/content/dam/fom-website/drivers/P/PIEGAS01_Pierre_Gasly/piegas01.png.transform/1col/image.png,FRA,9658,1252
11,S PEREZ,Sergio PEREZ,PER,Red Bull Racing,3671C6,Sergio,Perez,https://media.formula1.com/d_driver_fallback_image.png/content/dam/fom-website/drivers/S/SERPER01_Sergio_Perez/serper01.png.transform/1col/image.png,MEX,9658,1252
14,F ALONSO,Fernando ALONSO,ALO,Aston Martin,229971,Fernando,Alonso,https://media.formula1.com/d_driver_fallback_image.png/content/dam/fom-website/drivers/F/FERALO01_Fernando_Alonso/feralo01.png.transform/1col/image.png,ESP,9658,1252
16,C LECLERC,Charles LECLERC,LEC,Ferrari,E80020,Charles,Leclerc,https://media.formula1.com/d_driver_fallback_image.png/content/dam/fom-website/drivers/C/CHALEC01_Charles_Leclerc/chalec01.png.transform/1col/image.png,MON,9658,1252
18,L STROLL,Lance STROLL,STR,Aston Martin,229971,Lance,Stroll,https://media.formula1.com/d_driver_fallback_image.png/content/dam/fom-website/drivers/L/LANSTR01_Lance_Stroll/lanstr01.png.transform/1col/image.png,CAN,9658,1252
20,K MAGNUSSEN,Kevin MAGNUSSEN,MAG,Haas F1 Team,B6BABD,Kevin,Magnussen,https://media.formula1.com/d_driver_fallback_image.png/content/dam/fom-website/drivers/K/KEVMAG01_Kevin_Magnussen/kevmag01.png.transform/1col/image.png,DEN,9658,1252
22,Y TSUNODA,Yuki TSUNODA,TSU,RB,6692FF,Yuki,Tsunoda,https://media.formula1.com/d_driver_fallback_image.png/content/dam/fom-website/drivers/Y/YUKTSU01_Yuki_Tsunoda/yuktsu01.png.transform/1col/image.png,JPN,9658,1252
23,A ALBON,Alexander ALBON,ALB,Williams,64C4FF,Alexander,Albon,https://media.formula1.com/d_driver_fallback_image.png/content/dam/fom-website/drivers/A/ALEALB01_Alexander_Albon/alealb01.png.transform/1col/image.png,THA,9658,1252
24,G ZHOU,ZHOU Guanyu,ZHO,Kick Sauber,52E252,Guanyu,Zhou,https://media.formula1.com/d_driver_fallback_image.png/content/dam/fom-website/drivers/G/GUAZHO01_Guanyu_Zhou/guazho01.png.transform/1col/image.png,CHN,9658,1252
27,N HULKENBERG,Nico HULKENBERG,HUL,Haas F1 Team,B6BABD,Nico,Hulkenberg,https://media.formula1.com/d_driver_fallback_image.png/content/dam/fom-website/drivers/N/NICHUL01_Nico_Hulkenberg/nichul01.png.transform/1col/image.png,GER,9658,1252
30,L LAWSON,Liam LAWSON,LAW,RB,6692FF,Liam,Lawson,,NZL,9658,1252
43,F COLAPINTO,Franco COLAPINTO,COL,Williams,64C4FF,Franco,Colapinto,,ARG,9658,1252
44,L HAMILTON,Lewis HAMILTON,HAM,Mercedes,27F4D2,Lewis,Hamilton,https://media.formula1.com/d_driver_fallback_image.png/content/dam/fom-website/drivers/L/LEWHAM01_Lewis_Hamilton/lewham01.png.transform/1col/image.png,GBR,9658,1252
55,C SAINZ,Carlos SAINZ,SAI,Ferrari,E80020,Carlos,Sainz,https://media.formula1.com/d_driver_fallback_image.png/content/dam/fom-website/drivers/C/CARSAI01_Carlos_Sainz/carsai01.png.transform/1col/image.png,ESP,9658,1252
61,J DOOHAN,Jack DOOHAN,DOO,Alpine,0093CC,Jack,Doohan,,AUS,9658,1252
63,G RUSSELL,George RUSSELL,RUS,Mercedes,27F4D2,George,Russell,https://media.formula1.com/d_driver_fallback_image.png/content/dam/fom-website/drivers/G/GEORUS01_George_Russell/georus01.png.transform/1col/image.png,GBR,9658,1252
77,V BOTTAS,Valtteri BOTTAS,BOT,Kick Sauber,52E252,Valtteri,Bottas,https://media.formula1.com/d_driver_fallback_image.png/content/dam/fom-website/drivers/V/VALBOT01_Valtteri_Bottas/valbot01.png.transform/1col/image.png,FIN,9658,1252
81,O PIASTRI,Oscar PIASTRI,PIA,McLaren,FF8000,Oscar,Piastri,https://media.formula1.com/d_driver_fallback_image.png/content/dam/fom-website/drivers/O/OSCPIA01_Oscar_Piastri/oscpia01.png.transform/1col/image.png,AUS,9658,1252
1,M VERSTAPPEN,Max VERSTAPPEN,VER,Red Bull Racing,3671C6,Max,Verstappen,https://media.formula1.com/d_driver_fallback_image.png/content/dam/fom-website/drivers/M/MAXVER01_Max_Verstappen/maxver01.png.transform/1col/image.png,NED,9662,1252
4,L NORRIS,Lando NORRIS,NOR,McLaren,FF8000,Lando,Norris,https://media.formula1.com/d_driver_fallback_image.png/content/dam/fom-website/drivers/L/LANNOR01_Lando_Norris/lannor01.png.transform/1col/image.png,GBR,9662,1252
10,P GASLY,Pierre GASLY,GAS,Alpine,0093cc,Pierre,Gasly,https://media.formula1.com/d_driver_fallback_image.png/content/dam/fom-website/drivers/P/PIEGAS01_Pierre_Gasly/piegas01.png.transform/1col/image.png,FRA,9662,1252
11,S PEREZ,Sergio PEREZ,PER,Red Bull Racing,3671C6,Sergio,Perez,https://media.formula1.com/d_driver_fallback_image.png/content/dam/fom-website/drivers/S/SERPER01_Sergio_Perez/serper01.png.transform/1col/image.png,MEX,9662,1252
14,F ALONSO,Fernando ALONSO,ALO,Aston Martin,229971,Fernando,Alonso,https://media.formula1.com/d_driver_fallback_image.png/content/dam/fom-website/drivers/F/FERALO01_Fernando_Alonso/feralo01.png.transform/1col/image.png,ESP,9662,1252
16,C LECLERC,Charles LECLERC,LEC,Ferrari,E80020,Charles,Leclerc,https://media.formula1.com/d_driver_fallback_image.png/content/dam/fom-website/drivers/C/CHALEC01_Charles_Leclerc/chalec01.png.transform/1col/image.png,MON,9662,1252
18,L STROLL,Lance STROLL,STR,Aston Martin,229971,Lance,Stroll,https://media.formula1.com/d_driver_fallback_image.png/content/dam/fom-website/drivers/L/LANSTR01_Lance_Stroll/lanstr01.png.transform/1col/image.png,CAN,9662,1252
20,K MAGNUSSEN,Kevin MAGNUSSEN,MAG,Haas F1 Team,B6BABD,Kevin,Magnussen,https://media.formula1.com/d_driver_fallback_image.png/content/dam/fom-website/drivers/K/KEVMAG01_Kevin_Magnussen/kevmag01.png.transform/1col/image.png,DEN,9662,1252
22,Y TSUNODA,Yuki TSUNODA,TSU,RB,6692FF,Yuki,Tsunoda,https://media.formula1.com/d_driver_fallback_image.png/content/dam/fom-website/drivers/Y/YUKTSU01_Yuki_Tsunoda/yuktsu01.png.transform/1col/image.png,JPN,9662,1252
23,A ALBON,Alexander ALBON,ALB,Williams,64C4FF,Alexander,Albon,https://media.formula1.com/d_driver_fallback_image.png/content/dam/fom-website/drivers/A/ALEALB01_Alexander_Albon/alealb01.png.transform/1col/image.png,THA,9662,1252
24,G ZHOU,ZHOU Guanyu,ZHO,Kick Sauber,52E252,Guanyu,Zhou,https://media.formula1.com/d_driver_fallback_image.png/content/dam/fom-website/drivers/G/GUAZHO01_Guanyu_Zhou/guazho01.png.transform/1col/image.png,CHN,9662,1252
27,N HULKENBERG,Nico HULKENBERG,HUL,Haas F1 Team,B6BABD,Nico,Hulkenberg,https://media.formula1.com/d_driver_fallback_image.png/content/dam/fom-website/drivers/N/NICHUL01_Nico_Hulkenberg/nichul01.png.transform/1col/image.png,GER,9662,1252
30,L LAWSON,Liam LAWSON,LAW,,,,,,,9662,1252
43,F COLAPINTO,Franco COLAPINTO,COL,,,,,,,9662,1252
44,L HAMILTON,Lewis HAMILTON,HAM,Mercedes,27F4D2,Lewis,Hamilton,https://media.formula1.com/d_driver_fallback_image.png/content/dam/fom-website/drivers/L/LEWHAM01_Lewis_Hamilton/lewham01.png.transform/1col/image.png,GBR,9662,1252
55,C SAINZ,Carlos SAINZ,SAI,Ferrari,E80020,Carlos,Sainz,https://media.formula1.com/d_driver_fallback_image.png/content/dam/fom-website/drivers/C/CARSAI01_Carlos_Sainz/carsai01.png.transform/1col/image.png,ESP,9662,1252
61,J DOOHAN,Jack DOOHAN,DOO,,,,,,,9662,1252
63,G RUSSELL,George RUSSELL,RUS,Mercedes,27F4D2,George,Russell,https://media.formula1.com/d_driver_fallback_image.png/content/dam/fom-website/drivers/G/GEORUS01_George_Russell/georus01.png.transform/1col/image.png,GBR,9662,1252
77,V BOTTAS,Valtteri BOTTAS,BOT,Kick Sauber,52E252,Valtteri,Bottas,https://media.formula1.com/d_driver_fallback_image.png/content/dam/fom-website/drivers/V/VALBOT01_Valtteri_Bottas/valbot01.png.transform/1col/image.png,FIN,9662,1252
81,O PIASTRI,Oscar PIASTRI,PIA,McLaren,FF8000,Oscar,Piastri,https://media.formula1.com/d_driver_fallback_image.png/content/dam/fom-website/drivers/O/OSCPIA01_Oscar_Piastri/oscpia01.png.transform/1col/image.png,AUS,9662,1252
1,M VERSTAPPEN,Max VERSTAPPEN,VER,Red Bull Racing,3671C6,Max,Verstappen,https://media.formula1.com/d_driver_fallback_image.png/content/dam/fom-website/drivers/M/MAXVER01_Max_Verstappen/maxver01.png.transform/1col/image.png,NED,9683,1253
4,L NORRIS,Lando NORRIS,NOR,McLaren,FF8000,Lando,Norris,https://media.formula1.com/d_driver_fallback_image.png/content/dam/fom-website/drivers/L/LANNOR01_Lando_Norris/lannor01.png.transform/1col/image.png,GBR,9683,1253
5,G BORTOLETO,Gabriel BORTOLETO,BOR,Kick Sauber,52E252,Gabriel,Bortoleto,https://media.formula1.com/d_driver_fallback_image.png/content/dam/fom-website/drivers/G/GABBOR01_Gabriel_Bortoleto/gabbor01.png.transform/1col/image.png,,9683,1253
6,I HADJAR,Isack HADJAR,HAD,Racing Bulls,6692FF,Isack,Hadjar,https://media.formula1.com/d_driver_fallback_image.png/content/dam/fom-website/drivers/I/ISAHAD01_Isack_Hadjar/isahad01.png.transform/1col/image.png,,9683,1253
7,J DOOHAN,Jack DOOHAN,DOO,Alpine,0093CC,Jack,Doohan,https://media.formula1.com/d_driver_fallback_image.png/content/dam/fom-website/drivers/J/JACDOO01_Jack_Doohan/jacdoo01.png.transform/1col/image.png,,9683,1253
10,P GASLY,Pierre GASLY,GAS,Alpine,0093CC,Pierre,Gasly,https://media.formula1.com/d_driver_fallback_image.png/content/dam/fom-website/drivers/P/PIEGAS01_Pierre_Gasly/piegas01.png.transform/1col/image.png,FRA,9683,1253
12,A ANTONELLI,Andrea Kimi ANTONELLI,ANT,Mercedes,27F4D2,Andrea Kimi,Antonelli,https://media.formula1.com/d_driver_fallback_image.png/content/dam/fom-website/drivers/A/ANDANT01_Andrea%20Kimi_Antonelli/andant01.png.transform/1col/image.png,,9683,1253
14,F ALONSO,Fernando ALONSO,ALO,Aston Martin,229971,Fernando,Alonso,https://media.formula1.com/d_driver_fallback_image.png/content/dam/fom-website/drivers/F/FERALO01_Fernando_Alonso/feralo01.png.transform/1col/image.png,ESP,9683,1253
16,C LECLERC,Charles LECLERC,LEC,Ferrari,E80020,Charles,Leclerc,https://media.formula1.com/d_driver_fallback_image.png/content/dam/fom-website/drivers/C/CHALEC01_Charles_Leclerc/chalec01.png.transform/1col/image.png,MON,9683,1253
18,L STROLL,Lance STROLL,STR,Aston Martin,229971,Lance,Stroll,https://media.formula1.com/d_driver_fallback_image.png/content/dam/fom-website/drivers/L/LANSTR01_Lance_Stroll/lanstr01.png.transform/1col/image.png,CAN,9683,1253
22,Y TSUNODA,Yuki TSUNODA,TSU,Racing Bulls,6692FF,Yuki,Tsunoda,https://media.formula1.com/d_driver_fallback_image.png/content/dam/fom-website/drivers/Y/YUKTSU01_Yuki_Tsunoda/yuktsu01.png.transform/1col/image.png,JPN,9683,1253
23,A ALBON,Alexander ALBON,ALB,Williams,64C4FF,Alexander,Albon,https://media.formula1.com/d_driver_fallback_image.png/content/dam/fom-website/drivers/A/ALEALB01_Alexander_Albon/alealb01.png.transform/1col/image.png,THA,9683,1253
27,N HULKENBERG,Nico HULKENBERG,HUL,Kick Sauber,52E252,Nico,Hulkenberg,https://media.formula1.com/d_driver_fallback_image.png/content/dam/fom-website/drivers/N/NICHUL01_Nico_Hulkenberg/nichul01.png.transform/1col/image.png,GER,9683,1253
30,L LAWSON,Liam LAWSON,LAW,Red Bull Racing,3671C6,Liam,Lawson,https://media.formula1.com/d_driver_fallback_image.png/content/dam/fom-website/drivers/L/LIALAW01_Liam_Lawson/lialaw01.png.transform/1col/image.png,,9683,1253
31,E OCON,Esteban OCON,OCO,Haas F1 Team,B6BABD,Esteban,Ocon,https://media.formula1.com/d_driver_fallback_image.png/content/dam/fom-website/drivers/E/ESTOCO01_Esteban_Ocon/estoco01.png.transform/1col/image.png,FRA,9683,1253
44,L HAMILTON,Lewis HAMILTON,HAM,Ferrari,E80020,Lewis,Hamilton,https://media.formula1.com/d_driver_fallback_image.png/content/dam/fom-website/drivers/L/LEWHAM01_Lewis_Hamilton/lewham01.png.transform/1col/image.png,GBR,9683,1253
55,C SAINZ,Carlos SAINZ,SAI,Williams,64C4FF,Carlos,Sainz,https://media.formula1.com/d_driver_fallback_image.png/content/dam/fom-website/drivers/C/CARSAI01_Carlos_Sainz/carsai01.png.transform/1col/image.png,ESP,9683,1253
63,G RUSSELL,George RUSSELL,RUS,Mercedes,27F4D2,George,Russell,https://media.formula1.com/d_driver_fallback_image.png/content/dam/fom-website/drivers/G/GEORUS01_George_Russell/georus01.png.transform/1col/image.png,GBR,9683,1253
81,O PIASTRI,Oscar PIASTRI,PIA,McLaren,FF8000,Oscar,Piastri,https://media.formula1.com/d_driver_fallback_image.png/content/dam/fom-website/drivers/O/OSCPIA01_Oscar_Piastri/oscpia01.png.transform/1col/image.png,AUS,9683,1253
87,O BEARMAN,Oliver BEARMAN,BEA,Haas F1 Team,B6BABD,Oliver,Bearman,https://media.formula1.com/d_driver_fallback_image.png/content/dam/fom-website/drivers/O/OLIBEA01_Oliver_Bearman/olibea01.png.transform/1col/image.png,,9683,1253
4,L NORRIS,Lando NORRIS,NOR,McLaren,FF8000,Lando,Norris,https://media.formula1.com/d_driver_fallback_image.png/content/dam/fom-website/drivers/L/LANNOR01_Lando_Norris/lannor01.png.transform/1col/image.png,GBR,9684,1253
5,G BORTOLETO,Gabriel BORTOLETO,BOR,Kick Sauber,52E252,Gabriel,Bortoleto,https://media.formula1.com/d_driver_fallback_image.png/content/dam/fom-website/drivers/G/GABBOR01_Gabriel_Bortoleto/gabbor01.png.transform/1col/image.png,,9684,1253
6,I HADJAR,Isack HADJAR,HAD,Racing Bulls,6692FF,Isack,Hadjar,https://media.formula1.com/d_driver_fallback_image.png/content/dam/fom-website/drivers/I/ISAHAD01_Isack_Hadjar/isahad01.png.transform/1col/image.png,,9684,1253
7,J DOOHAN,Jack DOOHAN,DOO,Alpine,0093CC,Jack,Doohan,https://media.formula1.com/d_driver_fallback_image.png/content/dam/fom-website/drivers/J/JACDOO01_Jack_Doohan/jacdoo01.png.transform/1col/image.png,,9684,1253
10,P GASLY,Pierre GASLY,GAS,Alpine,0093CC,Pierre,Gasly,https://media.formula1.com/d_driver_fallback_image.png/content/dam/fom-website/drivers/P/PIEGAS01_Pierre_Gasly/piegas01.png.transform/1col/image.png,FRA,9684,1253
12,A ANTONELLI,Andrea Kimi ANTONELLI,ANT,Mercedes,27F4D2,Andrea Kimi,Antonelli,https://media.formula1.com/d_driver_fallback_image.png/content/dam/fom-website/drivers/A/ANDANT01_Andrea%20Kimi_Antonelli/andant01.png.transform/1col/image.png,,9684,1253
14,F ALONSO,Fernando ALONSO,ALO,Aston Martin,229971,Fernando,Alonso,https://media.formula1.com/d_driver_fallback_image.png/content/dam/fom-website/drivers/F/FERALO01_Fernando_Alonso/feralo01.png.transform/1col/image.png,ESP,9684,1253
16,C LECLERC,Charles LECLERC,LEC,Ferrari,E80020,Charles,Leclerc,https://media.formula1.com/d_driver_fallback_image.png/content/dam/fom-website/drivers/C/CHALEC01_Charles_Leclerc/chalec01.png.transform/1col/image.png,MON,9684,1253
18,L STROLL,Lance STROLL,STR,Aston Martin,229971,Lance,Stroll,https://media.formula1.com/d_driver_fallback_image.png/content/dam/fom-website/drivers/L/LANSTR01_Lance_Stroll/lanstr01.png.transform/1col/image.png,CAN,9684,1253
22,Y TSUNODA,Yuki TSUNODA,TSU,Racing Bulls,6692FF,Yuki,Tsunoda,https://media.formula1.com/d_driver_fallback_image.png/content/dam/fom-website/drivers/Y/YUKTSU01_Yuki_Tsunoda/yuktsu01.png.transform/1col/image.png,JPN,9684,1253
27,N HULKENBERG,Nico HULKENBERG,HUL,Kick Sauber,52E252,Nico,Hulkenberg,https://media.formula1.com/d_driver_fallback_image.png/content/dam/fom-website/drivers/N/NICHUL01_Nico_Hulkenberg/nichul01.png.transform/1col/image.png,GER,9684,1253
30,L LAWSON,Liam LAWSON,LAW,Red Bull Racing,3671C6,Liam,Lawson,https://media.formula1.com/d_driver_fallback_image.png/content/dam/fom-website/drivers/L/LIALAW01_Liam_Lawson/lialaw01.png.transform/1col/image.png,,9684,1253
31,E OCON,Esteban OCON,OCO,Haas F1 Team,B6BABD,Esteban,Ocon,https://media.formula1.com/d_driver_fallback_image.png/content/dam/fom-website/drivers/E/ESTOCO01_Esteban_Ocon/estoco01.png.transform/1col/image.png,FRA,9684,1253
44,L HAMILTON,Lewis HAMILTON,HAM,Ferrari,E80020,Lewis,Hamilton,https://media.formula1.com/d_driver_fallback_image.png/content/dam/fom-website/drivers/L/LEWHAM01_Lewis_Hamilton/lewham01.png.transform/1col/image.png,GBR,9684,1253
55,C SAINZ,Carlos SAINZ,SAI,Williams,64C4FF,Carlos,Sainz,https://media.formula1.com/d_driver_fallback_image.png/content/dam/fom-website/drivers/C/CARSAI01_Carlos_Sainz/carsai01.png.transform/1col/image.png,ESP,9684,1253
63,G RUSSELL,George RUSSELL,RUS,Mercedes,27F4D2,George,Russell,https://media.formula1.com/d_driver_fallback_image.png/content/dam/fom-website/drivers/G/GEORUS01_George_Russell/georus01.png.transform/1col/image.png,GBR,9684,1253
81,O PIASTRI,Oscar PIASTRI,PIA,McLaren,FF8000,Oscar,Piastri,https://media.formula1.com/d_driver_fallback_image.png/content/dam/fom-website/drivers/O/OSCPIA01_Oscar_Piastri/oscpia01.png.transform/1col/image.png,AUS,9684,1253
87,O BEARMAN,Oliver BEARMAN,BEA,Haas F1 Team,B6BABD,Oliver,Bearman,https://media.formula1.com/d_driver_fallback_image.png/content/dam/fom-website/drivers/O/OLIBEA01_Oliver_Bearman/olibea01.png.transform/1col/image.png,,9684,1253
1,M VERSTAPPEN,Max VERSTAPPEN,VER,Red Bull Racing,3671C6,Max,Verstappen,https://media.formula1.com/d_driver_fallback_image.png/content/dam/fom-website/drivers/M/MAXVER01_Max_Verstappen/maxver01.png.transform/1col/image.png,NED,9685,1253
4,L NORRIS,Lando NORRIS,NOR,McLaren,FF8000,Lando,Norris,https://media.formula1.com/d_driver_fallback_image.png/content/dam/fom-website/drivers/L/LANNOR01_Lando_Norris/lannor01.png.transform/1col/image.png,GBR,9685,1253
5,G BORTOLETO,Gabriel BORTOLETO,BOR,Kick Sauber,52E252,Gabriel,Bortoleto,https://media.formula1.com/d_driver_fallback_image.png/content/dam/fom-website/drivers/G/GABBOR01_Gabriel_Bortoleto/gabbor01.png.transform/1col/image.png,,9685,1253
6,I HADJAR,Isack HADJAR,HAD,Racing Bulls,6692FF,Isack,Hadjar,https://media.formula1.com/d_driver_fallback_image.png/content/dam/fom-website/drivers/I/ISAHAD01_Isack_Hadjar/isahad01.png.transform/1col/image.png,,9685,1253
7,J DOOHAN,Jack DOOHAN,DOO,Alpine,0093CC,Jack,Doohan,https://media.formula1.com/d_driver_fallback_image.png/content/dam/fom-website/drivers/J/JACDOO01_Jack_Doohan/jacdoo01.png.transform/1col/image.png,,9685,1253
10,P GASLY,Pierre GASLY,GAS,Alpine,0093CC,Pierre,Gasly,https://media.formula1.com/d_driver_fallback_image.png/content/dam/fom-website/drivers/P/PIEGAS01_Pierre_Gasly/piegas01.png.transform/1col/image.png,FRA,9685,1253
12,A ANTONELLI,Andrea Kimi ANTONELLI,ANT,Mercedes,27F4D2,Andrea Kimi,Antonelli,https://media.formula1.com/d_driver_fallback_image.png/content/dam/fom-website/drivers/A/ANDANT01_Andrea%20Kimi_Antonelli/andant01.png.transform/1col/image.png,,9685,1253
14,F ALONSO,Fernando ALONSO,ALO,Aston Martin,229971,Fernando,Alonso,https://media.formula1.com/d_driver_fallback_image.png/content/dam/fom-website/drivers/F/FERALO01_Fernando_Alonso/feralo01.png.transform/1col/image.png,ESP,9685,1253
16,C LECLERC,Charles LECLERC,LEC,Ferrari,E80020,Charles,Leclerc,https://media.formula1.com/d_driver_fallback_image.png/content/dam/fom-website/drivers/C/CHALEC01_Charles_Leclerc/chalec01.png.transform/1col/image.png,MON,9685,1253
18,L STROLL,Lance STROLL,STR,Aston Martin,229971,Lance,Stroll,https://media.formula1.com/d_driver_fallback_image.png/content/dam/fom-website/drivers/L/LANSTR01_Lance_Stroll/lanstr01.png.transform/1col/image.png,CAN,9685,1253
22,Y TSUNODA,Yuki TSUNODA,TSU,Racing Bulls,6692FF,Yuki,Tsunoda,https://media.formula1.com/d_driver_fallback_image.png/content/dam/fom-website/drivers/Y/YUKTSU01_Yuki_Tsunoda/yuktsu01.png.transform/1col/image.png,JPN,9685,1253
23,A ALBON,Alexander ALBON,ALB,Williams,64C4FF,Alexander,Albon,https://media.formula1.com/d_driver_fallback_image.png/content/dam/fom-website/drivers/A/ALEALB01_Alexander_Albon/alealb01.png.transform/1col/image.png,THA,9685,1253
27,N HULKENBERG,Nico HULKENBERG,HUL,Kick Sauber,52E252,Nico,Hulkenberg,https://media.formula1.com/d_driver_fallback_image.png/content/dam/fom-website/drivers/N/NICHUL01_Nico_Hulkenberg/nichul01.png.transform/1col/image.png,GER,9685,1253
31,E OCON,Esteban OCON,OCO,Haas F1 Team,B6BABD,Esteban,Ocon,https://media.formula1.com/d_driver_fallback_image.png/content/dam/fom-website/drivers/E/ESTOCO01_Esteban_Ocon/estoco01.png.transform/1col/image.png,FRA,9685,1253
44,L HAMILTON,Lewis HAMILTON,HAM,Ferrari,E80020,Lewis,Hamilton,https://media.formula1.com/d_driver_fallback_image.png/content/dam/fom-website/drivers/L/LEWHAM01_Lewis_Hamilton/lewham01.png.transform/1col/image.png,GBR,9685,1253
63,G RUSSELL,George RUSSELL,RUS,Mercedes,27F4D2,George,Russell,https://media.formula1.com/d_driver_fallback_image.png/content/dam/fom-website/drivers/G/GEORUS01_George_Russell/georus01.png.transform/1col/image.png,GBR,9685,1253
81,O PIASTRI,Oscar PIASTRI,PIA,McLaren,FF8000,Oscar,Piastri,https://media.formula1.com/d_driver_fallback_image.png/content/dam/fom-website/drivers/O/OSCPIA01_Oscar_Piastri/oscpia01.png.transform/1col/image.png,AUS,9685,1253
87,O BEARMAN,Oliver BEARMAN,BEA,Haas F1 Team,B6BABD,Oliver,Bearman,https://media.formula1.com/d_driver_fallback_image.png/content/dam/fom-website/drivers/O/OLIBEA01_Oliver_Bearman/olibea01.png.transform/1col/image.png,,9685,1253
1,M VERSTAPPEN,Max VERSTAPPEN,VER,Red Bull Racing,3671C6,Max,Verstappen,https://media.formula1.com/d_driver_fallback_image.png/content/dam/fom-website/drivers/M/MAXVER01_Max_Verstappen/maxver01.png.transform/1col/image.png,NED,9686,1254
4,L NORRIS,Lando NORRIS,NOR,McLaren,FF8000,Lando,Norris,https://media.formula1.com/d_driver_fallback_image.png/content/dam/fom-website/drivers/L/LANNOR01_Lando_Norris/lannor01.png.transform/1col/image.png,GBR,9686,1254
5,G BORTOLETO,Gabriel BORTOLETO,BOR,Kick Sauber,52E252,Gabriel,Bortoleto,https://media.formula1.com/d_driver_fallback_image.png/content/dam/fom-website/drivers/G/GABBOR01_Gabriel_Bortoleto/gabbor01.png.transform/1col/image.png,,9686,1254
6,I HADJAR,Isack HADJAR,HAD,Racing Bulls,6692FF,Isack,Hadjar,https://media.formula1.com/d_driver_fallback_image.png/content/dam/fom-website/drivers/I/ISAHAD01_Isack_Hadjar/isahad01.png.transform/1col/image.png,,9686,1254
7,J DOOHAN,Jack DOOHAN,DOO,Alpine,0093CC,Jack,Doohan,https://media.formula1.com/d_driver_fallback_image.png/content/dam/fom-website/drivers/J/JACDOO01_Jack_Doohan/jacdoo01.png.transform/1col/image.png,,9686,1254
10,P GASLY,Pierre GASLY,GAS,Alpine,0093CC,Pierre,Gasly,https://media.formula1.com/d_driver_fallback_image.png/content/dam/fom-website/drivers/P/PIEGAS01_Pierre_Gasly/piegas01.png.transform/1col/image.png,FRA,9686,1254
12,A ANTONELLI,Andrea Kimi ANTONELLI,ANT,Mercedes,27F4D2,Andrea Kimi,Antonelli,https://media.formula1.com/d_driver_fallback_image.png/content/dam/fom-website/drivers/A/ANDANT01_Andrea%20Kimi_Antonelli/andant01.png.transform/1col/image.png,,9686,1254
14,F ALONSO,Fernando ALONSO,ALO,Aston Martin,229971,Fernando,Alonso,https://media.formula1.com/d_driver_fallback_image.png/content/dam/fom-website/drivers/F/FERALO01_Fernando_Alonso/feralo01.png.transform/1col/image.png,ESP,9686,1254
16,C LECLERC,Charles LECLERC,LEC,Ferrari,E80020,Charles,Leclerc,https://media.formula1.com/d_driver_fallback_image.png/content/dam/fom-website/drivers/C/CHALEC01_Charles_Leclerc/chalec01.png.transform/1col/image.png,MON,9686,1254
18,L STROLL,Lance STROLL,STR,Aston Martin,229971,Lance,Stroll,https://media.formula1.com/d_driver_fallback_image.png/content/dam/fom-website/drivers/L/LANSTR01_Lance_Stroll/lanstr01.png.transform/1col/image.png,CAN,9686,1254
22,Y TSUNODA,Yuki TSUNODA,TSU,Racing Bulls,6692FF,Yuki,Tsunoda,https://media.formula1.com/d_driver_fallback_image.png/content/dam/fom-website/drivers/Y/YUKTSU01_Yuki_Tsunoda/yuktsu01.png.transform/1col/image.png,JPN,9686,1254
23,A ALBON,Alexander ALBON,ALB,Williams,64C4FF,Alexander,Albon,https://media.formula1.com/d_driver_fallback_image.png/content/dam/fom-website/drivers/A/ALEALB01_Alexander_Albon/alealb01.png.transform/1col/image.png,THA,9686,1254
27,N HULKENBERG,Nico HULKENBERG,HUL,Kick Sauber,52E252,Nico,Hulkenberg,https://media.formula1.com/d_driver_fallback_image.png/content/dam/fom-website/drivers/N/NICHUL01_Nico_Hulkenberg/nichul01.png.transform/1col/image.png,GER,9686,1254
30,L LAWSON,Liam LAWSON,LAW,Red Bull Racing,3671C6,Liam,Lawson,https://media.formula1.com/d_driver_fallback_image.png/content/dam/fom-website/drivers/L/LIALAW01_Liam_Lawson/lialaw01.png.transform/1col/image.png,,9686,1254
31,E OCON,Esteban OCON,OCO,Haas F1 Team,B6BABD,Esteban,Ocon,https://media.formula1.com/d_driver_fallback_image.png/content/dam/fom-website/drivers/E/ESTOCO01_Esteban_Ocon/estoco01.png.transform/1col/image.png,FRA,9686,1254
44,L HAMILTON,Lewis HAMILTON,HAM,Ferrari,E80020,Lewis,Hamilton,https://media.formula1.com/d_driver_fallback_image.png/content/dam/fom-website/drivers/L/LEWHAM01_Lewis_Hamilton/lewham01.png.transform/1col/image.png,GBR,9686,1254
55,C SAINZ,Carlos SAINZ,SAI,Williams,64C4FF,Carlos,Sainz,https://media.formula1.com/d_driver_fallback_image.png/content/dam/fom-website/drivers/C/CARSAI01_Carlos_Sainz/carsai01.png.transform/1col/image.png,ESP,9686,1254
63,G RUSSELL,George RUSSELL,RUS,Mercedes,27F4D2,George,Russell,https://media.formula1.com/d_driver_fallback_image.png/content/dam/fom-website/drivers/G/GEORUS01_George_Russell/georus01.png.transform/1col/image.png,GBR,9686,1254
81,O PIASTRI,Oscar PIASTRI,PIA,McLaren,FF8000,Oscar,Piastri,https://media.formula1.com/d_driver_fallback_image.png/content/dam/fom-website/drivers/O/OSCPIA01_Oscar_Piastri/oscpia01.png.transform/1col/image.png,AUS,9686,1254
87,O BEARMAN,Oliver BEARMAN,BEA,Haas F1 Team,B6BABD,Oliver,Bearman,https://media.formula1.com/d_driver_fallback_image.png/content/dam/fom-website/drivers/O/OLIBEA01_Oliver_Bearman/olibea01.png.transform/1col/image.png,,9686,1254
1,M VERSTAPPEN,Max VERSTAPPEN,VER,Red Bull Racing,3671C6,Max,Verstappen,https://media.formula1.com/d_driver_fallback_image.png/content/dam/fom-website/drivers/M/MAXVER01_Max_Verstappen/maxver01.png.transform/1col/image.png,NED,9687,1254
4,L NORRIS,Lando NORRIS,NOR,McLaren,FF8000,Lando,Norris,https://media.formula1.com/d_driver_fallback_image.png/content/dam/fom-website/drivers/L/LANNOR01_Lando_Norris/lannor01.png.transform/1col/image.png,GBR,9687,1254
5,G BORTOLETO,Gabriel BORTOLETO,BOR,Kick Sauber,52E252,Gabriel,Bortoleto,https://media.formula1.com/d_driver_fallback_image.png/content/dam/fom-website/drivers/G/GABBOR01_Gabriel_Bortoleto/gabbor01.png.transform/1col/image.png,,9687,1254
6,I HADJAR,Isack HADJAR,HAD,Racing Bulls,6692FF,Isack,Hadjar,https://media.formula1.com/d_driver_fallback_image.png/content/dam/fom-website/drivers/I/ISAHAD01_Isack_Hadjar/isahad01.png.transform/1col/image.png,,9687,1254
7,J DOOHAN,Jack DOOHAN,DOO,Alpine,0093CC,Jack,Doohan,https://media.formula1.com/d_driver_fallback_image.png/content/dam/fom-website/drivers/J/JACDOO01_Jack_Doohan/jacdoo01.png.transform/1col/image.png,,9687,1254
10,P GASLY,Pierre GASLY,GAS,Alpine,0093CC,Pierre,Gasly,https://media.formula1.com/d_driver_fallback_image.png/content/dam/fom-website/drivers/P/PIEGAS01_Pierre_Gasly/piegas01.png.transform/1col/image.png,FRA,9687,1254
12,A ANTONELLI,Andrea Kimi ANTONELLI,ANT,Mercedes,27F4D2,Andrea Kimi,Antonelli,https://media.formula1.com/d_driver_fallback_image.png/content/dam/fom-website/drivers/A/ANDANT01_Andrea%20Kimi_Antonelli/andant01.png.transform/1col/image.png,,9687,1254
14,F ALONSO,Fernando ALONSO,ALO,Aston Martin,229971,Fernando,Alonso,https://media.formula1.com/d_driver_fallback_image.png/content/dam/fom-website/drivers/F/FERALO01_Fernando_Alonso/feralo01.png.transform/1col/image.png,ESP,9687,1254
16,C LECLERC,Charles LECLERC,LEC,Ferrari,E80020,Charles,Leclerc,https://media.formula1.com/d_driver_fallback_image.png/content/dam/fom-website/drivers/C/CHALEC01_Charles_Leclerc/chalec01.png.transform/1col/image.png,MON,9687,1254
18,L STROLL,Lance STROLL,STR,Aston Martin,229971,Lance,Stroll,https://media.formula1.com/d_driver_fallback_image.png/content/dam/fom-website/drivers/L/LANSTR01_Lance_Stroll/lanstr01.png.transform/1col/image.png,CAN,9687,1254
22,Y TSUNODA,Yuki TSUNODA,TSU,Racing Bulls,6692FF,Yuki,Tsunoda,https://media.formula1.com/d_driver_fallback_image.png/content/dam/fom-website/drivers/Y/YUKTSU01_Yuki_Tsunoda/yuktsu01.png.transform/1col/image.png,JPN,9687,1254
23,A ALBON,Alexander ALBON,ALB,Williams,64C4FF,Alexander,Albon,https://media.formula1.com/d_driver_fallback_image.png/content/dam/fom-website/drivers/A/ALEALB01_Alexander_Albon/alealb01.png.transform/1col/image.png,THA,9687,1254
27,N HULKENBERG,Nico HULKENBERG,HUL,Kick Sauber,52E252,Nico,Hulkenberg,https://media.formula1.com/d_driver_fallback_image.png/content/dam/fom-website/drivers/N/NICHUL01_Nico_Hulkenberg/nichul01.png.transform/1col/image.png,GER,9687,1254
30,L LAWSON,Liam LAWSON,LAW,Red Bull Racing,3671C6,Liam,Lawson,https://media.formula1.com/d_driver_fallback_image.png/content/dam/fom-website/drivers/L/LIALAW01_Liam_Lawson/lialaw01.png.transform/1col/image.png,,9687,1254
31,E OCON,Esteban OCON,OCO,Haas F1 Team,B6BABD,Esteban,Ocon,https://media.formula1.com/d_driver_fallback_image.png/content/dam/fom-website/drivers/E/ESTOCO01_Esteban_Ocon/estoco01.png.transform/1col/image.png,FRA,9687,1254
44,L HAMILTON,Lewis HAMILTON,HAM,Ferrari,E80020,Lewis,Hamilton,https://media.formula1.com/d_driver_fallback_image.png/content/dam/fom-website/drivers/L/LEWHAM01_Lewis_Hamilton/lewham01.png.transform/1col/image.png,GBR,9687,1254
55,C SAINZ,Carlos SAINZ,SAI,Williams,64C4FF,Carlos,Sainz,https://media.formula1.com/d_driver_fallback_image.png/content/dam/fom-website/drivers/C/CARSAI01_Carlos_Sainz/carsai01.png.transform/1col/image.png,ESP,9687,1254
63,G RUSSELL,George RUSSELL,RUS,Mercedes,27F4D2,George,Russell,https://media.formula1.com/d_driver_fallback_image.png/content/dam/fom-website/drivers/G/GEORUS01_George_Russell/georus01.png.transform/1col/image.png,GBR,9687,1254
81,O PIASTRI,Oscar PIASTRI,PIA,McLaren,FF8000,Oscar,Piastri,https://media.formula1.com/d_driver_fallback_image.png/content/dam/fom-website/drivers/O/OSCPIA01_Oscar_Piastri/oscpia01.png.transform/1col/image.png,AUS,9687,1254
87,O BEARMAN,Oliver BEARMAN,BEA,Haas F1 Team,B6BABD,Oliver,Bearman,https://media.formula1.com/d_driver_fallback_image.png/content/dam/fom-website/drivers/O/OLIBEA01_Oliver_Bearman/olibea01.png.transform/1col/image.png,,9687,1254
1,M VERSTAPPEN,Max VERSTAPPEN,VER,Red Bull Racing,3671C6,Max,Verstappen,https://media.formula1.com/d_driver_fallback_image.png/content/dam/fom-website/drivers/M/MAXVER01_Max_Verstappen/maxver01.png.transform/1col/image.png,NED,9688,1254
4,L NORRIS,Lando NORRIS,NOR,McLaren,FF8000,Lando,Norris,https://media.formula1.com/d_driver_fallback_image.png/content/dam/fom-website/drivers/L/LANNOR01_Lando_Norris/lannor01.png.transform/1col/image.png,GBR,9688,1254
5,G BORTOLETO,Gabriel BORTOLETO,BOR,Kick Sauber,52E252,Gabriel,Bortoleto,https://media.formula1.com/d_driver_fallback_image.png/content/dam/fom-website/drivers/G/GABBOR01_Gabriel_Bortoleto/gabbor01.png.transform/1col/image.png,,9688,1254
6,I HADJAR,Isack HADJAR,HAD,Racing Bulls,6692FF,Isack,Hadjar,https://media.formula1.com/d_driver_fallback_image.png/content/dam/fom-website/drivers/I/ISAHAD01_Isack_Hadjar/isahad01.png.transform/1col/image.png,,9688,1254
7,J DOOHAN,Jack DOOHAN,DOO,Alpine,0093CC,Jack,Doohan,https://media.formula1.com/d_driver_fallback_image.png/content/dam/fom-website/drivers/J/JACDOO01_Jack_Doohan/jacdoo01.png.transform/1col/image.png,,9688,1254
10,P GASLY,Pierre GASLY,GAS,Alpine,0093CC,Pierre,Gasly,https://media.formula1.com/d_driver_fallback_image.png/content/dam/fom-website/drivers/P/PIEGAS01_Pierre_Gasly/piegas01.png.transform/1col/image.png,FRA,9688,1254
12,A ANTONELLI,Andrea Kimi ANTONELLI,ANT,Mercedes,27F4D2,Andrea Kimi,Antonelli,https://media.formula1.com/d_driver_fallback_image.png/content/dam/fom-website/drivers/A/ANDANT01_Andrea%20Kimi_Antonelli/andant01.png.transform/1col/image.png,,9688,1254
14,F ALONSO,Fernando ALONSO,ALO,Aston Martin,229971,Fernando,Alonso,https://media.formula1.com/d_driver_fallback_image.png/content/dam/fom-website/drivers/F/FERALO01_Fernando_Alonso/feralo01.png.transform/1col/image.png,ESP,9688,1254
16,C LECLERC,Charles LECLERC,LEC,Ferrari,E80020,Charles,Leclerc,https://media.formula1.com/d_driver_fallback_image.png/content/dam/fom-website/drivers/C/CHALEC01_Charles_Leclerc/chalec01.png.transform/1col/image.png,MON,9688,1254
18,L STROLL,Lance STROLL,STR,Aston Martin,229971,Lance,Stroll,https://media.formula1.com/d_driver_fallback_image.png/content/dam/fom-website/drivers/L/LANSTR01_Lance_Stroll/lanstr01.png.transform/1col/image.png,CAN,9688,1254
22,Y TSUNODA,Yuki TSUNODA,TSU,Racing Bulls,6692FF,Yuki,Tsunoda,https://media.formula1.com/d_driver_fallback_image.png/content/dam/fom-website/drivers/Y/YUKTSU01_Yuki_Tsunoda/yuktsu01.png.transform/1col/image.png,JPN,9688,1254
23,A ALBON,Alexander ALBON,ALB,Williams,64C4FF,Alexander,Albon,https://media.formula1.com/d_driver_fallback_image.png/content/dam/fom-website/drivers/A/ALEALB01_Alexander_Albon/alealb01.png.transform/1col/image.png,THA,9688,1254
27,N HULKENBERG,Nico HULKENBERG,HUL,Kick Sauber,52E252,Nico,Hulkenberg,https://media.formula1.com/d_driver_fallback_image.png/content/dam/fom-website/drivers/N/NICHUL01_Nico_Hulkenberg/nichul01.png.transform/1col/image.png,GER,9688,1254
30,L LAWSON,Liam LAWSON,LAW,Red Bull Racing,3671C6,Liam,Lawson,https://media.formula1.com/d_driver_fallback_image.png/content/dam/fom-website/drivers/L/LIALAW01_Liam_Lawson/lialaw01.png.transform/1col/image.png,,9688,1254
31,E OCON,Esteban OCON,OCO,Haas F1 Team,B6BABD,Esteban,Ocon,https://media.formula1.com/d_driver_fallback_image.png/content/dam/fom-website/drivers/E/ESTOCO01_Esteban_Ocon/estoco01.png.transform/1col/image.png,FRA,9688,1254
44,L HAMILTON,Lewis HAMILTON,HAM,Ferrari,E80020,Lewis,Hamilton,https://media.formula1.com/d_driver_fallback_image.png/content/dam/fom-website/drivers/L/LEWHAM01_Lewis_Hamilton/lewham01.png.transform/1col/image.png,GBR,9688,1254
55,C SAINZ,Carlos SAINZ,SAI,Williams,64C4FF,Carlos,Sainz,https://media.formula1.com/d_driver_fallback_image.png/content/dam/fom-website/drivers/C/CARSAI01_Carlos_Sainz/carsai01.png.transform/1col/image.png,ESP,9688,1254
63,G RUSSELL,George RUSSELL,RUS,Mercedes,27F4D2,George,Russell,https://media.formula1.com/d_driver_fallback_image.png/content/dam/fom-website/drivers/G/GEORUS01_George_Russell/georus01.png.transform/1col/image.png,GBR,9688,1254
81,O PIASTRI,Oscar PIASTRI,PIA,McLaren,FF8000,Oscar,Piastri,https://media.formula1.com/d_driver_fallback_image.png/content/dam/fom-website/drivers/O/OSCPIA01_Oscar_Piastri/oscpia01.png.transform/1col/image.png,AUS,9688,1254
87,O BEARMAN,Oliver BEARMAN,BEA,Haas F1 Team,B6BABD,Oliver,Bearman,https://media.formula1.com/d_driver_fallback_image.png/content/dam/fom-website/drivers/O/OLIBEA01_Oliver_Bearman/olibea01.png.transform/1col/image.png,,9688,1254
1,M VERSTAPPEN,Max VERSTAPPEN,VER,Red Bull Racing,3671C6,Max,Verstappen,https://media.formula1.com/d_driver_fallback_image.png/content/dam/fom-website/drivers/M/MAXVER01_Max_Verstappen/maxver01.png.transform/1col/image.png,NED,9689,1254
4,L NORRIS,Lando NORRIS,NOR,McLaren,FF8000,Lando,Norris,https://media.formula1.com/d_driver_fallback_image.png/content/dam/fom-website/drivers/L/LANNOR01_Lando_Norris/lannor01.png.transform/1col/image.png,GBR,9689,1254
5,G BORTOLETO,Gabriel BORTOLETO,BOR,Kick Sauber,52E252,Gabriel,Bortoleto,https://media.formula1.com/d_driver_fallback_image.png/content/dam/fom-website/drivers/G/GABBOR01_Gabriel_Bortoleto/gabbor01.png.transform/1col/image.png,,9689,1254
6,I HADJAR,Isack HADJAR,HAD,Racing Bulls,6692FF,Isack,Hadjar,https://media.formula1.com/d_driver_fallback_image.png/content/dam/fom-website/drivers/I/ISAHAD01_Isack_Hadjar/isahad01.png.transform/1col/image.png,,9689,1254
7,J DOOHAN,Jack DOOHAN,DOO,Alpine,0093CC,Jack,Doohan,https://media.formula1.com/d_driver_fallback_image.png/content/dam/fom-website/drivers/J/JACDOO01_Jack_Doohan/jacdoo01.png.transform/1col/image.png,,9689,1254
10,P GASLY,Pierre GASLY,GAS,Alpine,0093CC,Pierre,Gasly,https://media.formula1.com/d_driver_fallback_image.png/content/dam/fom-website/drivers/P/PIEGAS01_Pierre_Gasly/piegas01.png.transform/1col/image.png,FRA,9689,1254
12,A ANTONELLI,Andrea Kimi ANTONELLI,ANT,Mercedes,27F4D2,Andrea Kimi,Antonelli,https://media.formula1.com/d_driver_fallback_image.png/content/dam/fom-website/drivers/A/ANDANT01_Andrea%20Kimi_Antonelli/andant01.png.transform/1col/image.png,,9689,1254
14,F ALONSO,Fernando ALONSO,ALO,Aston Martin,229971,Fernando,Alonso,https://media.formula1.com/d_driver_fallback_image.png/content/dam/fom-website/drivers/F/FERALO01_Fernando_Alonso/feralo01.png.transform/1col/image.png,ESP,9689,1254
16,C LECLERC,Charles LECLERC,LEC,Ferrari,E80020,Charles,Leclerc,https://media.formula1.com/d_driver_fallback_image.png/content/dam/fom-website/drivers/C/CHALEC01_Charles_Leclerc/chalec01.png.transform/1col/image.png,MON,9689,1254
18,L STROLL,Lance STROLL,STR,Aston Martin,229971,Lance,Stroll,https://media.formula1.com/d_driver_fallback_image.png/content/dam/fom-website/drivers/L/LANSTR01_Lance_Stroll/lanstr01.png.transform/1col/image.png,CAN,9689,1254
22,Y TSUNODA,Yuki TSUNODA,TSU,Racing Bulls,6692FF,Yuki,Tsunoda,https://media.formula1.com/d_driver_fallback_image.png/content/dam/fom-website/drivers/Y/YUKTSU01_Yuki_Tsunoda/yuktsu01.png.transform/1col/image.png,JPN,9689,1254
23,A ALBON,Alexander ALBON,ALB,Williams,64C4FF,Alexander,Albon,https://media.formula1.com/d_driver_fallback_image.png/content/dam/fom-website/drivers/A/ALEALB01_Alexander_Albon/alealb01.png.transform/1col/image.png,THA,9689,1254
27,N HULKENBERG,Nico HULKENBERG,HUL,Kick Sauber,52E252,Nico,Hulkenberg,https://media.formula1.com/d_driver_fallback_image.png/content/dam/fom-website/drivers/N/NICHUL01_Nico_Hulkenberg/nichul01.png.transform/1col/image.png,GER,9689,1254
30,L LAWSON,Liam LAWSON,LAW,Red Bull Racing,3671C6,Liam,Lawson,https://media.formula1.com/d_driver_fallback_image.png/content/dam/fom-website/drivers/L/LIALAW01_Liam_Lawson/lialaw01.png.transform/1col/image.png,,9689,1254
31,E OCON,Esteban OCON,OCO,Haas F1 Team,B6BABD,Esteban,Ocon,https://media.formula1.com/d_driver_fallback_image.png/content/dam/fom-website/drivers/E/ESTOCO01_Esteban_Ocon/estoco01.png.transform/1col/image.png,FRA,9689,1254
44,L HAMILTON,Lewis HAMILTON,HAM,Ferrari,E80020,Lewis,Hamilton,https://media.formula1.com/d_driver_fallback_image.png/content/dam/fom-website/drivers/L/LEWHAM01_Lewis_Hamilton/lewham01.png.transform/1col/image.png,GBR,9689,1254
55,C SAINZ,Carlos SAINZ,SAI,Williams,64C4FF,Carlos,Sainz,https://media.formula1.com/d_driver_fallback_image.png/content/dam/fom-website/drivers/C/CARSAI01_Carlos_Sainz/carsai01.png.transform/1col/image.png,ESP,9689,1254
63,G RUSSELL,George RUSSELL,RUS,Mercedes,27F4D2,George,Russell,https://media.formula1.com/d_driver_fallback_image.png/content/dam/fom-website/drivers/G/GEORUS01_George_Russell/georus01.png.transform/1col/image.png,GBR,9689,1254
81,O PIASTRI,Oscar PIASTRI,PIA,McLaren,FF8000,Oscar,Piastri,https://media.formula1.com/d_driver_fallback_image.png/content/dam/fom-website/drivers/O/OSCPIA01_Oscar_Piastri/oscpia01.png.transform/1col/image.png,AUS,9689,1254
87,O BEARMAN,Oliver BEARMAN,BEA,Haas F1 Team,B6BABD,Oliver,Bearman,https://media.formula1.com/d_driver_fallback_image.png/content/dam/fom-website/drivers/O/OLIBEA01_Oliver_Bearman/olibea01.png.transform/1col/image.png,,9689,1254
