pit_duration,lap_number,driver_number,date,session_key,meeting_key
35.3,3.0,14,2023-06-02T11:33:46.930000+00:00,9095,1211
40.8,4.0,18,2023-06-02T11:35:42.475000+00:00,9095,1211
155.2,3.0,21,2023-06-02T11:36:30.849000+00:00,9095,1211
277.0,2.0,2,2023-06-02T11:37:01.583000+00:00,9095,1211
27.6,5.0,16,2023-06-02T11:37:14.911000+00:00,9095,1211
343.6,2.0,81,2023-06-02T11:38:29.675000+00:00,9095,1211
24.9,6.0,11,2023-06-02T11:38:45.487000+00:00,9095,1211
47.4,6.0,20,2023-06-02T11:38:52.971000+00:00,9095,1211
381.5,2.0,4,2023-06-02T11:39:12.221000+00:00,9095,1211
23.5,6.0,1,2023-06-02T11:39:27.565000+00:00,9095,1211
40.8,6.0,27,2023-06-02T11:40:30.892000+00:00,9095,1211
517.4,3.0,77,2023-06-02T11:42:01.109000+00:00,9095,1211
298.0,5.0,18,2023-06-02T11:42:31.499000+00:00,9095,1211
25.1,9.0,23,2023-06-02T11:44:30.700000+00:00,9095,1211
623.1,3.0,24,2023-06-02T11:44:35.747000+00:00,9095,1211
245.8,8.0,22,2023-06-02T11:45:19.886000+00:00,9095,1211
23.1,11.0,16,2023-06-02T11:46:04.573000+00:00,9095,1211
23.0,12.0,55,2023-06-02T11:46:46.322000+00:00,9095,1211
439.9,5.0,21,2023-06-02T11:47:17.353000+00:00,9095,1211
24.9,9.0,2,2023-06-02T11:47:42.243000+00:00,9095,1211
442.9,3.0,4,2023-06-02T11:48:07.633000+00:00,9095,1211
37.9,8.0,18,2023-06-02T11:48:09.118000+00:00,9095,1211
381.4,9.0,63,2023-06-02T11:48:16.852000+00:00,9095,1211
493.4,3.0,81,2023-06-02T11:48:30.789000+00:00,9095,1211
406.5,9.0,44,2023-06-02T11:49:32.132000+00:00,9095,1211
691.0,6.0,14,2023-06-02T11:50:06.022000+00:00,9095,1211
621.4,8.0,10,2023-06-02T11:50:55.709000+00:00,9095,1211
357.9,10.0,31,2023-06-02T11:51:06.771000+00:00,9095,1211
31.1,8.0,21,2023-06-02T11:52:23.176000+00:00,9095,1211
34.1,11.0,18,2023-06-02T11:53:37.034000+00:00,9095,1211
16.7,16.0,16,2023-06-02T11:54:55.704000+00:00,9095,1211
432.8,13.0,11,2023-06-02T11:57:15.577000+00:00,9095,1211
525.5,12.0,1,2023-06-02T11:58:09.107000+00:00,9095,1211
189.2,12.0,18,2023-06-02T11:58:39.294000+00:00,9095,1211
796.1,11.0,20,2023-06-02T11:59:17.465000+00:00,9095,1211
750.0,11.0,27,2023-06-02T12:00:14.823000+00:00,9095,1211
657.3,13.0,22,2023-06-02T12:03:58.460000+00:00,9095,1211
268.9,17.0,63,2023-06-02T12:04:07.147000+00:00,9095,1211
578.4,16.0,23,2023-06-02T12:05:15.099000+00:00,9095,1211
333.2,17.0,44,2023-06-02T12:06:24.301000+00:00,9095,1211
544.3,16.0,2,2023-06-02T12:07:19.597000+00:00,9095,1211
702.5,12.0,77,2023-06-02T12:07:29.378000+00:00,9095,1211
376.1,14.0,24,2023-06-02T12:07:32.425000+00:00,9095,1211
387.1,15.0,1,2023-06-02T12:09:03.970000+00:00,9095,1211
575.4,10.0,81,2023-06-02T12:09:09.782000+00:00,9095,1211
26.8,19.0,23,2023-06-02T12:10:35.718000+00:00,9095,1211
675.0,10.0,4,2023-06-02T12:10:47.171000+00:00,9095,1211
999.9,17.0,55,2023-06-02T12:11:24.014000+00:00,9095,1211
18.0,17.0,24,2023-06-02T12:12:49.669000+00:00,9095,1211
797.7,19.0,16,2023-06-02T12:13:11.684000+00:00,9095,1211
762.2,13.0,18,2023-06-02T12:13:16.247000+00:00,9095,1211
427.8,19.0,11,2023-06-02T12:13:47.074000+00:00,9095,1211
649.6,15.0,21,2023-06-02T12:13:50.949000+00:00,9095,1211
22.3,15.0,81,2023-06-02T12:17:24.445000+00:00,9095,1211
714.0,19.0,31,2023-06-02T12:18:09.913000+00:00,9095,1211
719.2,18.0,10,2023-06-02T12:18:33.444000+00:00,9095,1211
426.2,18.0,27,2023-06-02T12:18:51.600000+00:00,9095,1211
315.9,19.0,22,2023-06-02T12:18:54.272000+00:00,9095,1211
341.2,24.0,63,2023-06-02T12:19:07.397000+00:00,9095,1211
24.9,15.0,4,2023-06-02T12:19:17.850000+00:00,9095,1211
268.7,22.0,2,2023-06-02T12:21:20.441000+00:00,9095,1211
41.2,18.0,18,2023-06-02T12:21:26.207000+00:00,9095,1211
801.3,18.0,14,2023-06-02T12:21:40.738000+00:00,9095,1211
803.8,17.0,20,2023-06-02T12:23:01.221000+00:00,9095,1211
455.6,22.0,23,2023-06-02T12:23:11.736000+00:00,9095,1211
354.0,21.0,55,2023-06-02T12:23:33.626000+00:00,9095,1211
429.5,24.0,44,2023-06-02T12:23:35.657000+00:00,9095,1211
389.2,18.0,77,2023-06-02T12:23:42.314000+00:00,9095,1211
16.6,21.0,10,2023-06-02T12:23:54.001000+00:00,9095,1211
24.9,27.0,63,2023-06-02T12:24:19.438000+00:00,9095,1211
19.9,22.0,21,2023-06-02T12:24:50.859000+00:00,9095,1211
331.4,23.0,16,2023-06-02T12:25:08.031000+00:00,9095,1211
469.5,20.0,24,2023-06-02T12:25:39.561000+00:00,9095,1211
22.7,29.0,1,2023-06-02T12:28:37.699000+00:00,9095,1211
21.8,30.0,11,2023-06-02T12:29:31.417000+00:00,9095,1211
30.2,30.0,63,2023-06-02T12:29:36.635000+00:00,9095,1211
21.9,4.0,55,2023-06-02T15:06:59.931000+00:00,9096,1211
17.4,4.0,16,2023-06-02T15:07:15.384000+00:00,9096,1211
22.5,5.0,63,2023-06-02T15:08:13.196000+00:00,9096,1211
22.6,7.0,14,2023-06-02T15:08:47.820000+00:00,9096,1211
23.2,6.0,44,2023-06-02T15:09:27.070000+00:00,9096,1211
27.8,6.0,1,2023-06-02T15:09:34.320000+00:00,9096,1211
25.4,6.0,11,2023-06-02T15:09:59.163000+00:00,9096,1211
22.6,7.0,18,2023-06-02T15:10:20.491000+00:00,9096,1211
22.5,7.0,81,2023-06-02T15:10:55.569000+00:00,9096,1211
17.2,8.0,24,2023-06-02T15:11:43.959000+00:00,9096,1211
19.0,8.0,77,2023-06-02T15:11:50.490000+00:00,9096,1211
192.3,8.0,22,2023-06-02T15:14:49.129000+00:00,9096,1211
307.8,8.0,21,2023-06-02T15:15:18.269000+00:00,9096,1211
391.7,7.0,55,2023-06-02T15:19:00.735000+00:00,9096,1211
407.1,7.0,16,2023-06-02T15:19:14.469000+00:00,9096,1211
433.3,8.0,23,2023-06-02T15:19:50.657000+00:00,9096,1211
476.2,8.0,2,2023-06-02T15:19:59.422000+00:00,9096,1211
484.7,9.0,77,2023-06-02T15:21:50.171000+00:00,9096,1211
463.6,9.0,1,2023-06-02T15:22:07.311000+00:00,9096,1211
621.6,8.0,10,2023-06-02T15:22:23.483000+00:00,9096,1211
636.2,8.0,31,2023-06-02T15:22:28.889000+00:00,9096,1211
616.3,8.0,27,2023-06-02T15:22:54.576000+00:00,9096,1211
597.9,8.0,4,2023-06-02T15:23:10.842000+00:00,9096,1211
589.6,9.0,24,2023-06-02T15:23:13.623000+00:00,9096,1211
16.6,11.0,23,2023-06-02T15:24:54.122000+00:00,9096,1211
16.6,11.0,2,2023-06-02T15:25:09.934000+00:00,9096,1211
512.4,11.0,44,2023-06-02T15:25:25.668000+00:00,9096,1211
874.7,7.0,20,2023-06-02T15:25:31.496000+00:00,9096,1211
538.8,11.0,63,2023-06-02T15:26:26.340000+00:00,9096,1211
129.4,14.0,22,2023-06-02T15:26:39.527000+00:00,9096,1211
19.3,12.0,77,2023-06-02T15:27:06.042000+00:00,9096,1211
187.0,14.0,21,2023-06-02T15:27:08.433000+00:00,9096,1211
16.6,11.0,31,2023-06-02T15:28:06.870000+00:00,9096,1211
16.9,11.0,10,2023-06-02T15:28:10.870000+00:00,9096,1211
520.9,14.0,14,2023-06-02T15:28:22.744000+00:00,9096,1211
18.1,12.0,24,2023-06-02T15:28:39.713000+00:00,9096,1211
741.0,12.0,81,2023-06-02T15:30:47.399000+00:00,9096,1211
568.3,14.0,18,2023-06-02T15:30:54.477000+00:00,9096,1211
691.4,12.0,11,2023-06-02T15:30:57.274000+00:00,9096,1211
30.8,14.0,44,2023-06-02T15:31:08.086000+00:00,9096,1211
450.8,10.0,55,2023-06-02T15:31:12.899000+00:00,9096,1211
467.4,10.0,16,2023-06-02T15:31:47.476000+00:00,9096,1211
343.6,12.0,1,2023-06-02T15:32:18.617000+00:00,9096,1211
351.6,11.0,27,2023-06-02T15:33:46.756000+00:00,9096,1211
357.2,14.0,23,2023-06-02T15:35:31.583000+00:00,9096,1211
367.3,14.0,2,2023-06-02T15:36:01.364000+00:00,9096,1211
442.9,14.0,63,2023-06-02T15:38:11.222000+00:00,9096,1211
368.3,15.0,77,2023-06-02T15:38:16.394000+00:00,9096,1211
372.5,14.0,4,2023-06-02T15:39:29.268000+00:00,9096,1211
409.5,14.0,31,2023-06-02T15:39:56.705000+00:00,9096,1211
487.7,14.0,10,2023-06-02T15:41:09.329000+00:00,9096,1211
358.1,15.0,81,2023-06-02T15:41:14.126000+00:00,9096,1211
358.9,15.0,11,2023-06-02T15:41:22.001000+00:00,9096,1211
504.5,15.0,24,2023-06-02T15:41:49.141000+00:00,9096,1211
327.1,20.0,22,2023-06-02T15:42:12.563000+00:00,9096,1211
410.5,17.0,44,2023-06-02T15:42:22.516000+00:00,9096,1211
433.8,20.0,21,2023-06-02T15:43:11.516000+00:00,9096,1211
31.9,19.0,23,2023-06-02T15:43:14.078000+00:00,9096,1211
22.1,18.0,16,2023-06-02T15:43:25.640000+00:00,9096,1211
22.1,18.0,4,2023-06-02T15:45:34.139000+00:00,9096,1211
546.7,19.0,14,2023-06-02T15:45:37.483000+00:00,9096,1211
390.9,20.0,18,2023-06-02T15:47:09.232000+00:00,9096,1211
679.7,13.0,20,2023-06-02T15:47:23.669000+00:00,9096,1211
22.3,23.0,1,2023-06-02T15:47:50.091000+00:00,9096,1211
22.7,22.0,77,2023-06-02T15:48:19.637000+00:00,9096,1211
23.2,23.0,2,2023-06-02T15:48:54.340000+00:00,9096,1211
22.1,23.0,55,2023-06-02T15:49:26.183000+00:00,9096,1211
24.2,21.0,24,2023-06-02T15:50:45.354000+00:00,9096,1211
51.2,22.0,14,2023-06-02T15:50:48.682000+00:00,9096,1211
22.6,24.0,44,2023-06-02T15:52:35.181000+00:00,9096,1211
33.8,28.0,23,2023-06-02T15:56:28.850000+00:00,9096,1211
23.9,28.0,27,2023-06-02T15:57:26.396000+00:00,9096,1211
22.9,30.0,21,2023-06-02T15:57:29.678000+00:00,9096,1211
22.9,27.0,81,2023-06-02T15:58:09.615000+00:00,9096,1211
22.0,28.0,11,2023-06-02T15:59:39.286000+00:00,9096,1211
27.7,2.0,21,2023-06-03T10:32:20.636000+00:00,9097,1211
27.4,2.0,22,2023-06-03T10:32:29.183000+00:00,9097,1211
22.8,3.0,55,2023-06-03T10:34:22.134000+00:00,9097,1211
22.2,3.0,16,2023-06-03T10:34:53.961000+00:00,9097,1211
23.6,4.0,2,2023-06-03T10:35:13.024000+00:00,9097,1211
25.0,4.0,23,2023-06-03T10:35:26.242000+00:00,9097,1211
24.0,4.0,31,2023-06-03T10:36:07.960000+00:00,9097,1211
25.1,4.0,10,2023-06-03T10:36:20.647000+00:00,9097,1211
2048.8,6.0,16,2023-06-03T11:08:40.581000+00:00,9097,1211
2092.2,6.0,55,2023-06-03T11:08:51.503000+00:00,9097,1211
2189.8,6.0,31,2023-06-03T11:12:13.781000+00:00,9097,1211
573.1,7.0,4,2023-06-03T11:12:18.156000+00:00,9097,1211
2084.5,6.0,27,2023-06-03T11:13:11.858000+00:00,9097,1211
2298.9,6.0,10,2023-06-03T11:14:14.403000+00:00,9097,1211
2363.7,6.0,23,2023-06-03T11:14:24.966000+00:00,9097,1211
2553.6,7.0,21,2023-06-03T11:14:26.450000+00:00,9097,1211
2599.0,7.0,22,2023-06-03T11:15:20.777000+00:00,9097,1211
18.3,9.0,20,2023-06-03T11:17:13.025000+00:00,9097,1211
17.6,9.0,27,2023-06-03T11:18:04.243000+00:00,9097,1211
18.6,12.0,55,2023-06-03T11:18:40.258000+00:00,9097,1211
18.3,8.0,1,2023-06-03T11:19:50.147000+00:00,9097,1211
269.1,10.0,16,2023-06-03T11:20:01.319000+00:00,9097,1211
33.5,12.0,4,2023-06-03T11:21:14.287000+00:00,9097,1211
130.1,14.0,55,2023-06-03T11:24:25.346000+00:00,9097,1211
117.3,12.0,21,2023-06-03T11:24:28.721000+00:00,9097,1211
30.8,12.0,23,2023-06-03T11:24:49.673000+00:00,9097,1211
24.6,13.0,16,2023-06-03T11:24:58.548000+00:00,9097,1211
34.3,9.0,14,2023-06-03T11:25:34.485000+00:00,9097,1211
301.8,10.0,18,2023-06-03T11:25:55.485000+00:00,9097,1211
134.8,12.0,22,2023-06-03T11:26:00.656000+00:00,9097,1211
24.5,11.0,24,2023-06-03T11:26:20.844000+00:00,9097,1211
24.4,11.0,77,2023-06-03T11:26:32.984000+00:00,9097,1211
185.6,12.0,63,2023-06-03T11:26:35.625000+00:00,9097,1211
130.3,11.0,1,2023-06-03T11:27:01.483000+00:00,9097,1211
198.3,13.0,81,2023-06-03T11:27:05.968000+00:00,9097,1211
266.8,11.0,11,2023-06-03T11:27:16.874000+00:00,9097,1211
573.1,10.0,20,2023-06-03T11:28:47.903000+00:00,9097,1211
314.4,13.0,31,2023-06-03T11:28:54.466000+00:00,9097,1211
16.5,12.0,1,2023-06-03T11:28:56.872000+00:00,9097,1211
309.3,12.0,10,2023-06-03T11:29:15.419000+00:00,9097,1211
569.8,10.0,27,2023-06-03T11:29:17.231000+00:00,9097,1211
24.6,3.0,22,2023-06-03T14:03:31.925000+00:00,9098,1211
568.0,4.0,22,2023-06-03T14:12:35.649000+00:00,9098,1211
565.1,3.0,21,2023-06-03T14:12:38.915000+00:00,9098,1211
25.7,5.0,21,2023-06-03T14:16:30.567000+00:00,9098,1211
196.5,7.0,18,2023-06-03T14:20:42.406000+00:00,9098,1211
118.9,8.0,11,2023-06-03T14:22:14.639000+00:00,9098,1211
171.1,6.0,23,2023-06-03T14:22:39.873000+00:00,9098,1211
209.8,4.0,2,2023-06-03T14:22:42.186000+00:00,9098,1211
305.7,7.0,10,2023-06-03T14:22:53.170000+00:00,9098,1211
313.0,7.0,14,2023-06-03T14:22:55.482000+00:00,9098,1211
328.4,7.0,20,2023-06-03T14:22:58.029000+00:00,9098,1211
311.7,7.0,27,2023-06-03T14:23:01.341000+00:00,9098,1211
107.4,8.0,16,2023-06-03T14:23:04.326000+00:00,9098,1211
365.7,7.0,31,2023-06-03T14:23:07.294000+00:00,9098,1211
182.0,9.0,22,2023-06-03T14:23:12.997000+00:00,9098,1211
147.8,8.0,21,2023-06-03T14:23:15.872000+00:00,9098,1211
293.8,7.0,81,2023-06-03T14:23:28.372000+00:00,9098,1211
183.5,8.0,4,2023-06-03T14:23:31.716000+00:00,9098,1211
100.5,8.0,55,2023-06-03T14:23:34.153000+00:00,9098,1211
232.0,8.0,77,2023-06-03T14:23:35.919000+00:00,9098,1211
227.0,8.0,24,2023-06-03T14:23:42.059000+00:00,9098,1211
108.3,9.0,63,2023-06-03T14:24:02.622000+00:00,9098,1211
91.9,9.0,44,2023-06-03T14:24:10.512000+00:00,9098,1211
574.6,10.0,1,2023-06-03T14:34:03.236000+00:00,9098,1211
452.6,11.0,11,2023-06-03T14:34:08.767000+00:00,9098,1211
379.0,11.0,55,2023-06-03T14:34:55.438000+00:00,9098,1211
480.7,12.0,22,2023-06-03T14:35:52.312000+00:00,9098,1211
542.7,12.0,63,2023-06-03T14:37:28.466000+00:00,9098,1211
568.6,12.0,18,2023-06-03T14:37:31.154000+00:00,9098,1211
541.9,12.0,44,2023-06-03T14:37:32.138000+00:00,9098,1211
568.0,11.0,21,2023-06-03T14:37:34.935000+00:00,9098,1211
568.1,10.0,31,2023-06-03T14:37:37.435000+00:00,9098,1211
617.8,10.0,14,2023-06-03T14:37:39.826000+00:00,9098,1211
527.1,11.0,24,2023-06-03T14:37:42.232000+00:00,9098,1211
576.8,11.0,4,2023-06-03T14:37:57.091000+00:00,9098,1211
633.9,10.0,27,2023-06-03T14:38:06.685000+00:00,9098,1211
681.2,9.0,81,2023-06-03T14:38:11.966000+00:00,9098,1211
647.4,10.0,10,2023-06-03T14:38:16.731000+00:00,9098,1211
377.0,14.0,11,2023-06-03T14:44:54.505000+00:00,9098,1211
190.9,16.0,22,2023-06-03T14:44:57.552000+00:00,9098,1211
153.7,13.0,27,2023-06-03T14:44:58.396000+00:00,9098,1211
202.5,15.0,63,2023-06-03T14:45:04.536000+00:00,9098,1211
366.8,13.0,1,2023-06-03T14:45:09.302000+00:00,9098,1211
362.7,14.0,55,2023-06-03T14:45:18.505000+00:00,9098,1211
167.1,13.0,10,2023-06-03T14:45:28.208000+00:00,9098,1211
216.7,15.0,18,2023-06-03T14:45:37.708000+00:00,9098,1211
203.1,13.0,31,2023-06-03T14:45:40.708000+00:00,9098,1211
213.8,14.0,4,2023-06-03T14:45:57.598000+00:00,9098,1211
219.8,14.0,24,2023-06-03T14:46:01.114000+00:00,9098,1211
238.1,13.0,14,2023-06-03T14:46:13.035000+00:00,9098,1211
227.7,12.0,81,2023-06-03T14:46:19.020000+00:00,9098,1211
257.6,14.0,21,2023-06-03T14:46:22.426000+00:00,9098,1211
198.9,16.0,44,2023-06-03T14:46:55.331000+00:00,9098,1211
404.2,15.0,81,2023-06-03T14:57:35.679000+00:00,9098,1211
451.9,16.0,31,2023-06-03T14:57:49.195000+00:00,9098,1211
464.0,16.0,10,2023-06-03T14:57:55.476000+00:00,9098,1211
499.3,16.0,1,2023-06-03T14:58:05.726000+00:00,9098,1211
475.1,18.0,18,2023-06-03T14:58:08.601000+00:00,9098,1211
502.5,17.0,55,2023-06-03T14:58:27.194000+00:00,9098,1211
486.0,17.0,4,2023-06-03T14:58:34.459000+00:00,9098,1211
542.1,18.0,44,2023-06-03T14:59:03.818000+00:00,9098,1211
770.8,16.0,27,2023-06-03T15:02:20.268000+00:00,9098,1211
910.7,16.0,14,2023-06-03T15:05:59.092000+00:00,9098,1211
198.1,20.0,55,2023-06-03T15:06:03.545000+00:00,9098,1211
218.2,21.0,18,2023-06-03T15:06:05.420000+00:00,9098,1211
228.9,19.0,31,2023-06-03T15:06:08.654000+00:00,9098,1211
202.2,20.0,4,2023-06-03T15:06:13.311000+00:00,9098,1211
262.3,18.0,81,2023-06-03T15:06:16.639000+00:00,9098,1211
247.8,19.0,10,2023-06-03T15:06:31.857000+00:00,9098,1211
271.0,19.0,1,2023-06-03T15:06:56.810000+00:00,9098,1211
237.4,21.0,44,2023-06-03T15:07:00.591000+00:00,9098,1211
37.7,1.0,4,2023-06-04T13:05:22.607000+00:00,9102,1211
23.6,5.0,77,2023-06-04T13:10:42.773000+00:00,9102,1211
22.2,8.0,27,2023-06-04T13:14:44.785000+00:00,9102,1211
23.4,9.0,24,2023-06-04T13:16:02.690000+00:00,9102,1211
22.5,9.0,21,2023-06-04T13:16:07.674000+00:00,9102,1211
22.1,10.0,22,2023-06-04T13:17:23.938000+00:00,9102,1211
22.1,10.0,20,2023-06-04T13:17:29.391000+00:00,9102,1211
22.1,13.0,31,2023-06-04T13:21:24.402000+00:00,9102,1211
22.3,14.0,18,2023-06-04T13:22:41.917000+00:00,9102,1211
22.3,15.0,55,2023-06-04T13:23:56.212000+00:00,9102,1211
21.7,16.0,16,2023-06-04T13:25:39.726000+00:00,9102,1211
23.3,16.0,23,2023-06-04T13:25:48.070000+00:00,9102,1211
22.3,17.0,81,2023-06-04T13:26:55.740000+00:00,9102,1211
22.5,17.0,2,2023-06-04T13:27:13.177000+00:00,9102,1211
22.5,19.0,14,2023-06-04T13:29:32.284000+00:00,9102,1211
23.3,19.0,10,2023-06-04T13:29:42.394000+00:00,9102,1211
22.8,22.0,4,2023-06-04T13:34:13.936000+00:00,9102,1211
22.5,24.0,44,2023-06-04T13:36:00.934000+00:00,9102,1211
24.8,24.0,20,2023-06-04T13:36:51.636000+00:00,9102,1211
22.2,25.0,63,2023-06-04T13:37:30.510000+00:00,9102,1211
22.2,26.0,1,2023-06-04T13:38:29.056000+00:00,9102,1211
23.2,26.0,27,2023-06-04T13:39:27.836000+00:00,9102,1211
21.7,27.0,11,2023-06-04T13:40:19.241000+00:00,9102,1211
23.3,34.0,18,2023-06-04T13:49:58.247000+00:00,9102,1211
22.0,34.0,22,2023-06-04T13:50:01.059000+00:00,9102,1211
24.1,35.0,31,2023-06-04T13:51:21.730000+00:00,9102,1211
22.8,36.0,24,2023-06-04T13:52:48.775000+00:00,9102,1211
23.8,36.0,2,2023-06-04T13:53:18.056000+00:00,9102,1211
23.4,37.0,23,2023-06-04T13:54:36.804000+00:00,9102,1211
21.9,38.0,21,2023-06-04T13:55:39.834000+00:00,9102,1211
22.8,39.0,81,2023-06-04T13:56:52.146000+00:00,9102,1211
23.6,39.0,10,2023-06-04T13:56:54.067000+00:00,9102,1211
24.0,39.0,77,2023-06-04T13:57:22.504000+00:00,9102,1211
22.3,41.0,55,2023-06-04T13:59:09.768000+00:00,9102,1211
23.0,41.0,16,2023-06-04T13:59:36.752000+00:00,9102,1211
22.2,42.0,20,2023-06-04T14:01:22.406000+00:00,9102,1211
24.4,43.0,27,2023-06-04T14:02:29.968000+00:00,9102,1211
22.8,44.0,14,2023-06-04T14:03:24.420000+00:00,9102,1211
22.0,45.0,63,2023-06-04T14:04:20.497000+00:00,9102,1211
22.7,50.0,44,2023-06-04T14:10:45.927000+00:00,9102,1211
21.5,50.0,11,2023-06-04T14:11:04.287000+00:00,9102,1211
22.0,50.0,4,2023-06-04T14:12:02.129000+00:00,9102,1211
22.3,52.0,1,2023-06-04T14:13:07.441000+00:00,9102,1211
24.7,8.0,55,2023-06-16T20:41:58.298000+00:00,9104,1212
22.1,8.0,11,2023-06-16T20:43:05.609000+00:00,9104,1212
22.1,10.0,77,2023-06-16T20:43:41.172000+00:00,9104,1212
329.4,6.0,16,2023-06-16T20:44:28.890000+00:00,9104,1212
533.8,7.0,18,2023-06-16T20:48:18.512000+00:00,9104,1212
365.9,10.0,22,2023-06-16T20:49:55.917000+00:00,9104,1212
349.0,10.0,21,2023-06-16T20:50:05.745000+00:00,9104,1212
318.8,11.0,77,2023-06-16T20:50:31.057000+00:00,9104,1212
395.3,10.0,2,2023-06-16T20:51:07.057000+00:00,9104,1212
582.5,9.0,14,2023-06-16T20:51:20.854000+00:00,9104,1212
588.1,9.0,20,2023-06-16T20:52:49.212000+00:00,9104,1212
384.5,12.0,24,2023-06-16T20:53:04.384000+00:00,9104,1212
534.2,10.0,1,2023-06-16T20:55:03.601000+00:00,9104,1212
420.7,12.0,81,2023-06-16T20:55:09.867000+00:00,9104,1212
664.1,10.0,27,2023-06-16T20:55:56.241000+00:00,9104,1212
756.5,10.0,4,2023-06-16T20:57:43.506000+00:00,9104,1212
1348.2,9.0,11,2023-06-16T21:07:03.796000+00:00,9104,1212
1260.1,13.0,1,2023-06-16T21:07:09.546000+00:00,9104,1212
1377.2,16.0,21,2023-06-16T21:07:13.999000+00:00,9104,1212
626.4,13.0,18,2023-06-16T21:07:23.843000+00:00,9104,1212
1374.9,15.0,2,2023-06-16T21:07:26.702000+00:00,9104,1212
1055.7,14.0,10,2023-06-16T21:07:28.155000+00:00,9104,1212
856.1,18.0,63,2023-06-16T21:07:37.655000+00:00,9104,1212
1435.0,16.0,22,2023-06-16T21:07:45.046000+00:00,9104,1212
955.2,17.0,44,2023-06-16T21:07:52.452000+00:00,9104,1212
1366.9,11.0,4,2023-06-16T21:07:53.921000+00:00,9104,1212
991.6,15.0,31,2023-06-16T21:08:02.217000+00:00,9104,1212
1374.7,17.0,77,2023-06-16T21:08:06.983000+00:00,9104,1212
1290.8,16.0,24,2023-06-16T21:08:10.780000+00:00,9104,1212
995.0,14.0,55,2023-06-16T21:08:13.311000+00:00,9104,1212
1595.6,15.0,14,2023-06-16T21:08:14.108000+00:00,9104,1212
791.4,13.0,16,2023-06-16T21:08:20.264000+00:00,9104,1212
1060.1,11.0,23,2023-06-16T21:08:23.905000+00:00,9104,1212
1287.1,15.0,81,2023-06-16T21:09:36.294000+00:00,9104,1212
25.9,11.0,11,2023-06-16T21:10:23.419000+00:00,9104,1212
1837.1,19.0,24,2023-06-16T21:17:16.914000+00:00,9104,1212
1987.2,20.0,21,2023-06-16T21:17:23.945000+00:00,9104,1212
2064.2,13.0,20,2023-06-16T21:17:25.227000+00:00,9104,1212
1552.3,20.0,44,2023-06-16T21:17:49.570000+00:00,9104,1212
2045.4,20.0,22,2023-06-16T21:17:55.476000+00:00,9104,1212
1669.3,14.0,23,2023-06-16T21:18:33.366000+00:00,9104,1212
368.9,21.0,63,2023-06-16T21:18:33.570000+00:00,9104,1212
1832.0,17.0,81,2023-06-16T21:18:41.105000+00:00,9104,1212
2077.3,19.0,2,2023-06-16T21:19:09.350000+00:00,9104,1212
614.2,13.0,11,2023-06-16T21:20:11.678000+00:00,9104,1212
2050.5,17.0,1,2023-06-16T21:20:20.256000+00:00,9104,1212
1440.1,17.0,18,2023-06-16T21:20:57.521000+00:00,9104,1212
2362.8,18.0,14,2023-06-16T21:21:01.146000+00:00,9104,1212
2164.6,14.0,4,2023-06-16T21:21:11.552000+00:00,9104,1212
2165.0,20.0,77,2023-06-16T21:21:17.365000+00:00,9104,1212
25.4,16.0,23,2023-06-16T21:21:56.114000+00:00,9104,1212
1612.0,16.0,16,2023-06-16T21:22:00.942000+00:00,9104,1212
26.4,23.0,21,2023-06-16T21:22:01.833000+00:00,9104,1212
1971.8,18.0,10,2023-06-16T21:22:44.285000+00:00,9104,1212
24.5,21.0,77,2023-06-16T21:23:14.066000+00:00,9104,1212
1902.5,17.0,55,2023-06-16T21:23:21.098000+00:00,9104,1212
230.9,16.0,20,2023-06-16T21:25:33.377000+00:00,9104,1212
23.7,25.0,22,2023-06-16T21:25:56.846000+00:00,9104,1212
257.8,23.0,44,2023-06-16T21:26:18.611000+00:00,9104,1212
295.6,24.0,63,2023-06-16T21:27:28.970000+00:00,9104,1212
319.6,20.0,81,2023-06-16T21:28:13.157000+00:00,9104,1212
38.3,28.0,21,2023-06-16T21:29:49.577000+00:00,9104,1212
388.8,16.0,11,2023-06-16T21:30:38.139000+00:00,9104,1212
18.3,27.0,63,2023-06-16T21:32:33.747000+00:00,9104,1212
29.1,32.0,77,2023-06-16T21:38:11.494000+00:00,9104,1212
366.2,30.0,24,2023-06-16T21:39:27.462000+00:00,9104,1212
356.0,25.0,18,2023-06-16T21:39:46.368000+00:00,9104,1212
35.2,31.0,10,2023-06-16T21:40:36.648000+00:00,9104,1212
34.1,30.0,16,2023-06-16T21:41:10.445000+00:00,9104,1212
166.6,35.0,21,2023-06-16T21:41:50.772000+00:00,9104,1212
190.2,35.0,22,2023-06-16T21:41:59.382000+00:00,9104,1212
24.1,31.0,55,2023-06-16T21:42:23.928000+00:00,9104,1212
323.5,29.0,14,2023-06-16T21:42:53.522000+00:00,9104,1212
25.2,31.0,4,2023-06-16T21:44:05.490000+00:00,9104,1212
34.9,33.0,16,2023-06-16T21:45:43.442000+00:00,9104,1212
26.9,32.0,4,2023-06-16T21:45:48.535000+00:00,9104,1212
27.0,33.0,81,2023-06-16T21:45:55.582000+00:00,9104,1212
60.0,32.0,20,2023-06-16T21:47:59.065000+00:00,9104,1212
27.3,29.0,11,2023-06-16T21:48:21.284000+00:00,9104,1212
389.2,34.0,1,2023-06-16T21:49:25.955000+00:00,9104,1212
666.3,31.0,63,2023-06-16T21:49:47.986000+00:00,9104,1212
707.4,30.0,44,2023-06-16T21:49:55.689000+00:00,9104,1212
26.6,37.0,16,2023-06-16T21:51:15.594000+00:00,9104,1212
26.7,39.0,10,2023-06-16T21:51:21.953000+00:00,9104,1212
23.6,37.0,81,2023-06-16T21:51:29.719000+00:00,9104,1212
24.7,38.0,55,2023-06-16T21:51:50.969000+00:00,9104,1212
402.6,38.0,21,2023-06-16T21:52:40.062000+00:00,9104,1212
31.1,37.0,4,2023-06-16T21:52:48.499000+00:00,9104,1212
38.3,43.0,22,2023-06-16T21:53:27.468000+00:00,9104,1212
26.8,36.0,20,2023-06-16T21:53:45.796000+00:00,9104,1212
25.2,38.0,81,2023-06-16T21:53:54.421000+00:00,9104,1212
641.1,31.0,18,2023-06-16T21:58:40.870000+00:00,9104,1212
225.4,38.0,14,2023-06-16T21:58:45.839000+00:00,9104,1212
616.3,37.0,24,2023-06-16T21:59:16.136000+00:00,9104,1212
627.0,40.0,77,2023-06-16T21:59:21.011000+00:00,9104,1212
352.9,39.0,55,2023-06-16T21:59:23.104000+00:00,9104,1212
376.1,38.0,16,2023-06-16T21:59:31.573000+00:00,9104,1212
158.8,40.0,4,2023-06-16T21:59:56.682000+00:00,9104,1212
30.3,4.0,14,2023-06-17T16:37:36.122000+00:00,9105,1212
27.7,4.0,18,2023-06-17T16:38:14.715000+00:00,9105,1212
25.4,4.0,77,2023-06-17T16:39:33.698000+00:00,9105,1212
28.9,5.0,21,2023-06-17T16:39:57.760000+00:00,9105,1212
25.6,4.0,24,2023-06-17T16:40:21.134000+00:00,9105,1212
26.4,5.0,81,2023-06-17T16:41:31.914000+00:00,9105,1212
26.9,8.0,27,2023-06-17T16:42:23.054000+00:00,9105,1212
304.0,4.0,63,2023-06-17T16:42:29.288000+00:00,9105,1212
32.6,6.0,22,2023-06-17T16:42:41.507000+00:00,9105,1212
31.4,8.0,20,2023-06-17T16:42:43.194000+00:00,9105,1212
25.1,4.0,4,2023-06-17T16:43:23.444000+00:00,9105,1212
26.6,6.0,11,2023-06-17T16:44:31.817000+00:00,9105,1212
32.6,5.0,1,2023-06-17T16:44:45.114000+00:00,9105,1212
28.3,8.0,23,2023-06-17T16:44:55.051000+00:00,9105,1212
27.7,10.0,2,2023-06-17T16:47:04.487000+00:00,9105,1212
25.8,7.0,10,2023-06-17T16:47:31.783000+00:00,9105,1212
432.6,5.0,44,2023-06-17T16:48:20.313000+00:00,9105,1212
264.9,8.0,63,2023-06-17T16:53:00.965000+00:00,9105,1212
598.8,7.0,31,2023-06-17T16:53:24.792000+00:00,9105,1212
428.5,8.0,10,2023-06-17T16:56:38.383000+00:00,9105,1212
147.5,9.0,44,2023-06-17T16:56:47.023000+00:00,9105,1212
32.0,16.0,23,2023-06-17T16:57:49.241000+00:00,9105,1212
312.1,14.0,21,2023-06-17T16:59:04.239000+00:00,9105,1212
1052.4,10.0,10,2023-06-17T17:07:02.574000+00:00,9105,1212
1110.3,13.0,63,2023-06-17T17:07:06.465000+00:00,9105,1212
766.7,11.0,44,2023-06-17T17:07:06.559000+00:00,9105,1212
743.6,14.0,77,2023-06-17T17:07:22.215000+00:00,9105,1212
651.5,15.0,22,2023-06-17T17:07:29.090000+00:00,9105,1212
821.7,15.0,21,2023-06-17T17:07:33.886000+00:00,9105,1212
710.5,14.0,24,2023-06-17T17:07:39.855000+00:00,9105,1212
563.6,16.0,81,2023-06-17T17:07:41.371000+00:00,9105,1212
973.7,14.0,27,2023-06-17T17:07:41.855000+00:00,9105,1212
958.6,14.0,20,2023-06-17T17:07:44.933000+00:00,9105,1212
852.7,14.0,18,2023-06-17T17:08:15.042000+00:00,9105,1212
674.9,17.0,23,2023-06-17T17:08:32.104000+00:00,9105,1212
1464.5,15.0,1,2023-06-17T17:08:37.354000+00:00,9105,1212
1310.3,10.0,14,2023-06-17T17:08:42.838000+00:00,9105,1212
1686.6,15.0,4,2023-06-17T17:11:05.008000+00:00,9105,1212
1793.3,16.0,11,2023-06-17T17:13:58.630000+00:00,9105,1212
27.4,22.0,16,2023-06-17T17:23:34.791000+00:00,9105,1212
27.9,10.0,23,2023-06-17T20:19:38.900000+00:00,9106,1212
27.9,10.0,2,2023-06-17T20:19:47.994000+00:00,9106,1212
35.8,7.0,22,2023-06-17T20:19:52.009000+00:00,9106,1212
28.5,9.0,27,2023-06-17T20:19:55.681000+00:00,9106,1212
30.7,9.0,20,2023-06-17T20:20:05.931000+00:00,9106,1212
34.3,9.0,18,2023-06-17T20:20:44.462000+00:00,9106,1212
32.6,8.0,24,2023-06-17T20:20:51.211000+00:00,9106,1212
24.7,9.0,21,2023-06-17T20:20:52.461000+00:00,9106,1212
335.0,13.0,1,2023-06-17T20:32:03.512000+00:00,9106,1212
375.5,13.0,4,2023-06-17T20:32:09.918000+00:00,9106,1212
364.3,14.0,77,2023-06-17T20:32:13.090000+00:00,9106,1212
341.7,14.0,11,2023-06-17T20:32:16.652000+00:00,9106,1212
371.1,13.0,14,2023-06-17T20:32:25.949000+00:00,9106,1212
327.8,13.0,81,2023-06-17T20:32:29.527000+00:00,9106,1212
325.0,13.0,16,2023-06-17T20:32:33.980000+00:00,9106,1212
311.0,13.0,55,2023-06-17T20:32:36.668000+00:00,9106,1212
385.3,13.0,31,2023-06-17T20:32:47.074000+00:00,9106,1212
352.9,13.0,63,2023-06-17T20:32:57.152000+00:00,9106,1212
383.3,13.0,44,2023-06-17T20:33:06.011000+00:00,9106,1212
404.7,13.0,18,2023-06-17T20:33:12.229000+00:00,9106,1212
358.7,14.0,27,2023-06-17T20:33:15.308000+00:00,9106,1212
364.2,15.0,23,2023-06-17T20:33:16.901000+00:00,9106,1212
435.4,13.0,20,2023-06-17T20:33:19.136000+00:00,9106,1212
31.0,15.0,4,2023-06-17T20:35:27.774000+00:00,9106,1212
24.5,16.0,1,2023-06-17T20:36:41.679000+00:00,9106,1212
29.0,17.0,77,2023-06-17T20:36:58.460000+00:00,9106,1212
26.7,17.0,11,2023-06-17T20:37:10.366000+00:00,9106,1212
59.0,15.0,18,2023-06-17T20:37:21.444000+00:00,9106,1212
26.5,16.0,16,2023-06-17T20:37:23.256000+00:00,9106,1212
25.8,16.0,55,2023-06-17T20:37:30.053000+00:00,9106,1212
42.2,16.0,81,2023-06-17T20:37:42.615000+00:00,9106,1212
24.7,16.0,31,2023-06-17T20:37:45.709000+00:00,9106,1212
25.2,17.0,27,2023-06-17T20:37:56.490000+00:00,9106,1212
18.2,16.0,20,2023-06-17T20:38:03.224000+00:00,9106,1212
25.3,17.0,20,2023-06-17T20:39:53.988000+00:00,9106,1212
28.8,18.0,14,2023-06-17T20:40:19.175000+00:00,9106,1212
36.8,18.0,44,2023-06-17T20:41:12.487000+00:00,9106,1212
170.4,17.0,63,2023-06-17T20:41:39.845000+00:00,9106,1212
25.9,20.0,11,2023-06-17T20:41:50.111000+00:00,9106,1212
24.4,18.0,18,2023-06-17T20:41:55.001000+00:00,9106,1212
26.0,22.0,77,2023-06-17T20:44:43.311000+00:00,9106,1212
30.3,20.0,44,2023-06-17T20:44:46.686000+00:00,9106,1212
26.1,21.0,16,2023-06-17T20:44:47.905000+00:00,9106,1212
46.2,20.0,20,2023-06-17T20:44:56.233000+00:00,9106,1212
49.7,19.0,63,2023-06-17T20:45:24.888000+00:00,9106,1212
593.1,22.0,1,2023-06-17T20:55:03.409000+00:00,9106,1212
617.6,21.0,31,2023-06-17T20:55:09.315000+00:00,9106,1212
707.3,21.0,27,2023-06-17T20:55:16.862000+00:00,9106,1212
642.0,21.0,14,2023-06-17T20:55:27.096000+00:00,9106,1212
594.8,22.0,4,2023-06-17T20:55:35.831000+00:00,9106,1212
546.4,22.0,81,2023-06-17T20:55:38.409000+00:00,9106,1212
920.6,20.0,23,2023-06-17T20:55:42.065000+00:00,9106,1212
655.4,21.0,55,2023-06-17T20:55:49.533000+00:00,9106,1212
494.6,22.0,44,2023-06-17T20:55:56.174000+00:00,9106,1212
470.4,21.0,63,2023-06-17T20:56:03.518000+00:00,9106,1212
1327.8,24.0,55,2023-06-17T21:07:02.053000+00:00,9106,1212
1318.4,26.0,1,2023-06-17T21:07:08.740000+00:00,9106,1212
1291.2,25.0,4,2023-06-17T21:07:12.178000+00:00,9106,1212
1357.5,24.0,14,2023-06-17T21:07:22.849000+00:00,9106,1212
1448.0,25.0,27,2023-06-17T21:07:37.708000+00:00,9106,1212
1374.5,25.0,31,2023-06-17T21:07:46.255000+00:00,9106,1212
1216.7,25.0,44,2023-06-17T21:07:58.208000+00:00,9106,1212
1190.5,24.0,63,2023-06-17T21:08:03.661000+00:00,9106,1212
1663.3,23.0,23,2023-06-17T21:08:04.770000+00:00,9106,1212
23.6,1.0,22,2023-06-18T18:04:56.528000+00:00,9110,1212
27.5,10.0,10,2023-06-18T18:17:04.109000+00:00,9110,1212
24.8,11.0,27,2023-06-18T18:18:16.186000+00:00,9110,1212
23.7,11.0,18,2023-06-18T18:18:17.999000+00:00,9110,1212
24.9,11.0,21,2023-06-18T18:18:21.467000+00:00,9110,1212
23.6,12.0,1,2023-06-18T18:19:13.935000+00:00,9110,1212
24.3,12.0,44,2023-06-18T18:19:24.482000+00:00,9110,1212
24.0,12.0,14,2023-06-18T18:19:25.014000+00:00,9110,1212
24.4,12.0,31,2023-06-18T18:19:37.606000+00:00,9110,1212
24.8,12.0,81,2023-06-18T18:19:41.653000+00:00,9110,1212
25.8,12.0,4,2023-06-18T18:19:50.356000+00:00,9110,1212
25.0,12.0,23,2023-06-18T18:19:50.684000+00:00,9110,1212
24.1,12.0,24,2023-06-18T18:19:55.606000+00:00,9110,1212
88.9,12.0,63,2023-06-18T18:21:25.245000+00:00,9110,1212
23.8,27.0,18,2023-06-18T18:42:47.254000+00:00,9110,1212
24.2,31.0,27,2023-06-18T18:48:01.826000+00:00,9110,1212
27.5,32.0,24,2023-06-18T18:49:22.997000+00:00,9110,1212
24.1,33.0,10,2023-06-18T18:50:39.183000+00:00,9110,1212
27.5,34.0,22,2023-06-18T18:51:59.213000+00:00,9110,1212
23.5,35.0,4,2023-06-18T18:53:06.212000+00:00,9110,1212
24.9,35.0,20,2023-06-18T18:53:59.883000+00:00,9110,1212
23.6,36.0,31,2023-06-18T18:54:20.679000+00:00,9110,1212
24.0,36.0,77,2023-06-18T18:54:23.367000+00:00,9110,1212
23.2,37.0,11,2023-06-18T18:55:29.865000+00:00,9110,1212
23.4,37.0,81,2023-06-18T18:55:45.818000+00:00,9110,1212
24.1,38.0,55,2023-06-18T18:56:41.458000+00:00,9110,1212
24.3,39.0,16,2023-06-18T18:57:57.238000+00:00,9110,1212
23.7,40.0,44,2023-06-18T18:59:10.596000+00:00,9110,1212
23.9,41.0,14,2023-06-18T19:00:23.204000+00:00,9110,1212
23.9,42.0,1,2023-06-18T19:01:35+00:00,9110,1212
23.7,50.0,21,2023-06-18T19:13:54.658000+00:00,9110,1212
24.5,53.0,20,2023-06-18T19:17:43.092000+00:00,9110,1212
23.2,68.0,11,2023-06-18T19:35:21.042000+00:00,9110,1212
439.5,4.0,24,2023-06-30T15:13:10.252000+00:00,9112,1213
518.1,5.0,21,2023-06-30T15:14:32.157000+00:00,9112,1213
526.8,5.0,22,2023-06-30T15:14:36.220000+00:00,9112,1213
561.5,4.0,2,2023-06-30T15:14:39.298000+00:00,9112,1213
131.3,8.0,4,2023-06-30T15:18:27.669000+00:00,9112,1213
150.8,8.0,14,2023-06-30T15:18:37.981000+00:00,9112,1213
136.9,8.0,11,2023-06-30T15:19:37.417000+00:00,9112,1213
309.8,7.0,23,2023-06-30T15:21:07.119000+00:00,9112,1213
159.2,7.0,2,2023-06-30T15:21:09.166000+00:00,9112,1213
148.5,7.0,31,2023-06-30T15:21:15.072000+00:00,9112,1213
182.5,8.0,21,2023-06-30T15:21:19.384000+00:00,9112,1213
184.6,8.0,22,2023-06-30T15:21:29.384000+00:00,9112,1213
277.6,6.0,77,2023-06-30T15:21:30.572000+00:00,9112,1213
277.2,7.0,24,2023-06-30T15:21:35.384000+00:00,9112,1213
148.0,10.0,63,2023-06-30T15:21:41.556000+00:00,9112,1213
143.7,10.0,44,2023-06-30T15:21:47.462000+00:00,9112,1213
181.1,7.0,10,2023-06-30T15:21:50.009000+00:00,9112,1213
68.1,10.0,1,2023-06-30T15:22:05.446000+00:00,9112,1213
295.2,13.0,1,2023-06-30T15:31:04.280000+00:00,9112,1213
423.4,11.0,11,2023-06-30T15:31:09.421000+00:00,9112,1213
565.3,11.0,16,2023-06-30T15:31:11.249000+00:00,9112,1213
571.7,11.0,55,2023-06-30T15:31:12.858000+00:00,9112,1213
342.1,13.0,4,2023-06-30T15:31:18.639000+00:00,9112,1213
378.4,13.0,14,2023-06-30T15:31:25.686000+00:00,9112,1213
351.3,11.0,18,2023-06-30T15:31:36.436000+00:00,9112,1213
370.2,11.0,81,2023-06-30T15:31:40.842000+00:00,9112,1213
354.4,13.0,63,2023-06-30T15:31:47.639000+00:00,9112,1213
435.3,12.0,44,2023-06-30T15:31:55.404000+00:00,9112,1213
413.4,11.0,27,2023-06-30T15:32:02.810000+00:00,9112,1213
597.0,10.0,31,2023-06-30T15:35:17.698000+00:00,9112,1213
555.1,10.0,10,2023-06-30T15:35:21.823000+00:00,9112,1213
609.2,9.0,77,2023-06-30T15:36:10.681000+00:00,9112,1213
98.9,14.0,55,2023-06-30T15:37:15.352000+00:00,9112,1213
130.2,16.0,14,2023-06-30T15:37:43.664000+00:00,9112,1213
760.1,10.0,23,2023-06-30T15:37:48.148000+00:00,9112,1213
109.1,15.0,16,2023-06-30T15:38:28.461000+00:00,9112,1213
169.5,16.0,63,2023-06-30T15:38:41.288000+00:00,9112,1213
171.8,15.0,44,2023-06-30T15:38:45.928000+00:00,9112,1213
125.8,17.0,11,2023-06-30T15:42:40.987000+00:00,9112,1213
27.8,19.0,63,2023-06-30T15:43:00.471000+00:00,9112,1213
248.6,13.0,31,2023-06-30T15:43:19.861000+00:00,9112,1213
109.2,19.0,14,2023-06-30T15:43:25.345000+00:00,9112,1213
223.9,16.0,27,2023-06-30T15:43:27.173000+00:00,9112,1213
163.0,17.0,18,2023-06-30T15:43:33.017000+00:00,9112,1213
215.3,12.0,77,2023-06-30T15:43:35.642000+00:00,9112,1213
265.4,13.0,10,2023-06-30T15:43:46.392000+00:00,9112,1213
190.4,17.0,81,2023-06-30T15:43:48.611000+00:00,9112,1213
167.8,17.0,55,2023-06-30T15:43:50.829000+00:00,9112,1213
157.1,13.0,23,2023-06-30T15:44:11.251000+00:00,9112,1213
516.4,16.0,4,2023-06-30T15:44:17.798000+00:00,9112,1213
362.1,16.0,23,2023-06-30T15:54:09.396000+00:00,9112,1213
854.8,19.0,1,2023-06-30T15:54:44.177000+00:00,9112,1213
416.7,20.0,55,2023-06-30T15:54:58.427000+00:00,9112,1213
465.0,21.0,16,2023-06-30T15:55:02.646000+00:00,9112,1213
470.1,18.0,4,2023-06-30T15:55:06.255000+00:00,9112,1213
458.0,20.0,18,2023-06-30T15:55:13.302000+00:00,9112,1213
446.5,16.0,10,2023-06-30T15:55:14.989000+00:00,9112,1213
468.4,22.0,14,2023-06-30T15:55:21.380000+00:00,9112,1213
485.0,19.0,27,2023-06-30T15:55:36.348000+00:00,9112,1213
661.0,20.0,44,2023-06-30T15:57:41.783000+00:00,9112,1213
125.1,19.0,23,2023-06-30T16:00:02.937000+00:00,9112,1213
271.5,22.0,1,2023-06-30T16:03:01.137000+00:00,9112,1213
231.1,25.0,14,2023-06-30T16:03:06.387000+00:00,9112,1213
231.3,22.0,27,2023-06-30T16:03:08.404000+00:00,9112,1213
246.1,23.0,18,2023-06-30T16:03:12.684000+00:00,9112,1213
264.4,23.0,55,2023-06-30T16:03:15.996000+00:00,9112,1213
262.6,21.0,4,2023-06-30T16:03:18.637000+00:00,9112,1213
270.0,24.0,16,2023-06-30T16:03:22.996000+00:00,9112,1213
271.8,19.0,10,2023-06-30T16:03:42.839000+00:00,9112,1213
160.4,23.0,44,2023-06-30T16:04:05.917000+00:00,9112,1213
24.6,2.0,2,2023-07-01T10:01:55.701000+00:00,9282,1213
34.1,2.0,23,2023-07-01T10:02:13.264000+00:00,9282,1213
25.3,2.0,81,2023-07-01T10:02:45.154000+00:00,9282,1213
29.4,5.0,44,2023-07-01T10:06:26.964000+00:00,9282,1213
46.2,5.0,27,2023-07-01T10:06:52.136000+00:00,9282,1213
22.7,6.0,63,2023-07-01T10:06:56.479000+00:00,9282,1213
40.5,6.0,31,2023-07-01T10:07:07.479000+00:00,9282,1213
23.3,5.0,77,2023-07-01T10:07:12.167000+00:00,9282,1213
23.5,6.0,10,2023-07-01T10:07:19.776000+00:00,9282,1213
71.3,5.0,20,2023-07-01T10:07:22.135000+00:00,9282,1213
26.3,5.0,24,2023-07-01T10:07:24.354000+00:00,9282,1213
22.3,6.0,21,2023-07-01T10:07:30.776000+00:00,9282,1213
26.2,6.0,14,2023-07-01T10:07:39.697000+00:00,9282,1213
22.9,6.0,18,2023-07-01T10:07:50.713000+00:00,9282,1213
24.9,6.0,22,2023-07-01T10:08:08.338000+00:00,9282,1213
28.9,7.0,16,2023-07-01T10:08:27.728000+00:00,9282,1213
24.5,7.0,23,2023-07-01T10:09:07.665000+00:00,9282,1213
23.4,7.0,1,2023-07-01T10:09:25.587000+00:00,9282,1213
24.5,7.0,11,2023-07-01T10:09:38.868000+00:00,9282,1213
428.1,3.0,55,2023-07-01T10:10:19.946000+00:00,9282,1213
340.5,10.0,1,2023-07-01T10:19:05.112000+00:00,9282,1213
288.6,10.0,20,2023-07-01T10:19:06.190000+00:00,9282,1213
406.8,10.0,4,2023-07-01T10:19:11.299000+00:00,9282,1213
346.4,11.0,31,2023-07-01T10:19:15.971000+00:00,9282,1213
339.8,10.0,27,2023-07-01T10:19:19.533000+00:00,9282,1213
317.1,6.0,55,2023-07-01T10:19:22.439000+00:00,9282,1213
324.2,10.0,11,2023-07-01T10:19:28.002000+00:00,9282,1213
357.5,11.0,16,2023-07-01T10:19:31.111000+00:00,9282,1213
337.3,11.0,14,2023-07-01T10:19:49.424000+00:00,9282,1213
329.5,11.0,18,2023-07-01T10:19:58.830000+00:00,9282,1213
361.7,11.0,21,2023-07-01T10:20:03.814000+00:00,9282,1213
342.9,11.0,22,2023-07-01T10:20:10.736000+00:00,9282,1213
371.9,11.0,10,2023-07-01T10:20:12.205000+00:00,9282,1213
373.0,11.0,23,2023-07-01T10:20:20.611000+00:00,9282,1213
50.0,13.0,20,2023-07-01T10:23:52.311000+00:00,9282,1213
75.3,14.0,31,2023-07-01T10:24:21.780000+00:00,9282,1213
71.6,10.0,55,2023-07-01T10:25:44.716000+00:00,9282,1213
72.0,15.0,16,2023-07-01T10:25:46.623000+00:00,9282,1213
25.1,15.0,4,2023-07-01T10:26:46.700000+00:00,9282,1213
33.5,16.0,14,2023-07-01T10:26:49.950000+00:00,9282,1213
28.2,15.0,11,2023-07-01T10:26:55.966000+00:00,9282,1213
23.6,16.0,18,2023-07-01T10:26:57.481000+00:00,9282,1213
35.5,16.0,21,2023-07-01T10:27:06.059000+00:00,9282,1213
65.8,15.0,27,2023-07-01T10:27:06.887000+00:00,9282,1213
24.7,16.0,23,2023-07-01T10:27:13.809000+00:00,9282,1213
193.8,14.0,10,2023-07-01T10:27:14.700000+00:00,9282,1213
26.5,16.0,22,2023-07-01T10:27:17.043000+00:00,9282,1213
305.2,18.0,1,2023-07-01T10:36:03.616000+00:00,9282,1213
291.5,18.0,11,2023-07-01T10:36:11.756000+00:00,9282,1213
304.1,19.0,31,2023-07-01T10:36:16.756000+00:00,9282,1213
340.6,18.0,4,2023-07-01T10:36:25.365000+00:00,9282,1213
421.2,13.0,55,2023-07-01T10:36:34.272000+00:00,9282,1213
359.4,19.0,14,2023-07-01T10:36:56.849000+00:00,9282,1213
360.6,19.0,18,2023-07-01T10:37:02.568000+00:00,9282,1213
349.4,18.0,20,2023-07-01T10:37:13.974000+00:00,9282,1213
372.7,18.0,27,2023-07-01T10:37:16.130000+00:00,9282,1213
511.5,19.0,16,2023-07-01T10:39:13.238000+00:00,9282,1213
30.4,22.0,14,2023-07-01T10:41:15.206000+00:00,9282,1213
92.3,22.0,31,2023-07-01T10:41:31.221000+00:00,9282,1213
42.0,22.0,18,2023-07-01T10:41:34.862000+00:00,9282,1213
120.0,21.0,1,2023-07-01T10:41:39.971000+00:00,9282,1213
47.2,21.0,27,2023-07-01T10:41:43.206000+00:00,9282,1213
94.9,16.0,55,2023-07-01T10:41:50.377000+00:00,9282,1213
123.7,21.0,11,2023-07-01T10:41:52.705000+00:00,9282,1213
30.4,21.0,20,2023-07-01T10:41:59.252000+00:00,9282,1213
22.5,15.0,63,2023-07-01T14:53:08.810000+00:00,9117,1213
22.5,16.0,81,2023-07-01T14:54:38.731000+00:00,9117,1213
23.3,17.0,27,2023-07-01T14:55:31.902000+00:00,9117,1213
22.1,17.0,44,2023-07-01T14:55:41.230000+00:00,9117,1213
23.4,17.0,20,2023-07-01T14:55:50.964000+00:00,9117,1213
23.7,17.0,2,2023-07-01T14:56:00.042000+00:00,9117,1213
24.0,17.0,21,2023-07-01T14:56:02.386000+00:00,9117,1213
22.6,17.0,24,2023-07-01T14:56:02.933000+00:00,9117,1213
24.9,18.0,23,2023-07-01T14:56:57.229000+00:00,9117,1213
23.3,18.0,16,2023-07-01T14:56:58.385000+00:00,9117,1213
22.7,18.0,22,2023-07-01T14:57:08.995000+00:00,9117,1213
26.5,1.0,20,2023-07-02T13:04:43.005000+00:00,9118,1213
29.6,1.0,22,2023-07-02T13:05:01.224000+00:00,9118,1213
16.3,2.0,1,2023-07-02T13:06:14.582000+00:00,9118,1213
16.3,2.0,16,2023-07-02T13:06:16.238000+00:00,9118,1213
16.3,2.0,55,2023-07-02T13:06:17.863000+00:00,9118,1213
16.4,2.0,44,2023-07-02T13:06:20.738000+00:00,9118,1213
18.0,2.0,4,2023-07-02T13:06:23.691000+00:00,9118,1213
16.6,2.0,14,2023-07-02T13:06:25.347000+00:00,9118,1213
16.7,2.0,27,2023-07-02T13:06:26.707000+00:00,9118,1213
16.6,2.0,18,2023-07-02T13:06:28.160000+00:00,9118,1213
16.3,2.0,10,2023-07-02T13:06:29.488000+00:00,9118,1213
16.7,2.0,23,2023-07-02T13:06:31.050000+00:00,9118,1213
17.9,2.0,63,2023-07-02T13:06:36.097000+00:00,9118,1213
18.1,2.0,31,2023-07-02T13:06:37.675000+00:00,9118,1213
17.4,2.0,11,2023-07-02T13:06:38.706000+00:00,9118,1213
17.4,2.0,24,2023-07-02T13:06:40.534000+00:00,9118,1213
17.3,2.0,81,2023-07-02T13:06:41.269000+00:00,9118,1213
17.3,2.0,2,2023-07-02T13:06:42.800000+00:00,9118,1213
17.1,2.0,77,2023-07-02T13:06:44.597000+00:00,9118,1213
17.0,2.0,21,2023-07-02T13:06:45.707000+00:00,9118,1213
16.2,2.0,22,2023-07-02T13:06:50.097000+00:00,9118,1213
25.6,2.0,20,2023-07-02T13:06:57.519000+00:00,9118,1213
24.3,8.0,24,2023-07-02T13:14:34.839000+00:00,9118,1213
21.8,11.0,27,2023-07-02T13:18:03.819000+00:00,9118,1213
21.3,12.0,21,2023-07-02T13:19:23.521000+00:00,9118,1213
21.9,14.0,44,2023-07-02T13:21:33.050000+00:00,9118,1213
21.2,14.0,4,2023-07-02T13:21:34.425000+00:00,9118,1213
21.8,14.0,10,2023-07-02T13:21:42.472000+00:00,9118,1213
21.5,14.0,23,2023-07-02T13:21:44.846000+00:00,9118,1213
22.2,14.0,63,2023-07-02T13:21:46.206000+00:00,9118,1213
22.0,14.0,31,2023-07-02T13:21:49.221000+00:00,9118,1213
22.4,14.0,81,2023-07-02T13:21:50.378000+00:00,9118,1213
23.1,14.0,2,2023-07-02T13:21:55.831000+00:00,9118,1213
23.4,15.0,16,2023-07-02T13:23:00.314000+00:00,9118,1213
26.2,15.0,55,2023-07-02T13:23:08.314000+00:00,9118,1213
22.3,15.0,14,2023-07-02T13:23:11.501000+00:00,9118,1213
24.3,15.0,18,2023-07-02T13:23:19.298000+00:00,9118,1213
31.7,21.0,77,2023-07-02T13:30:59.930000+00:00,9118,1213
29.9,22.0,81,2023-07-02T13:32:10.351000+00:00,9118,1213
27.2,23.0,22,2023-07-02T13:33:18.069000+00:00,9118,1213
21.3,24.0,1,2023-07-02T13:33:35.443000+00:00,9118,1213
21.6,25.0,11,2023-07-02T13:35:09.988000+00:00,9118,1213
22.2,34.0,20,2023-07-02T13:46:31.476000+00:00,9118,1213
22.0,36.0,18,2023-07-02T13:48:33.021000+00:00,9118,1213
21.0,37.0,21,2023-07-02T13:50:02.972000+00:00,9118,1213
21.9,38.0,24,2023-07-02T13:51:11.206000+00:00,9118,1213
30.4,40.0,31,2023-07-02T13:53:26.781000+00:00,9118,1213
21.9,40.0,77,2023-07-02T13:53:44.797000+00:00,9118,1213
22.0,41.0,4,2023-07-02T13:54:01.562000+00:00,9118,1213
21.7,41.0,63,2023-07-02T13:54:19.468000+00:00,9118,1213
27.6,41.0,23,2023-07-02T13:54:32.593000+00:00,9118,1213
22.3,41.0,81,2023-07-02T13:54:59.592000+00:00,9118,1213
27.7,42.0,44,2023-07-02T13:55:18.873000+00:00,9118,1213
21.5,43.0,2,2023-07-02T13:57:02.277000+00:00,9118,1213
21.3,43.0,22,2023-07-02T13:57:18.496000+00:00,9118,1213
21.9,44.0,14,2023-07-02T13:57:37.886000+00:00,9118,1213
27.8,44.0,10,2023-07-02T13:57:58.776000+00:00,9118,1213
28.5,45.0,55,2023-07-02T13:58:39.385000+00:00,9118,1213
21.4,47.0,16,2023-07-02T14:00:48.336000+00:00,9118,1213
21.6,49.0,1,2023-07-02T14:02:53.490000+00:00,9118,1213
21.2,50.0,11,2023-07-02T14:04:28.879000+00:00,9118,1213
21.8,54.0,18,2023-07-02T14:09:50.842000+00:00,9118,1213
21.3,69.0,1,2023-07-02T14:26:05.356000+00:00,9118,1213
42.6,2.0,23,2023-07-07T11:32:32.917000+00:00,9119,1214
49.8,2.0,31,2023-07-07T11:33:46.995000+00:00,9119,1214
48.9,3.0,23,2023-07-07T11:35:05.197000+00:00,9119,1214
50.2,3.0,2,2023-07-07T11:35:29.212000+00:00,9119,1214
38.3,5.0,21,2023-07-07T11:38:34.226000+00:00,9119,1214
37.8,5.0,16,2023-07-07T11:38:43.241000+00:00,9119,1214
31.8,5.0,27,2023-07-07T11:38:54.288000+00:00,9119,1214
39.1,6.0,4,2023-07-07T11:39:59.709000+00:00,9119,1214
43.2,7.0,63,2023-07-07T11:40:44.834000+00:00,9119,1214
58.0,7.0,44,2023-07-07T11:41:24.130000+00:00,9119,1214
64.5,7.0,4,2023-07-07T11:42:51.082000+00:00,9119,1214
616.9,3.0,81,2023-07-07T11:44:18.972000+00:00,9119,1214
41.4,7.0,20,2023-07-07T11:44:40.862000+00:00,9119,1214
30.9,8.0,4,2023-07-07T11:45:06.987000+00:00,9119,1214
605.7,4.0,11,2023-07-07T11:45:38.971000+00:00,9119,1214
733.4,3.0,24,2023-07-07T11:47:36.454000+00:00,9119,1214
719.0,4.0,23,2023-07-07T11:49:04.625000+00:00,9119,1214
55.2,11.0,10,2023-07-07T11:50:39.249000+00:00,9119,1214
866.3,5.0,2,2023-07-07T11:53:16.950000+00:00,9119,1214
33.2,10.0,77,2023-07-07T11:53:38.981000+00:00,9119,1214
419.3,9.0,4,2023-07-07T11:53:48.247000+00:00,9119,1214
1190.0,3.0,14,2023-07-07T11:53:58.684000+00:00,9119,1214
424.8,10.0,18,2023-07-07T11:54:27.746000+00:00,9119,1214
514.1,9.0,1,2023-07-07T11:54:59.277000+00:00,9119,1214
444.7,5.0,81,2023-07-07T11:55:23.308000+00:00,9119,1214
558.5,10.0,55,2023-07-07T11:56:21.464000+00:00,9119,1214
451.6,12.0,63,2023-07-07T11:56:22.386000+00:00,9119,1214
468.9,11.0,22,2023-07-07T11:57:20.994000+00:00,9119,1214
593.3,11.0,21,2023-07-07T11:58:49.821000+00:00,9119,1214
557.3,12.0,44,2023-07-07T11:59:10.993000+00:00,9119,1214
871.9,9.0,27,2023-07-07T12:00:32.133000+00:00,9119,1214
644.2,11.0,16,2023-07-07T12:01:11.164000+00:00,9119,1214
31.6,9.0,2,2023-07-07T12:01:12.851000+00:00,9119,1214
36.7,13.0,55,2023-07-07T12:02:40.288000+00:00,9119,1214
504.1,11.0,77,2023-07-07T12:03:35.100000+00:00,9119,1214
1076.0,8.0,20,2023-07-07T12:04:08.818000+00:00,9119,1214
44.1,12.0,23,2023-07-07T12:04:11.896000+00:00,9119,1214
40.9,17.0,63,2023-07-07T12:05:16.833000+00:00,9119,1214
815.9,12.0,10,2023-07-07T12:05:52.629000+00:00,9119,1214
1033.9,11.0,31,2023-07-07T12:07:16.206000+00:00,9119,1214
59.8,13.0,23,2023-07-07T12:07:19.409000+00:00,9119,1214
43.5,14.0,16,2023-07-07T12:07:40.034000+00:00,9119,1214
30.0,16.0,21,2023-07-07T12:07:47.706000+00:00,9119,1214
33.8,14.0,23,2023-07-07T12:09:45.580000+00:00,9119,1214
38.4,11.0,20,2023-07-07T12:10:49.313000+00:00,9119,1214
509.9,11.0,24,2023-07-07T12:10:53.688000+00:00,9119,1214
624.0,13.0,11,2023-07-07T12:13:11.937000+00:00,9119,1214
544.3,15.0,44,2023-07-07T12:13:17.702000+00:00,9119,1214
438.4,12.0,2,2023-07-07T12:13:43.827000+00:00,9119,1214
700.4,15.0,4,2023-07-07T12:15:15.560000+00:00,9119,1214
395.5,18.0,1,2023-07-07T12:15:39.904000+00:00,9119,1214
420.1,17.0,22,2023-07-07T12:15:42.810000+00:00,9119,1214
635.0,15.0,55,2023-07-07T12:17:05.997000+00:00,9119,1214
306.9,14.0,81,2023-07-07T12:17:26.637000+00:00,9119,1214
376.9,13.0,14,2023-07-07T12:18:03.496000+00:00,9119,1214
393.7,15.0,23,2023-07-07T12:18:05.965000+00:00,9119,1214
358.7,17.0,16,2023-07-07T12:19:02.573000+00:00,9119,1214
34.5,16.0,11,2023-07-07T12:19:33.870000+00:00,9119,1214
503.8,20.0,18,2023-07-07T12:19:43.198000+00:00,9119,1214
636.5,14.0,27,2023-07-07T12:20:05.291000+00:00,9119,1214
289.9,16.0,31,2023-07-07T12:20:59.807000+00:00,9119,1214
356.4,17.0,10,2023-07-07T12:21:25.884000+00:00,9119,1214
342.6,14.0,20,2023-07-07T12:21:50.212000+00:00,9119,1214
23.0,21.0,1,2023-07-07T12:22:06.290000+00:00,9119,1214
582.9,16.0,77,2023-07-07T12:22:09.540000+00:00,9119,1214
515.2,22.0,63,2023-07-07T12:22:37.024000+00:00,9119,1214
515.2,21.0,21,2023-07-07T12:24:52.570000+00:00,9119,1214
368.6,16.0,24,2023-07-07T12:26:01.866000+00:00,9119,1214
41.7,23.0,18,2023-07-07T12:26:11.319000+00:00,9119,1214
59.4,19.0,23,2023-07-07T12:26:17.537000+00:00,9119,1214
336.2,21.0,44,2023-07-07T12:28:56.286000+00:00,9119,1214
23.0,5.0,23,2023-07-07T15:14:28.439000+00:00,9120,1214
40.2,6.0,24,2023-07-07T15:15:25.329000+00:00,9120,1214
440.0,6.0,14,2023-07-07T15:21:32.403000+00:00,9120,1214
484.4,6.0,1,2023-07-07T15:23:54.542000+00:00,9120,1214
328.4,8.0,18,2023-07-07T15:23:59.105000+00:00,9120,1214
387.9,7.0,11,2023-07-07T15:24:00.651000+00:00,9120,1214
536.3,6.0,63,2023-07-07T15:24:05.776000+00:00,9120,1214
264.0,8.0,23,2023-07-07T15:24:13.870000+00:00,9120,1214
347.0,8.0,2,2023-07-07T15:24:35.745000+00:00,9120,1214
323.4,8.0,55,2023-07-07T15:25:00.104000+00:00,9120,1214
671.0,6.0,27,2023-07-07T15:26:31.822000+00:00,9120,1214
581.7,8.0,10,2023-07-07T15:27:21.384000+00:00,9120,1214
388.6,10.0,21,2023-07-07T15:27:24.883000+00:00,9120,1214
458.3,9.0,22,2023-07-07T15:27:32.477000+00:00,9120,1214
392.7,10.0,77,2023-07-07T15:28:15.930000+00:00,9120,1214
467.6,8.0,44,2023-07-07T15:28:53.757000+00:00,9120,1214
507.5,10.0,81,2023-07-07T15:30:29.834000+00:00,9120,1214
39.4,11.0,55,2023-07-07T15:30:54.303000+00:00,9120,1214
426.0,11.0,24,2023-07-07T15:31:36.177000+00:00,9120,1214
195.3,9.0,63,2023-07-07T15:32:30.302000+00:00,9120,1214
983.7,7.0,31,2023-07-07T15:32:42.224000+00:00,9120,1214
593.4,7.0,20,2023-07-07T15:33:02.630000+00:00,9120,1214
33.8,11.0,10,2023-07-07T15:33:36.410000+00:00,9120,1214
895.1,8.0,4,2023-07-07T15:33:39.176000+00:00,9120,1214
37.2,12.0,22,2023-07-07T15:33:50.629000+00:00,9120,1214
409.6,10.0,11,2023-07-07T15:36:09.096000+00:00,9120,1214
286.4,11.0,14,2023-07-07T15:36:31.612000+00:00,9120,1214
442.7,11.0,18,2023-07-07T15:36:59.830000+00:00,9120,1214
372.8,9.0,27,2023-07-07T15:37:59.814000+00:00,9120,1214
32.0,10.0,31,2023-07-07T15:38:48.376000+00:00,9120,1214
604.6,9.0,1,2023-07-07T15:38:59.672000+00:00,9120,1214
29.7,15.0,24,2023-07-07T15:39:31.578000+00:00,9120,1214
420.2,12.0,55,2023-07-07T15:39:40.844000+00:00,9120,1214
419.0,13.0,2,2023-07-07T15:40:59.421000+00:00,9120,1214
380.5,14.0,23,2023-07-07T15:42:05.952000+00:00,9120,1214
342.6,14.0,81,2023-07-07T15:43:28.747000+00:00,9120,1214
343.1,16.0,21,2023-07-07T15:43:52.528000+00:00,9120,1214
31.7,15.0,2,2023-07-07T15:44:33.856000+00:00,9120,1214
366.6,15.0,22,2023-07-07T15:45:11.996000+00:00,9120,1214
36.9,16.0,23,2023-07-07T15:45:45.636000+00:00,9120,1214
487.1,14.0,10,2023-07-07T15:46:56.776000+00:00,9120,1214
28.9,16.0,22,2023-07-07T15:47:09.136000+00:00,9120,1214
381.3,14.0,14,2023-07-07T15:47:47.494000+00:00,9120,1214
718.5,12.0,44,2023-07-07T15:48:00.604000+00:00,9120,1214
470.4,14.0,63,2023-07-07T15:49:27.353000+00:00,9120,1214
416.5,13.0,4,2023-07-07T15:49:31.743000+00:00,9120,1214
454.5,18.0,77,2023-07-07T15:51:23.758000+00:00,9120,1214
420.0,18.0,24,2023-07-07T15:51:37.695000+00:00,9120,1214
350.7,14.0,31,2023-07-07T15:52:08.007000+00:00,9120,1214
28.5,21.0,18,2023-07-07T15:53:15.256000+00:00,9120,1214
29.0,18.0,1,2023-07-07T15:53:25.600000+00:00,9120,1214
29.4,19.0,24,2023-07-07T15:53:40.678000+00:00,9120,1214
29.3,20.0,77,2023-07-07T15:54:57.724000+00:00,9120,1214
690.8,13.0,20,2023-07-07T15:56:18.911000+00:00,9120,1214
28.6,23.0,11,2023-07-07T15:56:59.144000+00:00,9120,1214
28.5,23.0,55,2023-07-07T15:57:25.566000+00:00,9120,1214
34.9,19.0,63,2023-07-07T15:57:56.753000+00:00,9120,1214
29.1,26.0,21,2023-07-07T16:00:02.408000+00:00,9120,1214
28.5,26.0,81,2023-07-07T16:02:47.515000+00:00,9120,1214
41.6,2.0,14,2023-07-08T10:32:33.292000+00:00,9121,1214
31.0,4.0,11,2023-07-08T10:37:12.818000+00:00,9121,1214
35.7,4.0,16,2023-07-08T10:37:52.443000+00:00,9121,1214
226.8,3.0,14,2023-07-08T10:37:57.724000+00:00,9121,1214
335.3,2.0,18,2023-07-08T10:38:06.614000+00:00,9121,1214
38.3,7.0,55,2023-07-08T10:43:37.327000+00:00,9121,1214
373.0,6.0,4,2023-07-08T10:46:16.090000+00:00,9121,1214
371.7,7.0,1,2023-07-08T10:48:23.072000+00:00,9121,1214
409.0,7.0,11,2023-07-08T10:49:31.040000+00:00,9121,1214
389.5,8.0,10,2023-07-08T10:50:14.929000+00:00,9121,1214
310.6,9.0,21,2023-07-08T10:50:27.460000+00:00,9121,1214
176.9,6.0,23,2023-07-08T10:50:31.882000+00:00,9121,1214
265.1,9.0,22,2023-07-08T10:50:41.757000+00:00,9121,1214
159.8,9.0,14,2023-07-08T10:51:10.897000+00:00,9121,1214
290.9,8.0,2,2023-07-08T10:51:45.803000+00:00,9121,1214
326.7,7.0,18,2023-07-08T10:52:04.177000+00:00,9121,1214
254.8,6.0,20,2023-07-08T10:52:50.083000+00:00,9121,1214
246.0,10.0,81,2023-07-08T10:52:59.380000+00:00,9121,1214
551.4,8.0,31,2023-07-08T10:53:25.020000+00:00,9121,1214
245.6,10.0,16,2023-07-08T10:53:26.957000+00:00,9121,1214
221.0,9.0,4,2023-07-08T10:54:36.972000+00:00,9121,1214
128.9,8.0,77,2023-07-08T10:55:02.924000+00:00,9121,1214
259.9,8.0,27,2023-07-08T10:55:24.455000+00:00,9121,1214
408.2,10.0,4,2023-07-08T11:03:03.775000+00:00,9121,1214
903.7,10.0,55,2023-07-08T11:03:53.821000+00:00,9121,1214
349.6,13.0,81,2023-07-08T11:04:05.602000+00:00,9121,1214
494.3,9.0,23,2023-07-08T11:04:14.242000+00:00,9121,1214
433.3,11.0,2,2023-07-08T11:04:25.836000+00:00,9121,1214
289.7,14.0,16,2023-07-08T11:05:14.148000+00:00,9121,1214
496.4,13.0,21,2023-07-08T11:05:36.038000+00:00,9121,1214
433.2,11.0,31,2023-07-08T11:05:58.912000+00:00,9121,1214
549.7,12.0,10,2023-07-08T11:06:15.522000+00:00,9121,1214
909.3,9.0,63,2023-07-08T11:06:26.756000+00:00,9121,1214
457.9,10.0,77,2023-07-08T11:06:48.068000+00:00,9121,1214
556.9,13.0,22,2023-07-08T11:07:19.552000+00:00,9121,1214
848.7,10.0,11,2023-07-08T11:08:17.004000+00:00,9121,1214
729.1,8.0,20,2023-07-08T11:08:29.207000+00:00,9121,1214
216.3,12.0,4,2023-07-08T11:09:52.111000+00:00,9121,1214
1337.5,12.0,1,2023-07-08T11:18:26.899000+00:00,9121,1214
577.3,13.0,55,2023-07-08T11:18:49.383000+00:00,9121,1214
424.1,12.0,11,2023-07-08T11:18:52.196000+00:00,9121,1214
624.9,16.0,16,2023-07-08T11:19:08.633000+00:00,9121,1214
688.4,10.0,63,2023-07-08T11:19:38.976000+00:00,9121,1214
1566.7,9.0,44,2023-07-08T11:19:45.226000+00:00,9121,1214
1474.9,12.0,14,2023-07-08T11:21:01.443000+00:00,9121,1214
1429.4,10.0,18,2023-07-08T11:21:15.896000+00:00,9121,1214
899.7,15.0,81,2023-07-08T11:22:23.067000+00:00,9121,1214
679.3,16.0,21,2023-07-08T11:22:32.332000+00:00,9121,1214
612.1,16.0,22,2023-07-08T11:23:03.644000+00:00,9121,1214
384.9,17.0,31,2023-07-08T11:23:26.706000+00:00,9121,1214
1685.3,9.0,27,2023-07-08T11:25:13.517000+00:00,9121,1214
821.8,15.0,10,2023-07-08T11:25:18.814000+00:00,9121,1214
728.4,14.0,4,2023-07-08T11:25:31.532000+00:00,9121,1214
595.7,15.0,77,2023-07-08T11:26:32.140000+00:00,9121,1214
31.7,13.0,44,2023-07-08T11:27:30.139000+00:00,9121,1214
904.2,11.0,20,2023-07-08T11:29:05.388000+00:00,9121,1214
1177.8,12.0,23,2023-07-08T11:29:10.622000+00:00,9121,1214
1155.0,14.0,2,2023-07-08T11:29:17.434000+00:00,9121,1214
29.1,2.0,55,2023-07-08T14:02:32.577000+00:00,9122,1214
36.2,2.0,16,2023-07-08T14:02:41.202000+00:00,9122,1214
32.7,2.0,2,2023-07-08T14:02:45.546000+00:00,9122,1214
32.7,2.0,27,2023-07-08T14:02:48.530000+00:00,9122,1214
31.1,2.0,20,2023-07-08T14:02:55.530000+00:00,9122,1214
33.0,7.0,21,2023-07-08T14:11:52.462000+00:00,9122,1214
32.3,7.0,22,2023-07-08T14:11:57.368000+00:00,9122,1214
30.3,7.0,2,2023-07-08T14:12:01.118000+00:00,9122,1214
46.3,7.0,81,2023-07-08T14:12:12.618000+00:00,9122,1214
113.2,7.0,4,2023-07-08T14:12:23.602000+00:00,9122,1214
97.8,7.0,18,2023-07-08T14:12:36.367000+00:00,9122,1214
32.2,8.0,24,2023-07-08T14:12:56.727000+00:00,9122,1214
71.3,8.0,77,2023-07-08T14:13:07.414000+00:00,9122,1214
177.8,7.0,14,2023-07-08T14:13:41.632000+00:00,9122,1214
31.0,8.0,23,2023-07-08T14:14:02.804000+00:00,9122,1214
29.5,8.0,11,2023-07-08T14:14:18.304000+00:00,9122,1214
673.8,9.0,11,2023-07-08T14:25:02.656000+00:00,9122,1214
693.3,9.0,23,2023-07-08T14:25:05.156000+00:00,9122,1214
817.2,9.0,2,2023-07-08T14:25:08.109000+00:00,9122,1214
796.3,9.0,77,2023-07-08T14:25:12.499000+00:00,9122,1214
772.1,9.0,24,2023-07-08T14:25:16.906000+00:00,9122,1214
842.9,9.0,21,2023-07-08T14:25:22.609000+00:00,9122,1214
899.8,9.0,4,2023-07-08T14:25:30.609000+00:00,9122,1214
847.1,9.0,81,2023-07-08T14:25:33.390000+00:00,9122,1214
880.0,9.0,18,2023-07-08T14:25:38.546000+00:00,9122,1214
903.4,8.0,14,2023-07-08T14:25:47.233000+00:00,9122,1214
1413.1,9.0,27,2023-07-08T14:25:48.952000+00:00,9122,1214
871.3,9.0,22,2023-07-08T14:25:56.405000+00:00,9122,1214
1438.2,9.0,16,2023-07-08T14:26:03.249000+00:00,9122,1214
1441.4,10.0,55,2023-07-08T14:26:04.890000+00:00,9122,1214
820.2,8.0,63,2023-07-08T14:26:06.264000+00:00,9122,1214
542.0,11.0,14,2023-07-08T14:40:02.552000+00:00,9122,1214
562.6,12.0,18,2023-07-08T14:40:09.146000+00:00,9122,1214
604.1,12.0,2,2023-07-08T14:40:12.833000+00:00,9122,1214
612.1,12.0,23,2023-07-08T14:40:14.177000+00:00,9122,1214
528.8,12.0,16,2023-07-08T14:40:15.521000+00:00,9122,1214
531.3,13.0,55,2023-07-08T14:40:16.739000+00:00,9122,1214
590.6,12.0,4,2023-07-08T14:40:19.911000+00:00,9122,1214
558.4,12.0,27,2023-07-08T14:40:21.474000+00:00,9122,1214
544.2,11.0,63,2023-07-08T14:40:28.645000+00:00,9122,1214
552.1,12.0,31,2023-07-08T14:40:35.177000+00:00,9122,1214
568.8,12.0,44,2023-07-08T14:40:46.317000+00:00,9122,1214
578.0,12.0,1,2023-07-08T14:40:53.301000+00:00,9122,1214
565.5,12.0,10,2023-07-08T14:40:55.348000+00:00,9122,1214
619.6,12.0,81,2023-07-08T14:40:58.395000+00:00,9122,1214
100.9,15.0,44,2023-07-08T14:47:20+00:00,9122,1214
140.9,14.0,63,2023-07-08T14:47:42.219000+00:00,9122,1214
62.4,16.0,4,2023-07-08T14:48:05.562000+00:00,9122,1214
128.9,17.0,16,2023-07-08T14:50:51.013000+00:00,9122,1214
109.1,18.0,55,2023-07-08T14:50:55.310000+00:00,9122,1214
149.2,17.0,23,2023-07-08T14:51:05.951000+00:00,9122,1214
155.1,17.0,2,2023-07-08T14:51:08.841000+00:00,9122,1214
180.7,16.0,14,2023-07-08T14:51:12.701000+00:00,9122,1214
30.2,18.0,1,2023-07-08T14:51:41.778000+00:00,9122,1214
31.0,18.0,81,2023-07-08T14:51:54.419000+00:00,9122,1214
212.6,17.0,18,2023-07-08T14:52:04.294000+00:00,9122,1214
298.1,16.0,31,2023-07-08T14:52:17.450000+00:00,9122,1214
422.0,15.0,27,2023-07-08T14:52:18.247000+00:00,9122,1214
282.3,16.0,10,2023-07-08T14:52:33.887000+00:00,9122,1214
32.0,18.0,44,2023-07-08T14:52:41.465000+00:00,9122,1214
29.0,17.0,63,2023-07-08T14:52:55.653000+00:00,9122,1214
426.9,19.0,63,2023-07-08T15:03:16.833000+00:00,9122,1214
434.2,20.0,44,2023-07-08T15:03:20.458000+00:00,9122,1214
448.0,20.0,23,2023-07-08T15:03:35.442000+00:00,9122,1214
398.4,21.0,4,2023-07-08T15:03:38.395000+00:00,9122,1214
450.7,19.0,14,2023-07-08T15:03:51.676000+00:00,9122,1214
444.4,21.0,1,2023-07-08T15:03:55.614000+00:00,9122,1214
518.9,20.0,16,2023-07-08T15:04:07.848000+00:00,9122,1214
441.1,21.0,81,2023-07-08T15:04:10.520000+00:00,9122,1214
496.7,21.0,55,2023-07-08T15:04:12.176000+00:00,9122,1214
412.3,19.0,10,2023-07-08T15:04:29.176000+00:00,9122,1214
195.1,22.0,63,2023-07-08T15:11:44.484000+00:00,9122,1214
164.1,23.0,16,2023-07-08T15:11:47.249000+00:00,9122,1214
195.5,23.0,44,2023-07-08T15:11:47.921000+00:00,9122,1214
157.8,24.0,55,2023-07-08T15:11:51.280000+00:00,9122,1214
179.4,22.0,14,2023-07-08T15:11:53.452000+00:00,9122,1214
191.1,24.0,4,2023-07-08T15:11:57.124000+00:00,9122,1214
167.2,24.0,81,2023-07-08T15:12:12.593000+00:00,9122,1214
209.4,24.0,1,2023-07-08T15:12:24.280000+00:00,9122,1214
182.9,22.0,10,2023-07-08T15:12:30.671000+00:00,9122,1214
234.9,23.0,23,2023-07-08T15:12:38.405000+00:00,9122,1214
41.9,7.0,27,2023-07-09T14:14:59.362000+00:00,9126,1214
28.3,14.0,22,2023-07-09T14:25:44.273000+00:00,9126,1214
28.2,18.0,16,2023-07-09T14:31:37.391000+00:00,9126,1214
29.1,24.0,24,2023-07-09T14:41:26.225000+00:00,9126,1214
28.8,26.0,55,2023-07-09T14:44:05.366000+00:00,9126,1214
28.2,27.0,21,2023-07-09T14:46:03.349000+00:00,9126,1214
29.4,28.0,63,2023-07-09T14:47:07.832000+00:00,9126,1214
28.0,28.0,11,2023-07-09T14:47:18.879000+00:00,9126,1214
28.6,29.0,81,2023-07-09T14:48:34.502000+00:00,9126,1214
28.8,29.0,2,2023-07-09T14:49:06.924000+00:00,9126,1214
28.4,31.0,10,2023-07-09T14:51:59.061000+00:00,9126,1214
28.5,31.0,18,2023-07-09T14:52:09.014000+00:00,9126,1214
29.6,32.0,23,2023-07-09T14:53:40.184000+00:00,9126,1214
28.8,32.0,16,2023-07-09T14:53:40.559000+00:00,9126,1214
29.6,32.0,77,2023-07-09T14:54:08.949000+00:00,9126,1214
28.6,32.0,22,2023-07-09T14:54:17.418000+00:00,9126,1214
28.4,32.0,21,2023-07-09T14:54:24.543000+00:00,9126,1214
30.0,32.0,27,2023-07-09T14:54:41.464000+00:00,9126,1214
29.0,33.0,1,2023-07-09T14:54:58.871000+00:00,9126,1214
28.4,33.0,4,2023-07-09T14:55:12.183000+00:00,9126,1214
29.1,33.0,44,2023-07-09T14:55:27.761000+00:00,9126,1214
28.6,33.0,14,2023-07-09T14:55:38.635000+00:00,9126,1214
28.7,33.0,24,2023-07-09T14:56:37.462000+00:00,9126,1214
34.3,36.0,24,2023-07-09T15:03:13.908000+00:00,9126,1214
543.3,2.0,23,2023-07-21T11:41:08.221000+00:00,9223,1215
517.4,2.0,31,2023-07-21T11:41:30.611000+00:00,9223,1215
522.2,2.0,10,2023-07-21T11:41:46.439000+00:00,9223,1215
16.6,4.0,2,2023-07-21T11:43:11.219000+00:00,9223,1215
444.3,3.0,44,2023-07-21T11:50:31.152000+00:00,9223,1215
497.5,4.0,31,2023-07-21T11:53:37.056000+00:00,9223,1215
616.4,5.0,55,2023-07-21T11:55:29.711000+00:00,9223,1215
696.0,4.0,23,2023-07-21T11:56:14.398000+00:00,9223,1215
844.2,4.0,16,2023-07-21T11:57:48.194000+00:00,9223,1215
1014.9,5.0,20,2023-07-21T12:01:28.660000+00:00,9223,1215
1004.2,5.0,81,2023-07-21T12:01:33.942000+00:00,9223,1215
1011.0,5.0,4,2023-07-21T12:01:43.223000+00:00,9223,1215
1169.3,3.0,10,2023-07-21T12:03:09.378000+00:00,9223,1215
1536.9,4.0,77,2023-07-21T12:10:11.795000+00:00,9223,1215
799.4,5.0,23,2023-07-21T12:11:30.810000+00:00,9223,1215
1589.4,5.0,2,2023-07-21T12:11:40.435000+00:00,9223,1215
1684.2,5.0,3,2023-07-21T12:12:59.559000+00:00,9223,1215
1846.2,4.0,1,2023-07-21T12:13:56.574000+00:00,9223,1215
1018.9,6.0,55,2023-07-21T12:14:28.902000+00:00,9223,1215
680.9,6.0,81,2023-07-21T12:14:47.074000+00:00,9223,1215
680.0,6.0,20,2023-07-21T12:14:57.167000+00:00,9223,1215
2036.1,4.0,27,2023-07-21T12:19:03.118000+00:00,9223,1215
2057.3,5.0,14,2023-07-21T12:19:04.805000+00:00,9223,1215
2087.6,4.0,18,2023-07-21T12:19:06.352000+00:00,9223,1215
2020.6,5.0,63,2023-07-21T12:19:16.711000+00:00,9223,1215
2101.9,7.0,77,2023-07-21T12:19:36.805000+00:00,9223,1215
2070.4,8.0,2,2023-07-21T12:19:41.445000+00:00,9223,1215
970.9,6.0,4,2023-07-21T12:19:50.086000+00:00,9223,1215
1217.6,5.0,16,2023-07-21T12:19:58.976000+00:00,9223,1215
361.9,3.0,5,2023-07-21T13:17:28.547000+00:00,9223,1215
434.5,2.0,30,2023-07-21T13:17:36.875000+00:00,9223,1215
433.7,3.0,4,2023-07-21T13:18:41.781000+00:00,9223,1215
84.5,7.0,21,2023-07-21T13:28:05.962000+00:00,9223,1215
188.8,6.0,30,2023-07-21T13:28:18.102000+00:00,9223,1215
130.4,8.0,7,2023-07-21T13:28:22.243000+00:00,9223,1215
127.7,8.0,8,2023-07-21T13:28:23.868000+00:00,9223,1215
165.7,8.0,10,2023-07-21T13:28:29.243000+00:00,9223,1215
158.9,8.0,12,2023-07-21T13:28:30.759000+00:00,9223,1215
151.0,8.0,9,2023-07-21T13:28:34.024000+00:00,9223,1215
215.9,7.0,28,2023-07-21T13:28:47.180000+00:00,9223,1215
125.5,8.0,25,2023-07-21T13:28:51.993000+00:00,9223,1215
151.8,6.0,29,2023-07-21T13:28:58.946000+00:00,9223,1215
192.7,8.0,11,2023-07-21T13:29:02.368000+00:00,9223,1215
128.0,8.0,23,2023-07-21T13:29:08.508000+00:00,9223,1215
146.1,8.0,24,2023-07-21T13:29:09.696000+00:00,9223,1215
211.0,7.0,31,2023-07-21T13:29:11.336000+00:00,9223,1215
148.3,8.0,26,2023-07-21T13:29:19.727000+00:00,9223,1215
172.3,8.0,15,2023-07-21T13:29:21.477000+00:00,9223,1215
140.6,8.0,14,2023-07-21T13:29:22.805000+00:00,9223,1215
156.6,8.0,27,2023-07-21T13:29:25.008000+00:00,9223,1215
173.0,8.0,16,2023-07-21T13:29:26.867000+00:00,9223,1215
148.3,8.0,18,2023-07-21T13:29:34.195000+00:00,9223,1215
229.1,6.0,2,2023-07-21T13:29:58.023000+00:00,9223,1215
116.9,7.0,3,2023-07-21T13:29:59.679000+00:00,9223,1215
221.4,6.0,1,2023-07-21T13:30:02.195000+00:00,9223,1215
162.4,8.0,19,2023-07-21T13:30:03.789000+00:00,9223,1215
259.3,7.0,4,2023-07-21T13:30:05.211000+00:00,9223,1215
213.9,8.0,22,2023-07-21T13:30:11.507000+00:00,9223,1215
180.2,8.0,17,2023-07-21T13:30:14.742000+00:00,9223,1215
234.0,8.0,5,2023-07-21T13:30:19.507000+00:00,9223,1215
290.4,6.0,6,2023-07-21T13:30:48.835000+00:00,9223,1215
19.5,6.0,77,2023-07-21T15:08:55.971000+00:00,9127,1215
73.2,6.0,14,2023-07-21T15:09:19.799000+00:00,9127,1215
19.0,8.0,24,2023-07-21T15:11:48.641000+00:00,9127,1215
18.9,10.0,24,2023-07-21T15:15:37.826000+00:00,9127,1215
29.0,4.0,44,2023-07-21T15:16:12.873000+00:00,9127,1215
441.3,6.0,81,2023-07-21T15:17:14.559000+00:00,9127,1215
450.0,7.0,2,2023-07-21T15:17:20.013000+00:00,9127,1215
16.6,4.0,55,2023-07-21T15:18:03.293000+00:00,9127,1215
31.1,4.0,16,2023-07-21T15:18:27.371000+00:00,9127,1215
370.1,9.0,23,2023-07-21T15:19:14.355000+00:00,9127,1215
28.5,4.0,11,2023-07-21T15:20:11.448000+00:00,9127,1215
319.3,10.0,18,2023-07-21T15:21:08.166000+00:00,9127,1215
740.7,6.0,27,2023-07-21T15:21:18.604000+00:00,9127,1215
481.3,9.0,22,2023-07-21T15:21:34.713000+00:00,9127,1215
16.8,8.0,44,2023-07-21T15:23:39.883000+00:00,9127,1215
396.2,11.0,14,2023-07-21T15:23:42.805000+00:00,9127,1215
892.0,6.0,20,2023-07-21T15:23:45.789000+00:00,9127,1215
435.3,11.0,24,2023-07-21T15:24:36.351000+00:00,9127,1215
595.6,9.0,4,2023-07-21T15:24:45.242000+00:00,9127,1215
805.1,9.0,77,2023-07-21T15:27:01.568000+00:00,9127,1215
598.9,11.0,31,2023-07-21T15:27:11.396000+00:00,9127,1215
34.5,12.0,22,2023-07-21T15:27:15.162000+00:00,9127,1215
448.1,12.0,3,2023-07-21T15:27:29.256000+00:00,9127,1215
18.9,14.0,24,2023-07-21T15:30:02.082000+00:00,9127,1215
924.5,9.0,10,2023-07-21T15:30:05.785000+00:00,9127,1215
564.0,9.0,63,2023-07-21T15:30:17.363000+00:00,9127,1215
583.7,7.0,16,2023-07-21T15:33:08.330000+00:00,9127,1215
599.4,12.0,2,2023-07-21T15:35:09.438000+00:00,9127,1215
507.3,14.0,23,2023-07-21T15:35:29.953000+00:00,9127,1215
422.1,14.0,14,2023-07-21T15:35:35.188000+00:00,9127,1215
775.1,7.0,55,2023-07-21T15:35:36.891000+00:00,9127,1215
434.7,11.0,27,2023-07-21T15:36:48.812000+00:00,9127,1215
19.0,13.0,2,2023-07-21T15:37:11.780000+00:00,9127,1215
468.5,12.0,4,2023-07-21T15:37:21.593000+00:00,9127,1215
381.4,16.0,18,2023-07-21T15:37:34.233000+00:00,9127,1215
575.0,11.0,44,2023-07-21T15:37:47.092000+00:00,9127,1215
430.0,14.0,31,2023-07-21T15:39:04.232000+00:00,9127,1215
38.8,10.0,16,2023-07-21T15:39:10.685000+00:00,9127,1215
24.3,14.0,2,2023-07-21T15:39:17.591000+00:00,9127,1215
448.1,15.0,22,2023-07-21T15:39:51.560000+00:00,9127,1215
766.3,7.0,1,2023-07-21T15:40:03.169000+00:00,9127,1215
21.9,17.0,23,2023-07-21T15:40:24.356000+00:00,9127,1215
31.7,10.0,55,2023-07-21T15:41:32.137000+00:00,9127,1215
423.2,12.0,10,2023-07-21T15:42:07.152000+00:00,9127,1215
743.4,9.0,11,2023-07-21T15:42:08.589000+00:00,9127,1215
433.9,17.0,24,2023-07-21T15:42:19.980000+00:00,9127,1215
393.4,18.0,3,2023-07-21T15:44:19.900000+00:00,9127,1215
323.8,15.0,20,2023-07-21T15:45:02.228000+00:00,9127,1215
363.0,17.0,77,2023-07-21T15:45:18.384000+00:00,9127,1215
22.1,19.0,3,2023-07-21T15:46:07.571000+00:00,9127,1215
21.8,20.0,3,2023-07-21T15:47:55.913000+00:00,9127,1215
22.6,21.0,24,2023-07-21T15:48:20.351000+00:00,9127,1215
22.1,20.0,77,2023-07-21T15:50:06.115000+00:00,9127,1215
421.2,12.0,16,2023-07-21T15:50:10.365000+00:00,9127,1215
321.0,12.0,55,2023-07-21T15:50:26.131000+00:00,9127,1215
333.6,10.0,1,2023-07-21T15:50:33.802000+00:00,9127,1215
1535.9,12.0,81,2023-07-21T15:53:00.691000+00:00,9127,1215
675.0,18.0,63,2023-07-21T15:54:37.425000+00:00,9127,1215
17.7,28.0,14,2023-07-21T15:55:39.424000+00:00,9127,1215
24.7,31.0,18,2023-07-21T15:59:01.328000+00:00,9127,1215
22.1,30.0,14,2023-07-21T15:59:17.828000+00:00,9127,1215
724.0,12.0,11,2023-07-21T15:59:22.843000+00:00,9127,1215
19.6,28.0,3,2023-07-21T15:59:30.640000+00:00,9127,1215
21.1,2.0,77,2023-07-22T10:31:52.708000+00:00,9128,1215
23.9,2.0,24,2023-07-22T10:32:07.082000+00:00,9128,1215
21.0,3.0,77,2023-07-22T10:33:52.831000+00:00,9128,1215
28.4,3.0,24,2023-07-22T10:34:21.221000+00:00,9128,1215
21.5,4.0,77,2023-07-22T10:35:47.767000+00:00,9128,1215
19.4,4.0,24,2023-07-22T10:36:22.642000+00:00,9128,1215
20.6,5.0,77,2023-07-22T10:37:59+00:00,9128,1215
19.0,5.0,24,2023-07-22T10:38:31.703000+00:00,9128,1215
421.8,4.0,16,2023-07-22T10:44:14.246000+00:00,9128,1215
20.5,7.0,18,2023-07-22T10:44:36.512000+00:00,9128,1215
24.8,4.0,63,2023-07-22T10:46:10.604000+00:00,9128,1215
362.5,6.0,1,2023-07-22T10:46:37.151000+00:00,9128,1215
400.9,6.0,24,2023-07-22T10:46:55.072000+00:00,9128,1215
451.1,6.0,77,2023-07-22T10:47:15.260000+00:00,9128,1215
414.0,6.0,55,2023-07-22T10:47:37.291000+00:00,9128,1215
29.9,4.0,44,2023-07-22T10:47:42.697000+00:00,9128,1215
420.1,7.0,11,2023-07-22T10:48:49.837000+00:00,9128,1215
426.3,8.0,20,2023-07-22T10:49:49.320000+00:00,9128,1215
23.6,7.0,14,2023-07-22T10:51:18.788000+00:00,9128,1215
28.9,6.0,44,2023-07-22T10:51:54.100000+00:00,9128,1215
18.5,9.0,24,2023-07-22T10:52:12.194000+00:00,9128,1215
682.5,5.0,23,2023-07-22T10:52:16.162000+00:00,9128,1215
19.6,9.0,77,2023-07-22T10:52:43.928000+00:00,9128,1215
383.7,14.0,22,2023-07-22T10:55:52.176000+00:00,9128,1215
596.1,8.0,18,2023-07-22T10:56:11.925000+00:00,9128,1215
608.0,5.0,2,2023-07-22T10:56:19.847000+00:00,9128,1215
541.5,13.0,3,2023-07-22T10:56:53.456000+00:00,9128,1215
22.9,12.0,24,2023-07-22T10:57:31.987000+00:00,9128,1215
23.2,12.0,77,2023-07-22T10:58:20.877000+00:00,9128,1215
26.6,9.0,44,2023-07-22T10:58:22.940000+00:00,9128,1215
29.3,13.0,20,2023-07-22T10:58:38.705000+00:00,9128,1215
25.6,9.0,23,2023-07-22T10:59:48.501000+00:00,9128,1215
28.4,8.0,27,2023-07-22T11:01:46.468000+00:00,9128,1215
608.9,7.0,81,2023-07-22T11:03:41.295000+00:00,9128,1215
449.2,10.0,14,2023-07-22T11:03:57.670000+00:00,9128,1215
736.3,10.0,10,2023-07-22T11:06:14.528000+00:00,9128,1215
715.0,10.0,31,2023-07-22T11:06:40.325000+00:00,9128,1215
497.2,13.0,77,2023-07-22T11:08:07.136000+00:00,9128,1215
632.3,10.0,4,2023-07-22T11:08:50.682000+00:00,9128,1215
613.8,13.0,24,2023-07-22T11:09:38.494000+00:00,9128,1215
389.8,11.0,2,2023-07-22T11:12:49.149000+00:00,9128,1215
570.4,11.0,23,2023-07-22T11:13:06.476000+00:00,9128,1215
716.4,14.0,63,2023-07-22T11:13:43.304000+00:00,9128,1215
642.9,12.0,44,2023-07-22T11:13:47.023000+00:00,9128,1215
721.9,12.0,18,2023-07-22T11:14:50.116000+00:00,9128,1215
672.3,18.0,1,2023-07-22T11:14:53.069000+00:00,9128,1215
361.5,13.0,14,2023-07-22T11:14:55.647000+00:00,9128,1215
644.3,19.0,11,2023-07-22T11:16:46.833000+00:00,9128,1215
26.2,16.0,10,2023-07-22T11:17:15.974000+00:00,9128,1215
39.9,18.0,24,2023-07-22T11:18:31.676000+00:00,9128,1215
26.5,17.0,63,2023-07-22T11:19:36.956000+00:00,9128,1215
25.8,17.0,31,2023-07-22T11:19:41.644000+00:00,9128,1215
567.0,21.0,3,2023-07-22T11:19:49.394000+00:00,9128,1215
697.6,22.0,22,2023-07-22T11:20:43.768000+00:00,9128,1215
733.5,21.0,16,2023-07-22T11:20:56.534000+00:00,9128,1215
528.3,23.0,55,2023-07-22T11:21:05.784000+00:00,9128,1215
792.9,20.0,20,2023-07-22T11:21:34.924000+00:00,9128,1215
621.0,15.0,27,2023-07-22T11:21:43.205000+00:00,9128,1215
563.5,13.0,81,2023-07-22T11:22:57.517000+00:00,9128,1215
312.5,15.0,44,2023-07-22T11:24:47.922000+00:00,9128,1215
27.8,25.0,22,2023-07-22T11:26:22.124000+00:00,9128,1215
396.3,16.0,14,2023-07-22T11:26:36.327000+00:00,9128,1215
276.9,22.0,11,2023-07-22T11:26:52.545000+00:00,9128,1215
30.5,26.0,55,2023-07-22T11:27:02.597000+00:00,9128,1215
350.0,19.0,10,2023-07-22T11:27:43.435000+00:00,9128,1215
579.8,14.0,23,2023-07-22T11:27:49.716000+00:00,9128,1215
513.9,16.0,4,2023-07-22T11:28:24.810000+00:00,9128,1215
233.8,20.0,63,2023-07-22T11:28:38.982000+00:00,9128,1215
553.7,21.0,1,2023-07-22T11:28:56.122000+00:00,9128,1215
384.9,22.0,77,2023-07-22T11:28:59.216000+00:00,9128,1215
279.0,20.0,31,2023-07-22T11:29:03.528000+00:00,9128,1215
364.7,21.0,24,2023-07-22T11:29:24.731000+00:00,9128,1215
260.6,18.0,18,2023-07-22T11:29:26.668000+00:00,9128,1215
45.2,26.0,3,2023-07-22T11:29:40.778000+00:00,9128,1215
717.8,14.0,2,2023-07-22T11:29:43.731000+00:00,9128,1215
144.7,4.0,3,2023-07-22T14:07:24.140000+00:00,9129,1215
167.4,4.0,22,2023-07-22T14:07:37.640000+00:00,9129,1215
97.6,6.0,31,2023-07-22T14:09:46.248000+00:00,9129,1215
137.5,6.0,10,2023-07-22T14:09:59.951000+00:00,9129,1215
176.8,6.0,11,2023-07-22T14:11:19.325000+00:00,9129,1215
192.1,6.0,24,2023-07-22T14:11:43.043000+00:00,9129,1215
152.7,6.0,16,2023-07-22T14:11:49.059000+00:00,9129,1215
185.8,6.0,18,2023-07-22T14:11:52.199000+00:00,9129,1215
172.9,6.0,14,2023-07-22T14:11:59.918000+00:00,9129,1215
171.0,6.0,81,2023-07-22T14:12:04.590000+00:00,9129,1215
127.1,7.0,4,2023-07-22T14:12:27.871000+00:00,9129,1215
110.7,7.0,55,2023-07-22T14:12:45.324000+00:00,9129,1215
339.7,6.0,77,2023-07-22T14:14:33.166000+00:00,9129,1215
211.7,6.0,23,2023-07-22T14:14:48.744000+00:00,9129,1215
210.9,6.0,2,2023-07-22T14:14:49.994000+00:00,9129,1215
166.0,7.0,3,2023-07-22T14:14:54.104000+00:00,9129,1215
321.4,6.0,20,2023-07-22T14:14:55.401000+00:00,9129,1215
169.2,7.0,22,2023-07-22T14:15:00.275000+00:00,9129,1215
241.7,7.0,1,2023-07-22T14:15:01.369000+00:00,9129,1215
343.8,6.0,27,2023-07-22T14:15:04.760000+00:00,9129,1215
183.6,7.0,63,2023-07-22T14:15:13.197000+00:00,9129,1215
246.9,6.0,44,2023-07-22T14:15:14.057000+00:00,9129,1215
85.0,9.0,10,2023-07-22T14:15:42.931000+00:00,9129,1215
100.2,9.0,31,2023-07-22T14:15:49.072000+00:00,9129,1215
523.8,9.0,11,2023-07-22T14:25:05.081000+00:00,9129,1215
391.7,11.0,31,2023-07-22T14:25:31.643000+00:00,9129,1215
324.7,11.0,18,2023-07-22T14:25:53.456000+00:00,9129,1215
424.1,10.0,1,2023-07-22T14:26:57.392000+00:00,9129,1215
607.4,10.0,55,2023-07-22T14:27:34.314000+00:00,9129,1215
442.9,12.0,4,2023-07-22T14:27:38.283000+00:00,9129,1215
549.3,10.0,16,2023-07-22T14:27:42.501000+00:00,9129,1215
480.0,10.0,3,2023-07-22T14:27:45.376000+00:00,9129,1215
521.4,10.0,14,2023-07-22T14:27:56.782000+00:00,9129,1215
519.2,10.0,81,2023-07-22T14:28:01.892000+00:00,9129,1215
489.6,9.0,27,2023-07-22T14:28:10.142000+00:00,9129,1215
569.4,11.0,10,2023-07-22T14:28:14.938000+00:00,9129,1215
531.6,11.0,24,2023-07-22T14:28:26.860000+00:00,9129,1215
550.1,9.0,77,2023-07-22T14:28:27.548000+00:00,9129,1215
497.7,9.0,44,2023-07-22T14:28:31.360000+00:00,9129,1215
170.2,13.0,1,2023-07-22T14:34:22.044000+00:00,9129,1215
144.9,16.0,18,2023-07-22T14:36:33.745000+00:00,9129,1215
221.7,12.0,27,2023-07-22T14:36:36.167000+00:00,9129,1215
236.1,13.0,3,2023-07-22T14:36:38.667000+00:00,9129,1215
224.1,14.0,24,2023-07-22T14:36:44.120000+00:00,9129,1215
208.8,12.0,44,2023-07-22T14:36:49.526000+00:00,9129,1215
273.2,13.0,55,2023-07-22T14:36:51.651000+00:00,9129,1215
220.4,12.0,77,2023-07-22T14:36:53.464000+00:00,9129,1215
263.2,14.0,10,2023-07-22T14:37:19.776000+00:00,9129,1215
443.5,14.0,31,2023-07-22T14:37:29.088000+00:00,9129,1215
302.9,13.0,16,2023-07-22T14:37:36.417000+00:00,9129,1215
285.6,13.0,14,2023-07-22T14:37:37.495000+00:00,9129,1215
159.8,15.0,11,2023-07-22T14:37:45.307000+00:00,9129,1215
297.0,13.0,81,2023-07-22T14:37:50.120000+00:00,9129,1215
323.7,18.0,11,2023-07-22T14:48:04.441000+00:00,9129,1215
340.6,16.0,14,2023-07-22T14:48:18.503000+00:00,9129,1215
968.6,15.0,4,2023-07-22T14:48:28.644000+00:00,9129,1215
424.9,15.0,27,2023-07-22T14:48:31.034000+00:00,9129,1215
429.5,17.0,24,2023-07-22T14:48:44.393000+00:00,9129,1215
417.7,15.0,77,2023-07-22T14:48:48.878000+00:00,9129,1215
597.7,16.0,1,2023-07-22T14:48:53.175000+00:00,9129,1215
408.5,16.0,16,2023-07-22T14:49:05.065000+00:00,9129,1215
465.5,15.0,81,2023-07-22T14:49:10.424000+00:00,9129,1215
471.6,15.0,44,2023-07-22T14:49:29.705000+00:00,9129,1215
177.9,18.0,27,2023-07-22T14:56:10.482000+00:00,9129,1215
203.6,21.0,11,2023-07-22T14:56:13.138000+00:00,9129,1215
146.9,19.0,1,2023-07-22T14:56:20.310000+00:00,9129,1215
162.9,19.0,16,2023-07-22T14:56:25.920000+00:00,9129,1215
188.6,19.0,14,2023-07-22T14:56:39.716000+00:00,9129,1215
213.9,18.0,4,2023-07-22T14:56:48.669000+00:00,9129,1215
178.7,18.0,81,2023-07-22T14:56:51.232000+00:00,9129,1215
216.2,20.0,24,2023-07-22T14:57:09.482000+00:00,9129,1215
216.6,18.0,77,2023-07-22T14:57:15.450000+00:00,9129,1215
210.0,18.0,44,2023-07-22T14:57:33.653000+00:00,9129,1215
22.0,8.0,23,2023-07-23T13:15:10.245000+00:00,9133,1215
21.9,9.0,18,2023-07-23T13:16:32.384000+00:00,9133,1215
22.1,9.0,77,2023-07-23T13:16:34.056000+00:00,9133,1215
26.1,9.0,22,2023-07-23T13:16:37.321000+00:00,9133,1215
29.2,10.0,24,2023-07-23T13:18:10.351000+00:00,9133,1215
24.0,13.0,2,2023-07-23T13:22:23.628000+00:00,9133,1215
22.7,14.0,20,2023-07-23T13:23:47.501000+00:00,9133,1215
21.4,15.0,55,2023-07-23T13:24:58.984000+00:00,9133,1215
21.9,16.0,44,2023-07-23T13:26:18.452000+00:00,9133,1215
22.9,16.0,27,2023-07-23T13:26:34.904000+00:00,9133,1215
21.5,17.0,4,2023-07-23T13:27:38.903000+00:00,9133,1215
28.4,17.0,16,2023-07-23T13:27:52.778000+00:00,9133,1215
21.1,18.0,81,2023-07-23T13:29:01.402000+00:00,9133,1215
21.9,18.0,3,2023-07-23T13:29:32.901000+00:00,9133,1215
22.9,20.0,14,2023-07-23T13:32:09.852000+00:00,9133,1215
21.4,23.0,1,2023-07-23T13:35:54.223000+00:00,9133,1215
21.8,24.0,11,2023-07-23T13:37:42.736000+00:00,9133,1215
21.8,28.0,63,2023-07-23T13:43:43.095000+00:00,9133,1215
22.2,29.0,3,2023-07-23T13:45:35.625000+00:00,9133,1215
21.7,31.0,23,2023-07-23T13:48:16.247000+00:00,9133,1215
22.4,34.0,18,2023-07-23T13:52:25.274000+00:00,9133,1215
22.1,34.0,2,2023-07-23T13:52:46.773000+00:00,9133,1215
21.9,38.0,27,2023-07-23T13:58:20.720000+00:00,9133,1215
22.8,38.0,24,2023-07-23T13:58:26.142000+00:00,9133,1215
23.2,40.0,77,2023-07-23T14:01:02.843000+00:00,9133,1215
22.1,41.0,20,2023-07-23T14:02:55.184000+00:00,9133,1215
22.0,42.0,81,2023-07-23T14:03:10.559000+00:00,9133,1215
20.8,42.0,11,2023-07-23T14:03:12.700000+00:00,9133,1215
21.4,43.0,16,2023-07-23T14:04:53.776000+00:00,9133,1215
24.1,43.0,14,2023-07-23T14:05:04.463000+00:00,9133,1215
21.4,44.0,4,2023-07-23T14:05:50.087000+00:00,9133,1215
22.0,44.0,55,2023-07-23T14:06:18.603000+00:00,9133,1215
21.1,44.0,22,2023-07-23T14:06:55.477000+00:00,9133,1215
21.6,46.0,63,2023-07-23T14:09:11.959000+00:00,9133,1215
21.7,49.0,44,2023-07-23T14:13:04.017000+00:00,9133,1215
21.6,51.0,1,2023-07-23T14:15:15.906000+00:00,9133,1215
600.6,4.0,22,2023-07-28T11:48:48.761000+00:00,9134,1216
890.9,2.0,77,2023-07-28T11:49:20.198000+00:00,9134,1216
605.6,4.0,3,2023-07-28T11:49:35.870000+00:00,9134,1216
24.7,2.0,4,2023-07-28T11:49:52.651000+00:00,9134,1216
919.7,2.0,27,2023-07-28T11:50:32.588000+00:00,9134,1216
26.0,2.0,81,2023-07-28T11:51:10.946000+00:00,9134,1216
23.9,4.0,55,2023-07-28T11:52:14.930000+00:00,9134,1216
1017.3,2.0,20,2023-07-28T11:52:18.758000+00:00,9134,1216
789.9,4.0,63,2023-07-28T11:52:24.570000+00:00,9134,1216
34.9,4.0,77,2023-07-28T11:55:06.895000+00:00,9134,1216
956.1,4.0,24,2023-07-28T11:55:33.223000+00:00,9134,1216
998.1,3.0,18,2023-07-28T11:55:42.379000+00:00,9134,1216
25.5,7.0,22,2023-07-28T11:56:09.675000+00:00,9134,1216
1162.0,4.0,23,2023-07-28T11:56:17.675000+00:00,9134,1216
27.0,4.0,16,2023-07-28T11:56:23.847000+00:00,9134,1216
27.1,7.0,3,2023-07-28T11:56:53.597000+00:00,9134,1216
1279.1,3.0,2,2023-07-28T11:56:58.268000+00:00,9134,1216
1242.3,4.0,44,2023-07-28T11:59:02.829000+00:00,9134,1216
25.8,7.0,63,2023-07-28T11:59:47.531000+00:00,9134,1216
1225.1,5.0,11,2023-07-28T12:16:59.591000+00:00,9134,1216
1500.0,2.0,1,2023-07-28T12:17:22.669000+00:00,9134,1216
1375.1,4.0,14,2023-07-28T12:19:06.870000+00:00,9134,1216
2410.3,5.0,18,2023-07-28T12:19:14.573000+00:00,9134,1216
2922.2,6.0,24,2023-07-28T12:28:19.313000+00:00,9134,1216
1946.5,6.0,16,2023-07-28T12:28:23.501000+00:00,9134,1216
2035.7,7.0,77,2023-07-28T12:28:27.688000+00:00,9134,1216
3026.3,5.0,44,2023-07-28T12:28:46.985000+00:00,9134,1216
1821.0,7.0,55,2023-07-28T12:28:55.985000+00:00,9134,1216
1760.9,6.0,27,2023-07-28T12:29:06.406000+00:00,9134,1216
1785.3,5.0,20,2023-07-28T12:29:12.922000+00:00,9134,1216
24.5,5.0,77,2023-07-28T15:19:24.476000+00:00,9135,1216
37.5,5.0,81,2023-07-28T15:20:07.694000+00:00,9135,1216
24.6,5.0,24,2023-07-28T15:20:19.678000+00:00,9135,1216
104.5,5.0,44,2023-07-28T15:20:22.241000+00:00,9135,1216
120.3,5.0,63,2023-07-28T15:20:26.647000+00:00,9135,1216
26.1,5.0,10,2023-07-28T15:20:49.209000+00:00,9135,1216
26.8,5.0,31,2023-07-28T15:20:57.162000+00:00,9135,1216
49.2,6.0,4,2023-07-28T15:22:02.489000+00:00,9135,1216
73.8,6.0,20,2023-07-28T15:23:09.925000+00:00,9135,1216
137.7,6.0,23,2023-07-28T15:23:24.535000+00:00,9135,1216
86.5,6.0,22,2023-07-28T15:24:20.299000+00:00,9135,1216
84.6,6.0,3,2023-07-28T15:24:29.065000+00:00,9135,1216
142.3,6.0,18,2023-07-28T15:24:39.424000+00:00,9135,1216
172.6,6.0,14,2023-07-28T15:24:46.174000+00:00,9135,1216
23.9,7.0,16,2023-07-28T15:25:40.017000+00:00,9135,1216
24.2,7.0,55,2023-07-28T15:25:55.501000+00:00,9135,1216
385.3,5.0,27,2023-07-28T15:26:18.157000+00:00,9135,1216
188.0,10.0,44,2023-07-28T15:35:03.397000+00:00,9135,1216
184.4,10.0,63,2023-07-28T15:35:06.710000+00:00,9135,1216
249.5,10.0,77,2023-07-28T15:35:10.319000+00:00,9135,1216
201.7,10.0,20,2023-07-28T15:35:12.194000+00:00,9135,1216
232.4,9.0,18,2023-07-28T15:35:18.913000+00:00,9135,1216
224.6,10.0,81,2023-07-28T15:35:21.116000+00:00,9135,1216
213.4,9.0,14,2023-07-28T15:35:22.788000+00:00,9135,1216
333.3,9.0,31,2023-07-28T15:35:28.850000+00:00,9135,1216
308.1,9.0,11,2023-07-28T15:35:37.475000+00:00,9135,1216
216.1,10.0,16,2023-07-28T15:35:55.459000+00:00,9135,1216
300.3,9.0,1,2023-07-28T15:36:00.334000+00:00,9135,1216
219.5,10.0,55,2023-07-28T15:36:02.115000+00:00,9135,1216
255.7,10.0,10,2023-07-28T15:36:15.990000+00:00,9135,1216
333.1,9.0,22,2023-07-28T15:36:22.536000+00:00,9135,1216
655.9,9.0,4,2023-07-28T15:39:05.940000+00:00,9135,1216
25.4,13.0,77,2023-07-28T15:42:00.187000+00:00,9135,1216
24.1,12.0,18,2023-07-28T15:42:35.061000+00:00,9135,1216
27.7,13.0,81,2023-07-28T15:42:40.155000+00:00,9135,1216
25.1,12.0,31,2023-07-28T15:42:56.201000+00:00,9135,1216
26.5,12.0,11,2023-07-28T15:43:01.529000+00:00,9135,1216
49.2,12.0,14,2023-07-28T15:43:04.107000+00:00,9135,1216
26.7,12.0,1,2023-07-28T15:43:08.451000+00:00,9135,1216
103.3,13.0,63,2023-07-28T15:43:20.732000+00:00,9135,1216
24.4,11.0,4,2023-07-28T15:43:31.716000+00:00,9135,1216
30.3,13.0,16,2023-07-28T15:43:41.107000+00:00,9135,1216
32.3,13.0,10,2023-07-28T15:43:45.888000+00:00,9135,1216
81.5,12.0,22,2023-07-28T15:44:36.981000+00:00,9135,1216
36.4,14.0,44,2023-07-28T15:44:46.184000+00:00,9135,1216
24.6,13.0,18,2023-07-28T15:45:02.262000+00:00,9135,1216
91.2,14.0,20,2023-07-28T15:45:26.621000+00:00,9135,1216
24.3,14.0,55,2023-07-28T15:45:34.730000+00:00,9135,1216
599.5,17.0,14,2023-07-28T16:03:33.367000+00:00,9135,1216
622.6,17.0,18,2023-07-28T16:03:36.242000+00:00,9135,1216
605.4,16.0,4,2023-07-28T16:03:42.148000+00:00,9135,1216
651.0,18.0,81,2023-07-28T16:03:45.773000+00:00,9135,1216
658.7,18.0,44,2023-07-28T16:03:54.867000+00:00,9135,1216
622.4,18.0,63,2023-07-28T16:03:58.226000+00:00,9135,1216
615.1,17.0,1,2023-07-28T16:04:05.195000+00:00,9135,1216
607.3,18.0,16,2023-07-28T16:04:09.820000+00:00,9135,1216
657.2,17.0,11,2023-07-28T16:04:20.585000+00:00,9135,1216
638.3,18.0,55,2023-07-28T16:04:23.694000+00:00,9135,1216
139.9,20.0,18,2023-07-28T16:11:59.639000+00:00,9135,1216
105.7,21.0,16,2023-07-28T16:12:03.827000+00:00,9135,1216
95.4,21.0,55,2023-07-28T16:12:08.516000+00:00,9135,1216
148.1,21.0,81,2023-07-28T16:12:10.139000+00:00,9135,1216
151.7,19.0,4,2023-07-28T16:12:12.780000+00:00,9135,1216
175.6,20.0,14,2023-07-28T16:12:23.592000+00:00,9135,1216
149.5,20.0,1,2023-07-28T16:12:33.686000+00:00,9135,1216
56.4,22.0,44,2023-07-28T16:12:41.873000+00:00,9135,1216
53.9,22.0,63,2023-07-28T16:12:43.420000+00:00,9135,1216
142.4,20.0,11,2023-07-28T16:12:48.795000+00:00,9135,1216
25.8,3.0,20,2023-07-29T10:40:12.161000+00:00,9286,1216
24.8,3.0,27,2023-07-29T10:40:24.146000+00:00,9286,1216
27.2,4.0,2,2023-07-29T10:43:03.050000+00:00,9286,1216
25.6,4.0,23,2023-07-29T10:43:16.128000+00:00,9286,1216
45.1,4.0,18,2023-07-29T10:44:10.956000+00:00,9286,1216
24.4,5.0,20,2023-07-29T10:44:50.564000+00:00,9286,1216
28.7,5.0,27,2023-07-29T10:45:03.111000+00:00,9286,1216
244.3,7.0,3,2023-07-29T10:54:12.777000+00:00,9286,1216
208.8,8.0,4,2023-07-29T10:54:30.527000+00:00,9286,1216
369.0,7.0,2,2023-07-29T10:55:41.245000+00:00,9286,1216
304.0,7.0,31,2023-07-29T10:56:03.573000+00:00,9286,1216
297.3,7.0,10,2023-07-29T10:56:09.323000+00:00,9286,1216
335.2,8.0,44,2023-07-29T10:56:16.541000+00:00,9286,1216
451.3,7.0,63,2023-07-29T10:56:20.760000+00:00,9286,1216
418.7,7.0,16,2023-07-29T10:56:27.276000+00:00,9286,1216
405.5,7.0,55,2023-07-29T10:56:31.291000+00:00,9286,1216
434.9,7.0,81,2023-07-29T10:56:35.697000+00:00,9286,1216
374.2,7.0,1,2023-07-29T10:56:48.291000+00:00,9286,1216
343.1,7.0,18,2023-07-29T10:56:52.603000+00:00,9286,1216
342.9,7.0,11,2023-07-29T10:56:56.603000+00:00,9286,1216
51.2,8.0,18,2023-07-29T11:00:15.289000+00:00,9286,1216
42.9,9.0,2,2023-07-29T11:00:59.726000+00:00,9286,1216
674.6,7.0,23,2023-07-29T11:01:04.944000+00:00,9286,1216
629.7,6.0,14,2023-07-29T11:01:07.585000+00:00,9286,1216
49.3,10.0,3,2023-07-29T11:01:20.819000+00:00,9286,1216
1572.4,10.0,16,2023-07-29T11:15:40.747000+00:00,9286,1216
1557.2,10.0,55,2023-07-29T11:15:42.966000+00:00,9286,1216
1475.9,11.0,10,2023-07-29T11:15:48.028000+00:00,9286,1216
1488.2,12.0,4,2023-07-29T11:15:49.950000+00:00,9286,1216
1492.7,11.0,31,2023-07-29T11:15:52.231000+00:00,9286,1216
1593.4,10.0,81,2023-07-29T11:15:53.794000+00:00,9286,1216
1527.5,12.0,44,2023-07-29T11:16:08.528000+00:00,9286,1216
1641.8,10.0,63,2023-07-29T11:16:11.325000+00:00,9286,1216
1549.6,10.0,1,2023-07-29T11:16:23.606000+00:00,9286,1216
1511.7,10.0,11,2023-07-29T11:16:25.606000+00:00,9286,1216
24.3,1.0,1,2023-07-29T15:53:13.311000+00:00,9140,1216
26.5,1.0,16,2023-07-29T15:53:19.764000+00:00,9140,1216
26.3,1.0,4,2023-07-29T15:53:21.530000+00:00,9140,1216
24.0,1.0,31,2023-07-29T15:53:22.030000+00:00,9140,1216
24.5,1.0,63,2023-07-29T15:53:23.842000+00:00,9140,1216
23.9,1.0,14,2023-07-29T15:53:26.561000+00:00,9140,1216
24.9,1.0,2,2023-07-29T15:53:26.873000+00:00,9140,1216
23.3,1.0,22,2023-07-29T15:53:28.233000+00:00,9140,1216
24.4,1.0,20,2023-07-29T15:53:30.326000+00:00,9140,1216
24.8,1.0,24,2023-07-29T15:53:33.920000+00:00,9140,1216
25.0,5.0,4,2023-07-30T13:13:52.872000+00:00,9141,1216
22.8,5.0,3,2023-07-30T13:13:54.732000+00:00,9141,1216
23.6,5.0,20,2023-07-30T13:13:54.872000+00:00,9141,1216
23.0,6.0,31,2023-07-30T13:15:47.371000+00:00,9141,1216
23.3,6.0,77,2023-07-30T13:15:48.574000+00:00,9141,1216
25.0,7.0,23,2023-07-30T13:17:39.917000+00:00,9141,1216
23.3,7.0,55,2023-07-30T13:17:44.135000+00:00,9141,1216
24.4,7.0,24,2023-07-30T13:17:46.151000+00:00,9141,1216
23.5,8.0,2,2023-07-30T13:19:38.525000+00:00,9141,1216
22.6,9.0,22,2023-07-30T13:21:22.102000+00:00,9141,1216
23.0,10.0,14,2023-07-30T13:23:11.944000+00:00,9141,1216
23.0,12.0,44,2023-07-30T13:26:50.911000+00:00,9141,1216
24.5,12.0,27,2023-07-30T13:27:21.129000+00:00,9141,1216
23.6,13.0,11,2023-07-30T13:28:34.034000+00:00,9141,1216
23.2,13.0,16,2023-07-30T13:28:39.784000+00:00,9141,1216
22.8,14.0,1,2023-07-30T13:30:28.299000+00:00,9141,1216
23.7,17.0,4,2023-07-30T13:37:01.638000+00:00,9141,1216
25.3,20.0,18,2023-07-30T13:42:38.463000+00:00,9141,1216
23.8,22.0,63,2023-07-30T13:46:24.960000+00:00,9141,1216
23.2,22.0,3,2023-07-30T13:46:42.507000+00:00,9141,1216
23.5,23.0,23,2023-07-30T13:48:26.459000+00:00,9141,1216
25.6,23.0,10,2023-07-30T13:48:26.709000+00:00,9141,1216
22.7,24.0,22,2023-07-30T13:50:15.661000+00:00,9141,1216
23.7,24.0,77,2023-07-30T13:50:26.723000+00:00,9141,1216
25.2,24.0,27,2023-07-30T13:50:29.661000+00:00,9141,1216
23.9,24.0,2,2023-07-30T13:50:34.082000+00:00,9141,1216
23.3,25.0,31,2023-07-30T13:52:14.362000+00:00,9141,1216
23.5,25.0,20,2023-07-30T13:52:19.066000+00:00,9141,1216
24.0,25.0,24,2023-07-30T13:52:25.862000+00:00,9141,1216
23.0,27.0,44,2023-07-30T13:55:23.423000+00:00,9141,1216
23.1,28.0,16,2023-07-30T13:57:11.766000+00:00,9141,1216
22.7,29.0,11,2023-07-30T13:58:57.311000+00:00,9141,1216
23.7,29.0,14,2023-07-30T13:59:25.733000+00:00,9141,1216
23.0,30.0,1,2023-07-30T14:00:39.544000+00:00,9141,1216
23.5,33.0,23,2023-07-30T14:07:30.446000+00:00,9141,1216
23.1,34.0,2,2023-07-30T14:09:33.023000+00:00,9141,1216
23.1,42.0,44,2023-07-30T14:23:28.733000+00:00,9141,1216
35.6,6.0,20,2023-08-25T10:37:25.234000+00:00,9142,1217
257.4,3.0,22,2023-08-25T10:37:49.561000+00:00,9142,1217
268.9,3.0,77,2023-08-25T10:37:56.295000+00:00,9142,1217
385.6,2.0,81,2023-08-25T10:38:53.638000+00:00,9142,1217
328.4,3.0,3,2023-08-25T10:39:45.309000+00:00,9142,1217
500.3,2.0,4,2023-08-25T10:40:22.418000+00:00,9142,1217
22.8,3.0,4,2023-08-25T10:42:19.869000+00:00,9142,1217
36.0,4.0,4,2023-08-25T10:44:34.163000+00:00,9142,1217
35.7,11.0,20,2023-08-25T10:44:43.257000+00:00,9142,1217
42.4,5.0,4,2023-08-25T10:46:57.598000+00:00,9142,1217
587.2,3.0,14,2023-08-25T10:49:07.237000+00:00,9142,1217
28.7,14.0,20,2023-08-25T10:49:15.877000+00:00,9142,1217
592.9,8.0,63,2023-08-25T10:49:57.001000+00:00,9142,1217
392.5,10.0,1,2023-08-25T10:50:14.688000+00:00,9142,1217
435.4,10.0,44,2023-08-25T10:50:45.875000+00:00,9142,1217
24.3,12.0,77,2023-08-25T10:51:28.047000+00:00,9142,1217
803.4,3.0,81,2023-08-25T10:53:52.763000+00:00,9142,1217
592.6,11.0,2,2023-08-25T10:55:00.902000+00:00,9142,1217
1243.2,3.0,24,2023-08-25T10:55:02.574000+00:00,9142,1217
955.8,5.0,22,2023-08-25T10:56:58.369000+00:00,9142,1217
637.3,12.0,11,2023-08-25T10:58:01.821000+00:00,9142,1217
767.4,9.0,23,2023-08-25T10:58:40.742000+00:00,9142,1217
605.4,13.0,10,2023-08-25T10:59:01.163000+00:00,9142,1217
1072.8,9.0,39,2023-08-25T10:59:26.007000+00:00,9142,1217
959.9,10.0,16,2023-08-25T11:00:15.662000+00:00,9142,1217
711.5,6.0,4,2023-08-25T11:00:21.428000+00:00,9142,1217
508.2,13.0,77,2023-08-25T11:01:32.145000+00:00,9142,1217
773.7,13.0,31,2023-08-25T11:01:42.832000+00:00,9142,1217
23.9,8.0,4,2023-08-25T11:03:31.940000+00:00,9142,1217
1241.1,9.0,27,2023-08-25T11:03:42.346000+00:00,9142,1217
482.2,8.0,14,2023-08-25T11:04:16.111000+00:00,9142,1217
19.5,17.0,2,2023-08-25T11:04:18.376000+00:00,9142,1217
656.8,13.0,3,2023-08-25T11:05:20.063000+00:00,9142,1217
30.9,9.0,4,2023-08-25T11:05:30.531000+00:00,9142,1217
765.5,17.0,20,2023-08-25T11:05:59.656000+00:00,9142,1217
45.4,12.0,27,2023-08-25T11:08:57.356000+00:00,9142,1217
703.1,15.0,44,2023-08-25T11:09:04.793000+00:00,9142,1217
278.0,10.0,24,2023-08-25T11:09:33.683000+00:00,9142,1217
711.2,15.0,63,2023-08-25T11:11:23.963000+00:00,9142,1217
627.5,20.0,2,2023-08-25T11:19:05.532000+00:00,9142,1217
657.4,15.0,23,2023-08-25T11:19:07.032000+00:00,9142,1217
447.2,20.0,77,2023-08-25T11:19:08.845000+00:00,9142,1217
478.8,19.0,31,2023-08-25T11:19:12.610000+00:00,9142,1217
732.3,23.0,1,2023-08-25T11:19:17.610000+00:00,9142,1217
746.2,12.0,81,2023-08-25T11:19:19.407000+00:00,9142,1217
1331.7,17.0,44,2023-08-25T11:19:33.407000+00:00,9142,1217
736.4,18.0,11,2023-08-25T11:19:39.532000+00:00,9142,1217
680.9,13.0,22,2023-08-25T11:19:43.797000+00:00,9142,1217
893.1,12.0,24,2023-08-25T11:19:48.844000+00:00,9142,1217
1422.1,14.0,14,2023-08-25T11:19:56.016000+00:00,9142,1217
1229.3,16.0,63,2023-08-25T11:20:02.016000+00:00,9142,1217
588.4,17.0,39,2023-08-25T11:20:06.281000+00:00,9142,1217
568.0,17.0,16,2023-08-25T11:20:10.469000+00:00,9142,1217
1551.4,18.0,3,2023-08-25T11:20:14.844000+00:00,9142,1217
553.8,21.0,10,2023-08-25T11:20:20.062000+00:00,9142,1217
1630.9,21.0,20,2023-08-25T11:20:24.984000+00:00,9142,1217
927.1,14.0,4,2023-08-25T11:20:27+00:00,9142,1217
40.6,18.0,22,2023-08-25T11:27:45.507000+00:00,9142,1217
847.6,7.0,14,2023-08-25T14:23:26.318000+00:00,9143,1217
19.2,10.0,55,2023-08-25T14:27:30.704000+00:00,9143,1217
21.0,11.0,24,2023-08-25T14:28:41.531000+00:00,9143,1217
21.8,10.0,16,2023-08-25T14:29:01.406000+00:00,9143,1217
24.0,11.0,77,2023-08-25T14:29:19.734000+00:00,9143,1217
22.4,10.0,63,2023-08-25T14:29:56.499000+00:00,9143,1217
20.4,14.0,24,2023-08-25T14:33:56.338000+00:00,9143,1217
24.2,14.0,77,2023-08-25T14:34:22.416000+00:00,9143,1217
376.5,13.0,2,2023-08-25T14:37:33.084000+00:00,9143,1217
383.5,14.0,23,2023-08-25T14:39:03.254000+00:00,9143,1217
369.6,13.0,31,2023-08-25T14:39:30.098000+00:00,9143,1217
383.8,13.0,10,2023-08-25T14:39:42.035000+00:00,9143,1217
406.3,14.0,18,2023-08-25T14:39:50.644000+00:00,9143,1217
382.4,13.0,4,2023-08-25T14:39:55.691000+00:00,9143,1217
366.5,14.0,22,2023-08-25T14:40:06.128000+00:00,9143,1217
377.0,12.0,20,2023-08-25T14:40:40.487000+00:00,9143,1217
307.6,15.0,14,2023-08-25T14:40:56.315000+00:00,9143,1217
431.1,13.0,63,2023-08-25T14:41:45.439000+00:00,9143,1217
291.1,16.0,27,2023-08-25T14:41:48.751000+00:00,9143,1217
498.9,14.0,11,2023-08-25T14:42:07.595000+00:00,9143,1217
23.8,16.0,23,2023-08-25T14:42:08.454000+00:00,9143,1217
513.6,13.0,44,2023-08-25T14:42:56.156000+00:00,9143,1217
264.0,17.0,77,2023-08-25T14:43:10.844000+00:00,9143,1217
476.2,12.0,1,2023-08-25T14:43:47.077000+00:00,9143,1217
349.9,16.0,16,2023-08-25T14:43:54.984000+00:00,9143,1217
363.0,17.0,24,2023-08-25T14:44:14.405000+00:00,9143,1217
284.6,18.0,55,2023-08-25T14:44:55.654000+00:00,9143,1217
32.7,18.0,77,2023-08-25T14:45:04.607000+00:00,9143,1217
19.9,19.0,24,2023-08-25T14:47:23.511000+00:00,9143,1217
20.1,21.0,2,2023-08-25T14:48:12.713000+00:00,9143,1217
22.6,24.0,4,2023-08-25T14:54:23.707000+00:00,9143,1217
20.0,25.0,18,2023-08-25T14:54:26.753000+00:00,9143,1217
21.5,26.0,14,2023-08-25T14:55:30.143000+00:00,9143,1217
20.0,24.0,63,2023-08-25T14:56:14.502000+00:00,9143,1217
22.1,24.0,44,2023-08-25T14:57:32.906000+00:00,9143,1217
22.2,2.0,81,2023-08-26T09:35:17.306000+00:00,9144,1217
22.9,4.0,24,2023-08-26T09:37:51.882000+00:00,9144,1217
236.5,2.0,63,2023-08-26T09:39:03.272000+00:00,9144,1217
471.0,4.0,77,2023-08-26T09:47:03.501000+00:00,9144,1217
580.1,5.0,24,2023-08-26T09:47:09.095000+00:00,9144,1217
579.4,4.0,4,2023-08-26T09:47:27.923000+00:00,9144,1217
779.6,4.0,1,2023-08-26T09:47:59.844000+00:00,9144,1217
781.2,3.0,63,2023-08-26T09:48:07.891000+00:00,9144,1217
33.8,4.0,16,2023-08-26T09:54:09.059000+00:00,9144,1217
1582.8,9.0,4,2023-08-26T10:04:11.286000+00:00,9144,1217
1788.7,3.0,11,2023-08-26T10:06:37.285000+00:00,9144,1217
1912.7,5.0,81,2023-08-26T10:06:47.769000+00:00,9144,1217
1659.5,10.0,77,2023-08-26T10:06:51.925000+00:00,9144,1217
752.5,3.0,18,2023-08-26T10:07:17.441000+00:00,9144,1217
1045.0,5.0,63,2023-08-26T10:09:10.392000+00:00,9144,1217
28.4,15.0,40,2023-08-26T10:09:35.095000+00:00,9144,1217
21.7,8.0,22,2023-08-26T10:10:19.142000+00:00,9144,1217
1018.0,6.0,44,2023-08-26T10:10:46.704000+00:00,9144,1217
119.8,6.0,55,2023-08-26T10:12:40.999000+00:00,9144,1217
1126.9,8.0,1,2023-08-26T10:13:03.093000+00:00,9144,1217
26.1,9.0,27,2023-08-26T10:13:08.109000+00:00,9144,1217
1276.2,5.0,16,2023-08-26T10:14:51.498000+00:00,9144,1217
2511.3,18.0,77,2023-08-26T10:21:03.775000+00:00,9144,1217
631.8,10.0,55,2023-08-26T10:21:12.900000+00:00,9144,1217
229.0,11.0,1,2023-08-26T10:21:29.759000+00:00,9144,1217
370.0,11.0,22,2023-08-26T10:21:37.462000+00:00,9144,1217
1692.7,7.0,16,2023-08-26T10:21:47.821000+00:00,9144,1217
1807.0,11.0,63,2023-08-26T10:21:52.353000+00:00,9144,1217
2820.1,13.0,81,2023-08-26T10:21:55.212000+00:00,9144,1217
2719.0,11.0,11,2023-08-26T10:22:07.556000+00:00,9144,1217
281.6,12.0,23,2023-08-26T10:22:12.071000+00:00,9144,1217
1706.2,11.0,44,2023-08-26T10:22:14.915000+00:00,9144,1217
578.4,13.0,27,2023-08-26T10:22:20.383000+00:00,9144,1217
800.5,20.0,40,2023-08-26T10:22:27.180000+00:00,9144,1217
2706.2,18.0,4,2023-08-26T10:22:54.774000+00:00,9144,1217
1765.8,10.0,18,2023-08-26T10:24:10.710000+00:00,9144,1217
22.4,8.0,23,2023-08-26T13:11:05.097000+00:00,9145,1217
36.1,7.0,20,2023-08-26T13:11:10.675000+00:00,9145,1217
24.7,8.0,2,2023-08-26T13:11:15.737000+00:00,9145,1217
39.4,8.0,24,2023-08-26T13:11:58.471000+00:00,9145,1217
38.9,8.0,77,2023-08-26T13:12:05.393000+00:00,9145,1217
20.0,8.0,55,2023-08-26T13:12:07.112000+00:00,9145,1217
41.5,8.0,22,2023-08-26T13:12:12.315000+00:00,9145,1217
38.1,8.0,40,2023-08-26T13:12:24.690000+00:00,9145,1217
20.1,8.0,18,2023-08-26T13:12:55.955000+00:00,9145,1217
22.6,9.0,4,2023-08-26T13:13:06.095000+00:00,9145,1217
192.9,7.0,27,2023-08-26T13:13:26.048000+00:00,9145,1217
32.4,9.0,16,2023-08-26T13:13:59.392000+00:00,9145,1217
22.1,9.0,81,2023-08-26T13:14:03.876000+00:00,9145,1217
21.6,9.0,14,2023-08-26T13:14:27.938000+00:00,9145,1217
268.0,14.0,2,2023-08-26T13:25:05.462000+00:00,9145,1217
312.5,13.0,1,2023-08-26T13:25:12.056000+00:00,9145,1217
297.3,14.0,11,2023-08-26T13:25:18.790000+00:00,9145,1217
420.9,13.0,63,2023-08-26T13:25:24.556000+00:00,9145,1217
327.7,14.0,44,2023-08-26T13:25:29.650000+00:00,9145,1217
363.1,13.0,55,2023-08-26T13:25:32.181000+00:00,9145,1217
312.1,13.0,16,2023-08-26T13:25:38.524000+00:00,9145,1217
385.3,11.0,27,2023-08-26T13:25:43.337000+00:00,9145,1217
386.2,13.0,23,2023-08-26T13:25:46.665000+00:00,9145,1217
352.0,13.0,22,2023-08-26T13:25:50.321000+00:00,9145,1217
418.4,13.0,4,2023-08-26T13:25:53.634000+00:00,9145,1217
439.9,12.0,10,2023-08-26T13:25:59.399000+00:00,9145,1217
352.0,13.0,81,2023-08-26T13:26:06.305000+00:00,9145,1217
382.0,13.0,18,2023-08-26T13:26:41.899000+00:00,9145,1217
460.0,12.0,14,2023-08-26T13:26:53.820000+00:00,9145,1217
20.7,19.0,11,2023-08-26T13:33:10.801000+00:00,9145,1217
57.3,18.0,23,2023-08-26T13:34:21.690000+00:00,9145,1217
53.2,18.0,22,2023-08-26T13:34:30.768000+00:00,9145,1217
30.7,18.0,18,2023-08-26T13:34:31.893000+00:00,9145,1217
50.9,17.0,10,2023-08-26T13:34:35.909000+00:00,9145,1217
24.1,19.0,63,2023-08-26T13:34:39.550000+00:00,9145,1217
30.2,17.0,14,2023-08-26T13:34:40.987000+00:00,9145,1217
24.3,20.0,2,2023-08-26T13:34:42.175000+00:00,9145,1217
24.7,20.0,44,2023-08-26T13:34:48.534000+00:00,9145,1217
20.7,19.0,16,2023-08-26T13:35:02.393000+00:00,9145,1217
21.3,19.0,81,2023-08-26T13:35:48.143000+00:00,9145,1217
20.6,20.0,55,2023-08-26T13:36:32.298000+00:00,9145,1217
85.7,18.0,27,2023-08-26T13:37:41.032000+00:00,9145,1217
19.6,21.0,1,2023-08-26T13:37:50.204000+00:00,9145,1217
321.8,24.0,63,2023-08-26T13:48:12.572000+00:00,9145,1217
398.5,23.0,81,2023-08-26T13:48:15.931000+00:00,9145,1217
378.8,23.0,23,2023-08-26T13:48:30.118000+00:00,9145,1217
338.2,25.0,2,2023-08-26T13:48:31.665000+00:00,9145,1217
350.5,24.0,55,2023-08-26T13:48:36.056000+00:00,9145,1217
388.2,25.0,11,2023-08-26T13:48:37.790000+00:00,9145,1217
459.0,23.0,16,2023-08-26T13:48:56.493000+00:00,9145,1217
402.5,22.0,14,2023-08-26T13:49:19.883000+00:00,9145,1217
429.3,24.0,1,2023-08-26T13:49:32.414000+00:00,9145,1217
34.4,24.0,81,2023-08-26T13:50:19.195000+00:00,9145,1217
470.0,24.0,4,2023-08-26T13:50:36.820000+00:00,9145,1217
21.0,26.0,11,2023-08-26T13:50:39.601000+00:00,9145,1217
21.5,24.0,16,2023-08-26T13:50:50.570000+00:00,9145,1217
19.3,25.0,1,2023-08-26T13:51:17.601000+00:00,9145,1217
1698.3,27.0,55,2023-08-26T14:11:03.775000+00:00,9145,1217
1736.3,26.0,23,2023-08-26T14:11:07.556000+00:00,9145,1217
1714.8,24.0,14,2023-08-26T14:11:12.134000+00:00,9145,1217
1708.6,27.0,63,2023-08-26T14:11:19.306000+00:00,9145,1217
1253.8,25.0,16,2023-08-26T14:11:22.759000+00:00,9145,1217
1719.1,25.0,4,2023-08-26T14:11:25.743000+00:00,9145,1217
1310.2,26.0,81,2023-08-26T14:11:34.962000+00:00,9145,1217
1283.0,27.0,11,2023-08-26T14:11:41.571000+00:00,9145,1217
1254.6,26.0,1,2023-08-26T14:11:52.837000+00:00,9145,1217
21.5,28.0,23,2023-08-26T14:14:17.304000+00:00,9145,1217
1868.6,30.0,11,2023-08-26T14:21:27.236000+00:00,9145,1217
454.6,29.0,23,2023-08-26T14:21:30.361000+00:00,9145,1217
2341.7,27.0,14,2023-08-26T14:21:39.095000+00:00,9145,1217
1897.4,29.0,1,2023-08-26T14:22:35.642000+00:00,9145,1217
1973.3,29.0,81,2023-08-26T14:22:38.095000+00:00,9145,1217
2397.2,28.0,4,2023-08-26T14:22:43.954000+00:00,9145,1217
2404.4,30.0,55,2023-08-26T14:22:49.923000+00:00,9145,1217
2416.9,30.0,63,2023-08-26T14:23:07.641000+00:00,9145,1217
22.6,1.0,11,2023-08-27T13:05:06.440000+00:00,9149,1217
23.0,1.0,24,2023-08-27T13:05:12.596000+00:00,9149,1217
28.4,1.0,10,2023-08-27T13:05:16.565000+00:00,9149,1217
32.6,1.0,16,2023-08-27T13:05:19.518000+00:00,9149,1217
32.3,1.0,22,2023-08-27T13:05:23.252000+00:00,9149,1217
31.3,1.0,20,2023-08-27T13:05:27.440000+00:00,9149,1217
42.6,1.0,40,2023-08-27T13:05:36.987000+00:00,9149,1217
20.3,2.0,1,2023-08-27T13:06:45.985000+00:00,9149,1217
20.6,2.0,14,2023-08-27T13:06:47.579000+00:00,9149,1217
20.9,2.0,55,2023-08-27T13:06:52.766000+00:00,9149,1217
22.5,2.0,31,2023-08-27T13:07:02.688000+00:00,9149,1217
20.1,3.0,4,2023-08-27T13:08:39.468000+00:00,9149,1217
20.2,3.0,44,2023-08-27T13:08:56.514000+00:00,9149,1217
21.2,4.0,63,2023-08-27T13:10:22.356000+00:00,9149,1217
20.0,4.0,18,2023-08-27T13:10:37.481000+00:00,9149,1217
20.1,9.0,20,2023-08-27T13:17:20.068000+00:00,9149,1217
19.9,9.0,44,2023-08-27T13:17:47.286000+00:00,9149,1217
20.2,9.0,18,2023-08-27T13:18:05.598000+00:00,9149,1217
20.2,10.0,24,2023-08-27T13:18:29.723000+00:00,9149,1217
20.1,10.0,14,2023-08-27T13:18:31.192000+00:00,9149,1217
19.5,10.0,55,2023-08-27T13:18:36.504000+00:00,9149,1217
18.9,10.0,22,2023-08-27T13:18:44.129000+00:00,9149,1217
19.7,10.0,31,2023-08-27T13:18:47.066000+00:00,9149,1217
20.3,10.0,4,2023-08-27T13:18:54.488000+00:00,9149,1217
30.8,10.0,40,2023-08-27T13:19:09.253000+00:00,9149,1217
20.1,10.0,63,2023-08-27T13:19:16.410000+00:00,9149,1217
19.2,11.0,1,2023-08-27T13:19:44.190000+00:00,9149,1217
19.5,11.0,10,2023-08-27T13:19:54.034000+00:00,9149,1217
27.2,11.0,16,2023-08-27T13:20:14.346000+00:00,9149,1217
19.4,12.0,11,2023-08-27T13:21:06.845000+00:00,9149,1217
18.9,15.0,81,2023-08-27T13:25:37.934000+00:00,9149,1217
20.1,16.0,77,2023-08-27T13:27:29.916000+00:00,9149,1217
20.4,16.0,27,2023-08-27T13:27:31.229000+00:00,9149,1217
19.6,16.0,63,2023-08-27T13:27:51.057000+00:00,9149,1217
19.6,16.0,18,2023-08-27T13:28:13.650000+00:00,9149,1217
19.6,17.0,40,2023-08-27T13:29:42.539000+00:00,9149,1217
19.9,34.0,18,2023-08-27T13:53:58.873000+00:00,9149,1217
20.5,35.0,20,2023-08-27T13:55:09.153000+00:00,9149,1217
20.4,37.0,24,2023-08-27T13:57:40.728000+00:00,9149,1217
19.3,41.0,55,2023-08-27T14:02:27.004000+00:00,9149,1217
18.8,42.0,4,2023-08-27T14:03:56.940000+00:00,9149,1217
19.0,43.0,31,2023-08-27T14:05:09.704000+00:00,9149,1217
19.6,44.0,23,2023-08-27T14:06:21.547000+00:00,9149,1217
18.7,45.0,11,2023-08-27T14:07:17.874000+00:00,9149,1217
19.3,45.0,44,2023-08-27T14:07:46.827000+00:00,9149,1217
25.4,46.0,10,2023-08-27T14:08:47.607000+00:00,9149,1217
19.1,46.0,81,2023-08-27T14:09:05.747000+00:00,9149,1217
19.1,46.0,40,2023-08-27T14:09:28.965000+00:00,9149,1217
20.2,47.0,77,2023-08-27T14:10:38.230000+00:00,9149,1217
25.1,48.0,14,2023-08-27T14:11:16.807000+00:00,9149,1217
19.7,48.0,27,2023-08-27T14:11:51.900000+00:00,9149,1217
18.7,49.0,1,2023-08-27T14:12:11.416000+00:00,9149,1217
19.7,59.0,77,2023-08-27T14:26:05.432000+00:00,9149,1217
19.3,59.0,40,2023-08-27T14:26:08.760000+00:00,9149,1217
27.5,60.0,11,2023-08-27T14:26:28.650000+00:00,9149,1217
20.4,60.0,10,2023-08-27T14:26:42.119000+00:00,9149,1217
19.8,60.0,55,2023-08-27T14:26:43.384000+00:00,9149,1217
20.7,60.0,44,2023-08-27T14:26:51.822000+00:00,9149,1217
19.8,60.0,4,2023-08-27T14:26:55.759000+00:00,9149,1217
24.0,60.0,63,2023-08-27T14:26:58.603000+00:00,9149,1217
22.3,60.0,81,2023-08-27T14:27:03.572000+00:00,9149,1217
20.6,60.0,22,2023-08-27T14:27:11.837000+00:00,9149,1217
21.4,60.0,24,2023-08-27T14:27:15.899000+00:00,9149,1217
21.5,60.0,18,2023-08-27T14:27:20.165000+00:00,9149,1217
23.5,60.0,27,2023-08-27T14:27:22.821000+00:00,9149,1217
19.4,61.0,1,2023-08-27T14:27:30.852000+00:00,9149,1217
23.5,60.0,20,2023-08-27T14:27:33.274000+00:00,9149,1217
20.6,61.0,14,2023-08-27T14:27:56.493000+00:00,9149,1217
21.3,61.0,23,2023-08-27T14:28:18.914000+00:00,9149,1217
22.0,61.0,31,2023-08-27T14:28:25.758000+00:00,9149,1217
20.4,63.0,1,2023-08-27T14:30:47.349000+00:00,9149,1217
2461.6,63.0,11,2023-08-27T15:12:06.164000+00:00,9149,1217
2443.2,63.0,4,2023-08-27T15:12:12.539000+00:00,9149,1217
2446.2,63.0,63,2023-08-27T15:12:18.554000+00:00,9149,1217
2443.4,63.0,23,2023-08-27T15:12:21.820000+00:00,9149,1217
2434.6,63.0,81,2023-08-27T15:12:24.242000+00:00,9149,1217
2432.2,63.0,31,2023-08-27T15:12:25.992000+00:00,9149,1217
2414.8,63.0,22,2023-08-27T15:12:29.304000+00:00,9149,1217
2410.7,63.0,18,2023-08-27T15:12:31.914000+00:00,9149,1217
2410.7,63.0,27,2023-08-27T15:12:33.789000+00:00,9149,1217
2405.1,63.0,77,2023-08-27T15:12:35.367000+00:00,9149,1217
2396.3,63.0,40,2023-08-27T15:12:40.054000+00:00,9149,1217
2394.7,63.0,20,2023-08-27T15:12:43.601000+00:00,9149,1217
2483.3,64.0,1,2023-08-27T15:14:14.599000+00:00,9149,1217
2455.3,64.0,14,2023-08-27T15:14:17.943000+00:00,9149,1217
35.5,64.0,11,2023-08-27T15:14:22.318000+00:00,9149,1217
2443.1,64.0,10,2023-08-27T15:14:23.771000+00:00,9149,1217
2443.1,64.0,55,2023-08-27T15:14:28.224000+00:00,9149,1217
2431.1,64.0,44,2023-08-27T15:14:31.490000+00:00,9149,1217
44.2,64.0,4,2023-08-27T15:14:33.974000+00:00,9149,1217
39.8,64.0,63,2023-08-27T15:14:39.849000+00:00,9149,1217
39.2,64.0,23,2023-08-27T15:14:42.474000+00:00,9149,1217
38.4,64.0,81,2023-08-27T15:14:45.818000+00:00,9149,1217
37.0,64.0,31,2023-08-27T15:14:47.396000+00:00,9149,1217
34.9,64.0,22,2023-08-27T15:14:49.646000+00:00,9149,1217
33.5,64.0,18,2023-08-27T15:14:51.458000+00:00,9149,1217
32.8,64.0,27,2023-08-27T15:14:53.239000+00:00,9149,1217
32.5,64.0,77,2023-08-27T15:14:55.083000+00:00,9149,1217
31.3,64.0,40,2023-08-27T15:14:59.661000+00:00,9149,1217
30.6,64.0,20,2023-08-27T15:15:02.755000+00:00,9149,1217
22.3,67.0,63,2023-08-27T15:21:14.482000+00:00,9149,1217
29.4,2.0,4,2023-09-01T11:32:44.834000+00:00,9150,1218
52.4,2.0,10,2023-09-01T11:33:23.302000+00:00,9150,1218
43.8,5.0,20,2023-09-01T11:38:17.281000+00:00,9150,1218
434.6,3.0,34,2023-09-01T11:40:35.247000+00:00,9150,1218
415.2,3.0,14,2023-09-01T11:40:46.122000+00:00,9150,1218
586.8,2.0,22,2023-09-01T11:42:06.871000+00:00,9150,1218
615.8,3.0,4,2023-09-01T11:44:51.290000+00:00,9150,1218
355.2,10.0,1,2023-09-01T11:52:21.094000+00:00,9150,1218
396.5,10.0,11,2023-09-01T11:53:18.375000+00:00,9150,1218
650.7,8.0,81,2023-09-01T11:54:34.061000+00:00,9150,1218
584.9,10.0,55,2023-09-01T11:55:59.575000+00:00,9150,1218
960.8,6.0,27,2023-09-01T11:56:09.215000+00:00,9150,1218
319.9,10.0,34,2023-09-01T11:56:57.386000+00:00,9150,1218
529.0,11.0,63,2023-09-01T11:58:17.166000+00:00,9150,1218
685.9,10.0,44,2023-09-01T11:58:23.119000+00:00,9150,1218
838.5,9.0,20,2023-09-01T11:58:41.322000+00:00,9150,1218
703.7,10.0,31,2023-09-01T11:58:48.416000+00:00,9150,1218
29.9,6.0,2,2023-09-01T12:00:27.258000+00:00,9150,1218
694.9,11.0,10,2023-09-01T12:00:31.586000+00:00,9150,1218
33.1,4.0,77,2023-09-01T12:00:33.836000+00:00,9150,1218
477.2,10.0,14,2023-09-01T12:01:18.804000+00:00,9150,1218
391.7,10.0,22,2023-09-01T12:02:36.615000+00:00,9150,1218
27.2,7.0,23,2023-09-01T12:03:22.380000+00:00,9150,1218
478.4,15.0,40,2023-09-01T12:04:17.785000+00:00,9150,1218
26.3,11.0,27,2023-09-01T12:05:40.455000+00:00,9150,1218
1085.1,11.0,16,2023-09-01T12:06:40.142000+00:00,9150,1218
440.2,15.0,1,2023-09-01T12:08:05.297000+00:00,9150,1218
857.5,8.0,4,2023-09-01T12:08:10.156000+00:00,9150,1218
31.9,13.0,22,2023-09-01T12:08:49.280000+00:00,9150,1218
440.5,13.0,81,2023-09-01T12:10:03.810000+00:00,9150,1218
385.8,15.0,55,2023-09-01T12:12:16.964000+00:00,9150,1218
413.0,17.0,11,2023-09-01T12:12:44.885000+00:00,9150,1218
483.1,7.0,77,2023-09-01T12:13:43.447000+00:00,9150,1218
540.5,14.0,10,2023-09-01T12:14:43.805000+00:00,9150,1218
694.1,8.0,24,2023-09-01T12:16:15.350000+00:00,9150,1218
440.9,12.0,2,2023-09-01T12:18:24.489000+00:00,9150,1218
377.2,17.0,44,2023-09-01T12:18:30.114000+00:00,9150,1218
465.4,14.0,27,2023-09-01T12:18:44.910000+00:00,9150,1218
695.0,9.0,23,2023-09-01T12:18:59.754000+00:00,9150,1218
365.9,19.0,63,2023-09-01T12:19:21.535000+00:00,9150,1218
387.1,16.0,20,2023-09-01T12:19:27.441000+00:00,9150,1218
34.6,19.0,81,2023-09-01T12:19:47.972000+00:00,9150,1218
419.8,18.0,31,2023-09-01T12:20:25.127000+00:00,9150,1218
497.0,16.0,14,2023-09-01T12:20:36.674000+00:00,9150,1218
275.7,22.0,40,2023-09-01T12:21:44.579000+00:00,9150,1218
481.5,16.0,22,2023-09-01T12:21:55.188000+00:00,9150,1218
37.3,12.0,77,2023-09-01T12:22:48.765000+00:00,9150,1218
484.4,16.0,16,2023-09-01T12:23:03.171000+00:00,9150,1218
719.1,19.0,34,2023-09-01T12:23:47.905000+00:00,9150,1218
26.5,23.0,55,2023-09-01T12:24:44.607000+00:00,9150,1218
23.0,13.0,24,2023-09-01T12:25:14.966000+00:00,9150,1218
189.7,20.0,4,2023-09-01T12:29:09.274000+00:00,9150,1218
310.6,22.0,81,2023-09-01T12:29:24.930000+00:00,9150,1218
32.8,6.0,22,2023-09-01T15:16:33.878000+00:00,9151,1218
30.0,5.0,44,2023-09-01T15:17:34.893000+00:00,9151,1218
402.8,6.0,2,2023-09-01T15:21:49.498000+00:00,9151,1218
487.6,8.0,20,2023-09-01T15:28:18.335000+00:00,9151,1218
516.1,9.0,16,2023-09-01T15:29:56.396000+00:00,9151,1218
536.9,9.0,55,2023-09-01T15:30:05.817000+00:00,9151,1218
648.1,6.0,23,2023-09-01T15:30:12.599000+00:00,9151,1218
531.4,9.0,31,2023-09-01T15:30:13.567000+00:00,9151,1218
554.7,9.0,40,2023-09-01T15:30:16.567000+00:00,9151,1218
530.4,9.0,22,2023-09-01T15:30:21.317000+00:00,9151,1218
507.9,9.0,11,2023-09-01T15:30:24.801000+00:00,9151,1218
769.4,8.0,1,2023-09-01T15:31:39.472000+00:00,9151,1218
512.6,10.0,4,2023-09-01T15:32:48.221000+00:00,9151,1218
480.7,6.0,14,2023-09-01T15:32:49.111000+00:00,9151,1218
465.8,11.0,10,2023-09-01T15:32:51.611000+00:00,9151,1218
849.5,9.0,77,2023-09-01T15:33:15.298000+00:00,9151,1218
851.9,9.0,24,2023-09-01T15:33:24.298000+00:00,9151,1218
885.8,8.0,27,2023-09-01T15:33:34.579000+00:00,9151,1218
386.2,11.0,81,2023-09-01T15:33:49.642000+00:00,9151,1218
526.4,10.0,63,2023-09-01T15:36:07.061000+00:00,9151,1218
31.5,12.0,22,2023-09-01T15:36:29.186000+00:00,9151,1218
549.4,10.0,44,2023-09-01T15:37:59.856000+00:00,9151,1218
25.1,12.0,77,2023-09-01T15:39:11.511000+00:00,9151,1218
452.3,12.0,2,2023-09-01T15:39:46.635000+00:00,9151,1218
21.9,13.0,24,2023-09-01T15:41:23.212000+00:00,9151,1218
353.1,12.0,11,2023-09-01T15:41:40.821000+00:00,9151,1218
355.6,11.0,1,2023-09-01T15:43:26.256000+00:00,9151,1218
35.9,14.0,2,2023-09-01T15:43:30.397000+00:00,9151,1218
249.8,14.0,55,2023-09-01T15:43:43.256000+00:00,9151,1218
338.7,11.0,23,2023-09-01T15:44:35.912000+00:00,9151,1218
409.8,14.0,31,2023-09-01T15:45:57.863000+00:00,9151,1218
317.9,15.0,40,2023-09-01T15:46:04.410000+00:00,9151,1218
290.2,15.0,22,2023-09-01T15:46:22.175000+00:00,9151,1218
433.3,14.0,81,2023-09-01T15:46:25.488000+00:00,9151,1218
459.2,13.0,4,2023-09-01T15:46:39.487000+00:00,9151,1218
433.1,14.0,20,2023-09-01T15:46:43.956000+00:00,9151,1218
317.8,13.0,63,2023-09-01T15:46:51.472000+00:00,9151,1218
276.2,16.0,16,2023-09-01T15:47:05.159000+00:00,9151,1218
28.9,12.0,23,2023-09-01T15:47:07.221000+00:00,9151,1218
368.5,12.0,27,2023-09-01T15:47:23.346000+00:00,9151,1218
464.2,10.0,14,2023-09-01T15:48:57.969000+00:00,9151,1218
379.4,17.0,10,2023-09-01T15:50:34.046000+00:00,9151,1218
565.5,15.0,23,2023-09-01T15:56:03.868000+00:00,9151,1218
712.7,18.0,10,2023-09-01T15:56:07.431000+00:00,9151,1218
1021.3,18.0,31,2023-09-01T15:56:09.337000+00:00,9151,1218
997.0,19.0,55,2023-09-01T15:56:10.306000+00:00,9151,1218
879.9,19.0,22,2023-09-01T15:56:11.931000+00:00,9151,1218
1122.0,16.0,1,2023-09-01T15:56:12.681000+00:00,9151,1218
898.9,15.0,27,2023-09-01T15:56:13.681000+00:00,9151,1218
828.8,19.0,16,2023-09-01T15:56:17.790000+00:00,9151,1218
885.3,16.0,63,2023-09-01T15:56:18.884000+00:00,9151,1218
1009.3,17.0,20,2023-09-01T15:56:20.087000+00:00,9151,1218
807.1,20.0,2,2023-09-01T15:56:21.634000+00:00,9151,1218
908.7,12.0,14,2023-09-01T15:56:22.368000+00:00,9151,1218
937.5,19.0,40,2023-09-01T15:56:23.962000+00:00,9151,1218
1033.9,17.0,81,2023-09-01T15:56:25.977000+00:00,9151,1218
591.3,16.0,24,2023-09-01T15:56:27.462000+00:00,9151,1218
718.8,15.0,77,2023-09-01T15:56:28.508000+00:00,9151,1218
1054.1,16.0,4,2023-09-01T15:56:34.211000+00:00,9151,1218
1669.0,19.0,44,2023-09-01T15:56:39.352000+00:00,9151,1218
21.8,2.0,77,2023-09-02T10:31:57.961000+00:00,9152,1218
26.5,2.0,24,2023-09-02T10:32:36.570000+00:00,9152,1218
46.1,2.0,4,2023-09-02T10:32:48.351000+00:00,9152,1218
25.2,4.0,2,2023-09-02T10:35:51.301000+00:00,9152,1218
34.5,4.0,44,2023-09-02T10:37:52.970000+00:00,9152,1218
18.8,4.0,1,2023-09-02T10:41:15.889000+00:00,9152,1218
31.5,6.0,14,2023-09-02T10:42:48.043000+00:00,9152,1218
252.3,6.0,4,2023-09-02T10:43:21.402000+00:00,9152,1218
24.4,4.0,23,2023-09-02T10:45:45.900000+00:00,9152,1218
21.0,13.0,27,2023-09-02T10:48:02.538000+00:00,9152,1218
541.2,7.0,11,2023-09-02T10:49:59.630000+00:00,9152,1218
371.5,7.0,16,2023-09-02T10:50:29.270000+00:00,9152,1218
570.4,7.0,31,2023-09-02T10:50:36.035000+00:00,9152,1218
264.8,11.0,18,2023-09-02T10:50:37.520000+00:00,9152,1218
30.2,4.0,81,2023-09-02T10:50:41.176000+00:00,9152,1218
366.0,8.0,44,2023-09-02T10:51:19.784000+00:00,9152,1218
636.1,7.0,2,2023-09-02T10:51:27.972000+00:00,9152,1218
643.4,7.0,10,2023-09-02T10:51:31.066000+00:00,9152,1218
368.8,7.0,1,2023-09-02T10:52:27.315000+00:00,9152,1218
349.8,8.0,63,2023-09-02T10:52:33.674000+00:00,9152,1218
407.1,8.0,55,2023-09-02T10:53:35.720000+00:00,9152,1218
377.8,13.0,40,2023-09-02T10:54:50.750000+00:00,9152,1218
372.8,13.0,22,2023-09-02T10:54:55.031000+00:00,9152,1218
614.7,7.0,20,2023-09-02T10:55:07.265000+00:00,9152,1218
18.8,10.0,2,2023-09-02T10:56:56.200000+00:00,9152,1218
576.1,13.0,77,2023-09-02T10:57:59.652000+00:00,9152,1218
540.9,13.0,24,2023-09-02T10:58:04.715000+00:00,9152,1218
446.6,11.0,4,2023-09-02T10:58:48.261000+00:00,9152,1218
612.7,11.0,14,2023-09-02T11:01:10.680000+00:00,9152,1218
846.6,5.0,23,2023-09-02T11:01:22.914000+00:00,9152,1218
28.7,13.0,2,2023-09-02T11:02:44.116000+00:00,9152,1218
22.9,18.0,22,2023-09-02T11:03:29.803000+00:00,9152,1218
48.5,18.0,40,2023-09-02T11:03:33.803000+00:00,9152,1218
846.1,14.0,27,2023-09-02T11:03:58.287000+00:00,9152,1218
626.6,7.0,81,2023-09-02T11:06:15.675000+00:00,9152,1218
23.2,21.0,18,2023-09-02T11:07:16.393000+00:00,9152,1218
45.9,9.0,81,2023-09-02T11:10:37.983000+00:00,9152,1218
586.1,15.0,63,2023-09-02T11:12:47.277000+00:00,9152,1218
512.7,14.0,2,2023-09-02T11:12:50.637000+00:00,9152,1218
645.9,13.0,10,2023-09-02T11:12:57.996000+00:00,9152,1218
669.6,15.0,44,2023-09-02T11:13:04.387000+00:00,9152,1218
732.2,13.0,31,2023-09-02T11:13:05.683000+00:00,9152,1218
327.0,20.0,77,2023-09-02T11:15:30.150000+00:00,9152,1218
324.3,20.0,24,2023-09-02T11:15:33.962000+00:00,9152,1218
365.8,10.0,23,2023-09-02T11:15:45.899000+00:00,9152,1218
448.7,15.0,14,2023-09-02T11:15:47.993000+00:00,9152,1218
576.4,13.0,20,2023-09-02T11:15:49.212000+00:00,9152,1218
423.4,22.0,18,2023-09-02T11:15:50.274000+00:00,9152,1218
650.5,16.0,1,2023-09-02T11:16:33.695000+00:00,9152,1218
30.5,18.0,63,2023-09-02T11:18:54.490000+00:00,9152,1218
615.6,21.0,40,2023-09-02T11:19:00.490000+00:00,9152,1218
262.9,20.0,27,2023-09-02T11:19:08.880000+00:00,9152,1218
41.0,18.0,44,2023-09-02T11:19:36.598000+00:00,9152,1218
776.8,17.0,55,2023-09-02T11:20:01.489000+00:00,9152,1218
707.2,21.0,22,2023-09-02T11:20:08.442000+00:00,9152,1218
988.0,16.0,16,2023-09-02T11:20:12.551000+00:00,9152,1218
27.6,17.0,10,2023-09-02T11:20:16.770000+00:00,9152,1218
20.6,24.0,24,2023-09-02T11:22:23.517000+00:00,9152,1218
18.8,19.0,1,2023-09-02T11:22:43.158000+00:00,9152,1218
27.7,18.0,16,2023-09-02T11:24:19.078000+00:00,9152,1218
34.3,24.0,40,2023-09-02T11:24:37.765000+00:00,9152,1218
27.4,23.0,27,2023-09-02T11:24:51.780000+00:00,9152,1218
18.8,24.0,22,2023-09-02T11:25:51.920000+00:00,9152,1218
30.1,20.0,55,2023-09-02T11:26:24.732000+00:00,9152,1218
19.9,19.0,20,2023-09-02T11:27:18.137000+00:00,9152,1218
101.4,21.0,1,2023-09-02T11:28:14.464000+00:00,9152,1218
23.2,23.0,63,2023-09-02T11:28:38.276000+00:00,9152,1218
194.9,16.0,23,2023-09-02T11:28:40.214000+00:00,9152,1218
819.1,22.0,4,2023-09-02T11:28:53.917000+00:00,9152,1218
416.2,18.0,31,2023-09-02T11:28:57.010000+00:00,9152,1218
223.5,20.0,10,2023-09-02T11:29:01.823000+00:00,9152,1218
269.1,21.0,2,2023-09-02T11:29:21.557000+00:00,9152,1218
255.3,21.0,44,2023-09-02T11:29:34.213000+00:00,9152,1218
28.0,4.0,1,2023-09-02T14:06:45.564000+00:00,9153,1218
130.4,4.0,22,2023-09-02T14:07:48.907000+00:00,9153,1218
129.2,4.0,40,2023-09-02T14:07:54.782000+00:00,9153,1218
31.1,4.0,55,2023-09-02T14:09:23.531000+00:00,9153,1218
182.6,4.0,63,2023-09-02T14:09:30.875000+00:00,9153,1218
174.7,4.0,44,2023-09-02T14:09:34.734000+00:00,9153,1218
201.7,6.0,27,2023-09-02T14:12:08.608000+00:00,9153,1218
284.7,5.0,20,2023-09-02T14:12:10.920000+00:00,9153,1218
36.2,7.0,1,2023-09-02T14:12:21.389000+00:00,9153,1218
131.6,5.0,18,2023-09-02T14:12:25.436000+00:00,9153,1218
204.0,6.0,81,2023-09-02T14:12:30.748000+00:00,9153,1218
83.7,7.0,11,2023-09-02T14:12:34.982000+00:00,9153,1218
202.7,6.0,4,2023-09-02T14:12:38.060000+00:00,9153,1218
30.0,7.0,16,2023-09-02T14:14:18.794000+00:00,9153,1218
38.8,7.0,63,2023-09-02T14:15:06.309000+00:00,9153,1218
34.3,7.0,55,2023-09-02T14:15:12.012000+00:00,9153,1218
314.4,6.0,77,2023-09-02T14:15:15.496000+00:00,9153,1218
307.6,6.0,24,2023-09-02T14:15:20.137000+00:00,9153,1218
230.0,7.0,23,2023-09-02T14:15:24.840000+00:00,9153,1218
55.8,7.0,44,2023-09-02T14:15:36.434000+00:00,9153,1218
246.4,7.0,2,2023-09-02T14:15:44.590000+00:00,9153,1218
194.7,7.0,40,2023-09-02T14:15:47.246000+00:00,9153,1218
224.8,6.0,14,2023-09-02T14:15:49.168000+00:00,9153,1218
205.3,7.0,22,2023-09-02T14:15:53.480000+00:00,9153,1218
465.4,5.0,10,2023-09-02T14:16:00.840000+00:00,9153,1218
220.5,6.0,31,2023-09-02T14:16:05.793000+00:00,9153,1218
565.3,10.0,1,2023-09-02T14:26:45.864000+00:00,9153,1218
568.5,10.0,11,2023-09-02T14:26:51.645000+00:00,9153,1218
478.0,10.0,4,2023-09-02T14:26:53.676000+00:00,9153,1218
394.1,10.0,23,2023-09-02T14:26:57.082000+00:00,9153,1218
375.8,10.0,22,2023-09-02T14:26:58.582000+00:00,9153,1218
391.4,11.0,81,2023-09-02T14:26:59.660000+00:00,9153,1218
366.3,9.0,14,2023-09-02T14:27:03.363000+00:00,9153,1218
388.2,10.0,40,2023-09-02T14:27:05.926000+00:00,9153,1218
407.3,10.0,2,2023-09-02T14:27:12.160000+00:00,9153,1218
440.2,11.0,27,2023-09-02T14:27:15.285000+00:00,9153,1218
482.7,10.0,16,2023-09-02T14:27:19.691000+00:00,9153,1218
428.3,10.0,55,2023-09-02T14:27:25.738000+00:00,9153,1218
449.1,9.0,77,2023-09-02T14:27:41.816000+00:00,9153,1218
584.4,10.0,63,2023-09-02T14:29:55.252000+00:00,9153,1218
557.8,10.0,44,2023-09-02T14:29:58.783000+00:00,9153,1218
314.4,13.0,23,2023-09-02T14:37:06.575000+00:00,9153,1218
307.3,13.0,2,2023-09-02T14:37:11.075000+00:00,9153,1218
323.5,13.0,22,2023-09-02T14:37:13.591000+00:00,9153,1218
159.6,13.0,63,2023-09-02T14:37:21.903000+00:00,9153,1218
162.4,13.0,44,2023-09-02T14:37:27.700000+00:00,9153,1218
321.2,13.0,16,2023-09-02T14:37:31.747000+00:00,9153,1218
334.9,12.0,14,2023-09-02T14:37:35.044000+00:00,9153,1218
336.8,13.0,40,2023-09-02T14:37:38.622000+00:00,9153,1218
339.8,14.0,27,2023-09-02T14:37:42.059000+00:00,9153,1218
169.4,16.0,81,2023-09-02T14:37:43.684000+00:00,9153,1218
371.6,13.0,1,2023-09-02T14:37:53.606000+00:00,9153,1218
189.2,15.0,4,2023-09-02T14:37:55.434000+00:00,9153,1218
338.4,13.0,55,2023-09-02T14:37:57.403000+00:00,9153,1218
377.5,13.0,11,2023-09-02T14:38:04.278000+00:00,9153,1218
343.8,12.0,77,2023-09-02T14:38:06.106000+00:00,9153,1218
391.5,16.0,1,2023-09-02T14:49:16.114000+00:00,9153,1218
383.4,16.0,11,2023-09-02T14:49:19.661000+00:00,9153,1218
392.7,18.0,4,2023-09-02T14:49:21.739000+00:00,9153,1218
500.9,14.0,14,2023-09-02T14:49:25.192000+00:00,9153,1218
422.4,16.0,16,2023-09-02T14:49:30.161000+00:00,9153,1218
496.6,15.0,55,2023-09-02T14:49:35.864000+00:00,9153,1218
419.8,19.0,81,2023-09-02T14:49:40.317000+00:00,9153,1218
479.7,16.0,23,2023-09-02T14:49:51.504000+00:00,9153,1218
458.2,16.0,63,2023-09-02T14:49:58.598000+00:00,9153,1218
474.2,16.0,44,2023-09-02T14:50:16.863000+00:00,9153,1218
151.4,17.0,14,2023-09-02T14:56:58.343000+00:00,9153,1218
156.3,19.0,16,2023-09-02T14:57:07.687000+00:00,9153,1218
196.2,19.0,1,2023-09-02T14:57:17.890000+00:00,9153,1218
156.9,18.0,55,2023-09-02T14:57:21.015000+00:00,9153,1218
191.0,21.0,4,2023-09-02T14:57:26.890000+00:00,9153,1218
162.3,22.0,81,2023-09-02T14:57:29.921000+00:00,9153,1218
206.8,19.0,11,2023-09-02T14:57:40.421000+00:00,9153,1218
182.2,19.0,23,2023-09-02T14:57:51.312000+00:00,9153,1218
183.4,19.0,63,2023-09-02T14:57:56.718000+00:00,9153,1218
183.4,19.0,44,2023-09-02T14:58:07.936000+00:00,9153,1218
27.3,10.0,10,2023-09-03T13:38:35.432000+00:00,9157,1218
24.3,11.0,24,2023-09-03T13:39:58.556000+00:00,9157,1218
24.6,12.0,20,2023-09-03T13:41:37.664000+00:00,9157,1218
24.2,13.0,40,2023-09-03T13:42:51.944000+00:00,9157,1218
24.7,14.0,2,2023-09-03T13:44:22.740000+00:00,9157,1218
26.0,14.0,27,2023-09-03T13:44:23.021000+00:00,9157,1218
24.5,15.0,23,2023-09-03T13:45:38.552000+00:00,9157,1218
25.1,19.0,55,2023-09-03T13:51:17.736000+00:00,9157,1218
24.2,19.0,63,2023-09-03T13:51:20.751000+00:00,9157,1218
24.2,20.0,1,2023-09-03T13:52:38.344000+00:00,9157,1218
23.9,20.0,16,2023-09-03T13:52:44.031000+00:00,9157,1218
25.6,20.0,18,2023-09-03T13:53:16.531000+00:00,9157,1218
23.8,21.0,11,2023-09-03T13:54:11.031000+00:00,9157,1218
24.7,21.0,14,2023-09-03T13:54:28.858000+00:00,9157,1218
23.7,22.0,4,2023-09-03T13:55:50.951000+00:00,9157,1218
24.1,23.0,81,2023-09-03T13:57:18.185000+00:00,9157,1218
24.2,24.0,31,2023-09-03T13:59:09.918000+00:00,9157,1218
24.6,25.0,77,2023-09-03T14:00:31.198000+00:00,9157,1218
24.2,27.0,44,2023-09-03T14:03:10.712000+00:00,9157,1218
24.6,31.0,10,2023-09-03T14:09:34.036000+00:00,9157,1218
24.2,33.0,40,2023-09-03T14:12:20.987000+00:00,9157,1218
25.9,33.0,24,2023-09-03T14:12:25.190000+00:00,9157,1218
24.7,33.0,20,2023-09-03T14:12:41.034000+00:00,9157,1218
24.3,39.0,27,2023-09-03T14:21:17.278000+00:00,9157,1218
31.7,41.0,81,2023-09-03T14:23:53.651000+00:00,9157,1218
24.5,5.0,63,2023-09-15T09:38:23.038000+00:00,9158,1219
43.5,6.0,4,2023-09-15T09:41:04.145000+00:00,9158,1219
33.9,6.0,44,2023-09-15T09:42:55.549000+00:00,9158,1219
740.9,3.0,18,2023-09-15T09:46:13.639000+00:00,9158,1219
415.4,7.0,14,2023-09-15T09:48:48.824000+00:00,9158,1219
448.1,9.0,10,2023-09-15T09:55:16.927000+00:00,9158,1219
585.3,10.0,77,2023-09-15T09:57:05.331000+00:00,9158,1219
732.3,8.0,20,2023-09-15T09:58:16.892000+00:00,9158,1219
59.7,9.0,18,2023-09-15T09:58:21.455000+00:00,9158,1219
528.7,10.0,81,2023-09-15T09:58:33.970000+00:00,9158,1219
733.7,10.0,24,2023-09-15T09:59:17.751000+00:00,9158,1219
406.8,12.0,22,2023-09-15T09:59:52.109000+00:00,9158,1219
656.4,10.0,55,2023-09-15T10:00:16.515000+00:00,9158,1219
895.2,8.0,27,2023-09-15T10:00:29.187000+00:00,9158,1219
439.0,12.0,16,2023-09-15T10:00:57.983000+00:00,9158,1219
409.0,13.0,40,2023-09-15T10:01:01.749000+00:00,9158,1219
473.3,11.0,2,2023-09-15T10:01:04.264000+00:00,9158,1219
58.1,13.0,14,2023-09-15T10:01:05.342000+00:00,9158,1219
599.2,11.0,11,2023-09-15T10:01:09.202000+00:00,9158,1219
796.4,9.0,1,2023-09-15T10:01:30.389000+00:00,9158,1219
646.0,11.0,4,2023-09-15T10:01:34.217000+00:00,9158,1219
33.8,12.0,10,2023-09-15T10:01:48.326000+00:00,9158,1219
393.0,13.0,63,2023-09-15T10:02:23.107000+00:00,9158,1219
672.0,10.0,44,2023-09-15T10:02:34.575000+00:00,9158,1219
30.8,13.0,81,2023-09-15T10:05:01.229000+00:00,9158,1219
32.6,13.0,2,2023-09-15T10:05:58.494000+00:00,9158,1219
664.1,13.0,31,2023-09-15T10:06:32.352000+00:00,9158,1219
32.4,14.0,55,2023-09-15T10:09:59.146000+00:00,9158,1219
33.4,16.0,63,2023-09-15T10:10:20.489000+00:00,9158,1219
33.5,13.0,44,2023-09-15T10:10:48.239000+00:00,9158,1219
1320.8,9.0,23,2023-09-15T10:11:37.675000+00:00,9158,1219
282.1,14.0,18,2023-09-15T10:13:01.783000+00:00,9158,1219
35.6,17.0,16,2023-09-15T10:13:08.705000+00:00,9158,1219
283.6,17.0,14,2023-09-15T10:13:10.423000+00:00,9158,1219
320.2,14.0,20,2023-09-15T10:16:22.670000+00:00,9158,1219
405.4,17.0,77,2023-09-15T10:17:15.794000+00:00,9158,1219
32.5,12.0,23,2023-09-15T10:18:14.356000+00:00,9158,1219
388.0,14.0,1,2023-09-15T10:18:39.621000+00:00,9158,1219
469.2,16.0,4,2023-09-15T10:19:14.745000+00:00,9158,1219
464.0,16.0,2,2023-09-15T10:19:39.026000+00:00,9158,1219
322.7,15.0,27,2023-09-15T10:19:44.495000+00:00,9158,1219
324.7,18.0,24,2023-09-15T10:20:00.198000+00:00,9158,1219
496.0,18.0,22,2023-09-15T10:20:53.915000+00:00,9158,1219
306.5,20.0,40,2023-09-15T10:20:59.040000+00:00,9158,1219
242.5,18.0,55,2023-09-15T10:22:06.398000+00:00,9158,1219
370.3,19.0,63,2023-09-15T10:22:38.335000+00:00,9158,1219
712.5,16.0,81,2023-09-15T10:22:54.179000+00:00,9158,1219
402.1,16.0,44,2023-09-15T10:23:44.928000+00:00,9158,1219
529.4,19.0,10,2023-09-15T10:24:47.161000+00:00,9158,1219
347.5,19.0,31,2023-09-15T10:24:59.130000+00:00,9158,1219
56.7,15.0,23,2023-09-15T10:25:02.473000+00:00,9158,1219
199.4,21.0,16,2023-09-15T10:25:08.239000+00:00,9158,1219
439.7,19.0,11,2023-09-15T10:26:23.519000+00:00,9158,1219
35.2,4.0,44,2023-09-15T13:09:06.987000+00:00,9159,1219
32.3,6.0,2,2023-09-15T13:10:15.392000+00:00,9159,1219
26.4,6.0,27,2023-09-15T13:10:28.517000+00:00,9159,1219
24.6,7.0,16,2023-09-15T13:14:41.465000+00:00,9159,1219
425.4,9.0,2,2023-09-15T13:23:18.284000+00:00,9159,1219
444.2,8.0,55,2023-09-15T13:23:27.503000+00:00,9159,1219
198.5,10.0,16,2023-09-15T13:23:51.299000+00:00,9159,1219
541.7,8.0,14,2023-09-15T13:23:56.565000+00:00,9159,1219
615.7,8.0,77,2023-09-15T13:23:58.737000+00:00,9159,1219
778.9,6.0,4,2023-09-15T13:24:05.487000+00:00,9159,1219
612.2,8.0,18,2023-09-15T13:24:10.424000+00:00,9159,1219
467.6,9.0,40,2023-09-15T13:24:23.314000+00:00,9159,1219
567.7,7.0,44,2023-09-15T13:24:39.017000+00:00,9159,1219
321.6,10.0,22,2023-09-15T13:24:43.048000+00:00,9159,1219
501.9,8.0,20,2023-09-15T13:25:05.173000+00:00,9159,1219
342.3,10.0,10,2023-09-15T13:25:32.173000+00:00,9159,1219
697.6,8.0,31,2023-09-15T13:26:44.218000+00:00,9159,1219
641.4,9.0,63,2023-09-15T13:27:39.561000+00:00,9159,1219
685.0,8.0,81,2023-09-15T13:27:42.873000+00:00,9159,1219
662.1,8.0,1,2023-09-15T13:27:50.342000+00:00,9159,1219
606.5,10.0,24,2023-09-15T13:28:28.185000+00:00,9159,1219
25.7,11.0,55,2023-09-15T13:30:14.464000+00:00,9159,1219
1069.8,7.0,27,2023-09-15T13:30:22.761000+00:00,9159,1219
26.9,13.0,16,2023-09-15T13:30:42.245000+00:00,9159,1219
671.7,10.0,11,2023-09-15T13:31:08.260000+00:00,9159,1219
36.4,14.0,22,2023-09-15T13:33:56.273000+00:00,9159,1219
26.2,13.0,24,2023-09-15T13:34:55.272000+00:00,9159,1219
34.4,13.0,11,2023-09-15T13:38:27.378000+00:00,9159,1219
346.4,15.0,2,2023-09-15T13:40:50.797000+00:00,9159,1219
286.0,14.0,55,2023-09-15T13:41:41.296000+00:00,9159,1219
404.2,14.0,14,2023-09-15T13:42:55.029000+00:00,9159,1219
372.9,15.0,40,2023-09-15T13:43:14.294000+00:00,9159,1219
371.4,12.0,44,2023-09-15T13:43:17.560000+00:00,9159,1219
30.5,16.0,2,2023-09-15T13:43:18.341000+00:00,9159,1219
433.8,12.0,4,2023-09-15T13:43:35.435000+00:00,9159,1219
395.8,16.0,16,2023-09-15T13:43:41.091000+00:00,9159,1219
341.5,14.0,20,2023-09-15T13:44:13.450000+00:00,9159,1219
483.8,14.0,77,2023-09-15T13:44:18.434000+00:00,9159,1219
332.6,14.0,31,2023-09-15T13:44:42.980000+00:00,9159,1219
325.4,17.0,22,2023-09-15T13:45:14.511000+00:00,9159,1219
351.2,15.0,63,2023-09-15T13:45:27.948000+00:00,9159,1219
38.0,15.0,14,2023-09-15T13:45:32.370000+00:00,9159,1219
426.2,13.0,1,2023-09-15T13:45:46.011000+00:00,9159,1219
359.8,14.0,81,2023-09-15T13:46:01.510000+00:00,9159,1219
378.0,15.0,18,2023-09-15T13:46:17.182000+00:00,9159,1219
41.6,15.0,77,2023-09-15T13:46:53.369000+00:00,9159,1219
301.5,13.0,27,2023-09-15T13:47:09.915000+00:00,9159,1219
401.8,16.0,24,2023-09-15T13:47:24.478000+00:00,9159,1219
29.7,15.0,81,2023-09-15T13:48:19.805000+00:00,9159,1219
649.8,16.0,10,2023-09-15T13:48:56.179000+00:00,9159,1219
31.4,17.0,24,2023-09-15T13:49:50.053000+00:00,9159,1219
393.3,16.0,11,2023-09-15T13:50:58.989000+00:00,9159,1219
31.2,19.0,4,2023-09-15T13:55:46.922000+00:00,9159,1219
25.6,4.0,24,2023-09-16T09:36:24.784000+00:00,9160,1219
33.0,4.0,11,2023-09-16T09:39:36.173000+00:00,9160,1219
24.3,4.0,1,2023-09-16T09:40:35.297000+00:00,9160,1219
25.7,6.0,55,2023-09-16T09:44:11.091000+00:00,9160,1219
34.1,4.0,44,2023-09-16T09:45:12.731000+00:00,9160,1219
25.5,4.0,27,2023-09-16T09:45:34.403000+00:00,9160,1219
312.9,7.0,77,2023-09-16T09:47:07.246000+00:00,9160,1219
339.0,7.0,24,2023-09-16T09:47:55.323000+00:00,9160,1219
411.3,7.0,1,2023-09-16T09:52:51.554000+00:00,9160,1219
32.5,10.0,16,2023-09-16T09:53:33.929000+00:00,9160,1219
526.1,7.0,11,2023-09-16T09:54:12.803000+00:00,9160,1219
31.5,8.0,27,2023-09-16T09:54:21.288000+00:00,9160,1219
338.8,6.0,4,2023-09-16T09:54:44.084000+00:00,9160,1219
497.1,8.0,18,2023-09-16T09:54:53.459000+00:00,9160,1219
245.0,7.0,44,2023-09-16T09:55:49.099000+00:00,9160,1219
33.9,7.0,23,2023-09-16T09:57:37.379000+00:00,9160,1219
35.6,8.0,20,2023-09-16T09:58:26.488000+00:00,9160,1219
26.5,8.0,40,2023-09-16T09:59:50.956000+00:00,9160,1219
552.1,6.0,81,2023-09-16T10:00:06.175000+00:00,9160,1219
531.4,10.0,55,2023-09-16T10:01:10.689000+00:00,9160,1219
278.4,12.0,16,2023-09-16T10:01:52.392000+00:00,9160,1219
25.6,10.0,22,2023-09-16T10:05:26.671000+00:00,9160,1219
604.9,10.0,63,2023-09-16T10:07:49.279000+00:00,9160,1219
24.4,11.0,22,2023-09-16T10:07:53.622000+00:00,9160,1219
552.6,8.0,23,2023-09-16T10:08:37.872000+00:00,9160,1219
714.4,10.0,31,2023-09-16T10:08:56.637000+00:00,9160,1219
526.2,7.0,2,2023-09-16T10:09:04.434000+00:00,9160,1219
642.1,9.0,14,2023-09-16T10:09:06.497000+00:00,9160,1219
505.0,9.0,4,2023-09-16T10:09:15.872000+00:00,9160,1219
492.9,10.0,44,2023-09-16T10:09:59.965000+00:00,9160,1219
305.6,14.0,18,2023-09-16T10:11:36.495000+00:00,9160,1219
261.8,10.0,81,2023-09-16T10:11:49.682000+00:00,9160,1219
599.8,9.0,40,2023-09-16T10:11:55.370000+00:00,9160,1219
922.3,11.0,10,2023-09-16T10:12:28.729000+00:00,9160,1219
695.8,13.0,1,2023-09-16T10:14:51.852000+00:00,9160,1219
33.7,11.0,23,2023-09-16T10:15:13.680000+00:00,9160,1219
383.6,15.0,55,2023-09-16T10:16:10.383000+00:00,9160,1219
361.7,17.0,16,2023-09-16T10:16:21.257000+00:00,9160,1219
594.1,13.0,11,2023-09-16T10:16:54.804000+00:00,9160,1219
584.8,19.0,77,2023-09-16T10:17:07.241000+00:00,9160,1219
37.6,13.0,44,2023-09-16T10:17:42.741000+00:00,9160,1219
32.0,17.0,18,2023-09-16T10:18:02.944000+00:00,9160,1219
264.6,13.0,63,2023-09-16T10:18:12.428000+00:00,9160,1219
48.9,13.0,81,2023-09-16T10:18:27.444000+00:00,9160,1219
1087.4,9.0,20,2023-09-16T10:18:37.225000+00:00,9160,1219
1150.6,11.0,27,2023-09-16T10:18:57.115000+00:00,9160,1219
564.5,12.0,22,2023-09-16T10:19:02.240000+00:00,9160,1219
748.1,18.0,24,2023-09-16T10:19:43.662000+00:00,9160,1219
284.4,12.0,14,2023-09-16T10:19:48.802000+00:00,9160,1219
24.3,16.0,1,2023-09-16T10:21:29.926000+00:00,9160,1219
36.6,13.0,2,2023-09-16T10:21:50.660000+00:00,9160,1219
26.5,18.0,55,2023-09-16T10:22:41.331000+00:00,9160,1219
36.8,16.0,11,2023-09-16T10:24:06.940000+00:00,9160,1219
27.0,21.0,16,2023-09-16T10:25:34.082000+00:00,9160,1219
148.7,17.0,1,2023-09-16T10:26:12.017000+00:00,9160,1219
25.9,21.0,24,2023-09-16T10:26:17.204000+00:00,9160,1219
351.5,16.0,31,2023-09-16T10:27:00.110000+00:00,9160,1219
512.1,13.0,23,2023-09-16T10:28:06.281000+00:00,9160,1219
224.7,17.0,10,2023-09-16T10:28:11.468000+00:00,9160,1219
318.1,16.0,44,2023-09-16T10:28:52.421000+00:00,9160,1219
26.7,18.0,63,2023-09-16T10:28:59.843000+00:00,9160,1219
196.2,21.0,18,2023-09-16T10:29:01.312000+00:00,9160,1219
468.2,15.0,4,2023-09-16T10:29:17.171000+00:00,9160,1219
326.3,16.0,81,2023-09-16T10:29:30.593000+00:00,9160,1219
361.1,14.0,2,2023-09-16T10:29:38.280000+00:00,9160,1219
25.5,17.0,31,2023-09-16T10:29:43.186000+00:00,9160,1219
42.1,4.0,2,2023-09-16T13:05:57.288000+00:00,9161,1219
75.4,4.0,40,2023-09-16T13:07:05.505000+00:00,9161,1219
141.3,7.0,2,2023-09-16T13:13:59.873000+00:00,9161,1219
114.1,7.0,77,2023-09-16T13:14:01.529000+00:00,9161,1219
140.0,4.0,23,2023-09-16T13:14:03.592000+00:00,9161,1219
112.2,7.0,24,2023-09-16T13:14:06.904000+00:00,9161,1219
141.2,4.0,22,2023-09-16T13:14:11.404000+00:00,9161,1219
134.0,7.0,20,2023-09-16T13:14:13.779000+00:00,9161,1219
149.7,7.0,27,2023-09-16T13:14:16.841000+00:00,9161,1219
189.7,6.0,11,2023-09-16T13:14:21.060000+00:00,9161,1219
166.5,4.0,31,2023-09-16T13:14:22.716000+00:00,9161,1219
117.8,4.0,10,2023-09-16T13:14:26.466000+00:00,9161,1219
99.5,7.0,40,2023-09-16T13:14:29.872000+00:00,9161,1219
130.2,7.0,1,2023-09-16T13:14:54.372000+00:00,9161,1219
328.1,4.0,63,2023-09-16T13:15:01.622000+00:00,9161,1219
335.4,4.0,44,2023-09-16T13:15:10.043000+00:00,9161,1219
117.6,7.0,55,2023-09-16T13:15:12.137000+00:00,9161,1219
154.6,7.0,4,2023-09-16T13:15:18.043000+00:00,9161,1219
118.1,7.0,16,2023-09-16T13:15:21.481000+00:00,9161,1219
167.0,5.0,14,2023-09-16T13:15:24.309000+00:00,9161,1219
127.4,7.0,81,2023-09-16T13:15:27.637000+00:00,9161,1219
152.7,7.0,18,2023-09-16T13:15:31.949000+00:00,9161,1219
1911.2,9.0,11,2023-09-16T13:53:03.519000+00:00,9161,1219
2002.4,9.0,1,2023-09-16T13:53:06.316000+00:00,9161,1219
1951.7,10.0,20,2023-09-16T13:53:07.847000+00:00,9161,1219
1952.4,10.0,27,2023-09-16T13:53:14.800000+00:00,9161,1219
1906.8,10.0,4,2023-09-16T13:53:23.331000+00:00,9161,1219
2049.0,9.0,55,2023-09-16T13:53:24.862000+00:00,9161,1219
1882.8,10.0,16,2023-09-16T13:53:28.878000+00:00,9161,1219
2043.0,7.0,14,2023-09-16T13:53:41.190000+00:00,9161,1219
1965.3,10.0,40,2023-09-16T13:54:12.487000+00:00,9161,1219
2025.9,7.0,22,2023-09-16T13:54:18.783000+00:00,9161,1219
2006.9,7.0,31,2023-09-16T13:54:22.299000+00:00,9161,1219
1977.1,7.0,10,2023-09-16T13:54:31.877000+00:00,9161,1219
2067.3,7.0,23,2023-09-16T13:54:34.939000+00:00,9161,1219
2142.1,7.0,63,2023-09-16T13:57:13.718000+00:00,9161,1219
2264.8,6.0,44,2023-09-16T13:57:18.546000+00:00,9161,1219
307.9,13.0,20,2023-09-16T14:03:50.351000+00:00,9161,1219
229.4,10.0,31,2023-09-16T14:03:52.867000+00:00,9161,1219
308.3,9.0,22,2023-09-16T14:03:54.976000+00:00,9161,1219
307.5,13.0,27,2023-09-16T14:03:59.554000+00:00,9161,1219
223.2,10.0,10,2023-09-16T14:04:03.601000+00:00,9161,1219
245.4,13.0,40,2023-09-16T14:04:06.835000+00:00,9161,1219
338.4,12.0,1,2023-09-16T14:04:11.445000+00:00,9161,1219
277.9,10.0,14,2023-09-16T14:04:16.367000+00:00,9161,1219
304.9,12.0,55,2023-09-16T14:04:19.726000+00:00,9161,1219
337.6,12.0,11,2023-09-16T14:04:28.507000+00:00,9161,1219
315.9,13.0,16,2023-09-16T14:04:33.491000+00:00,9161,1219
336.6,13.0,4,2023-09-16T14:04:40.975000+00:00,9161,1219
145.7,10.0,63,2023-09-16T14:05:09.975000+00:00,9161,1219
145.0,9.0,44,2023-09-16T14:05:16.037000+00:00,9161,1219
312.3,10.0,23,2023-09-16T14:05:21.928000+00:00,9161,1219
389.0,16.0,20,2023-09-16T14:16:02.432000+00:00,9161,1219
383.5,16.0,27,2023-09-16T14:16:07.854000+00:00,9161,1219
456.1,12.0,14,2023-09-16T14:16:11.963000+00:00,9161,1219
342.2,15.0,55,2023-09-16T14:16:14.151000+00:00,9161,1219
412.2,15.0,4,2023-09-16T14:16:20.869000+00:00,9161,1219
338.9,16.0,16,2023-09-16T14:16:24.182000+00:00,9161,1219
368.1,16.0,40,2023-09-16T14:16:27.291000+00:00,9161,1219
435.1,13.0,31,2023-09-16T14:16:58.712000+00:00,9161,1219
468.5,12.0,63,2023-09-16T14:17:21.056000+00:00,9161,1219
472.2,11.0,44,2023-09-16T14:17:27.806000+00:00,9161,1219
141.7,19.0,20,2023-09-16T14:23:49.783000+00:00,9161,1219
135.6,19.0,27,2023-09-16T14:23:53.830000+00:00,9161,1219
128.0,15.0,14,2023-09-16T14:23:58.424000+00:00,9161,1219
113.3,18.0,55,2023-09-16T14:24:00.908000+00:00,9161,1219
110.8,19.0,16,2023-09-16T14:24:03.205000+00:00,9161,1219
129.2,18.0,4,2023-09-16T14:24:11.517000+00:00,9161,1219
119.1,19.0,40,2023-09-16T14:24:33.329000+00:00,9161,1219
114.4,16.0,31,2023-09-16T14:24:37.736000+00:00,9161,1219
138.4,15.0,63,2023-09-16T14:25:12.313000+00:00,9161,1219
147.9,14.0,44,2023-09-16T14:25:24.797000+00:00,9161,1219
30.0,2.0,24,2023-09-17T12:07:52.155000+00:00,9165,1219
63.5,19.0,2,2023-09-17T12:37:46.963000+00:00,9165,1219
29.4,20.0,55,2023-09-17T12:37:49.400000+00:00,9165,1219
29.9,20.0,63,2023-09-17T12:37:59.947000+00:00,9165,1219
29.4,20.0,4,2023-09-17T12:38:01.291000+00:00,9165,1219
32.8,20.0,16,2023-09-17T12:38:02.009000+00:00,9165,1219
32.6,20.0,44,2023-09-17T12:38:06.900000+00:00,9165,1219
30.6,20.0,14,2023-09-17T12:38:11.166000+00:00,9165,1219
29.7,20.0,31,2023-09-17T12:38:13.447000+00:00,9165,1219
31.4,20.0,20,2023-09-17T12:38:22.400000+00:00,9165,1219
31.8,20.0,10,2023-09-17T12:38:26.353000+00:00,9165,1219
29.3,20.0,81,2023-09-17T12:38:27.994000+00:00,9165,1219
32.3,20.0,40,2023-09-17T12:38:28.665000+00:00,9165,1219
35.4,20.0,27,2023-09-17T12:38:29.447000+00:00,9165,1219
30.1,20.0,23,2023-09-17T12:38:30.056000+00:00,9165,1219
30.6,20.0,24,2023-09-17T12:39:01.571000+00:00,9165,1219
28.9,39.0,11,2023-09-17T13:12:23.111000+00:00,9165,1219
29.6,40.0,1,2023-09-17T13:13:51.688000+00:00,9165,1219
30.4,40.0,77,2023-09-17T13:14:18.391000+00:00,9165,1219
29.7,43.0,23,2023-09-17T13:19:21.934000+00:00,9165,1219
33.0,43.0,20,2023-09-17T13:19:37.637000+00:00,9165,1219
31.0,43.0,2,2023-09-17T13:19:49.215000+00:00,9165,1219
30.0,44.0,63,2023-09-17T13:20:52.511000+00:00,9165,1219
33.5,44.0,44,2023-09-17T13:20:58.339000+00:00,9165,1219
52.7,44.0,14,2023-09-17T13:21:52.432000+00:00,9165,1219
30.4,3.0,44,2023-09-22T02:35:53.622000+00:00,9166,1220
26.7,3.0,4,2023-09-22T02:35:57.216000+00:00,9166,1220
306.9,2.0,23,2023-09-22T02:37:09.840000+00:00,9166,1220
31.6,6.0,1,2023-09-22T02:40:07.245000+00:00,9166,1220
27.5,6.0,11,2023-09-22T02:40:39.354000+00:00,9166,1220
35.7,6.0,14,2023-09-22T02:41:52.525000+00:00,9166,1220
503.2,3.0,18,2023-09-22T02:42:08.837000+00:00,9166,1220
363.1,3.0,23,2023-09-22T02:45:14.194000+00:00,9166,1220
27.8,8.0,2,2023-09-22T02:46:18.365000+00:00,9166,1220
826.0,2.0,22,2023-09-22T02:46:49.193000+00:00,9166,1220
299.8,10.0,63,2023-09-22T02:53:19.236000+00:00,9166,1220
478.7,5.0,18,2023-09-22T02:53:47.501000+00:00,9166,1220
595.0,7.0,44,2023-09-22T02:54:25.235000+00:00,9166,1220
509.4,8.0,10,2023-09-22T02:54:38.094000+00:00,9166,1220
411.8,10.0,40,2023-09-22T02:54:51.219000+00:00,9166,1220
599.1,8.0,81,2023-09-22T02:55:32.094000+00:00,9166,1220
485.7,9.0,14,2023-09-22T02:55:54.749000+00:00,9166,1220
763.6,7.0,4,2023-09-22T02:56:39.530000+00:00,9166,1220
809.8,8.0,31,2023-09-22T02:56:52.890000+00:00,9166,1220
755.9,8.0,27,2023-09-22T02:56:57.546000+00:00,9166,1220
644.7,9.0,77,2023-09-22T02:57:06.936000+00:00,9166,1220
31.8,7.0,22,2023-09-22T02:57:29.733000+00:00,9166,1220
673.5,9.0,11,2023-09-22T02:57:40.108000+00:00,9166,1220
373.0,11.0,2,2023-09-22T02:57:58.748000+00:00,9166,1220
761.6,8.0,20,2023-09-22T02:58:11.935000+00:00,9166,1220
541.1,11.0,1,2023-09-22T02:59:34.497000+00:00,9166,1220
733.4,10.0,24,2023-09-22T03:00:36.840000+00:00,9166,1220
697.7,11.0,16,2023-09-22T03:02:18.542000+00:00,9166,1220
589.2,11.0,55,2023-09-22T03:02:22.245000+00:00,9166,1220
410.9,10.0,23,2023-09-22T03:05:49.227000+00:00,9166,1220
328.4,12.0,14,2023-09-22T03:06:54.773000+00:00,9166,1220
545.2,9.0,18,2023-09-22T03:10:41.255000+00:00,9166,1220
159.3,15.0,81,2023-09-22T03:10:45.427000+00:00,9166,1220
408.3,12.0,27,2023-09-22T03:11:43.723000+00:00,9166,1220
162.0,18.0,40,2023-09-22T03:13:28.550000+00:00,9166,1220
313.2,14.0,4,2023-09-22T03:13:53.019000+00:00,9166,1220
452.2,14.0,1,2023-09-22T03:13:59.753000+00:00,9166,1220
385.9,14.0,55,2023-09-22T03:15:09.268000+00:00,9166,1220
308.9,13.0,22,2023-09-22T03:15:10.580000+00:00,9166,1220
362.8,17.0,2,2023-09-22T03:15:58.955000+00:00,9166,1220
361.0,15.0,11,2023-09-22T03:16:05.564000+00:00,9166,1220
297.0,14.0,20,2023-09-22T03:17:06.907000+00:00,9166,1220
26.7,12.0,18,2023-09-22T03:17:38.688000+00:00,9166,1220
521.5,15.0,77,2023-09-22T03:17:57.157000+00:00,9166,1220
345.4,15.0,14,2023-09-22T03:18:15.797000+00:00,9166,1220
29.9,16.0,23,2023-09-22T03:18:37.453000+00:00,9166,1220
267.5,17.0,16,2023-09-22T03:19:00.531000+00:00,9166,1220
596.7,15.0,44,2023-09-22T03:19:35.874000+00:00,9166,1220
387.1,16.0,31,2023-09-22T03:20:27.405000+00:00,9166,1220
494.3,17.0,10,2023-09-22T03:21:39.670000+00:00,9166,1220
892.6,18.0,63,2023-09-22T03:22:33.278000+00:00,9166,1220
476.3,17.0,24,2023-09-22T03:22:59.231000+00:00,9166,1220
25.8,19.0,27,2023-09-22T03:23:59.309000+00:00,9166,1220
144.0,16.0,22,2023-09-22T03:24:04.106000+00:00,9166,1220
24.1,20.0,1,2023-09-22T03:24:24.277000+00:00,9166,1220
162.2,22.0,81,2023-09-22T03:25:52.136000+00:00,9166,1220
42.5,21.0,4,2023-09-22T03:26:30.479000+00:00,9166,1220
21.3,25.0,40,2023-09-22T03:27:36.837000+00:00,9166,1220
309.6,15.0,18,2023-09-22T03:28:37.681000+00:00,9166,1220
26.6,4.0,10,2023-09-22T06:07:38.517000+00:00,9167,1220
27.7,4.0,31,2023-09-22T06:08:07.016000+00:00,9167,1220
153.1,4.0,23,2023-09-22T06:08:46.812000+00:00,9167,1220
286.5,4.0,18,2023-09-22T06:10:50.576000+00:00,9167,1220
24.9,6.0,55,2023-09-22T06:11:25.841000+00:00,9167,1220
29.0,6.0,11,2023-09-22T06:11:47.262000+00:00,9167,1220
26.1,6.0,16,2023-09-22T06:12:15.856000+00:00,9167,1220
380.8,4.0,14,2023-09-22T06:12:32.652000+00:00,9167,1220
342.5,6.0,2,2023-09-22T06:15:37.321000+00:00,9167,1220
332.2,6.0,63,2023-09-22T06:15:39.555000+00:00,9167,1220
339.7,6.0,40,2023-09-22T06:15:56.555000+00:00,9167,1220
243.0,4.0,1,2023-09-22T06:16:05.805000+00:00,9167,1220
326.1,6.0,44,2023-09-22T06:16:45.132000+00:00,9167,1220
27.5,7.0,18,2023-09-22T06:17:23.788000+00:00,9167,1220
204.4,8.0,22,2023-09-22T06:18:12.662000+00:00,9167,1220
348.8,7.0,20,2023-09-22T06:20:41.784000+00:00,9167,1220
338.2,8.0,77,2023-09-22T06:21:09.487000+00:00,9167,1220
574.5,6.0,4,2023-09-22T06:21:22.846000+00:00,9167,1220
421.5,8.0,24,2023-09-22T06:21:26.705000+00:00,9167,1220
369.1,8.0,27,2023-09-22T06:21:37.705000+00:00,9167,1220
316.5,8.0,23,2023-09-22T06:22:10.126000+00:00,9167,1220
552.8,6.0,81,2023-09-22T06:23:27.219000+00:00,9167,1220
17.9,9.0,44,2023-09-22T06:24:34.390000+00:00,9167,1220
402.0,9.0,16,2023-09-22T06:24:39.186000+00:00,9167,1220
438.3,9.0,11,2023-09-22T06:24:43.780000+00:00,9167,1220
501.8,9.0,55,2023-09-22T06:25:28.935000+00:00,9167,1220
20.8,11.0,27,2023-09-22T06:27:32.277000+00:00,9167,1220
344.0,9.0,14,2023-09-22T06:28:01.011000+00:00,9167,1220
19.2,11.0,24,2023-09-22T06:28:09.229000+00:00,9167,1220
445.2,10.0,31,2023-09-22T06:28:13.589000+00:00,9167,1220
497.5,10.0,10,2023-09-22T06:28:22.495000+00:00,9167,1220
437.2,7.0,1,2023-09-22T06:29:01.400000+00:00,9167,1220
250.0,11.0,40,2023-09-22T06:29:23.603000+00:00,9167,1220
140.3,13.0,22,2023-09-22T06:29:58.618000+00:00,9167,1220
453.9,10.0,18,2023-09-22T06:30:36.571000+00:00,9167,1220
270.1,11.0,63,2023-09-22T06:31:03.164000+00:00,9167,1220
411.8,11.0,2,2023-09-22T06:32:31.365000+00:00,9167,1220
444.6,9.0,4,2023-09-22T06:34:19.457000+00:00,9167,1220
361.1,9.0,81,2023-09-22T06:35:02.785000+00:00,9167,1220
461.8,11.0,23,2023-09-22T06:35:38.722000+00:00,9167,1220
310.7,12.0,44,2023-09-22T06:35:57.221000+00:00,9167,1220
434.3,12.0,27,2023-09-22T06:36:46.486000+00:00,9167,1220
402.2,12.0,11,2023-09-22T06:37:09.142000+00:00,9167,1220
366.2,12.0,20,2023-09-22T06:37:34.923000+00:00,9167,1220
347.4,12.0,14,2023-09-22T06:39:55.545000+00:00,9167,1220
478.3,12.0,55,2023-09-22T06:40:01.701000+00:00,9167,1220
467.6,13.0,24,2023-09-22T06:40:06.623000+00:00,9167,1220
522.0,13.0,77,2023-09-22T06:40:26.888000+00:00,9167,1220
327.7,14.0,40,2023-09-22T06:40:39.888000+00:00,9167,1220
322.5,16.0,22,2023-09-22T06:40:55.294000+00:00,9167,1220
403.1,13.0,10,2023-09-22T06:41:03.716000+00:00,9167,1220
358.5,14.0,16,2023-09-22T06:41:07.169000+00:00,9167,1220
29.7,14.0,23,2023-09-22T06:41:18.809000+00:00,9167,1220
417.8,13.0,31,2023-09-22T06:41:27.059000+00:00,9167,1220
407.6,10.0,1,2023-09-22T06:41:47.559000+00:00,9167,1220
346.9,13.0,18,2023-09-22T06:42:05.480000+00:00,9167,1220
25.0,14.0,24,2023-09-22T06:42:24.871000+00:00,9167,1220
359.4,14.0,63,2023-09-22T06:42:46.089000+00:00,9167,1220
24.1,17.0,2,2023-09-22T06:43:08.167000+00:00,9167,1220
26.9,14.0,10,2023-09-22T06:43:15.635000+00:00,9167,1220
355.2,15.0,44,2023-09-22T06:47:19.272000+00:00,9167,1220
25.8,17.0,81,2023-09-22T06:49:01.114000+00:00,9167,1220
24.4,19.0,18,2023-09-22T06:52:27.313000+00:00,9167,1220
23.1,20.0,4,2023-09-22T06:52:54.735000+00:00,9167,1220
440.0,16.0,24,2023-09-22T06:53:14.859000+00:00,9167,1220
25.3,21.0,20,2023-09-22T06:53:16.484000+00:00,9167,1220
24.9,22.0,40,2023-09-22T06:54:27.639000+00:00,9167,1220
27.3,23.0,27,2023-09-22T06:55:36.904000+00:00,9167,1220
397.5,4.0,16,2023-09-23T02:48:05.592000+00:00,9168,1220
459.5,4.0,55,2023-09-23T02:48:23.889000+00:00,9168,1220
19.4,4.0,24,2023-09-23T02:49:30.107000+00:00,9168,1220
22.3,4.0,77,2023-09-23T02:49:36.904000+00:00,9168,1220
406.6,4.0,81,2023-09-23T02:51:10.309000+00:00,9168,1220
20.4,6.0,27,2023-09-23T02:53:18.042000+00:00,9168,1220
355.7,4.0,10,2023-09-23T02:53:58.104000+00:00,9168,1220
416.8,4.0,31,2023-09-23T02:54:28.979000+00:00,9168,1220
19.4,7.0,20,2023-09-23T02:54:52.072000+00:00,9168,1220
362.7,4.0,63,2023-09-23T02:55:36.462000+00:00,9168,1220
362.3,4.0,44,2023-09-23T02:55:43.744000+00:00,9168,1220
550.0,5.0,4,2023-09-23T02:55:48.525000+00:00,9168,1220
372.1,7.0,18,2023-09-23T02:56:40.337000+00:00,9168,1220
356.1,7.0,55,2023-09-23T03:00:14.412000+00:00,9168,1220
654.5,4.0,11,2023-09-23T03:00:24.037000+00:00,9168,1220
404.1,7.0,16,2023-09-23T03:00:39.225000+00:00,9168,1220
496.9,4.0,1,2023-09-23T03:00:42.928000+00:00,9168,1220
24.3,7.0,14,2023-09-23T03:01:43.771000+00:00,9168,1220
22.1,10.0,18,2023-09-23T03:02:20.489000+00:00,9168,1220
21.5,10.0,40,2023-09-23T03:02:30.286000+00:00,9168,1220
23.1,10.0,22,2023-09-23T03:03:49.879000+00:00,9168,1220
571.5,4.0,23,2023-09-23T03:07:58.501000+00:00,9168,1220
536.2,9.0,81,2023-09-23T03:08:45.829000+00:00,9168,1220
744.8,8.0,20,2023-09-23T03:09:15.360000+00:00,9168,1220
288.5,7.0,2,2023-09-23T03:09:23.328000+00:00,9168,1220
867.3,7.0,24,2023-09-23T03:09:47.812000+00:00,9168,1220
858.4,7.0,77,2023-09-23T03:09:54.984000+00:00,9168,1220
535.9,8.0,4,2023-09-23T03:10:08.750000+00:00,9168,1220
375.6,11.0,18,2023-09-23T03:10:22.296000+00:00,9168,1220
669.2,7.0,10,2023-09-23T03:10:29.827000+00:00,9168,1220
908.8,7.0,27,2023-09-23T03:10:31.359000+00:00,9168,1220
471.5,8.0,14,2023-09-23T03:11:16.218000+00:00,9168,1220
24.4,7.0,23,2023-09-23T03:13:58.622000+00:00,9168,1220
870.4,7.0,31,2023-09-23T03:14:38.481000+00:00,9168,1220
25.5,10.0,2,2023-09-23T03:15:12.012000+00:00,9168,1220
19.9,10.0,24,2023-09-23T03:16:08.792000+00:00,9168,1220
910.2,7.0,63,2023-09-23T03:16:33.011000+00:00,9168,1220
908.6,7.0,44,2023-09-23T03:16:41.417000+00:00,9168,1220
34.2,10.0,10,2023-09-23T03:17:16.495000+00:00,9168,1220
763.6,11.0,40,2023-09-23T03:17:21.057000+00:00,9168,1220
672.6,7.0,1,2023-09-23T03:17:24.901000+00:00,9168,1220
725.9,11.0,22,2023-09-23T03:18:02.572000+00:00,9168,1220
524.4,14.0,55,2023-09-23T03:20:50.524000+00:00,9168,1220
510.3,14.0,16,2023-09-23T03:21:03.680000+00:00,9168,1220
954.6,7.0,11,2023-09-23T03:21:55.132000+00:00,9168,1220
329.7,10.0,31,2023-09-23T03:25:50.692000+00:00,9168,1220
22.7,17.0,55,2023-09-23T03:27:12.129000+00:00,9168,1220
783.3,12.0,81,2023-09-23T03:27:32.535000+00:00,9168,1220
505.5,13.0,4,2023-09-23T03:27:50.503000+00:00,9168,1220
297.5,10.0,1,2023-09-23T03:28:13.831000+00:00,9168,1220
324.6,10.0,44,2023-09-23T03:28:20.159000+00:00,9168,1220
46.2,10.0,11,2023-09-23T03:28:33.831000+00:00,9168,1220
537.5,10.0,23,2023-09-23T03:28:42.706000+00:00,9168,1220
387.9,13.0,77,2023-09-23T03:28:46.143000+00:00,9168,1220
713.2,11.0,2,2023-09-23T03:28:51.909000+00:00,9168,1220
386.9,13.0,24,2023-09-23T03:29:02.909000+00:00,9168,1220
372.0,17.0,18,2023-09-23T03:29:09.502000+00:00,9168,1220
637.2,11.0,27,2023-09-23T03:29:13.534000+00:00,9168,1220
341.9,14.0,14,2023-09-23T03:29:15.893000+00:00,9168,1220
377.2,13.0,10,2023-09-23T03:29:27.783000+00:00,9168,1220
448.8,14.0,20,2023-09-23T03:29:33.205000+00:00,9168,1220
111.3,4.0,40,2023-09-23T06:07:24.522000+00:00,9169,1220
137.4,4.0,18,2023-09-23T06:07:43.068000+00:00,9169,1220
1003.7,5.0,40,2023-09-23T06:22:16.902000+00:00,9169,1220
1355.7,5.0,18,2023-09-23T06:28:01.492000+00:00,9169,1220
38.5,8.0,40,2023-09-23T06:28:19.445000+00:00,9169,1220
287.9,7.0,23,2023-09-23T06:39:11.985000+00:00,9169,1220
747.9,6.0,16,2023-09-23T06:40:07.843000+00:00,9169,1220
741.9,6.0,55,2023-09-23T06:40:10.468000+00:00,9169,1220
427.4,7.0,44,2023-09-23T06:41:19.952000+00:00,9169,1220
476.5,7.0,63,2023-09-23T06:41:26.921000+00:00,9169,1220
542.3,7.0,11,2023-09-23T06:41:30.952000+00:00,9169,1220
516.4,7.0,10,2023-09-23T06:41:36.967000+00:00,9169,1220
512.3,7.0,31,2023-09-23T06:41:47.030000+00:00,9169,1220
461.7,11.0,40,2023-09-23T06:41:53.952000+00:00,9169,1220
499.2,7.0,22,2023-09-23T06:42:06.655000+00:00,9169,1220
486.1,7.0,14,2023-09-23T06:42:15.186000+00:00,9169,1220
592.0,6.0,81,2023-09-23T06:42:41.107000+00:00,9169,1220
128.7,10.0,23,2023-09-23T06:46:47.198000+00:00,9169,1220
270.2,9.0,16,2023-09-23T06:49:54.337000+00:00,9169,1220
249.1,9.0,55,2023-09-23T06:49:57.696000+00:00,9169,1220
1026.1,7.0,20,2023-09-23T06:50:00.962000+00:00,9169,1220
138.1,10.0,14,2023-09-23T06:50:11.196000+00:00,9169,1220
223.2,10.0,44,2023-09-23T06:50:18.321000+00:00,9169,1220
178.4,14.0,40,2023-09-23T06:50:27.540000+00:00,9169,1220
197.5,10.0,31,2023-09-23T06:50:42.993000+00:00,9169,1220
229.0,10.0,11,2023-09-23T06:50:53.055000+00:00,9169,1220
250.7,10.0,63,2023-09-23T06:51:03.914000+00:00,9169,1220
218.4,10.0,22,2023-09-23T06:51:12.695000+00:00,9169,1220
253.7,10.0,10,2023-09-23T06:51:25.976000+00:00,9169,1220
1062.1,7.0,1,2023-09-23T07:02:02.813000+00:00,9169,1220
344.8,13.0,11,2023-09-23T07:02:10.079000+00:00,9169,1220
390.6,13.0,44,2023-09-23T07:02:18.016000+00:00,9169,1220
839.6,9.0,81,2023-09-23T07:02:24.485000+00:00,9169,1220
347.0,13.0,22,2023-09-23T07:02:38.438000+00:00,9169,1220
883.1,7.0,4,2023-09-23T07:02:51.047000+00:00,9169,1220
594.5,13.0,63,2023-09-23T07:06:34.341000+00:00,9169,1220
652.4,13.0,14,2023-09-23T07:06:44.701000+00:00,9169,1220
149.8,10.0,1,2023-09-23T07:09:53.870000+00:00,9169,1220
869.8,12.0,16,2023-09-23T07:09:59.105000+00:00,9169,1220
871.2,12.0,55,2023-09-23T07:10:05.198000+00:00,9169,1220
133.5,12.0,81,2023-09-23T07:10:08.011000+00:00,9169,1220
136.5,10.0,4,2023-09-23T07:10:25.917000+00:00,9169,1220
152.3,16.0,22,2023-09-23T07:10:35.807000+00:00,9169,1220
189.5,16.0,11,2023-09-23T07:10:47.463000+00:00,9169,1220
196.0,16.0,44,2023-09-23T07:11:01.151000+00:00,9169,1220
27.0,1.0,31,2023-09-24T05:07:12.968000+00:00,9173,1220
41.0,1.0,24,2023-09-24T05:07:15.655000+00:00,9173,1220
50.1,1.0,23,2023-09-24T05:07:19.952000+00:00,9173,1220
55.8,1.0,77,2023-09-24T05:07:54.608000+00:00,9173,1220
32.4,2.0,11,2023-09-24T05:09:29.028000+00:00,9173,1220
32.7,2.0,2,2023-09-24T05:09:44.387000+00:00,9173,1220
43.8,5.0,2,2023-09-24T05:17:08.457000+00:00,9173,1220
53.5,6.0,77,2023-09-24T05:19:22.908000+00:00,9173,1220
23.5,8.0,27,2023-09-24T05:21:42.405000+00:00,9173,1220
22.9,9.0,22,2023-09-24T05:23:20.388000+00:00,9173,1220
23.1,10.0,40,2023-09-24T05:24:59.089000+00:00,9173,1220
24.0,10.0,24,2023-09-24T05:25:09.105000+00:00,9173,1220
24.0,11.0,14,2023-09-24T05:26:35.525000+00:00,9173,1220
23.8,12.0,20,2023-09-24T05:28:47.742000+00:00,9173,1220
41.4,12.0,11,2023-09-24T05:29:04.194000+00:00,9173,1220
24.4,13.0,81,2023-09-24T05:29:49.553000+00:00,9173,1220
52.1,13.0,23,2023-09-24T05:30:50.864000+00:00,9173,1220
23.4,14.0,18,2023-09-24T05:32:01.707000+00:00,9173,1220
24.3,16.0,1,2023-09-24T05:34:56.563000+00:00,9173,1220
24.8,16.0,44,2023-09-24T05:35:14.813000+00:00,9173,1220
23.5,17.0,4,2023-09-24T05:36:44.936000+00:00,9173,1220
23.1,17.0,16,2023-09-24T05:36:47.342000+00:00,9173,1220
23.0,18.0,55,2023-09-24T05:38:27.966000+00:00,9173,1220
24.4,18.0,10,2023-09-24T05:38:45.809000+00:00,9173,1220
23.6,21.0,27,2023-09-24T05:44:03.803000+00:00,9173,1220
35.1,21.0,2,2023-09-24T05:44:51.896000+00:00,9173,1220
24.0,24.0,63,2023-09-24T05:48:30.017000+00:00,9173,1220
24.2,25.0,14,2023-09-24T05:50:32.297000+00:00,9173,1220
23.6,25.0,40,2023-09-24T05:50:44.796000+00:00,9173,1220
23.7,28.0,31,2023-09-24T05:55:32.932000+00:00,9173,1220
24.1,29.0,24,2023-09-24T05:57:30.867000+00:00,9173,1220
23.3,30.0,22,2023-09-24T05:59:05.413000+00:00,9173,1220
23.8,31.0,20,2023-09-24T06:01:03.864000+00:00,9173,1220
22.9,34.0,16,2023-09-24T06:05:01.859000+00:00,9173,1220
23.6,34.0,44,2023-09-24T06:05:07.953000+00:00,9173,1220
24.6,34.0,10,2023-09-24T06:05:29.046000+00:00,9173,1220
23.1,35.0,81,2023-09-24T06:06:35.420000+00:00,9173,1220
23.1,36.0,4,2023-09-24T06:08:07.059000+00:00,9173,1220
23.6,37.0,1,2023-09-24T06:09:30.183000+00:00,9173,1220
23.3,37.0,27,2023-09-24T06:10:47.666000+00:00,9173,1220
23.3,38.0,55,2023-09-24T06:11:39.493000+00:00,9173,1220
2485.9,13.0,11,2023-09-24T06:13:16.726000+00:00,9173,1220
30.6,14.0,11,2023-09-24T06:15:30.208000+00:00,9173,1220
55.5,4.0,23,2023-10-21T17:38:37.369000+00:00,9294,1222
114.4,4.0,27,2023-10-21T17:38:45.634000+00:00,9294,1222
112.0,4.0,20,2023-10-21T17:38:50.259000+00:00,9294,1222
110.0,4.0,77,2023-10-21T17:38:54.572000+00:00,9294,1222
79.5,4.0,2,2023-10-21T17:39:15.556000+00:00,9294,1222
55.6,4.0,3,2023-10-21T17:39:33.493000+00:00,9294,1222
39.5,4.0,22,2023-10-21T17:39:39.618000+00:00,9294,1222
183.7,4.0,44,2023-10-21T17:39:44.696000+00:00,9294,1222
571.9,4.0,1,2023-10-21T17:49:04.733000+00:00,9294,1222
328.3,6.0,11,2023-10-21T17:49:12.311000+00:00,9294,1222
323.4,7.0,16,2023-10-21T17:49:17.920000+00:00,9294,1222
307.0,7.0,55,2023-10-21T17:49:21.310000+00:00,9294,1222
307.8,7.0,18,2023-10-21T17:49:26.295000+00:00,9294,1222
378.8,6.0,24,2023-10-21T17:49:43.904000+00:00,9294,1222
306.8,8.0,81,2023-10-21T17:50:03.216000+00:00,9294,1222
317.4,8.0,4,2023-10-21T17:50:17.653000+00:00,9294,1222
516.6,7.0,63,2023-10-21T17:54:09.868000+00:00,9294,1222
622.2,7.0,14,2023-10-21T17:54:53.836000+00:00,9294,1222
594.8,7.0,31,2023-10-21T17:54:56.804000+00:00,9294,1222
577.5,7.0,44,2023-10-21T17:55:12.460000+00:00,9294,1222
645.1,7.0,10,2023-10-21T17:55:32.679000+00:00,9294,1222
669.6,7.0,23,2023-10-21T17:55:44.835000+00:00,9294,1222
39.2,10.0,16,2023-10-21T17:55:52.382000+00:00,9294,1222
639.6,7.0,3,2023-10-21T17:56:06.335000+00:00,9294,1222
43.4,10.0,55,2023-10-21T17:56:08.444000+00:00,9294,1222
641.7,9.0,1,2023-10-21T18:09:25.148000+00:00,9294,1222
550.8,13.0,4,2023-10-21T18:09:32.242000+00:00,9294,1222
580.7,13.0,81,2023-10-21T18:09:38.539000+00:00,9294,1222
502.6,10.0,10,2023-10-21T18:09:49.445000+00:00,9294,1222
593.7,12.0,16,2023-10-21T18:09:58.320000+00:00,9294,1222
513.7,10.0,23,2023-10-21T18:10:08.960000+00:00,9294,1222
579.6,12.0,55,2023-10-21T18:10:15.210000+00:00,9294,1222
560.4,12.0,11,2023-10-21T18:10:22.741000+00:00,9294,1222
583.5,10.0,44,2023-10-21T18:10:52.241000+00:00,9294,1222
654.8,10.0,63,2023-10-21T18:11:05.209000+00:00,9294,1222
25.6,9.0,24,2023-10-22T19:19:48.306000+00:00,9213,1222
24.5,10.0,23,2023-10-22T19:21:32.851000+00:00,9213,1222
24.7,10.0,77,2023-10-22T19:21:34.633000+00:00,9213,1222
25.0,10.0,20,2023-10-22T19:21:36.539000+00:00,9213,1222
24.9,11.0,2,2023-10-22T19:23:21.350000+00:00,9213,1222
23.7,16.0,1,2023-10-22T19:31:30.278000+00:00,9213,1222
24.1,17.0,4,2023-10-22T19:33:06.808000+00:00,9213,1222
23.6,17.0,55,2023-10-22T19:33:18.589000+00:00,9213,1222
24.2,17.0,11,2023-10-22T19:33:22.870000+00:00,9213,1222
24.3,17.0,22,2023-10-22T19:33:31.073000+00:00,9213,1222
23.9,18.0,10,2023-10-22T19:35:10.384000+00:00,9213,1222
25.0,19.0,14,2023-10-22T19:37:06.772000+00:00,9213,1222
26.5,19.0,27,2023-10-22T19:37:15.772000+00:00,9213,1222
24.9,20.0,44,2023-10-22T19:38:19.318000+00:00,9213,1222
24.4,20.0,18,2023-10-22T19:38:53.458000+00:00,9213,1222
24.3,21.0,63,2023-10-22T19:40:14.316000+00:00,9213,1222
24.3,22.0,3,2023-10-22T19:42:16.017000+00:00,9213,1222
23.9,23.0,16,2023-10-22T19:43:34.656000+00:00,9213,1222
24.7,27.0,24,2023-10-22T19:51:14.054000+00:00,9213,1222
25.0,28.0,77,2023-10-22T19:52:54.896000+00:00,9213,1222
24.3,29.0,23,2023-10-22T19:54:33.519000+00:00,9213,1222
24.7,29.0,20,2023-10-22T19:54:49.581000+00:00,9213,1222
25.5,32.0,2,2023-10-22T19:59:50.420000+00:00,9213,1222
23.3,34.0,4,2023-10-22T20:02:16.870000+00:00,9213,1222
24.1,34.0,22,2023-10-22T20:02:51.557000+00:00,9213,1222
24.3,34.0,27,2023-10-22T20:03:12.572000+00:00,9213,1222
24.9,35.0,1,2023-10-22T20:03:56.681000+00:00,9213,1222
23.6,35.0,55,2023-10-22T20:04:06.900000+00:00,9213,1222
23.7,37.0,11,2023-10-22T20:07:31.958000+00:00,9213,1222
24.8,37.0,10,2023-10-22T20:07:53.521000+00:00,9213,1222
24.6,38.0,44,2023-10-22T20:09:06.800000+00:00,9213,1222
23.9,39.0,63,2023-10-22T20:11:11.814000+00:00,9213,1222
23.9,40.0,18,2023-10-22T20:13:10.359000+00:00,9213,1222
24.8,42.0,14,2023-10-22T20:16:26.105000+00:00,9213,1222
26.5,47.0,3,2023-10-22T20:25:42.017000+00:00,9213,1222
23.4,54.0,22,2023-10-22T20:36:59.521000+00:00,9213,1222
51.7,2.0,31,2023-10-27T18:33:25.084000+00:00,9174,1223
19.3,6.0,24,2023-10-27T18:38:52.049000+00:00,9174,1223
24.5,6.0,11,2023-10-27T18:39:04.127000+00:00,9174,1223
306.7,3.0,41,2023-10-27T18:40:58.095000+00:00,9174,1223
23.9,8.0,1,2023-10-27T18:42:32.609000+00:00,9174,1223
510.6,3.0,4,2023-10-27T18:43:16.734000+00:00,9174,1223
675.6,2.0,98,2023-10-27T18:43:47.796000+00:00,9174,1223
553.2,5.0,18,2023-10-27T18:45:31.873000+00:00,9174,1223
756.4,2.0,61,2023-10-27T18:45:44.873000+00:00,9174,1223
23.6,11.0,23,2023-10-27T18:46:15.935000+00:00,9174,1223
437.9,6.0,42,2023-10-27T18:46:29.310000+00:00,9174,1223
420.7,8.0,81,2023-10-27T18:48:06.590000+00:00,9174,1223
347.1,9.0,50,2023-10-27T18:49:04.339000+00:00,9174,1223
385.2,3.0,98,2023-10-27T18:52:14.572000+00:00,9174,1223
571.3,9.0,27,2023-10-27T18:52:53.634000+00:00,9174,1223
884.9,6.0,44,2023-10-27T18:53:22.602000+00:00,9174,1223
554.2,9.0,3,2023-10-27T18:53:24.321000+00:00,9174,1223
36.6,16.0,23,2023-10-27T18:54:55.085000+00:00,9174,1223
561.9,10.0,16,2023-10-27T18:55:39.850000+00:00,9174,1223
396.1,12.0,2,2023-10-27T18:56:29.397000+00:00,9174,1223
657.4,10.0,24,2023-10-27T18:56:32.584000+00:00,9174,1223
36.1,13.0,81,2023-10-27T18:56:46.115000+00:00,9174,1223
746.8,10.0,31,2023-10-27T18:58:42.489000+00:00,9174,1223
29.1,12.0,3,2023-10-27T18:58:46.973000+00:00,9174,1223
44.9,18.0,23,2023-10-27T18:59:17.926000+00:00,9174,1223
21.0,13.0,16,2023-10-27T19:01:03.862000+00:00,9174,1223
521.9,9.0,4,2023-10-27T19:01:26.534000+00:00,9174,1223
424.4,11.0,42,2023-10-27T19:01:35.784000+00:00,9174,1223
468.4,11.0,41,2023-10-27T19:02:02.221000+00:00,9174,1223
721.4,13.0,1,2023-10-27T19:02:11.940000+00:00,9174,1223
722.9,13.0,11,2023-10-27T19:02:25.971000+00:00,9174,1223
570.5,4.0,98,2023-10-27T19:03:37.173000+00:00,9174,1223
35.1,13.0,31,2023-10-27T19:03:48.939000+00:00,9174,1223
1859.0,3.0,14,2023-10-27T19:04:31.360000+00:00,9174,1223
1347.4,8.0,55,2023-10-27T19:05:01.469000+00:00,9174,1223
337.6,11.0,44,2023-10-27T19:06:29.171000+00:00,9174,1223
17.1,12.0,4,2023-10-27T19:06:37.906000+00:00,9174,1223
551.4,13.0,18,2023-10-27T19:07:03.655000+00:00,9174,1223
27.7,16.0,11,2023-10-27T19:07:49.061000+00:00,9174,1223
310.9,15.0,3,2023-10-27T19:08:39.076000+00:00,9174,1223
36.3,11.0,55,2023-10-27T19:10:40.512000+00:00,9174,1223
678.9,11.0,61,2023-10-27T19:11:14.105000+00:00,9174,1223
358.6,16.0,16,2023-10-27T19:12:02.449000+00:00,9174,1223
363.9,16.0,1,2023-10-27T19:12:52.308000+00:00,9174,1223
815.0,19.0,23,2023-10-27T19:14:24.713000+00:00,9174,1223
493.2,20.0,81,2023-10-27T19:15:16.603000+00:00,9174,1223
315.7,14.0,44,2023-10-27T19:16:20.540000+00:00,9174,1223
390.0,21.0,2,2023-10-27T19:17:08.773000+00:00,9174,1223
338.2,8.0,14,2023-10-27T19:17:17.914000+00:00,9174,1223
459.3,17.0,42,2023-10-27T19:18:47.241000+00:00,9174,1223
33.8,21.0,3,2023-10-27T19:18:57.678000+00:00,9174,1223
212.8,14.0,55,2023-10-27T19:19:15.991000+00:00,9174,1223
403.6,19.0,11,2023-10-27T19:19:23.084000+00:00,9174,1223
23.8,22.0,23,2023-10-27T19:19:25.834000+00:00,9174,1223
297.7,18.0,18,2023-10-27T19:19:40.787000+00:00,9174,1223
24.2,21.0,4,2023-10-27T19:19:46.068000+00:00,9174,1223
368.3,18.0,41,2023-10-27T19:20:17.521000+00:00,9174,1223
484.1,24.0,50,2023-10-27T19:20:27.724000+00:00,9174,1223
536.5,19.0,24,2023-10-27T19:20:49.427000+00:00,9174,1223
429.5,19.0,31,2023-10-27T19:20:57.396000+00:00,9174,1223
549.8,24.0,27,2023-10-27T19:24:18.440000+00:00,9174,1223
32.0,13.0,14,2023-10-27T19:25:24.533000+00:00,9174,1223
49.7,2.0,31,2023-10-27T22:03:14.287000+00:00,9175,1223
26.2,4.0,11,2023-10-27T22:06:26.941000+00:00,9175,1223
46.5,4.0,2,2023-10-27T22:06:27.847000+00:00,9175,1223
25.7,6.0,10,2023-10-27T22:08:47.283000+00:00,9175,1223
40.4,6.0,14,2023-10-27T22:09:11.267000+00:00,9175,1223
24.3,6.0,20,2023-10-27T22:09:15.423000+00:00,9175,1223
28.6,6.0,27,2023-10-27T22:09:28.454000+00:00,9175,1223
21.0,6.0,24,2023-10-27T22:09:36.361000+00:00,9175,1223
23.8,8.0,63,2023-10-27T22:11:30.156000+00:00,9175,1223
26.2,7.0,31,2023-10-27T22:11:57.687000+00:00,9175,1223
25.0,8.0,77,2023-10-27T22:11:59.453000+00:00,9175,1223
232.3,6.0,3,2023-10-27T22:12:08.828000+00:00,9175,1223
29.3,6.0,1,2023-10-27T22:12:10.531000+00:00,9175,1223
22.8,8.0,55,2023-10-27T22:13:00.436000+00:00,9175,1223
25.2,8.0,16,2023-10-27T22:13:11.858000+00:00,9175,1223
455.0,6.0,18,2023-10-27T22:15:20.701000+00:00,9175,1223
19.6,11.0,55,2023-10-27T22:18:13.121000+00:00,9175,1223
199.8,10.0,22,2023-10-27T22:18:20.839000+00:00,9175,1223
411.8,8.0,81,2023-10-27T22:19:09.370000+00:00,9175,1223
461.1,7.0,23,2023-10-27T22:21:03.072000+00:00,9175,1223
304.8,10.0,2,2023-10-27T22:21:09.181000+00:00,9175,1223
402.0,10.0,14,2023-10-27T22:21:56.524000+00:00,9175,1223
362.6,10.0,11,2023-10-27T22:22:10.243000+00:00,9175,1223
666.6,8.0,4,2023-10-27T22:23:57.507000+00:00,9175,1223
444.7,9.0,1,2023-10-27T22:24:08.663000+00:00,9175,1223
456.8,10.0,31,2023-10-27T22:24:29.116000+00:00,9175,1223
315.7,12.0,44,2023-10-27T22:24:48.366000+00:00,9175,1223
490.1,11.0,27,2023-10-27T22:25:29.225000+00:00,9175,1223
404.8,13.0,63,2023-10-27T22:26:07.928000+00:00,9175,1223
586.6,11.0,10,2023-10-27T22:26:15.600000+00:00,9175,1223
381.0,11.0,3,2023-10-27T22:26:39.584000+00:00,9175,1223
481.9,12.0,20,2023-10-27T22:27:23.396000+00:00,9175,1223
238.8,14.0,55,2023-10-27T22:27:26.208000+00:00,9175,1223
831.3,9.0,24,2023-10-27T22:28:34.582000+00:00,9175,1223
356.9,15.0,77,2023-10-27T22:29:08.926000+00:00,9175,1223
395.1,14.0,16,2023-10-27T22:29:50.019000+00:00,9175,1223
26.7,14.0,27,2023-10-27T22:30:42.847000+00:00,9175,1223
524.4,11.0,81,2023-10-27T22:32:25.111000+00:00,9175,1223
21.0,17.0,55,2023-10-27T22:33:01.454000+00:00,9175,1223
418.1,13.0,14,2023-10-27T22:33:54.423000+00:00,9175,1223
21.4,18.0,77,2023-10-27T22:34:11.579000+00:00,9175,1223
19.4,12.0,81,2023-10-27T22:34:41.188000+00:00,9175,1223
214.3,18.0,22,2023-10-27T22:34:52.734000+00:00,9175,1223
460.9,12.0,1,2023-10-27T22:36:14.483000+00:00,9175,1223
346.6,13.0,23,2023-10-27T22:36:50.671000+00:00,9175,1223
339.4,16.0,2,2023-10-27T22:37:15.842000+00:00,9175,1223
394.6,16.0,11,2023-10-27T22:38:29.060000+00:00,9175,1223
24.1,14.0,23,2023-10-27T22:38:55.654000+00:00,9175,1223
292.7,17.0,16,2023-10-27T22:39:17.966000+00:00,9175,1223
329.9,16.0,27,2023-10-27T22:39:27.575000+00:00,9175,1223
297.0,16.0,3,2023-10-27T22:40:00.575000+00:00,9175,1223
343.3,16.0,31,2023-10-27T22:40:10.762000+00:00,9175,1223
198.9,18.0,20,2023-10-27T22:40:18.200000+00:00,9175,1223
237.3,19.0,55,2023-10-27T22:40:38.731000+00:00,9175,1223
29.3,18.0,2,2023-10-27T22:40:49.949000+00:00,9175,1223
308.7,19.0,63,2023-10-27T22:41:04.449000+00:00,9175,1223
390.3,18.0,44,2023-10-27T22:41:09.611000+00:00,9175,1223
355.3,16.0,4,2023-10-27T22:41:34.949000+00:00,9175,1223
341.4,17.0,10,2023-10-27T22:41:38.808000+00:00,9175,1223
247.5,21.0,22,2023-10-27T22:43:23.088000+00:00,9175,1223
336.3,21.0,77,2023-10-27T22:44:29.166000+00:00,9175,1223
395.6,15.0,24,2023-10-27T22:45:22.556000+00:00,9175,1223
1467.3,13.0,18,2023-10-27T22:50:41.240000+00:00,9175,1223
30.2,27.0,81,2023-10-27T22:56:35.158000+00:00,9175,1223
21.7,28.0,3,2023-10-27T22:57:29.532000+00:00,9175,1223
319.3,24.0,1,2023-10-27T22:58:23.906000+00:00,9175,1223
267.5,27.0,11,2023-10-27T22:58:30.359000+00:00,9175,1223
222.3,28.0,20,2023-10-27T22:58:38.938000+00:00,9175,1223
186.3,28.0,44,2023-10-27T22:58:52.312000+00:00,9175,1223
174.7,27.0,31,2023-10-27T22:58:56.140000+00:00,9175,1223
307.8,15.0,18,2023-10-27T22:59:12.437000+00:00,9175,1223
241.5,27.0,27,2023-10-27T22:59:13.640000+00:00,9175,1223
239.2,28.0,14,2023-10-27T22:59:19+00:00,9175,1223
222.9,29.0,63,2023-10-27T22:59:22.218000+00:00,9175,1223
197.3,27.0,10,2023-10-27T22:59:28.109000+00:00,9175,1223
26.6,2.0,18,2023-10-28T17:34:23.698000+00:00,9176,1223
29.5,2.0,14,2023-10-28T17:34:52.526000+00:00,9176,1223
28.0,4.0,22,2023-10-28T17:42:10.506000+00:00,9176,1223
458.1,3.0,14,2023-10-28T17:44:13.832000+00:00,9176,1223
511.2,3.0,18,2023-10-28T17:44:29.895000+00:00,9176,1223
29.6,4.0,44,2023-10-28T17:44:34.645000+00:00,9176,1223
474.3,4.0,55,2023-10-28T17:47:12.784000+00:00,9176,1223
469.5,4.0,16,2023-10-28T17:47:27.424000+00:00,9176,1223
400.6,8.0,77,2023-10-28T17:49:17.454000+00:00,9176,1223
415.4,4.0,4,2023-10-28T17:50:07.063000+00:00,9176,1223
23.5,6.0,55,2023-10-28T17:50:45.953000+00:00,9176,1223
353.8,7.0,22,2023-10-28T17:52:56.827000+00:00,9176,1223
19.5,7.0,55,2023-10-28T17:53:17.483000+00:00,9176,1223
32.9,5.0,27,2023-10-28T17:54:22.013000+00:00,9176,1223
321.8,7.0,44,2023-10-28T17:54:42.716000+00:00,9176,1223
31.8,4.0,11,2023-10-28T17:55:10.825000+00:00,9176,1223
413.4,6.0,63,2023-10-28T17:55:19.012000+00:00,9176,1223
449.0,6.0,81,2023-10-28T17:55:24.450000+00:00,9176,1223
343.7,7.0,16,2023-10-28T17:57:52.776000+00:00,9176,1223
411.7,8.0,18,2023-10-28T17:59:19.775000+00:00,9176,1223
18.9,12.0,24,2023-10-28T18:00:13.900000+00:00,9176,1223
21.0,6.0,3,2023-10-28T18:01:37.258000+00:00,9176,1223
555.2,8.0,14,2023-10-28T18:01:50.727000+00:00,9176,1223
517.0,10.0,55,2023-10-28T18:06:41.192000+00:00,9176,1223
510.3,7.0,2,2023-10-28T18:08:47.738000+00:00,9176,1223
895.8,10.0,31,2023-10-28T18:09:12.128000+00:00,9176,1223
239.4,10.0,23,2023-10-28T18:09:17.894000+00:00,9176,1223
498.3,18.0,77,2023-10-28T18:11:37.173000+00:00,9176,1223
588.5,13.0,24,2023-10-28T18:11:49.611000+00:00,9176,1223
551.6,13.0,4,2023-10-28T18:12:14.485000+00:00,9176,1223
276.8,15.0,81,2023-10-28T18:12:38.470000+00:00,9176,1223
559.3,12.0,63,2023-10-28T18:13:19.782000+00:00,9176,1223
593.0,13.0,44,2023-10-28T18:13:26.891000+00:00,9176,1223
376.1,17.0,22,2023-10-28T18:13:31.641000+00:00,9176,1223
617.0,7.0,3,2023-10-28T18:13:34.141000+00:00,9176,1223
99.9,13.0,23,2023-10-28T18:15:42.811000+00:00,9176,1223
171.4,10.0,2,2023-10-28T18:16:10.202000+00:00,9176,1223
27.3,14.0,31,2023-10-28T18:16:25.498000+00:00,9176,1223
690.6,11.0,1,2023-10-28T18:17:26.732000+00:00,9176,1223
17.1,16.0,44,2023-10-28T18:18:52.700000+00:00,9176,1223
810.6,11.0,11,2023-10-28T18:18:57.497000+00:00,9176,1223
545.8,13.0,14,2023-10-28T18:18:58.637000+00:00,9176,1223
711.1,13.0,18,2023-10-28T18:19:00.668000+00:00,9176,1223
1365.0,11.0,10,2023-10-28T18:19:32.152000+00:00,9176,1223
1611.3,2.0,20,2023-10-28T18:19:57.012000+00:00,9176,1223
1038.2,11.0,27,2023-10-28T18:20:12.543000+00:00,9176,1223
207.9,19.0,22,2023-10-28T18:20:21.214000+00:00,9176,1223
646.5,16.0,16,2023-10-28T18:21:24.104000+00:00,9176,1223
300.1,17.0,55,2023-10-28T18:21:29.776000+00:00,9176,1223
20.5,18.0,16,2023-10-28T18:25:07.649000+00:00,9176,1223
30.1,22.0,22,2023-10-28T18:25:40.367000+00:00,9176,1223
21.3,20.0,55,2023-10-28T18:27:13.522000+00:00,9176,1223
413.9,16.0,23,2023-10-28T18:27:19.741000+00:00,9176,1223
35.6,17.0,1,2023-10-28T18:27:51.006000+00:00,9176,1223
430.0,13.0,2,2023-10-28T18:27:56.038000+00:00,9176,1223
277.9,13.0,3,2023-10-28T18:28:10.444000+00:00,9176,1223
444.0,17.0,31,2023-10-28T18:28:32.662000+00:00,9176,1223
499.6,20.0,81,2023-10-28T18:28:37.662000+00:00,9176,1223
469.3,24.0,77,2023-10-28T18:28:55.724000+00:00,9176,1223
444.5,19.0,4,2023-10-28T18:29:06.412000+00:00,9176,1223
345.1,18.0,63,2023-10-28T18:29:10.146000+00:00,9176,1223
320.4,19.0,44,2023-10-28T18:29:14.958000+00:00,9176,1223
446.1,19.0,24,2023-10-28T18:29:16.474000+00:00,9176,1223
22.7,17.0,23,2023-10-28T18:29:35.036000+00:00,9176,1223
27.4,4.0,14,2023-10-28T21:06:35.291000+00:00,9177,1223
58.8,4.0,18,2023-10-28T21:06:57.572000+00:00,9177,1223
151.9,4.0,20,2023-10-28T21:07:08.306000+00:00,9177,1223
159.9,4.0,10,2023-10-28T21:07:45.087000+00:00,9177,1223
225.4,4.0,81,2023-10-28T21:12:17.975000+00:00,9177,1223
94.1,4.0,23,2023-10-28T21:12:23.990000+00:00,9177,1223
345.3,3.0,4,2023-10-28T21:12:27.037000+00:00,9177,1223
283.3,5.0,22,2023-10-28T21:14:08.239000+00:00,9177,1223
398.8,4.0,11,2023-10-28T21:14:12.411000+00:00,9177,1223
141.2,7.0,20,2023-10-28T21:14:15.192000+00:00,9177,1223
378.3,4.0,1,2023-10-28T21:14:24.755000+00:00,9177,1223
169.4,7.0,18,2023-10-28T21:14:29.770000+00:00,9177,1223
153.7,4.0,27,2023-10-28T21:14:32.504000+00:00,9177,1223
213.4,7.0,14,2023-10-28T21:14:44.051000+00:00,9177,1223
185.8,4.0,55,2023-10-28T21:14:49.598000+00:00,9177,1223
228.9,6.0,63,2023-10-28T21:14:51.567000+00:00,9177,1223
298.2,4.0,77,2023-10-28T21:15:22.535000+00:00,9177,1223
215.0,4.0,2,2023-10-28T21:15:22.910000+00:00,9177,1223
275.8,4.0,24,2023-10-28T21:15:24.691000+00:00,9177,1223
213.6,4.0,16,2023-10-28T21:15:26.676000+00:00,9177,1223
328.8,5.0,44,2023-10-28T21:15:33.004000+00:00,9177,1223
207.7,4.0,31,2023-10-28T21:15:52.425000+00:00,9177,1223
206.9,7.0,10,2023-10-28T21:16:00.019000+00:00,9177,1223
358.3,7.0,11,2023-10-28T21:25:03.826000+00:00,9177,1223
353.4,7.0,1,2023-10-28T21:25:15.388000+00:00,9177,1223
475.9,8.0,63,2023-10-28T21:26:58.902000+00:00,9177,1223
976.9,4.0,3,2023-10-28T21:27:00.965000+00:00,9177,1223
455.8,7.0,44,2023-10-28T21:27:01.465000+00:00,9177,1223
486.3,8.0,22,2023-10-28T21:27:05.496000+00:00,9177,1223
464.8,9.0,14,2023-10-28T21:27:06.824000+00:00,9177,1223
395.7,10.0,10,2023-10-28T21:27:25.840000+00:00,9177,1223
643.3,7.0,81,2023-10-28T21:27:36.293000+00:00,9177,1223
491.3,7.0,27,2023-10-28T21:27:44.918000+00:00,9177,1223
553.8,6.0,55,2023-10-28T21:27:50.949000+00:00,9177,1223
527.6,6.0,16,2023-10-28T21:27:57.652000+00:00,9177,1223
560.7,6.0,77,2023-10-28T21:28:08.917000+00:00,9177,1223
460.5,7.0,24,2023-10-28T21:28:16.386000+00:00,9177,1223
715.0,7.0,23,2023-10-28T21:28:54.198000+00:00,9177,1223
226.6,10.0,27,2023-10-28T21:36:05.006000+00:00,9177,1223
250.3,12.0,14,2023-10-28T21:36:06.162000+00:00,9177,1223
212.4,9.0,55,2023-10-28T21:36:08.193000+00:00,9177,1223
208.3,9.0,16,2023-10-28T21:36:09.709000+00:00,9177,1223
269.3,7.0,3,2023-10-28T21:36:10.506000+00:00,9177,1223
200.3,9.0,77,2023-10-28T21:36:11.193000+00:00,9177,1223
355.5,10.0,22,2023-10-28T21:36:11.381000+00:00,9177,1223
279.5,11.0,63,2023-10-28T21:36:12.193000+00:00,9177,1223
246.9,13.0,10,2023-10-28T21:36:12.459000+00:00,9177,1223
199.3,10.0,24,2023-10-28T21:36:25.318000+00:00,9177,1223
300.9,10.0,44,2023-10-28T21:36:44.833000+00:00,9177,1223
304.4,10.0,81,2023-10-28T21:37:20.599000+00:00,9177,1223
239.9,10.0,23,2023-10-28T21:37:24.427000+00:00,9177,1223
480.7,10.0,11,2023-10-28T21:37:36.911000+00:00,9177,1223
513.1,11.0,11,2023-10-28T21:48:04.013000+00:00,9177,1223
1107.3,10.0,1,2023-10-28T21:48:13.654000+00:00,9177,1223
418.0,10.0,3,2023-10-28T21:48:14.810000+00:00,9177,1223
412.6,12.0,77,2023-10-28T21:48:17.076000+00:00,9177,1223
434.6,12.0,55,2023-10-28T21:48:19.529000+00:00,9177,1223
434.8,12.0,16,2023-10-28T21:48:26.372000+00:00,9177,1223
391.6,13.0,81,2023-10-28T21:48:35.122000+00:00,9177,1223
455.9,14.0,63,2023-10-28T21:49:13.184000+00:00,9177,1223
439.3,13.0,44,2023-10-28T21:49:17.934000+00:00,9177,1223
667.5,13.0,24,2023-10-28T21:53:00.354000+00:00,9177,1223
148.9,16.0,81,2023-10-28T21:55:57.414000+00:00,9177,1223
180.9,15.0,77,2023-10-28T21:56:05.149000+00:00,9177,1223
181.6,15.0,55,2023-10-28T21:56:15.008000+00:00,9177,1223
201.4,13.0,3,2023-10-28T21:56:16.727000+00:00,9177,1223
183.4,15.0,16,2023-10-28T21:56:23.117000+00:00,9177,1223
235.8,14.0,11,2023-10-28T21:56:27.226000+00:00,9177,1223
251.9,13.0,1,2023-10-28T21:56:54.882000+00:00,9177,1223
224.8,17.0,63,2023-10-28T21:57:24.601000+00:00,9177,1223
221.7,16.0,44,2023-10-28T21:57:29.898000+00:00,9177,1223
30.1,9.0,22,2023-10-29T20:17:05.197000+00:00,9181,1223
23.4,11.0,4,2023-10-29T20:19:47.351000+00:00,9181,1223
22.4,19.0,1,2023-10-29T20:30:33.105000+00:00,9181,1223
22.8,21.0,24,2023-10-29T20:33:58.070000+00:00,9181,1223
23.9,22.0,2,2023-10-29T20:35:28.068000+00:00,9181,1223
23.1,23.0,27,2023-10-29T20:36:42.817000+00:00,9181,1223
23.6,23.0,20,2023-10-29T20:36:51.911000+00:00,9181,1223
22.2,24.0,44,2023-10-29T20:37:44.379000+00:00,9181,1223
23.7,25.0,81,2023-10-29T20:39:17.908000+00:00,9181,1223
22.3,26.0,63,2023-10-29T20:40:41.625000+00:00,9181,1223
22.4,27.0,3,2023-10-29T20:42:02.155000+00:00,9181,1223
22.6,28.0,10,2023-10-29T20:43:47.122000+00:00,9181,1223
22.8,29.0,14,2023-10-29T20:45:30.292000+00:00,9181,1223
22.0,30.0,55,2023-10-29T20:46:09.495000+00:00,9181,1223
22.5,30.0,18,2023-10-29T20:46:51.072000+00:00,9181,1223
22.2,31.0,16,2023-10-29T20:47:24.415000+00:00,9181,1223
23.6,31.0,77,2023-10-29T20:48:12.289000+00:00,9181,1223
22.3,33.0,1,2023-10-29T20:50:25.006000+00:00,9181,1223
22.5,33.0,4,2023-10-29T20:51:13.692000+00:00,9181,1223
23.6,33.0,23,2023-10-29T20:51:18.942000+00:00,9181,1223
1209.1,34.0,1,2023-10-29T21:13:05.935000+00:00,9181,1223
1210.5,34.0,16,2023-10-29T21:13:08.857000+00:00,9181,1223
1212.9,34.0,44,2023-10-29T21:13:12.669000+00:00,9181,1223
1215.4,34.0,55,2023-10-29T21:13:16.700000+00:00,9181,1223
1217.1,34.0,3,2023-10-29T21:13:20.325000+00:00,9181,1223
1219.0,34.0,81,2023-10-29T21:13:24.216000+00:00,9181,1223
1218.2,34.0,63,2023-10-29T21:13:29.216000+00:00,9181,1223
1218.0,34.0,22,2023-10-29T21:13:32.497000+00:00,9181,1223
1219.8,34.0,27,2023-10-29T21:13:36.153000+00:00,9181,1223
1226.3,34.0,4,2023-10-29T21:13:44.403000+00:00,9181,1223
1225.6,34.0,10,2023-10-29T21:13:46.591000+00:00,9181,1223
1227.9,34.0,23,2023-10-29T21:13:50.419000+00:00,9181,1223
1229.5,34.0,24,2023-10-29T21:13:54.997000+00:00,9181,1223
1226.2,34.0,31,2023-10-29T21:13:57.809000+00:00,9181,1223
1227.7,34.0,2,2023-10-29T21:14:01.559000+00:00,9181,1223
1229.3,34.0,77,2023-10-29T21:14:05.309000+00:00,9181,1223
1229.6,34.0,18,2023-10-29T21:14:09.043000+00:00,9181,1223
1229.8,34.0,14,2023-10-29T21:14:13.137000+00:00,9181,1223
35.2,8.0,27,2023-11-03T14:41:42.915000+00:00,9198,1224
28.7,8.0,16,2023-11-03T14:42:06.962000+00:00,9198,1224
358.0,6.0,18,2023-11-03T14:43:12.102000+00:00,9198,1224
20.0,10.0,20,2023-11-03T14:44:23.773000+00:00,9198,1224
367.7,7.0,14,2023-11-03T14:44:57.851000+00:00,9198,1224
477.9,8.0,77,2023-11-03T14:48:52.082000+00:00,9198,1224
388.8,9.0,44,2023-11-03T14:48:59.504000+00:00,9198,1224
506.8,8.0,24,2023-11-03T14:49:13.207000+00:00,9198,1224
369.3,9.0,22,2023-11-03T14:49:30.645000+00:00,9198,1224
30.0,10.0,2,2023-11-03T14:50:41.284000+00:00,9198,1224
25.6,10.0,23,2023-11-03T14:53:08.705000+00:00,9198,1224
812.2,8.0,1,2023-11-03T14:53:46.673000+00:00,9198,1224
694.8,9.0,11,2023-11-03T14:54:07.485000+00:00,9198,1224
393.8,11.0,63,2023-11-03T14:54:39.438000+00:00,9198,1224
632.0,10.0,4,2023-11-03T14:54:58.172000+00:00,9198,1224
337.1,10.0,14,2023-11-03T14:55:08.047000+00:00,9198,1224
552.4,13.0,55,2023-11-03T14:57:58.826000+00:00,9198,1224
596.6,13.0,10,2023-11-03T14:58:03.545000+00:00,9198,1224
414.0,14.0,16,2023-11-03T14:58:17.701000+00:00,9198,1224
677.1,12.0,81,2023-11-03T14:58:49.029000+00:00,9198,1224
265.0,14.0,18,2023-11-03T14:59:26.935000+00:00,9198,1224
25.8,14.0,63,2023-11-03T14:59:49.122000+00:00,9198,1224
811.5,10.0,3,2023-11-03T14:59:57.825000+00:00,9198,1224
643.0,14.0,31,2023-11-03T15:00:18.793000+00:00,9198,1224
850.1,11.0,20,2023-11-03T15:00:21.012000+00:00,9198,1224
955.8,11.0,27,2023-11-03T15:02:05.058000+00:00,9198,1224
43.4,12.0,27,2023-11-03T15:04:33.806000+00:00,9198,1224
378.5,15.0,22,2023-11-03T15:05:02.025000+00:00,9198,1224
491.3,14.0,24,2023-11-03T15:05:49.665000+00:00,9198,1224
40.1,18.0,4,2023-11-03T15:06:51.133000+00:00,9198,1224
515.4,13.0,11,2023-11-03T15:08:53.178000+00:00,9198,1224
385.5,13.0,1,2023-11-03T15:09:31.756000+00:00,9198,1224
510.3,20.0,2,2023-11-03T15:11:55.911000+00:00,9198,1224
18.5,17.0,27,2023-11-03T15:12:35.769000+00:00,9198,1224
562.0,17.0,63,2023-11-03T15:13:53.097000+00:00,9198,1224
480.4,20.0,23,2023-11-03T15:14:08.315000+00:00,9198,1224
411.9,20.0,18,2023-11-03T15:14:33.018000+00:00,9198,1224
600.3,20.0,77,2023-11-03T15:14:43.315000+00:00,9198,1224
418.9,21.0,4,2023-11-03T15:17:37.907000+00:00,9198,1224
302.4,22.0,81,2023-11-03T15:17:43.750000+00:00,9198,1224
560.3,24.0,44,2023-11-03T15:18:13.109000+00:00,9198,1224
445.6,22.0,10,2023-11-03T15:18:38.515000+00:00,9198,1224
302.9,18.0,27,2023-11-03T15:19:33.358000+00:00,9198,1224
435.8,22.0,31,2023-11-03T15:19:46.061000+00:00,9198,1224
403.3,20.0,3,2023-11-03T15:19:58.108000+00:00,9198,1224
361.1,20.0,24,2023-11-03T15:21:12.154000+00:00,9198,1224
422.4,23.0,22,2023-11-03T15:22:40.606000+00:00,9198,1224
725.5,21.0,14,2023-11-03T15:22:51.106000+00:00,9198,1224
302.9,24.0,2,2023-11-03T15:23:04.278000+00:00,9198,1224
559.7,25.0,55,2023-11-03T15:23:10.387000+00:00,9198,1224
549.7,26.0,16,2023-11-03T15:23:33.606000+00:00,9198,1224
30.9,23.0,3,2023-11-03T15:24:51.370000+00:00,9198,1224
314.9,24.0,81,2023-11-03T15:25:48.026000+00:00,9198,1224
292.3,27.0,44,2023-11-03T15:27:38.634000+00:00,9198,1224
524.2,23.0,18,2023-11-03T15:27:48.446000+00:00,9198,1224
667.6,21.0,20,2023-11-03T15:27:55.259000+00:00,9198,1224
25.3,25.0,81,2023-11-03T15:28:09.946000+00:00,9198,1224
23.9,28.0,55,2023-11-03T15:28:29.009000+00:00,9198,1224
530.4,23.0,4,2023-11-03T15:29:12.680000+00:00,9198,1224
367.0,26.0,23,2023-11-03T15:29:49.258000+00:00,9198,1224
26.1,4.0,16,2023-11-03T18:20:54.625000+00:00,9304,1224
28.0,4.0,55,2023-11-03T18:21:04.547000+00:00,9304,1224
117.3,4.0,14,2023-11-03T18:21:42.187000+00:00,9304,1224
158.8,4.0,81,2023-11-03T18:21:56.796000+00:00,9304,1224
148.1,4.0,18,2023-11-03T18:22:19.577000+00:00,9304,1224
87.6,4.0,27,2023-11-03T18:22:29.889000+00:00,9304,1224
73.0,4.0,20,2023-11-03T18:22:33.654000+00:00,9304,1224
142.5,4.0,11,2023-11-03T18:23:09.529000+00:00,9304,1224
136.2,4.0,31,2023-11-03T18:24:07.043000+00:00,9304,1224
145.6,4.0,22,2023-11-03T18:24:23.512000+00:00,9304,1224
191.0,4.0,44,2023-11-03T18:24:37.887000+00:00,9304,1224
187.7,4.0,63,2023-11-03T18:24:42.996000+00:00,9304,1224
271.8,4.0,1,2023-11-03T18:24:55.433000+00:00,9304,1224
196.5,4.0,10,2023-11-03T18:25:03.339000+00:00,9304,1224
125.0,7.0,24,2023-11-03T18:26:25.635000+00:00,9304,1224
121.7,7.0,77,2023-11-03T18:26:27.260000+00:00,9304,1224
194.3,7.0,23,2023-11-03T18:27:20.603000+00:00,9304,1224
218.4,7.0,55,2023-11-03T18:28:59.757000+00:00,9304,1224
309.1,7.0,2,2023-11-03T18:29:18.897000+00:00,9304,1224
28.7,7.0,44,2023-11-03T18:29:21.882000+00:00,9304,1224
27.3,7.0,63,2023-11-03T18:29:29.475000+00:00,9304,1224
180.6,7.0,27,2023-11-03T18:29:33.850000+00:00,9304,1224
159.1,7.0,20,2023-11-03T18:29:35.038000+00:00,9304,1224
226.8,7.0,14,2023-11-03T18:29:44.287000+00:00,9304,1224
474.9,4.0,3,2023-11-03T18:29:50.194000+00:00,9304,1224
210.3,7.0,18,2023-11-03T18:29:55.428000+00:00,9304,1224
42.6,7.0,10,2023-11-03T18:30:05.100000+00:00,9304,1224
96.9,7.0,22,2023-11-03T18:30:06.678000+00:00,9304,1224
115.8,7.0,31,2023-11-03T18:30:09.771000+00:00,9304,1224
183.4,7.0,11,2023-11-03T18:30:12.756000+00:00,9304,1224
96.8,7.0,1,2023-11-03T18:30:41.443000+00:00,9304,1224
661.4,4.0,4,2023-11-03T18:31:16.708000+00:00,9304,1224
292.0,10.0,1,2023-11-03T18:40:03.308000+00:00,9304,1224
368.4,9.0,11,2023-11-03T18:40:07.792000+00:00,9304,1224
511.6,10.0,23,2023-11-03T18:40:11.214000+00:00,9304,1224
325.3,10.0,14,2023-11-03T18:40:14.698000+00:00,9304,1224
481.2,8.0,18,2023-11-03T18:40:18.308000+00:00,9304,1224
390.0,10.0,44,2023-11-03T18:40:23.370000+00:00,9304,1224
460.7,5.0,4,2023-11-03T18:40:28.932000+00:00,9304,1224
397.3,10.0,63,2023-11-03T18:40:41.198000+00:00,9304,1224
946.2,7.0,16,2023-11-03T18:40:46.213000+00:00,9304,1224
443.2,10.0,55,2023-11-03T18:40:48.682000+00:00,9304,1224
882.7,7.0,81,2023-11-03T18:40:56.885000+00:00,9304,1224
343.6,10.0,31,2023-11-03T18:41:02.292000+00:00,9304,1224
465.4,9.0,10,2023-11-03T18:41:34.572000+00:00,9304,1224
592.9,10.0,27,2023-11-03T18:43:58.272000+00:00,9304,1224
587.4,10.0,20,2023-11-03T18:44:04.882000+00:00,9304,1224
31.2,13.0,44,2023-11-03T18:45:23.052000+00:00,9304,1224
25.0,13.0,63,2023-11-03T18:45:44.380000+00:00,9304,1224
29.4,10.0,16,2023-11-03T18:45:51.864000+00:00,9304,1224
33.2,13.0,55,2023-11-03T18:46:06.958000+00:00,9304,1224
210.1,13.0,14,2023-11-03T18:48:09.752000+00:00,9304,1224
238.0,13.0,23,2023-11-03T18:48:16.815000+00:00,9304,1224
200.2,8.0,4,2023-11-03T18:48:20.080000+00:00,9304,1224
220.2,11.0,18,2023-11-03T18:48:27.721000+00:00,9304,1224
165.8,10.0,81,2023-11-03T18:48:38.221000+00:00,9304,1224
303.5,12.0,11,2023-11-03T18:49:16.157000+00:00,9304,1224
405.8,13.0,1,2023-11-03T18:50:49.843000+00:00,9304,1224
216.8,13.0,27,2023-11-03T18:51:40.795000+00:00,9304,1224
209.4,13.0,20,2023-11-03T18:51:43.561000+00:00,9304,1224
374.8,13.0,31,2023-11-03T18:52:11.311000+00:00,9304,1224
166.6,16.0,44,2023-11-03T18:52:17.498000+00:00,9304,1224
149.8,16.0,63,2023-11-03T18:52:27.623000+00:00,9304,1224
396.1,12.0,10,2023-11-03T18:52:38.810000+00:00,9304,1224
166.2,13.0,16,2023-11-03T18:52:45.060000+00:00,9304,1224
145.3,16.0,55,2023-11-03T18:52:48.872000+00:00,9304,1224
83.2,12.0,81,2023-11-03T18:53:16.184000+00:00,9304,1224
629.5,16.0,14,2023-11-03T19:03:05.252000+00:00,9304,1224
625.1,14.0,18,2023-11-03T19:03:07.736000+00:00,9304,1224
400.6,19.0,44,2023-11-03T19:03:11.002000+00:00,9304,1224
388.6,19.0,63,2023-11-03T19:03:19.564000+00:00,9304,1224
510.4,16.0,1,2023-11-03T19:03:20.424000+00:00,9304,1224
385.4,16.0,16,2023-11-03T19:03:29.080000+00:00,9304,1224
649.6,11.0,4,2023-11-03T19:03:30.564000+00:00,9304,1224
440.0,18.0,55,2023-11-03T19:03:35.455000+00:00,9304,1224
461.2,14.0,81,2023-11-03T19:03:59.439000+00:00,9304,1224
644.2,15.0,11,2023-11-03T19:04:04.407000+00:00,9304,1224
132.7,4.0,16,2023-11-04T14:08:14.883000+00:00,9308,1224
109.0,4.0,2,2023-11-04T14:08:32.946000+00:00,9308,1224
155.5,4.0,23,2023-11-04T14:08:35.524000+00:00,9308,1224
160.5,4.0,10,2023-11-04T14:08:47.055000+00:00,9308,1224
187.7,4.0,31,2023-11-04T14:08:50.773000+00:00,9308,1224
155.0,4.0,44,2023-11-04T14:08:57.570000+00:00,9308,1224
147.3,4.0,63,2023-11-04T14:09:05.398000+00:00,9308,1224
66.9,6.0,11,2023-11-04T14:09:12.445000+00:00,9308,1224
45.3,4.0,27,2023-11-04T14:09:17.648000+00:00,9308,1224
46.4,4.0,20,2023-11-04T14:09:23.117000+00:00,9308,1224
203.8,4.0,55,2023-11-04T14:09:31.976000+00:00,9308,1224
1735.8,8.0,1,2023-11-04T14:40:02.881000+00:00,9308,1224
1922.9,8.0,11,2023-11-04T14:40:08.475000+00:00,9308,1224
2030.5,6.0,44,2023-11-04T14:40:12.990000+00:00,9308,1224
2021.7,6.0,63,2023-11-04T14:40:19.803000+00:00,9308,1224
1927.3,5.0,27,2023-11-04T14:40:39.615000+00:00,9308,1224
1925.4,5.0,20,2023-11-04T14:40:42.021000+00:00,9308,1224
2090.3,7.0,16,2023-11-04T14:40:52.318000+00:00,9308,1224
2086.2,5.0,55,2023-11-04T14:40:54.333000+00:00,9308,1224
158.8,11.0,1,2023-11-04T14:46:43.843000+00:00,9308,1224
93.0,8.0,27,2023-11-04T14:46:49.905000+00:00,9308,1224
84.3,8.0,20,2023-11-04T14:46:56.671000+00:00,9308,1224
2459.9,6.0,10,2023-11-04T14:47:06.389000+00:00,9308,1224
169.7,11.0,11,2023-11-04T14:47:07.124000+00:00,9308,1224
157.7,9.0,44,2023-11-04T14:47:12.499000+00:00,9308,1224
135.6,9.0,63,2023-11-04T14:47:18.202000+00:00,9308,1224
137.8,10.0,81,2023-11-04T14:47:26.483000+00:00,9308,1224
147.8,10.0,4,2023-11-04T14:47:34.951000+00:00,9308,1224
113.4,8.0,55,2023-11-04T14:47:39.061000+00:00,9308,1224
133.3,10.0,16,2023-11-04T14:47:46.842000+00:00,9308,1224
621.8,12.0,81,2023-11-04T15:01:30.188000+00:00,9308,1224
549.9,13.0,4,2023-11-04T15:01:35.563000+00:00,9308,1224
550.9,13.0,16,2023-11-04T15:01:39.907000+00:00,9308,1224
619.0,10.0,22,2023-11-04T15:01:41.750000+00:00,9308,1224
643.1,14.0,1,2023-11-04T15:01:42.547000+00:00,9308,1224
605.7,9.0,3,2023-11-04T15:01:42.985000+00:00,9308,1224
557.4,11.0,55,2023-11-04T15:01:45.407000+00:00,9308,1224
596.5,14.0,11,2023-11-04T15:01:50.875000+00:00,9308,1224
634.3,12.0,44,2023-11-04T15:02:32.328000+00:00,9308,1224
619.2,12.0,63,2023-11-04T15:02:42.187000+00:00,9308,1224
18.5,1.0,1,2023-11-05T17:05:38.680000+00:00,9205,1224
19.3,1.0,4,2023-11-05T17:05:41.227000+00:00,9205,1224
18.5,1.0,44,2023-11-05T17:05:43.508000+00:00,9205,1224
18.4,1.0,14,2023-11-05T17:05:45.993000+00:00,9205,1224
18.5,1.0,18,2023-11-05T17:05:47.336000+00:00,9205,1224
20.4,1.0,63,2023-11-05T17:05:51.383000+00:00,9205,1224
20.8,1.0,11,2023-11-05T17:05:53.665000+00:00,9205,1224
23.0,1.0,55,2023-11-05T17:05:56.914000+00:00,9205,1224
22.2,1.0,31,2023-11-05T17:05:58.024000+00:00,9205,1224
20.9,1.0,22,2023-11-05T17:06:00.914000+00:00,9205,1224
20.5,1.0,10,2023-11-05T17:06:01.961000+00:00,9205,1224
20.7,1.0,77,2023-11-05T17:06:02.774000+00:00,9205,1224
21.2,1.0,24,2023-11-05T17:06:07.227000+00:00,9205,1224
27.4,1.0,2,2023-11-05T17:06:14.461000+00:00,9205,1224
34.2,1.0,27,2023-11-05T17:06:23.945000+00:00,9205,1224
1402.6,2.0,1,2023-11-05T17:31:06.038000+00:00,9205,1224
1404.6,2.0,4,2023-11-05T17:31:09.178000+00:00,9205,1224
1406.3,2.0,44,2023-11-05T17:31:13.288000+00:00,9205,1224
1408.1,2.0,14,2023-11-05T17:31:16.631000+00:00,9205,1224
1409.9,2.0,18,2023-11-05T17:31:20.725000+00:00,9205,1224
1410.9,2.0,63,2023-11-05T17:31:25.162000+00:00,9205,1224
1411.7,2.0,11,2023-11-05T17:31:28.194000+00:00,9205,1224
1413.7,2.0,55,2023-11-05T17:31:31.772000+00:00,9205,1224
1414.7,2.0,31,2023-11-05T17:31:34.397000+00:00,9205,1224
1415.4,2.0,22,2023-11-05T17:31:38.428000+00:00,9205,1224
1416.7,2.0,10,2023-11-05T17:31:41.475000+00:00,9205,1224
1418.1,2.0,77,2023-11-05T17:31:44.693000+00:00,9205,1224
1419.9,2.0,24,2023-11-05T17:31:49.693000+00:00,9205,1224
1421.2,2.0,2,2023-11-05T17:31:52.521000+00:00,9205,1224
1421.0,2.0,27,2023-11-05T17:31:56.006000+00:00,9205,1224
1584.0,1.0,81,2023-11-05T17:32:01.021000+00:00,9205,1224
1576.7,1.0,3,2023-11-05T17:32:05.115000+00:00,9205,1224
38.4,2.0,81,2023-11-05T17:34:20.660000+00:00,9205,1224
32.7,2.0,3,2023-11-05T17:34:21.145000+00:00,9205,1224
24.0,14.0,31,2023-11-05T17:48:45.244000+00:00,9205,1224
23.9,15.0,24,2023-11-05T17:50:05.353000+00:00,9205,1224
24.3,17.0,2,2023-11-05T17:52:43.163000+00:00,9205,1224
23.5,18.0,44,2023-11-05T17:53:47.912000+00:00,9205,1224
24.0,18.0,77,2023-11-05T17:53:55.912000+00:00,9205,1224
23.7,19.0,63,2023-11-05T17:55:06.068000+00:00,9205,1224
23.1,20.0,11,2023-11-05T17:56:21.051000+00:00,9205,1224
24.4,21.0,27,2023-11-05T17:57:58.175000+00:00,9205,1224
23.5,22.0,18,2023-11-05T17:58:58.487000+00:00,9205,1224
24.2,25.0,14,2023-11-05T18:02:37.359000+00:00,9205,1224
23.5,24.0,81,2023-11-05T18:03:02.594000+00:00,9205,1224
23.5,26.0,55,2023-11-05T18:04:07.765000+00:00,9205,1224
25.2,26.0,10,2023-11-05T18:04:12.796000+00:00,9205,1224
27.1,26.0,22,2023-11-05T18:04:16.577000+00:00,9205,1224
22.9,27.0,1,2023-11-05T18:04:58.858000+00:00,9205,1224
23.8,27.0,4,2023-11-05T18:05:03.670000+00:00,9205,1224
23.9,26.0,3,2023-11-05T18:05:32.311000+00:00,9205,1224
24.4,31.0,31,2023-11-05T18:10:53.682000+00:00,9205,1224
24.1,44.0,2,2023-11-05T18:27:41.108000+00:00,9205,1224
23.9,45.0,63,2023-11-05T18:28:41.904000+00:00,9205,1224
23.5,46.0,11,2023-11-05T18:29:37.669000+00:00,9205,1224
24.0,46.0,44,2023-11-05T18:29:52.950000+00:00,9205,1224
23.5,46.0,10,2023-11-05T18:29:56.278000+00:00,9205,1224
23.8,46.0,27,2023-11-05T18:30:24.684000+00:00,9205,1224
23.8,47.0,14,2023-11-05T18:30:49.918000+00:00,9205,1224
23.7,51.0,55,2023-11-05T18:36:08.883000+00:00,9205,1224
23.5,51.0,31,2023-11-05T18:36:36.539000+00:00,9205,1224
25.2,52.0,18,2023-11-05T18:37:21.414000+00:00,9205,1224
23.3,52.0,81,2023-11-05T18:39:01.037000+00:00,9205,1224
23.4,55.0,22,2023-11-05T18:41:24.723000+00:00,9205,1224
23.3,56.0,1,2023-11-05T18:41:45.004000+00:00,9205,1224
23.5,55.0,3,2023-11-05T18:42:40.801000+00:00,9205,1224
23.6,59.0,4,2023-11-05T18:45:40.627000+00:00,9205,1224
30.3,2.0,18,2023-11-17T04:32:58.970000+00:00,9182,1225
516.9,4.0,81,2023-11-17T10:44:26.860000+00:00,9183,1225
35.3,9.0,20,2023-11-17T10:47:45.997000+00:00,9183,1225
846.7,3.0,4,2023-11-17T10:49:05.073000+00:00,9183,1225
25.1,10.0,27,2023-11-17T10:49:38.073000+00:00,9183,1225
23.4,7.0,81,2023-11-17T10:50:00.244000+00:00,9183,1225
26.1,12.0,2,2023-11-17T10:52:47.804000+00:00,9183,1225
457.2,8.0,16,2023-11-17T10:52:51.679000+00:00,9183,1225
24.5,12.0,23,2023-11-17T10:54:16.537000+00:00,9183,1225
445.6,9.0,77,2023-11-17T10:54:53.098000+00:00,9183,1225
444.1,10.0,1,2023-11-17T10:55:01.004000+00:00,9183,1225
255.8,11.0,18,2023-11-17T10:55:11.036000+00:00,9183,1225
441.5,10.0,11,2023-11-17T10:55:31.879000+00:00,9183,1225
199.0,12.0,55,2023-11-17T10:55:34.301000+00:00,9183,1225
492.3,10.0,14,2023-11-17T10:56:46.690000+00:00,9183,1225
689.1,9.0,10,2023-11-17T10:57:54.829000+00:00,9183,1225
508.4,10.0,20,2023-11-17T10:57:58.704000+00:00,9183,1225
414.7,11.0,27,2023-11-17T10:58:23.282000+00:00,9183,1225
420.3,12.0,3,2023-11-17T10:59:00.563000+00:00,9183,1225
419.2,11.0,24,2023-11-17T10:59:07.641000+00:00,9183,1225
348.5,13.0,22,2023-11-17T10:59:26.172000+00:00,9183,1225
554.5,11.0,63,2023-11-17T10:59:57.155000+00:00,9183,1225
672.7,11.0,44,2023-11-17T11:00:55.248000+00:00,9183,1225
499.7,13.0,2,2023-11-17T11:03:00.058000+00:00,9183,1225
419.2,13.0,23,2023-11-17T11:03:08.465000+00:00,9183,1225
626.5,10.0,81,2023-11-17T11:05:42.227000+00:00,9183,1225
489.8,8.0,4,2023-11-17T11:05:49.337000+00:00,9183,1225
23.0,17.0,18,2023-11-17T11:06:12.883000+00:00,9183,1225
1028.4,12.0,31,2023-11-17T11:07:33.897000+00:00,9183,1225
23.3,16.0,14,2023-11-17T11:08:17.318000+00:00,9183,1225
611.1,17.0,11,2023-11-17T11:18:49.838000+00:00,9183,1225
381.1,14.0,81,2023-11-17T11:19:17.557000+00:00,9183,1225
366.6,18.0,20,2023-11-17T11:19:30.260000+00:00,9183,1225
342.8,19.0,16,2023-11-17T11:20:05.040000+00:00,9183,1225
625.8,19.0,55,2023-11-17T11:20:07.009000+00:00,9183,1225
742.7,16.0,77,2023-11-17T11:20:12.509000+00:00,9183,1225
495.7,19.0,3,2023-11-17T11:20:19.118000+00:00,9183,1225
750.9,17.0,1,2023-11-17T11:20:47.852000+00:00,9183,1225
676.1,17.0,27,2023-11-17T11:20:55.149000+00:00,9183,1225
387.3,21.0,22,2023-11-17T11:21:02.242000+00:00,9183,1225
503.3,18.0,24,2023-11-17T11:21:10.539000+00:00,9183,1225
330.2,18.0,31,2023-11-17T11:23:48.286000+00:00,9183,1225
827.6,16.0,10,2023-11-17T11:24:56.394000+00:00,9183,1225
414.8,15.0,4,2023-11-17T11:25:05.441000+00:00,9183,1225
482.3,20.0,23,2023-11-17T11:25:08.722000+00:00,9183,1225
518.5,23.0,18,2023-11-17T11:25:30.128000+00:00,9183,1225
631.4,20.0,63,2023-11-17T11:27:27.798000+00:00,9183,1225
409.3,23.0,14,2023-11-17T11:27:49.594000+00:00,9183,1225
485.0,22.0,2,2023-11-17T11:27:57.719000+00:00,9183,1225
459.3,22.0,44,2023-11-17T11:28:25.797000+00:00,9183,1225
24.2,26.0,2,2023-11-17T11:35:35.055000+00:00,9183,1225
400.4,22.0,1,2023-11-17T11:36:41.507000+00:00,9183,1225
21.3,27.0,23,2023-11-17T11:37:54.130000+00:00,9183,1225
442.1,23.0,77,2023-11-17T11:40:29.675000+00:00,9183,1225
386.5,22.0,81,2023-11-17T11:40:55.143000+00:00,9183,1225
310.2,21.0,4,2023-11-17T11:41:04.721000+00:00,9183,1225
338.0,25.0,31,2023-11-17T11:41:39.392000+00:00,9183,1225
344.3,27.0,16,2023-11-17T11:41:52.126000+00:00,9183,1225
570.6,24.0,11,2023-11-17T11:41:57.736000+00:00,9183,1225
321.3,28.0,3,2023-11-17T11:42:13.501000+00:00,9183,1225
363.5,29.0,22,2023-11-17T11:42:35.438000+00:00,9183,1225
769.4,22.0,27,2023-11-17T11:43:04.203000+00:00,9183,1225
23.1,26.0,1,2023-11-17T11:43:47.062000+00:00,9183,1225
358.5,30.0,18,2023-11-17T11:44:14.967000+00:00,9183,1225
428.0,27.0,20,2023-11-17T11:44:35.795000+00:00,9183,1225
474.3,28.0,14,2023-11-17T11:44:58.279000+00:00,9183,1225
21.6,30.0,63,2023-11-17T11:45:09.263000+00:00,9183,1225
258.6,29.0,55,2023-11-17T11:45:19.341000+00:00,9183,1225
33.5,26.0,77,2023-11-17T11:46:10.419000+00:00,9183,1225
390.6,24.0,10,2023-11-17T11:46:33.809000+00:00,9183,1225
443.0,28.0,24,2023-11-17T11:48:33.900000+00:00,9183,1225
22.4,29.0,24,2023-11-17T11:50:50.289000+00:00,9183,1225
21.5,36.0,44,2023-11-17T11:52:33.162000+00:00,9183,1225
21.5,31.0,81,2023-11-17T11:56:29.486000+00:00,9183,1225
21.5,30.0,4,2023-11-17T11:56:49.595000+00:00,9183,1225
22.0,33.0,77,2023-11-17T11:58:18.671000+00:00,9183,1225
312.6,35.0,63,2023-11-17T11:58:58.139000+00:00,9183,1225
23.0,31.0,10,2023-11-17T11:58:59.499000+00:00,9183,1225
27.4,2.0,81,2023-11-18T04:34:05.405000+00:00,9184,1225
21.8,2.0,4,2023-11-18T04:34:40.873000+00:00,9184,1225
23.7,3.0,81,2023-11-18T04:36:41.309000+00:00,9184,1225
320.6,3.0,4,2023-11-18T04:41:54.946000+00:00,9184,1225
197.7,4.0,81,2023-11-18T04:42:05.868000+00:00,9184,1225
365.5,2.0,18,2023-11-18T04:42:09.899000+00:00,9184,1225
359.1,2.0,14,2023-11-18T04:42:27.618000+00:00,9184,1225
22.2,8.0,18,2023-11-18T04:53:01.048000+00:00,9184,1225
27.7,4.0,11,2023-11-18T04:53:59.110000+00:00,9184,1225
324.7,9.0,55,2023-11-18T04:54:16.266000+00:00,9184,1225
204.9,8.0,14,2023-11-18T04:56:30.046000+00:00,9184,1225
265.6,11.0,16,2023-11-18T04:57:07.780000+00:00,9184,1225
260.6,9.0,18,2023-11-18T04:59:07.497000+00:00,9184,1225
34.5,12.0,20,2023-11-18T04:59:30.778000+00:00,9184,1225
28.8,7.0,11,2023-11-18T05:00:05.028000+00:00,9184,1225
30.6,9.0,3,2023-11-18T05:01:02.777000+00:00,9184,1225
1365.7,4.0,24,2023-11-18T05:01:30.667000+00:00,9184,1225
21.5,11.0,14,2023-11-18T05:02:00.995000+00:00,9184,1225
24.7,12.0,27,2023-11-18T05:03:53.337000+00:00,9184,1225
611.5,14.0,63,2023-11-18T05:05:20.196000+00:00,9184,1225
497.2,16.0,44,2023-11-18T05:06:59.492000+00:00,9184,1225
290.1,12.0,14,2023-11-18T05:08:33.100000+00:00,9184,1225
179.6,10.0,2,2023-11-18T05:09:35.146000+00:00,9184,1225
659.9,14.0,81,2023-11-18T05:10:19.974000+00:00,9184,1225
1110.3,12.0,77,2023-11-18T05:11:38.160000+00:00,9184,1225
228.2,10.0,23,2023-11-18T05:13:35.675000+00:00,9184,1225
369.0,14.0,18,2023-11-18T05:14:02.518000+00:00,9184,1225
772.9,13.0,20,2023-11-18T05:14:11.518000+00:00,9184,1225
997.0,13.0,4,2023-11-18T05:15:59.329000+00:00,9184,1225
685.0,11.0,3,2023-11-18T05:16:13.579000+00:00,9184,1225
519.9,10.0,1,2023-11-18T05:16:20.517000+00:00,9184,1225
536.9,11.0,22,2023-11-18T05:16:46.016000+00:00,9184,1225
680.2,13.0,27,2023-11-18T05:17:07.704000+00:00,9184,1225
526.2,18.0,55,2023-11-18T05:18:09.984000+00:00,9184,1225
982.4,12.0,31,2023-11-18T05:18:33.749000+00:00,9184,1225
489.8,19.0,16,2023-11-18T05:18:45.765000+00:00,9184,1225
1111.5,11.0,10,2023-11-18T05:18:53.452000+00:00,9184,1225
732.5,11.0,11,2023-11-18T05:20:02.952000+00:00,9184,1225
253.5,18.0,14,2023-11-18T05:23:19.684000+00:00,9184,1225
29.8,15.0,3,2023-11-18T05:24:05.011000+00:00,9184,1225
16.9,4.0,11,2023-11-18T08:06:47.359000+00:00,9314,1225
61.4,5.0,2,2023-11-18T08:08:28.029000+00:00,9314,1225
134.9,5.0,10,2023-11-18T08:09:45.825000+00:00,9314,1225
146.6,5.0,31,2023-11-18T08:09:56.200000+00:00,9314,1225
132.7,6.0,20,2023-11-18T08:11:07.167000+00:00,9314,1225
122.0,6.0,27,2023-11-18T08:11:12.183000+00:00,9314,1225
114.1,6.0,24,2023-11-18T08:11:18.886000+00:00,9314,1225
109.9,6.0,77,2023-11-18T08:11:20.620000+00:00,9314,1225
129.7,7.0,3,2023-11-18T08:12:58.087000+00:00,9314,1225
85.9,7.0,22,2023-11-18T08:13:06.556000+00:00,9314,1225
21.5,7.0,18,2023-11-18T08:13:34.352000+00:00,9314,1225
154.9,7.0,11,2023-11-18T08:14:52.866000+00:00,9314,1225
283.5,10.0,14,2023-11-18T08:25:08.855000+00:00,9314,1225
266.7,11.0,18,2023-11-18T08:25:10.527000+00:00,9314,1225
315.2,11.0,20,2023-11-18T08:25:13.293000+00:00,9314,1225
286.3,11.0,3,2023-11-18T08:25:15.340000+00:00,9314,1225
311.9,11.0,27,2023-11-18T08:25:20.293000+00:00,9314,1225
359.1,11.0,2,2023-11-18T08:25:22.746000+00:00,9314,1225
564.2,9.0,55,2023-11-18T08:25:26.793000+00:00,9314,1225
364.9,9.0,23,2023-11-18T08:25:31.542000+00:00,9314,1225
579.2,9.0,16,2023-11-18T08:25:45.058000+00:00,9314,1225
309.7,11.0,10,2023-11-18T08:25:51.386000+00:00,9314,1225
445.8,9.0,11,2023-11-18T08:26:17.135000+00:00,9314,1225
530.7,9.0,44,2023-11-18T08:28:55.070000+00:00,9314,1225
514.2,9.0,63,2023-11-18T08:29:06.132000+00:00,9314,1225
732.0,9.0,1,2023-11-18T08:31:08.021000+00:00,9314,1225
717.1,10.0,77,2023-11-18T08:31:12.536000+00:00,9314,1225
26.7,12.0,16,2023-11-18T08:31:44.114000+00:00,9314,1225
57.4,12.0,55,2023-11-18T08:31:49.192000+00:00,9314,1225
109.6,14.0,20,2023-11-18T08:32:20.348000+00:00,9314,1225
210.7,13.0,27,2023-11-18T08:32:25.395000+00:00,9314,1225
150.7,15.0,18,2023-11-18T08:34:41.017000+00:00,9314,1225
139.5,15.0,2,2023-11-18T08:34:46.314000+00:00,9314,1225
165.9,14.0,14,2023-11-18T08:34:53.142000+00:00,9314,1225
156.8,15.0,3,2023-11-18T08:35:00.735000+00:00,9314,1225
129.5,13.0,23,2023-11-18T08:35:09.735000+00:00,9314,1225
154.3,15.0,10,2023-11-18T08:35:24.516000+00:00,9314,1225
521.4,18.0,20,2023-11-18T08:48:11.940000+00:00,9314,1225
365.0,18.0,14,2023-11-18T08:48:19.893000+00:00,9314,1225
358.3,19.0,10,2023-11-18T08:48:28.721000+00:00,9314,1225
445.3,17.0,55,2023-11-18T08:48:33.252000+00:00,9314,1225
356.6,18.0,16,2023-11-18T08:48:40.049000+00:00,9314,1225
393.0,15.0,1,2023-11-18T08:48:48.908000+00:00,9314,1225
426.5,19.0,2,2023-11-18T08:49:00.971000+00:00,9314,1225
412.1,17.0,23,2023-11-18T08:49:18.908000+00:00,9314,1225
468.6,16.0,63,2023-11-18T08:49:52.563000+00:00,9314,1225
90.6,20.0,55,2023-11-18T08:55:18.464000+00:00,9314,1225
274.1,20.0,2,2023-11-18T08:55:22.042000+00:00,9314,1225
784.8,16.0,77,2023-11-18T08:55:23.308000+00:00,9314,1225
268.0,18.0,23,2023-11-18T08:55:26.933000+00:00,9314,1225
109.2,21.0,14,2023-11-18T08:55:29.714000+00:00,9314,1225
138.4,22.0,10,2023-11-18T08:55:57.526000+00:00,9314,1225
163.8,21.0,20,2023-11-18T08:56:13.447000+00:00,9314,1225
166.0,21.0,16,2023-11-18T08:56:37.134000+00:00,9314,1225
183.7,18.0,1,2023-11-18T08:57:03.900000+00:00,9314,1225
33.5,1.0,11,2023-11-19T06:06:40.131000+00:00,9189,1225
29.3,1.0,14,2023-11-19T06:06:56.818000+00:00,9189,1225
43.9,1.0,77,2023-11-19T06:07:14.818000+00:00,9189,1225
22.2,3.0,18,2023-11-19T06:10:29.283000+00:00,9189,1225
21.2,3.0,55,2023-11-19T06:10:41.158000+00:00,9189,1225
20.6,10.0,22,2023-11-19T06:25:48.048000+00:00,9189,1225
22.1,12.0,27,2023-11-19T06:29:08.123000+00:00,9189,1225
21.6,14.0,20,2023-11-19T06:32:24.760000+00:00,9189,1225
21.2,15.0,63,2023-11-19T06:33:50.836000+00:00,9189,1225
21.3,15.0,2,2023-11-19T06:34:02.508000+00:00,9189,1225
26.6,16.0,1,2023-11-19T06:35:32.163000+00:00,9189,1225
21.2,16.0,23,2023-11-19T06:35:38.928000+00:00,9189,1225
23.2,16.0,81,2023-11-19T06:35:43.334000+00:00,9189,1225
22.2,17.0,10,2023-11-19T06:37:16.630000+00:00,9189,1225
22.2,17.0,3,2023-11-19T06:37:36.489000+00:00,9189,1225
25.0,17.0,44,2023-11-19T06:37:37.520000+00:00,9189,1225
21.7,20.0,31,2023-11-19T06:42:20.437000+00:00,9189,1225
22.5,21.0,16,2023-11-19T06:43:41.467000+00:00,9189,1225
20.8,21.0,22,2023-11-19T06:44:38.372000+00:00,9189,1225
21.5,24.0,77,2023-11-19T06:49:32.226000+00:00,9189,1225
21.5,26.0,11,2023-11-19T06:52:14.786000+00:00,9189,1225
21.3,26.0,1,2023-11-19T06:52:30.348000+00:00,9189,1225
22.5,26.0,18,2023-11-19T06:52:30.957000+00:00,9189,1225
21.9,26.0,63,2023-11-19T06:52:33.926000+00:00,9189,1225
22.6,26.0,55,2023-11-19T06:52:36.863000+00:00,9189,1225
23.2,26.0,14,2023-11-19T06:52:41.519000+00:00,9189,1225
22.1,26.0,24,2023-11-19T06:52:49.676000+00:00,9189,1225
21.8,26.0,20,2023-11-19T06:53:01.316000+00:00,9189,1225
25.4,26.0,27,2023-11-19T06:53:08.363000+00:00,9189,1225
22.5,26.0,44,2023-11-19T06:53:12.597000+00:00,9189,1225
20.5,43.0,81,2023-11-19T07:22:32.753000+00:00,9189,1225
61.0,2.0,77,2023-11-24T09:34:04.876000+00:00,9190,1226
53.5,2.0,10,2023-11-24T09:34:24.329000+00:00,9190,1226
58.8,3.0,34,2023-11-24T09:35:01.047000+00:00,9190,1226
125.0,3.0,36,2023-11-24T09:37:05.623000+00:00,9190,1226
27.5,4.0,63,2023-11-24T09:37:09.607000+00:00,9190,1226
336.8,2.0,81,2023-11-24T09:38:20.043000+00:00,9190,1226
433.1,2.0,29,2023-11-24T09:40:01.495000+00:00,9190,1226
28.6,6.0,55,2023-11-24T09:42:23.711000+00:00,9190,1226
573.4,2.0,61,2023-11-24T09:42:54.086000+00:00,9190,1226
27.2,6.0,2,2023-11-24T09:43:01.242000+00:00,9190,1226
24.2,7.0,63,2023-11-24T09:43:33.054000+00:00,9190,1226
31.8,8.0,50,2023-11-24T09:44:08.787000+00:00,9190,1226
27.0,7.0,10,2023-11-24T09:44:18.990000+00:00,9190,1226
691.5,2.0,98,2023-11-24T09:44:47.209000+00:00,9190,1226
32.1,8.0,20,2023-11-24T09:45:34.551000+00:00,9190,1226
584.3,3.0,77,2023-11-24T09:45:48.786000+00:00,9190,1226
707.6,4.0,18,2023-11-24T09:46:39.957000+00:00,9190,1226
431.3,3.0,81,2023-11-24T09:47:27.159000+00:00,9190,1226
34.5,9.0,22,2023-11-24T09:48:40.408000+00:00,9190,1226
589.3,5.0,34,2023-11-24T09:48:41.673000+00:00,9190,1226
26.5,7.0,61,2023-11-24T09:51:30.170000+00:00,9190,1226
830.1,5.0,39,2023-11-24T09:52:18.029000+00:00,9190,1226
826.9,6.0,37,2023-11-24T09:52:28.685000+00:00,9190,1226
22.2,6.0,81,2023-11-24T09:52:58.434000+00:00,9190,1226
48.5,8.0,61,2023-11-24T09:54:13.042000+00:00,9190,1226
350.6,10.0,36,2023-11-24T09:55:17.588000+00:00,9190,1226
519.4,10.0,45,2023-11-24T09:55:22.104000+00:00,9190,1226
437.7,9.0,2,2023-11-24T09:55:27.307000+00:00,9190,1226
446.4,9.0,55,2023-11-24T09:55:33.182000+00:00,9190,1226
529.6,9.0,20,2023-11-24T09:56:07.493000+00:00,9190,1226
630.0,9.0,50,2023-11-24T09:56:25.024000+00:00,9190,1226
524.3,10.0,63,2023-11-24T09:57:46.773000+00:00,9190,1226
545.3,11.0,42,2023-11-24T09:57:58.366000+00:00,9190,1226
419.9,12.0,3,2023-11-24T10:00:48.895000+00:00,9190,1226
26.5,12.0,2,2023-11-24T10:01:34.785000+00:00,9190,1226
493.0,12.0,22,2023-11-24T10:02:12.143000+00:00,9190,1226
619.0,9.0,29,2023-11-24T10:02:15.690000+00:00,9190,1226
567.4,12.0,10,2023-11-24T10:02:48.205000+00:00,9190,1226
29.0,13.0,61,2023-11-24T10:03:41.251000+00:00,9190,1226
24.5,13.0,63,2023-11-24T10:04:13.797000+00:00,9190,1226
29.8,16.0,45,2023-11-24T10:06:13.186000+00:00,9190,1226
464.2,11.0,18,2023-11-24T10:06:59.466000+00:00,9190,1226
511.7,10.0,98,2023-11-24T10:07:03.654000+00:00,9190,1226
30.8,13.0,37,2023-11-24T10:07:26.185000+00:00,9190,1226
360.6,11.0,81,2023-11-24T10:07:38.716000+00:00,9190,1226
16.1,15.0,10,2023-11-24T10:08:43.105000+00:00,9190,1226
419.5,12.0,77,2023-11-24T10:08:51.417000+00:00,9190,1226
29.6,15.0,22,2023-11-24T10:09:00.324000+00:00,9190,1226
29.3,15.0,20,2023-11-24T10:09:57.854000+00:00,9190,1226
46.9,16.0,50,2023-11-24T10:11:00.837000+00:00,9190,1226
404.2,16.0,36,2023-11-24T10:12:48.695000+00:00,9190,1226
118.4,14.0,81,2023-11-24T10:14:55.208000+00:00,9190,1226
354.3,14.0,37,2023-11-24T10:15:16.333000+00:00,9190,1226
199.0,18.0,3,2023-11-24T10:15:46.348000+00:00,9190,1226
633.2,14.0,61,2023-11-24T10:16:00.926000+00:00,9190,1226
413.3,17.0,42,2023-11-24T10:16:08.097000+00:00,9190,1226
395.5,17.0,34,2023-11-24T10:16:32.112000+00:00,9190,1226
420.7,16.0,63,2023-11-24T10:16:49.409000+00:00,9190,1226
352.8,16.0,39,2023-11-24T10:16:57.565000+00:00,9190,1226
405.9,19.0,45,2023-11-24T10:18:05.564000+00:00,9190,1226
339.1,18.0,2,2023-11-24T10:18:23.485000+00:00,9190,1226
266.2,18.0,22,2023-11-24T10:18:53.891000+00:00,9190,1226
655.1,17.0,55,2023-11-24T10:18:56.876000+00:00,9190,1226
428.4,14.0,18,2023-11-24T10:19:05.579000+00:00,9190,1226
352.6,15.0,29,2023-11-24T10:19:18.735000+00:00,9190,1226
340.6,18.0,10,2023-11-24T10:19:31.047000+00:00,9190,1226
285.6,18.0,20,2023-11-24T10:20:08.937000+00:00,9190,1226
26.3,20.0,45,2023-11-24T10:20:14.718000+00:00,9190,1226
32.8,17.0,81,2023-11-24T10:20:18.171000+00:00,9190,1226
475.1,17.0,50,2023-11-24T10:20:41.936000+00:00,9190,1226
27.0,17.0,37,2023-11-24T10:22:14.403000+00:00,9190,1226
26.7,20.0,34,2023-11-24T10:22:50.184000+00:00,9190,1226
342.2,16.0,98,2023-11-24T10:23:27.715000+00:00,9190,1226
394.9,18.0,77,2023-11-24T10:26:34.758000+00:00,9190,1226
27.2,24.0,42,2023-11-24T10:27:34.476000+00:00,9190,1226
47.9,24.0,3,2023-11-24T10:28:34.397000+00:00,9190,1226
24.8,4.0,23,2023-11-24T13:06:13.946000+00:00,9191,1226
25.2,4.0,1,2023-11-24T13:06:48.680000+00:00,9191,1226
29.9,4.0,11,2023-11-24T13:07:00.305000+00:00,9191,1226
25.3,4.0,4,2023-11-24T13:07:19.461000+00:00,9191,1226
1762.9,6.0,23,2023-11-24T13:35:12.004000+00:00,9191,1226
1732.9,5.0,1,2023-11-24T13:35:16.442000+00:00,9191,1226
1704.5,5.0,4,2023-11-24T13:35:18.817000+00:00,9191,1226
1731.5,5.0,11,2023-11-24T13:35:21.957000+00:00,9191,1226
2229.2,7.0,4,2023-11-24T13:44:03.467000+00:00,9191,1226
2296.5,8.0,23,2023-11-24T13:44:05.717000+00:00,9191,1226
2292.5,7.0,1,2023-11-24T13:44:36.092000+00:00,9191,1226
2296.4,7.0,11,2023-11-24T13:44:46.841000+00:00,9191,1226
23.1,9.0,20,2023-11-24T13:48:53.339000+00:00,9191,1226
25.1,10.0,4,2023-11-24T13:49:04.417000+00:00,9191,1226
22.7,10.0,14,2023-11-24T13:49:15.198000+00:00,9191,1226
22.4,11.0,23,2023-11-24T13:49:22.026000+00:00,9191,1226
24.0,9.0,81,2023-11-24T13:49:32.729000+00:00,9191,1226
25.9,9.0,22,2023-11-24T13:49:50.119000+00:00,9191,1226
25.0,10.0,31,2023-11-24T13:50:00.619000+00:00,9191,1226
21.7,9.0,3,2023-11-24T13:51:12.993000+00:00,9191,1226
25.2,10.0,44,2023-11-24T13:52:00.774000+00:00,9191,1226
222.2,10.0,77,2023-11-24T13:52:54.180000+00:00,9191,1226
22.8,12.0,1,2023-11-24T13:53:56.038000+00:00,9191,1226
250.9,10.0,10,2023-11-24T13:54:02.585000+00:00,9191,1226
25.8,12.0,11,2023-11-24T13:54:15.991000+00:00,9191,1226
22.8,14.0,63,2023-11-24T13:57:13.380000+00:00,9191,1226
23.2,2.0,18,2023-11-25T10:32:59.586000+00:00,9192,1226
25.5,2.0,14,2023-11-25T10:33:22.851000+00:00,9192,1226
234.6,3.0,18,2023-11-25T10:38:47.598000+00:00,9192,1226
213.3,3.0,14,2023-11-25T10:39:00.707000+00:00,9192,1226
26.3,4.0,16,2023-11-25T10:40:57.315000+00:00,9192,1226
25.4,7.0,44,2023-11-25T10:43:51.172000+00:00,9192,1226
24.1,7.0,55,2023-11-25T10:44:19.875000+00:00,9192,1226
37.2,6.0,27,2023-11-25T10:45:28.390000+00:00,9192,1226
286.1,4.0,31,2023-11-25T10:47:06.639000+00:00,9192,1226
322.9,4.0,10,2023-11-25T10:47:18.686000+00:00,9192,1226
488.8,2.0,23,2023-11-25T10:47:40.717000+00:00,9192,1226
572.3,2.0,2,2023-11-25T10:48:01.748000+00:00,9192,1226
24.2,4.0,63,2023-11-25T10:48:36.450000+00:00,9192,1226
292.3,7.0,16,2023-11-25T10:51:10.933000+00:00,9192,1226
438.0,4.0,4,2023-11-25T10:52:00.714000+00:00,9192,1226
211.6,4.0,1,2023-11-25T10:52:31.073000+00:00,9192,1226
239.3,9.0,18,2023-11-25T10:53:33.728000+00:00,9192,1226
399.2,7.0,11,2023-11-25T10:53:34.369000+00:00,9192,1226
227.3,10.0,55,2023-11-25T10:53:44.447000+00:00,9192,1226
25.9,5.0,2,2023-11-25T10:54:03.509000+00:00,9192,1226
387.9,9.0,44,2023-11-25T10:54:14.384000+00:00,9192,1226
212.0,7.0,31,2023-11-25T10:56:11.789000+00:00,9192,1226
357.8,4.0,81,2023-11-25T10:56:14.258000+00:00,9192,1226
359.5,9.0,14,2023-11-25T10:56:21.523000+00:00,9192,1226
21.9,7.0,4,2023-11-25T10:57:24.335000+00:00,9192,1226
583.4,7.0,24,2023-11-25T10:57:34.116000+00:00,9192,1226
23.4,8.0,23,2023-11-25T10:59:24.287000+00:00,9192,1226
421.8,7.0,10,2023-11-25T10:59:45.880000+00:00,9192,1226
23.9,8.0,2,2023-11-25T11:00:04.896000+00:00,9192,1226
31.5,10.0,20,2023-11-25T11:02:47.081000+00:00,9192,1226
16.1,7.0,3,2023-11-25T11:02:54.488000+00:00,9192,1226
16.1,7.0,22,2023-11-25T11:04:05.237000+00:00,9192,1226
354.3,10.0,31,2023-11-25T11:07:35.031000+00:00,9192,1226
175.5,10.0,10,2023-11-25T11:07:47.141000+00:00,9192,1226
448.1,9.0,23,2023-11-25T11:08:41.281000+00:00,9192,1226
427.4,9.0,2,2023-11-25T11:08:56.484000+00:00,9192,1226
20.5,17.0,14,2023-11-25T11:08:57.749000+00:00,9192,1226
880.9,7.0,77,2023-11-25T11:09:59.217000+00:00,9192,1226
1003.7,7.0,63,2023-11-25T11:10:55.107000+00:00,9192,1226
857.0,8.0,4,2023-11-25T11:13:14.731000+00:00,9192,1226
455.8,17.0,18,2023-11-25T11:13:21.824000+00:00,9192,1226
718.9,7.0,81,2023-11-25T11:13:29.621000+00:00,9192,1226
22.1,23.0,55,2023-11-25T11:14:03.058000+00:00,9192,1226
587.0,11.0,20,2023-11-25T11:14:06.714000+00:00,9192,1226
296.7,18.0,14,2023-11-25T11:15:38.573000+00:00,9192,1226
440.7,14.0,24,2023-11-25T11:15:52.276000+00:00,9192,1226
193.9,13.0,10,2023-11-25T11:16:41.541000+00:00,9192,1226
1092.0,14.0,27,2023-11-25T11:16:58.306000+00:00,9192,1226
23.4,10.0,63,2023-11-25T11:17:24.400000+00:00,9192,1226
289.0,13.0,31,2023-11-25T11:17:58.852000+00:00,9192,1226
692.5,13.0,1,2023-11-25T11:18:20.461000+00:00,9192,1226
833.5,8.0,3,2023-11-25T11:18:24.586000+00:00,9192,1226
530.7,19.0,44,2023-11-25T11:18:31.164000+00:00,9192,1226
795.0,8.0,22,2023-11-25T11:18:52.414000+00:00,9192,1226
321.8,12.0,23,2023-11-25T11:19:24.055000+00:00,9192,1226
499.2,20.0,16,2023-11-25T11:19:30.195000+00:00,9192,1226
815.2,15.0,11,2023-11-25T11:19:34.054000+00:00,9192,1226
325.1,24.0,55,2023-11-25T11:21:00.178000+00:00,9192,1226
30.1,17.0,27,2023-11-25T11:23:08.302000+00:00,9192,1226
21.6,13.0,81,2023-11-25T11:24:32.239000+00:00,9192,1226
383.8,20.0,18,2023-11-25T11:25:04.660000+00:00,9192,1226
31.0,22.0,44,2023-11-25T11:25:38.347000+00:00,9192,1226
214.9,15.0,1,2023-11-25T11:25:59.191000+00:00,9192,1226
326.8,21.0,14,2023-11-25T11:26:13.331000+00:00,9192,1226
321.2,14.0,77,2023-11-25T11:28:35.392000+00:00,9192,1226
451.5,12.0,63,2023-11-25T11:28:48.329000+00:00,9192,1226
246.8,15.0,23,2023-11-25T11:28:52.407000+00:00,9192,1226
418.9,16.0,10,2023-11-25T11:29:02.907000+00:00,9192,1226
344.5,16.0,31,2023-11-25T11:29:04.923000+00:00,9192,1226
186.0,14.0,81,2023-11-25T11:29:14.095000+00:00,9192,1226
312.3,14.0,4,2023-11-25T11:29:36.782000+00:00,9192,1226
590.8,15.0,2,2023-11-25T11:29:41.094000+00:00,9192,1226
128.9,4.0,23,2023-11-25T14:11:17.533000+00:00,9193,1226
153.2,4.0,2,2023-11-25T14:11:23.596000+00:00,9193,1226
243.0,4.0,27,2023-11-25T14:13:32.062000+00:00,9193,1226
160.2,4.0,44,2023-11-25T14:13:33.265000+00:00,9193,1226
141.4,4.0,63,2023-11-25T14:13:36.796000+00:00,9193,1226
180.0,4.0,10,2023-11-25T14:13:38.828000+00:00,9193,1226
204.8,4.0,18,2023-11-25T14:13:42.156000+00:00,9193,1226
262.6,4.0,22,2023-11-25T14:13:46.109000+00:00,9193,1226
222.2,4.0,16,2023-11-25T14:13:52.906000+00:00,9193,1226
185.9,4.0,14,2023-11-25T14:13:57.062000+00:00,9193,1226
285.9,4.0,3,2023-11-25T14:14:02.452000+00:00,9193,1226
252.7,4.0,24,2023-11-25T14:14:06.765000+00:00,9193,1226
252.4,4.0,77,2023-11-25T14:14:10.140000+00:00,9193,1226
233.6,4.0,31,2023-11-25T14:14:18.546000+00:00,9193,1226
294.0,4.0,20,2023-11-25T14:14:24.452000+00:00,9193,1226
217.3,4.0,81,2023-11-25T14:14:30.155000+00:00,9193,1226
237.2,4.0,55,2023-11-25T14:14:32.295000+00:00,9193,1226
342.7,4.0,1,2023-11-25T14:14:43.592000+00:00,9193,1226
312.8,4.0,11,2023-11-25T14:14:56.045000+00:00,9193,1226
321.4,4.0,4,2023-11-25T14:15:08.764000+00:00,9193,1226
592.4,7.0,23,2023-11-25T14:26:07.393000+00:00,9193,1226
455.8,7.0,44,2023-11-25T14:26:29.799000+00:00,9193,1226
449.7,7.0,63,2023-11-25T14:26:36.048000+00:00,9193,1226
443.7,7.0,18,2023-11-25T14:26:38.767000+00:00,9193,1226
362.9,7.0,1,2023-11-25T14:26:43.392000+00:00,9193,1226
441.1,7.0,22,2023-11-25T14:26:47.298000+00:00,9193,1226
417.0,7.0,3,2023-11-25T14:26:51.658000+00:00,9193,1226
410.6,7.0,31,2023-11-25T14:26:58.751000+00:00,9193,1226
477.1,7.0,10,2023-11-25T14:27:06.907000+00:00,9193,1226
437.8,7.0,14,2023-11-25T14:27:10.360000+00:00,9193,1226
529.6,7.0,27,2023-11-25T14:27:16.720000+00:00,9193,1226
466.2,7.0,16,2023-11-25T14:27:24.219000+00:00,9193,1226
412.3,7.0,11,2023-11-25T14:27:42.375000+00:00,9193,1226
442.9,7.0,81,2023-11-25T14:27:49.563000+00:00,9193,1226
512.3,6.0,4,2023-11-25T14:27:59.266000+00:00,9193,1226
133.9,10.0,23,2023-11-25T14:33:24.151000+00:00,9193,1226
151.4,10.0,27,2023-11-25T14:35:24.445000+00:00,9193,1226
194.6,10.0,3,2023-11-25T14:35:27.977000+00:00,9193,1226
149.8,10.0,16,2023-11-25T14:35:32.773000+00:00,9193,1226
172.7,10.0,10,2023-11-25T14:35:35.055000+00:00,9193,1226
210.0,10.0,22,2023-11-25T14:35:36.445000+00:00,9193,1226
222.9,10.0,18,2023-11-25T14:35:39.164000+00:00,9193,1226
194.5,10.0,31,2023-11-25T14:35:43.086000+00:00,9193,1226
179.0,10.0,14,2023-11-25T14:35:49.414000+00:00,9193,1226
265.6,10.0,44,2023-11-25T14:35:58.945000+00:00,9193,1226
259.8,10.0,63,2023-11-25T14:36:05.242000+00:00,9193,1226
179.7,10.0,11,2023-11-25T14:36:17.069000+00:00,9193,1226
181.3,10.0,81,2023-11-25T14:36:30.397000+00:00,9193,1226
206.9,9.0,4,2023-11-25T14:37:02.006000+00:00,9193,1226
961.4,10.0,1,2023-11-25T14:48:03.713000+00:00,9193,1226
452.7,13.0,27,2023-11-25T14:48:07.713000+00:00,9193,1226
413.2,13.0,22,2023-11-25T14:48:09.713000+00:00,9193,1226
423.0,11.0,4,2023-11-25T14:48:15.572000+00:00,9193,1226
391.4,13.0,14,2023-11-25T14:48:21.822000+00:00,9193,1226
461.6,12.0,11,2023-11-25T14:48:32.041000+00:00,9193,1226
472.2,12.0,81,2023-11-25T14:48:38.385000+00:00,9193,1226
468.0,13.0,16,2023-11-25T14:48:42.853000+00:00,9193,1226
486.8,13.0,10,2023-11-25T14:49:18.196000+00:00,9193,1226
449.7,13.0,63,2023-11-25T14:49:37.587000+00:00,9193,1226
146.9,14.0,4,2023-11-25T14:55:56.142000+00:00,9193,1226
115.3,15.0,81,2023-11-25T14:55:58.971000+00:00,9193,1226
138.6,16.0,14,2023-11-25T14:56:01.924000+00:00,9193,1226
104.9,16.0,16,2023-11-25T14:56:04.205000+00:00,9193,1226
189.3,13.0,1,2023-11-25T14:56:08.423000+00:00,9193,1226
176.5,16.0,22,2023-11-25T14:56:16.923000+00:00,9193,1226
200.9,16.0,27,2023-11-25T14:56:32.392000+00:00,9193,1226
170.6,15.0,11,2023-11-25T14:56:42.064000+00:00,9193,1226
172.0,16.0,63,2023-11-25T14:57:33.375000+00:00,9193,1226
185.3,16.0,10,2023-11-25T14:57:39.922000+00:00,9193,1226
22.7,5.0,20,2023-11-26T13:11:39.528000+00:00,9197,1226
21.6,7.0,3,2023-11-26T13:14:37.589000+00:00,9197,1226
22.4,12.0,14,2023-11-26T13:22:07.037000+00:00,9197,1226
21.6,13.0,81,2023-11-26T13:23:35.848000+00:00,9197,1226
21.8,13.0,27,2023-11-26T13:23:47.614000+00:00,9197,1226
22.8,13.0,24,2023-11-26T13:23:51.395000+00:00,9197,1226
21.6,14.0,63,2023-11-26T13:25:04.660000+00:00,9197,1226
24.0,14.0,4,2023-11-26T13:25:05.129000+00:00,9197,1226
22.1,15.0,44,2023-11-26T13:26:44.159000+00:00,9197,1226
22.1,15.0,31,2023-11-26T13:26:45.128000+00:00,9197,1226
22.1,15.0,2,2023-11-26T13:26:58.221000+00:00,9197,1226
21.6,16.0,1,2023-11-26T13:27:58.955000+00:00,9197,1226
22.1,16.0,23,2023-11-26T13:28:27.548000+00:00,9197,1226
21.9,17.0,16,2023-11-26T13:29:31.907000+00:00,9197,1226
21.4,17.0,11,2023-11-26T13:29:43.610000+00:00,9197,1226
23.0,17.0,10,2023-11-26T13:29:49.782000+00:00,9197,1226
21.4,22.0,22,2023-11-26T13:37:16.167000+00:00,9197,1226
21.8,22.0,18,2023-11-26T13:37:21.792000+00:00,9197,1226
22.1,22.0,20,2023-11-26T13:37:53.370000+00:00,9197,1226
21.2,23.0,55,2023-11-26T13:38:58.291000+00:00,9197,1226
22.6,29.0,77,2023-11-26T13:48:24.863000+00:00,9197,1226
21.7,31.0,3,2023-11-26T13:51:14.017000+00:00,9197,1226
23.4,32.0,10,2023-11-26T13:52:50.297000+00:00,9197,1226
21.4,33.0,4,2023-11-26T13:53:53.484000+00:00,9197,1226
22.0,33.0,27,2023-11-26T13:54:27.577000+00:00,9197,1226
22.0,34.0,63,2023-11-26T13:55:20.374000+00:00,9197,1226
21.2,35.0,16,2023-11-26T13:56:47.498000+00:00,9197,1226
22.0,35.0,44,2023-11-26T13:57:05.138000+00:00,9197,1226
21.1,36.0,81,2023-11-26T13:58:30.168000+00:00,9197,1226
21.8,36.0,14,2023-11-26T13:58:33.621000+00:00,9197,1226
22.3,37.0,24,2023-11-26T14:00:35.448000+00:00,9197,1226
21.8,41.0,2,2023-11-26T14:06:42.506000+00:00,9197,1226
21.2,42.0,11,2023-11-26T14:07:17.818000+00:00,9197,1226
21.6,42.0,18,2023-11-26T14:07:42.678000+00:00,9197,1226
21.2,43.0,1,2023-11-26T14:08:30.771000+00:00,9197,1226
21.9,43.0,23,2023-11-26T14:09:32.067000+00:00,9197,1226
21.5,56.0,55,2023-11-26T14:28:46.679000+00:00,9197,1226
,1.0,27,2024-02-29T11:30:04.020000+00:00,9465,1229
,1.0,77,2024-02-29T11:30:05.729000+00:00,9465,1229
,1.0,31,2024-02-29T11:30:15.104000+00:00,9465,1229
,1.0,20,2024-02-29T11:30:17.318000+00:00,9465,1229
,1.0,81,2024-02-29T11:30:24.627000+00:00,9465,1229
,1.0,4,2024-02-29T11:30:29.085000+00:00,9465,1229
,1.0,24,2024-02-29T11:30:30.590000+00:00,9465,1229
,1.0,10,2024-02-29T11:30:36.687000+00:00,9465,1229
,1.0,23,2024-02-29T11:30:51.399000+00:00,9465,1229
,1.0,11,2024-02-29T11:30:58.421000+00:00,9465,1229
,1.0,44,2024-02-29T11:31:06.133000+00:00,9465,1229
,1.0,55,2024-02-29T11:31:08.105000+00:00,9465,1229
,1.0,16,2024-02-29T11:31:20.884000+00:00,9465,1229
,1.0,22,2024-02-29T11:31:24.612000+00:00,9465,1229
,1.0,3,2024-02-29T11:31:53.930000+00:00,9465,1229
,1.0,14,2024-02-29T11:32:28.772000+00:00,9465,1229
,1.0,63,2024-02-29T11:33:33.376000+00:00,9465,1229
,1.0,18,2024-02-29T11:34:15.107000+00:00,9465,1229
,1.0,1,2024-02-29T11:36:31.933000+00:00,9465,1229
29.8,4.0,11,2024-02-29T11:37:35.631000+00:00,9465,1229
224.9,2.0,14,2024-02-29T11:37:57.349000+00:00,9465,1229
,1.0,2,2024-02-29T11:39:16.614000+00:00,9465,1229
51.7,6.0,27,2024-02-29T11:39:22.845000+00:00,9465,1229
29.5,5.0,44,2024-02-29T11:39:40.349000+00:00,9465,1229
550.7,2.0,77,2024-02-29T11:41:21.214000+00:00,9465,1229
529.3,2.0,23,2024-02-29T11:41:32.383000+00:00,9465,1229
30.5,6.0,55,2024-02-29T11:41:41.244000+00:00,9465,1229
21.3,8.0,20,2024-02-29T11:42:25.103000+00:00,9465,1229
582.5,2.0,24,2024-02-29T11:42:35.042000+00:00,9465,1229
26.3,4.0,1,2024-02-29T11:43:03.426000+00:00,9465,1229
31.7,7.0,16,2024-02-29T11:43:47.374000+00:00,9465,1229
39.4,8.0,10,2024-02-29T11:45:01.784000+00:00,9465,1229
48.3,8.0,31,2024-02-29T11:45:28.808000+00:00,9465,1229
27.7,10.0,55,2024-02-29T11:50:03.151000+00:00,9465,1229
688.3,7.0,81,2024-02-29T11:53:55.530000+00:00,9465,1229
33.0,9.0,77,2024-02-29T11:54:46.639000+00:00,9465,1229
621.2,8.0,4,2024-02-29T11:55:02.319000+00:00,9465,1229
676.1,9.0,10,2024-02-29T11:57:57.056000+00:00,9465,1229
27.6,10.0,4,2024-02-29T11:59:07.299000+00:00,9465,1229
666.9,8.0,18,2024-02-29T11:59:12.885000+00:00,9465,1229
722.1,11.0,27,2024-02-29T11:59:53.233000+00:00,9465,1229
616.0,10.0,11,2024-02-29T11:59:59.566000+00:00,9465,1229
714.5,7.0,1,2024-02-29T12:00:19.867000+00:00,9465,1229
560.8,10.0,63,2024-02-29T12:01:03.751000+00:00,9465,1229
948.9,8.0,44,2024-02-29T12:01:17.655000+00:00,9465,1229
727.1,10.0,22,2024-02-29T12:01:21.088000+00:00,9465,1229
527.0,12.0,55,2024-02-29T12:02:20.753000+00:00,9465,1229
781.0,8.0,14,2024-02-29T12:02:25.768000+00:00,9465,1229
649.8,11.0,3,2024-02-29T12:02:27.209000+00:00,9465,1229
776.3,10.0,16,2024-02-29T12:02:33.218000+00:00,9465,1229
382.9,10.0,77,2024-02-29T12:03:02.775000+00:00,9465,1229
994.2,9.0,31,2024-02-29T12:04:07.031000+00:00,9465,1229
1263.7,9.0,20,2024-02-29T12:05:39.378000+00:00,9465,1229
29.2,13.0,11,2024-02-29T12:06:18.537000+00:00,9465,1229
22.8,14.0,3,2024-02-29T12:08:43.376000+00:00,9465,1229
774.3,10.0,23,2024-02-29T12:09:14.919000+00:00,9465,1229
441.8,12.0,81,2024-02-29T12:11:31.960000+00:00,9465,1229
1042.1,8.0,24,2024-02-29T12:11:45.324000+00:00,9465,1229
381.6,11.0,44,2024-02-29T12:13:01.469000+00:00,9465,1229
1196.0,9.0,2,2024-02-29T12:13:13.669000+00:00,9465,1229
412.8,15.0,4,2024-02-29T12:15:50.101000+00:00,9465,1229
401.9,12.0,14,2024-02-29T12:17:05.852000+00:00,9465,1229
614.8,12.0,18,2024-02-29T12:17:24.693000+00:00,9465,1229
346.4,16.0,63,2024-02-29T12:18:01.178000+00:00,9465,1229
25.0,11.0,24,2024-02-29T12:18:18.571000+00:00,9465,1229
281.8,16.0,22,2024-02-29T12:18:21.377000+00:00,9465,1229
263.5,18.0,55,2024-02-29T12:18:43.829000+00:00,9465,1229
399.2,13.0,1,2024-02-29T12:18:57.840000+00:00,9465,1229
465.5,16.0,10,2024-02-29T12:19:04.332000+00:00,9465,1229
302.4,16.0,16,2024-02-29T12:19:24.344000+00:00,9465,1229
443.5,16.0,11,2024-02-29T12:19:42.655000+00:00,9465,1229
542.9,15.0,3,2024-02-29T12:19:47.626000+00:00,9465,1229
325.7,15.0,31,2024-02-29T12:21:43.185000+00:00,9465,1229
538.5,16.0,77,2024-02-29T12:23:58.903000+00:00,9465,1229
35.1,17.0,2,2024-02-29T12:28:12.218000+00:00,9465,1229
27.0,20.0,44,2024-02-29T12:28:31.288000+00:00,9465,1229
336.6,25.0,27,2024-02-29T12:28:44.213000+00:00,9465,1229
354.8,14.0,24,2024-02-29T12:29:47.811000+00:00,9465,1229
,1.0,24,2024-02-29T15:00:02.140000+00:00,9466,1229
,1.0,27,2024-02-29T15:00:07.232000+00:00,9466,1229
,1.0,81,2024-02-29T15:00:20.549000+00:00,9466,1229
,1.0,23,2024-02-29T15:00:25.264000+00:00,9466,1229
,1.0,31,2024-02-29T15:00:29.562000+00:00,9466,1229
,1.0,20,2024-02-29T15:00:34.179000+00:00,9466,1229
,1.0,4,2024-02-29T15:00:51.841000+00:00,9466,1229
,1.0,10,2024-02-29T15:00:55.536000+00:00,9466,1229
,1.0,22,2024-02-29T15:01:06.299000+00:00,9466,1229
,1.0,55,2024-02-29T15:01:09.056000+00:00,9466,1229
,1.0,11,2024-02-29T15:01:17.066000+00:00,9466,1229
,1.0,16,2024-02-29T15:01:27.159000+00:00,9466,1229
,1.0,2,2024-02-29T15:01:29.358000+00:00,9466,1229
,1.0,3,2024-02-29T15:01:39.047000+00:00,9466,1229
,1.0,44,2024-02-29T15:01:57.891000+00:00,9466,1229
,1.0,14,2024-02-29T15:03:53.182000+00:00,9466,1229
,1.0,18,2024-02-29T15:03:58.653000+00:00,9466,1229
,1.0,63,2024-02-29T15:04:45.266000+00:00,9466,1229
31.1,4.0,11,2024-02-29T15:07:27.767000+00:00,9466,1229
32.0,4.0,55,2024-02-29T15:07:31.034000+00:00,9466,1229
24.9,4.0,16,2024-02-29T15:07:43.984000+00:00,9466,1229
,1.0,1,2024-02-29T15:08:04.360000+00:00,9466,1229
28.5,4.0,44,2024-02-29T15:08:09.881000+00:00,9466,1229
543.5,4.0,23,2024-02-29T15:14:52.720000+00:00,9466,1229
275.9,6.0,2,2024-02-29T15:15:03.061000+00:00,9466,1229
454.0,5.0,77,2024-02-29T15:16:30.433000+00:00,9466,1229
360.4,5.0,14,2024-02-29T15:17:28.975000+00:00,9466,1229
387.8,7.0,24,2024-02-29T15:18:30.651000+00:00,9466,1229
446.7,7.0,20,2024-02-29T15:19:53.143000+00:00,9466,1229
553.3,7.0,27,2024-02-29T15:20:25.162000+00:00,9466,1229
449.1,7.0,55,2024-02-29T15:20:54.802000+00:00,9466,1229
548.0,7.0,81,2024-02-29T15:20:57.894000+00:00,9466,1229
22.8,9.0,2,2024-02-29T15:20:59.861000+00:00,9466,1229
618.7,6.0,4,2024-02-29T15:21:02.610000+00:00,9466,1229
471.6,7.0,16,2024-02-29T15:21:24.999000+00:00,9466,1229
676.3,6.0,3,2024-02-29T15:22:06.691000+00:00,9466,1229
385.4,9.0,22,2024-02-29T15:22:24.689000+00:00,9466,1229
23.6,8.0,77,2024-02-29T15:22:42.536000+00:00,9466,1229
657.5,7.0,31,2024-02-29T15:23:29.783000+00:00,9466,1229
598.4,7.0,44,2024-02-29T15:23:34.965000+00:00,9466,1229
655.4,7.0,11,2024-02-29T15:24:07.611000+00:00,9466,1229
29.0,10.0,24,2024-02-29T15:24:45.860000+00:00,9466,1229
389.9,9.0,18,2024-02-29T15:25:22.637000+00:00,9466,1229
802.4,7.0,10,2024-02-29T15:25:40.460000+00:00,9466,1229
651.0,6.0,63,2024-02-29T15:25:56.675000+00:00,9466,1229
413.1,7.0,1,2024-02-29T15:26:33.488000+00:00,9466,1229
21.7,10.0,55,2024-02-29T15:26:54.254000+00:00,9466,1229
25.6,7.0,63,2024-02-29T15:27:59.305000+00:00,9466,1229
150.9,10.0,23,2024-02-29T15:28:27.860000+00:00,9466,1229
251.2,12.0,2,2024-02-29T15:30:36.006000+00:00,9466,1229
543.5,8.0,14,2024-02-29T15:32:05.357000+00:00,9466,1229
499.5,10.0,81,2024-02-29T15:34:49.651000+00:00,9466,1229
525.7,9.0,4,2024-02-29T15:35:23.325000+00:00,9466,1229
402.2,10.0,11,2024-02-29T15:36:01.158000+00:00,9466,1229
425.3,13.0,24,2024-02-29T15:37:13.094000+00:00,9466,1229
376.9,10.0,1,2024-02-29T15:38:01.169000+00:00,9466,1229
568.3,10.0,44,2024-02-29T15:38:09.858000+00:00,9466,1229
340.8,12.0,3,2024-02-29T15:38:51.893000+00:00,9466,1229
448.3,13.0,20,2024-02-29T15:39:06.186000+00:00,9466,1229
323.9,15.0,22,2024-02-29T15:39:14.621000+00:00,9466,1229
357.1,13.0,23,2024-02-29T15:39:39.369000+00:00,9466,1229
38.9,14.0,24,2024-02-29T15:39:47.953000+00:00,9466,1229
703.8,11.0,77,2024-02-29T15:40:06.603000+00:00,9466,1229
565.6,12.0,55,2024-02-29T15:40:14.825000+00:00,9466,1229
882.4,10.0,27,2024-02-29T15:40:30.470000+00:00,9466,1229
447.7,13.0,18,2024-02-29T15:40:36.081000+00:00,9466,1229
460.6,13.0,16,2024-02-29T15:40:49.975000+00:00,9466,1229
435.0,10.0,63,2024-02-29T15:41:01.571000+00:00,9466,1229
384.8,13.0,31,2024-02-29T15:41:52.066000+00:00,9466,1229
26.0,12.0,77,2024-02-29T15:42:19.998000+00:00,9466,1229
335.1,13.0,10,2024-02-29T15:42:44.350000+00:00,9466,1229
403.3,16.0,2,2024-02-29T15:44:18.912000+00:00,9466,1229
430.1,11.0,14,2024-02-29T15:44:42.572000+00:00,9466,1229
19.0,14.0,10,2024-02-29T15:44:58.194000+00:00,9466,1229
39.6,17.0,2,2024-02-29T15:46:49.643000+00:00,9466,1229
23.9,23.0,81,2024-02-29T15:56:31.746000+00:00,9466,1229
26.7,22.0,4,2024-02-29T15:57:08.199000+00:00,9466,1229
24.6,24.0,23,2024-02-29T15:58:25.671000+00:00,9466,1229
,1.0,44,2024-03-01T12:36:04.040000+00:00,9467,1229
,1.0,55,2024-03-01T12:41:52.136000+00:00,9467,1229
,1.0,16,2024-03-01T12:42:32.572000+00:00,9467,1229
,1.0,24,2024-03-01T12:43:46.749000+00:00,9467,1229
,1.0,77,2024-03-01T12:43:51.950000+00:00,9467,1229
,1.0,23,2024-03-01T12:43:55.811000+00:00,9467,1229
,1.0,20,2024-03-01T12:44:38.831000+00:00,9467,1229
,1.0,27,2024-03-01T12:45:37.729000+00:00,9467,1229
,1.0,11,2024-03-01T12:45:52.513000+00:00,9467,1229
,1.0,4,2024-03-01T12:46:17.125000+00:00,9467,1229
,1.0,18,2024-03-01T12:46:19.067000+00:00,9467,1229
,1.0,63,2024-03-01T12:47:37.149000+00:00,9467,1229
375.0,4.0,44,2024-03-01T12:47:40.966000+00:00,9467,1229
30.5,4.0,55,2024-03-01T12:48:09.741000+00:00,9467,1229
,1.0,1,2024-03-01T12:48:27.907000+00:00,9467,1229
22.7,4.0,16,2024-03-01T12:48:45.165000+00:00,9467,1229
,1.0,81,2024-03-01T12:48:59.978000+00:00,9467,1229
218.3,2.0,23,2024-03-01T12:49:16.901000+00:00,9467,1229
22.3,4.0,77,2024-03-01T12:49:57.578000+00:00,9467,1229
,1.0,14,2024-03-01T12:49:58.626000+00:00,9467,1229
37.3,4.0,24,2024-03-01T12:50:08.201000+00:00,9467,1229
35.1,4.0,20,2024-03-01T12:51:00.149000+00:00,9467,1229
,1.0,2,2024-03-01T12:51:10.860000+00:00,9467,1229
30.1,4.0,11,2024-03-01T12:52:05.904000+00:00,9467,1229
,1.0,3,2024-03-01T12:52:25.261000+00:00,9467,1229
,1.0,22,2024-03-01T12:52:34.081000+00:00,9467,1229
,1.0,31,2024-03-01T12:53:39.630000+00:00,9467,1229
,1.0,10,2024-03-01T12:54:29.387000+00:00,9467,1229
29.2,5.0,23,2024-03-01T12:55:26.514000+00:00,9467,1229
24.4,7.0,77,2024-03-01T12:55:57.383000+00:00,9467,1229
20.9,7.0,24,2024-03-01T12:56:24.260000+00:00,9467,1229
18.9,4.0,2,2024-03-01T12:57:07.824000+00:00,9467,1229
36.5,7.0,20,2024-03-01T12:57:14.395000+00:00,9467,1229
26.4,7.0,11,2024-03-01T12:58:38.528000+00:00,9467,1229
34.2,4.0,3,2024-03-01T12:58:57.358000+00:00,9467,1229
23.2,8.0,18,2024-03-01T12:59:45.504000+00:00,9467,1229
27.7,4.0,10,2024-03-01T13:00:59.761000+00:00,9467,1229
555.8,4.0,4,2024-03-01T13:01:20.937000+00:00,9467,1229
26.4,7.0,2,2024-03-01T13:02:59.802000+00:00,9467,1229
21.8,6.0,3,2024-03-01T13:03:08.203000+00:00,9467,1229
585.7,4.0,63,2024-03-01T13:03:11.600000+00:00,9467,1229
548.4,7.0,55,2024-03-01T13:03:11.915000+00:00,9467,1229
465.5,5.0,81,2024-03-01T13:04:21.792000+00:00,9467,1229
21.6,7.0,22,2024-03-01T13:04:40.699000+00:00,9467,1229
35.3,9.0,14,2024-03-01T13:05:13.047000+00:00,9467,1229
682.3,7.0,16,2024-03-01T13:05:55.992000+00:00,9467,1229
488.4,4.0,31,2024-03-01T13:07:46.756000+00:00,9467,1229
564.2,8.0,11,2024-03-01T13:10:13.508000+00:00,9467,1229
555.7,8.0,23,2024-03-01T13:10:21.550000+00:00,9467,1229
745.9,8.0,24,2024-03-01T13:10:45.109000+00:00,9467,1229
776.6,8.0,77,2024-03-01T13:10:49.207000+00:00,9467,1229
707.0,7.0,1,2024-03-01T13:11:32.298000+00:00,9467,1229
408.8,8.0,2,2024-03-01T13:11:35.951000+00:00,9467,1229
759.0,9.0,18,2024-03-01T13:14:00.800000+00:00,9467,1229
445.4,10.0,14,2024-03-01T13:14:20.843000+00:00,9467,1229
467.5,7.0,4,2024-03-01T13:14:41.562000+00:00,9467,1229
319.6,8.0,81,2024-03-01T13:14:59.817000+00:00,9467,1229
900.1,12.0,44,2024-03-01T13:15:59.389000+00:00,9467,1229
469.8,7.0,63,2024-03-01T13:16:40.931000+00:00,9467,1229
21.1,11.0,24,2024-03-01T13:16:56.426000+00:00,9467,1229
23.4,11.0,77,2024-03-01T13:17:02.898000+00:00,9467,1229
18.9,11.0,2,2024-03-01T13:17:45.104000+00:00,9467,1229
777.2,7.0,10,2024-03-01T13:19:23.679000+00:00,9467,1229
1399.6,7.0,27,2024-03-01T13:20:14.513000+00:00,9467,1229
707.1,14.0,20,2024-03-01T13:20:19.094000+00:00,9467,1229
920.9,7.0,3,2024-03-01T13:20:23.906000+00:00,9467,1229
839.2,8.0,22,2024-03-01T13:20:35.154000+00:00,9467,1229
499.5,12.0,55,2024-03-01T13:21:09.521000+00:00,9467,1229
31.2,15.0,44,2024-03-01T13:22:13.448000+00:00,9467,1229
519.9,12.0,16,2024-03-01T13:23:37.077000+00:00,9467,1229
741.0,7.0,31,2024-03-01T13:25:41.512000+00:00,9467,1229
239.0,14.0,23,2024-03-01T13:26:25.996000+00:00,9467,1229
282.1,14.0,24,2024-03-01T13:27:17.937000+00:00,9467,1229
177.4,14.0,1,2024-03-01T13:28:03.649000+00:00,9467,1229
201.4,15.0,18,2024-03-01T13:28:23.693000+00:00,9467,1229
344.3,14.0,77,2024-03-01T13:28:31.808000+00:00,9467,1229
260.8,15.0,11,2024-03-01T13:28:46.380000+00:00,9467,1229
528.4,10.0,4,2024-03-01T13:28:49.032000+00:00,9467,1229
520.4,11.0,81,2024-03-01T13:28:54.294000+00:00,9467,1229
28.9,15.0,23,2024-03-01T13:28:57.980000+00:00,9467,1229
229.7,16.0,14,2024-03-01T13:29:15.585000+00:00,9467,1229
365.9,14.0,2,2024-03-01T13:29:19.694000+00:00,9467,1229
432.0,10.0,63,2024-03-01T13:29:28.269000+00:00,9467,1229
133.8,18.0,44,2024-03-01T13:29:52.399000+00:00,9467,1229
,1.0,55,2024-03-01T16:00:11.353000+00:00,9468,1229
,1.0,16,2024-03-01T16:00:16.840000+00:00,9468,1229
,1.0,31,2024-03-01T16:00:22.295000+00:00,9468,1229
,1.0,10,2024-03-01T16:00:24.189000+00:00,9468,1229
,1.0,23,2024-03-01T16:05:23.044000+00:00,9468,1229
,1.0,3,2024-03-01T16:05:23.999000+00:00,9468,1229
,1.0,27,2024-03-01T16:05:26.164000+00:00,9468,1229
,1.0,2,2024-03-01T16:05:27.265000+00:00,9468,1229
,1.0,22,2024-03-01T16:05:30.907000+00:00,9468,1229
,1.0,24,2024-03-01T16:05:34.869000+00:00,9468,1229
,1.0,20,2024-03-01T16:05:40.559000+00:00,9468,1229
,1.0,77,2024-03-01T16:05:52.625000+00:00,9468,1229
,1.0,81,2024-03-01T16:06:03.545000+00:00,9468,1229
,1.0,18,2024-03-01T16:06:16.384000+00:00,9468,1229
,1.0,4,2024-03-01T16:06:32.667000+00:00,9468,1229
,1.0,14,2024-03-01T16:06:37.692000+00:00,9468,1229
,1.0,1,2024-03-01T16:06:46.251000+00:00,9468,1229
,1.0,63,2024-03-01T16:06:53.842000+00:00,9468,1229
,1.0,44,2024-03-01T16:07:07.694000+00:00,9468,1229
,1.0,11,2024-03-01T16:07:39.190000+00:00,9468,1229
132.4,4.0,16,2024-03-01T16:07:46.707000+00:00,9468,1229
119.0,4.0,31,2024-03-01T16:07:49.994000+00:00,9468,1229
149.2,4.0,55,2024-03-01T16:07:59.508000+00:00,9468,1229
145.6,4.0,10,2024-03-01T16:08:18.376000+00:00,9468,1229
157.7,4.0,24,2024-03-01T16:13:54.016000+00:00,9468,1229
135.8,4.0,81,2024-03-01T16:13:56.290000+00:00,9468,1229
182.1,4.0,27,2024-03-01T16:13:57.895000+00:00,9468,1229
149.4,4.0,77,2024-03-01T16:13:59.387000+00:00,9468,1229
165.3,4.0,20,2024-03-01T16:14:02.834000+00:00,9468,1229
202.4,4.0,23,2024-03-01T16:14:05.476000+00:00,9468,1229
183.8,4.0,2,2024-03-01T16:14:09.603000+00:00,9468,1229
183.4,4.0,22,2024-03-01T16:14:15.269000+00:00,9468,1229
212.4,4.0,3,2024-03-01T16:14:19.407000+00:00,9468,1229
174.3,4.0,18,2024-03-01T16:14:36.849000+00:00,9468,1229
136.5,4.0,44,2024-03-01T16:15:00.111000+00:00,9468,1229
154.7,4.0,63,2024-03-01T16:15:14.394000+00:00,9468,1229
181.1,4.0,14,2024-03-01T16:15:23.315000+00:00,9468,1229
130.7,7.0,31,2024-03-01T16:15:32.032000+00:00,9468,1229
149.6,7.0,16,2024-03-01T16:15:38.681000+00:00,9468,1229
200.0,4.0,1,2024-03-01T16:15:53.824000+00:00,9468,1229
240.0,4.0,4,2024-03-01T16:15:55.752000+00:00,9468,1229
189.7,4.0,11,2024-03-01T16:16:08.059000+00:00,9468,1229
148.8,7.0,10,2024-03-01T16:16:08.988000+00:00,9468,1229
442.6,7.0,27,2024-03-01T16:26:44.430000+00:00,9468,1229
419.6,7.0,20,2024-03-01T16:26:46.189000+00:00,9468,1229
448.0,7.0,81,2024-03-01T16:26:48.343000+00:00,9468,1229
542.2,5.0,4,2024-03-01T16:26:56.932000+00:00,9468,1229
405.9,7.0,18,2024-03-01T16:27:08.608000+00:00,9468,1229
426.1,7.0,3,2024-03-01T16:27:14.903000+00:00,9468,1229
436.5,7.0,22,2024-03-01T16:27:18.675000+00:00,9468,1229
474.9,6.0,14,2024-03-01T16:27:24.135000+00:00,9468,1229
457.7,7.0,23,2024-03-01T16:27:29.546000+00:00,9468,1229
853.2,7.0,55,2024-03-01T16:27:42.744000+00:00,9468,1229
604.4,8.0,16,2024-03-01T16:27:49.089000+00:00,9468,1229
441.3,7.0,1,2024-03-01T16:28:18.305000+00:00,9468,1229
429.1,7.0,11,2024-03-01T16:28:27.915000+00:00,9468,1229
548.2,6.0,63,2024-03-01T16:28:45.798000+00:00,9468,1229
497.8,7.0,44,2024-03-01T16:28:50.963000+00:00,9468,1229
210.6,10.0,27,2024-03-01T16:35:27.915000+00:00,9468,1229
209.6,10.0,20,2024-03-01T16:35:29.754000+00:00,9468,1229
200.9,10.0,81,2024-03-01T16:35:32.874000+00:00,9468,1229
154.7,10.0,23,2024-03-01T16:35:35.397000+00:00,9468,1229
199.8,10.0,18,2024-03-01T16:35:45.651000+00:00,9468,1229
196.3,10.0,3,2024-03-01T16:35:52.041000+00:00,9468,1229
197.3,10.0,22,2024-03-01T16:35:58.380000+00:00,9468,1229
182.8,9.0,14,2024-03-01T16:36:08.750000+00:00,9468,1229
185.0,10.0,55,2024-03-01T16:36:13.801000+00:00,9468,1229
189.9,11.0,16,2024-03-01T16:36:28.710000+00:00,9468,1229
184.1,10.0,1,2024-03-01T16:36:44.516000+00:00,9468,1229
204.8,10.0,11,2024-03-01T16:37:09.347000+00:00,9468,1229
306.6,8.0,4,2024-03-01T16:37:26.929000+00:00,9468,1229
227.3,9.0,63,2024-03-01T16:37:37.919000+00:00,9468,1229
226.2,10.0,44,2024-03-01T16:37:42.904000+00:00,9468,1229
447.2,13.0,27,2024-03-01T16:48:05.294000+00:00,9468,1229
416.8,10.0,4,2024-03-01T16:48:15.970000+00:00,9468,1229
438.7,13.0,81,2024-03-01T16:48:19.712000+00:00,9468,1229
334.1,12.0,63,2024-03-01T16:48:33.170000+00:00,9468,1229
493.3,12.0,1,2024-03-01T16:48:42.481000+00:00,9468,1229
348.7,13.0,44,2024-03-01T16:48:49.226000+00:00,9468,1229
461.7,12.0,11,2024-03-01T16:48:59.998000+00:00,9468,1229
458.3,13.0,55,2024-03-01T16:49:09.053000+00:00,9468,1229
430.6,14.0,16,2024-03-01T16:49:19.625000+00:00,9468,1229
700.8,12.0,14,2024-03-01T16:53:37.554000+00:00,9468,1229
149.1,16.0,81,2024-03-01T16:55:56.339000+00:00,9468,1229
164.1,13.0,4,2024-03-01T16:56:00.974000+00:00,9468,1229
178.6,16.0,27,2024-03-01T16:56:06.598000+00:00,9468,1229
186.7,15.0,63,2024-03-01T16:56:58.729000+00:00,9468,1229
190.1,16.0,44,2024-03-01T16:57:06.631000+00:00,9468,1229
208.1,15.0,1,2024-03-01T16:57:18.095000+00:00,9468,1229
175.6,17.0,16,2024-03-01T16:57:29.033000+00:00,9468,1229
189.0,16.0,55,2024-03-01T16:57:36.232000+00:00,9468,1229
224.8,15.0,11,2024-03-01T16:57:48.452000+00:00,9468,1229
36.6,1.0,27,2024-03-02T15:06:11.115000+00:00,9472,1229
25.2,9.0,24,2024-03-02T15:19:05.235000+00:00,9472,1229
24.4,9.0,18,2024-03-02T15:19:07.623000+00:00,9472,1229
24.8,10.0,31,2024-03-02T15:20:46.058000+00:00,9472,1229
35.7,10.0,2,2024-03-02T15:21:55.789000+00:00,9472,1229
24.7,11.0,63,2024-03-02T15:22:03.605000+00:00,9472,1229
24.0,11.0,16,2024-03-02T15:22:06.457000+00:00,9472,1229
25.9,11.0,20,2024-03-02T15:22:22.107000+00:00,9472,1229
24.5,12.0,11,2024-03-02T15:23:41.972000+00:00,9472,1229
25.4,12.0,81,2024-03-02T15:23:50.520000+00:00,9472,1229
25.0,12.0,44,2024-03-02T15:23:52.389000+00:00,9472,1229
29.9,12.0,10,2024-03-02T15:24:09.090000+00:00,9472,1229
26.4,12.0,77,2024-03-02T15:24:09.531000+00:00,9472,1229
24.2,13.0,4,2024-03-02T15:25:25.101000+00:00,9472,1229
24.9,13.0,3,2024-03-02T15:25:42.894000+00:00,9472,1229
24.4,14.0,55,2024-03-02T15:26:57.817000+00:00,9472,1229
24.7,14.0,22,2024-03-02T15:27:13.176000+00:00,9472,1229
24.7,15.0,14,2024-03-02T15:28:49.395000+00:00,9472,1229
24.6,15.0,23,2024-03-02T15:28:54.348000+00:00,9472,1229
25.0,17.0,1,2024-03-02T15:31:37.825000+00:00,9472,1229
24.7,20.0,27,2024-03-02T15:37:33.888000+00:00,9472,1229
24.5,27.0,18,2024-03-02T15:48:50.340000+00:00,9472,1229
25.0,28.0,24,2024-03-02T15:50:25.427000+00:00,9472,1229
25.0,28.0,2,2024-03-02T15:51:59.543000+00:00,9472,1229
25.1,30.0,31,2024-03-02T15:53:55.836000+00:00,9472,1229
24.8,31.0,63,2024-03-02T15:54:47.117000+00:00,9472,1229
74.7,30.0,77,2024-03-02T15:54:47.631000+00:00,9472,1229
26.4,31.0,10,2024-03-02T15:55:37.993000+00:00,9472,1229
24.4,32.0,20,2024-03-02T15:57:02.477000+00:00,9472,1229
24.7,33.0,4,2024-03-02T15:58:04.902000+00:00,9472,1229
24.0,33.0,44,2024-03-02T15:58:10.632000+00:00,9472,1229
24.1,34.0,16,2024-03-02T15:59:38.514000+00:00,9472,1229
24.8,34.0,81,2024-03-02T15:59:45.850000+00:00,9472,1229
24.3,34.0,22,2024-03-02T16:00:12.070000+00:00,9472,1229
23.8,35.0,55,2024-03-02T16:01:02.991000+00:00,9472,1229
24.8,35.0,3,2024-03-02T16:01:59.612000+00:00,9472,1229
24.5,36.0,11,2024-03-02T16:02:37.212000+00:00,9472,1229
24.6,36.0,23,2024-03-02T16:03:35.177000+00:00,9472,1229
24.2,37.0,1,2024-03-02T16:03:54.529000+00:00,9472,1229
25.1,41.0,14,2024-03-02T16:11:23.921000+00:00,9472,1229
25.3,40.0,2,2024-03-02T16:11:47.875000+00:00,9472,1229
24.3,41.0,27,2024-03-02T16:11:54.741000+00:00,9472,1229
25.2,43.0,10,2024-03-02T16:15:21.252000+00:00,9472,1229
,1.0,77,2024-03-07T13:30:03.517000+00:00,9473,1230
,1.0,44,2024-03-07T13:30:09.013000+00:00,9473,1230
,1.0,24,2024-03-07T13:30:13.788000+00:00,9473,1230
,1.0,31,2024-03-07T13:30:33.150000+00:00,9473,1230
,1.0,55,2024-03-07T13:30:34.221000+00:00,9473,1230
,1.0,10,2024-03-07T13:30:43.109000+00:00,9473,1230
,1.0,81,2024-03-07T13:30:44.398000+00:00,9473,1230
,1.0,27,2024-03-07T13:30:51.383000+00:00,9473,1230
,1.0,23,2024-03-07T13:30:56.384000+00:00,9473,1230
,1.0,16,2024-03-07T13:31:08.914000+00:00,9473,1230
,1.0,4,2024-03-07T13:31:11.548000+00:00,9473,1230
,1.0,14,2024-03-07T13:31:13.311000+00:00,9473,1230
,1.0,22,2024-03-07T13:31:18.319000+00:00,9473,1230
,1.0,11,2024-03-07T13:31:28.334000+00:00,9473,1230
,1.0,18,2024-03-07T13:31:36.761000+00:00,9473,1230
,1.0,63,2024-03-07T13:31:47.344000+00:00,9473,1230
,1.0,1,2024-03-07T13:33:34.311000+00:00,9473,1230
,1.0,3,2024-03-07T13:33:44.555000+00:00,9473,1230
,1.0,20,2024-03-07T13:33:49.785000+00:00,9473,1230
,1.0,2,2024-03-07T13:34:59.332000+00:00,9473,1230
26.3,4.0,31,2024-03-07T13:36:41.735000+00:00,9473,1230
34.6,7.0,44,2024-03-07T13:42:57.973000+00:00,9473,1230
25.8,7.0,11,2024-03-07T13:43:01.871000+00:00,9473,1230
38.4,9.0,16,2024-03-07T13:47:23.061000+00:00,9473,1230
51.1,10.0,55,2024-03-07T13:47:41.511000+00:00,9473,1230
651.7,8.0,77,2024-03-07T13:52:50.784000+00:00,9473,1230
461.1,9.0,14,2024-03-07T13:52:57.055000+00:00,9473,1230
579.1,8.0,4,2024-03-07T13:54:17.155000+00:00,9473,1230
488.1,10.0,23,2024-03-07T13:55:29.303000+00:00,9473,1230
961.7,6.0,27,2024-03-07T13:56:10.359000+00:00,9473,1230
346.3,10.0,2,2024-03-07T13:56:55.279000+00:00,9473,1230
568.3,11.0,24,2024-03-07T13:58:24.362000+00:00,9473,1230
560.1,11.0,31,2024-03-07T13:59:11.199000+00:00,9473,1230
831.9,9.0,10,2024-03-07T13:59:33.389000+00:00,9473,1230
925.7,7.0,20,2024-03-07T14:00:28.821000+00:00,9473,1230
704.1,9.0,1,2024-03-07T14:00:35.632000+00:00,9473,1230
669.0,11.0,55,2024-03-07T14:00:42.858000+00:00,9473,1230
1047.1,8.0,81,2024-03-07T14:00:46.548000+00:00,9473,1230
672.7,11.0,63,2024-03-07T14:01:14.465000+00:00,9473,1230
29.3,9.0,27,2024-03-07T14:02:15.778000+00:00,9473,1230
19.4,13.0,77,2024-03-07T14:02:24.491000+00:00,9473,1230
890.5,10.0,44,2024-03-07T14:03:08.803000+00:00,9473,1230
722.1,11.0,16,2024-03-07T14:03:13.554000+00:00,9473,1230
1387.9,6.0,18,2024-03-07T14:03:28.913000+00:00,9473,1230
805.6,12.0,11,2024-03-07T14:05:38.400000+00:00,9473,1230
16.4,14.0,55,2024-03-07T14:07:01.356000+00:00,9473,1230
764.8,13.0,3,2024-03-07T14:07:48.447000+00:00,9473,1230
850.5,13.0,22,2024-03-07T14:08:19.585000+00:00,9473,1230
17.3,16.0,24,2024-03-07T14:08:38.766000+00:00,9473,1230
23.5,13.0,44,2024-03-07T14:09:54.593000+00:00,9473,1230
190.4,14.0,63,2024-03-07T14:10:18.827000+00:00,9473,1230
25.6,15.0,11,2024-03-07T14:12:05.426000+00:00,9473,1230
402.2,15.0,4,2024-03-07T14:14:30.081000+00:00,9473,1230
559.0,17.0,14,2024-03-07T14:16:10.183000+00:00,9473,1230
336.0,18.0,2,2024-03-07T14:17:48.879000+00:00,9473,1230
368.5,15.0,1,2024-03-07T14:18:09.534000+00:00,9473,1230
438.9,14.0,81,2024-03-07T14:18:46.165000+00:00,9473,1230
458.3,18.0,23,2024-03-07T14:18:52.612000+00:00,9473,1230
325.5,17.0,10,2024-03-07T14:20:05.643000+00:00,9473,1230
366.5,19.0,31,2024-03-07T14:20:09.198000+00:00,9473,1230
200.1,18.0,3,2024-03-07T14:20:20.426000+00:00,9473,1230
780.6,12.0,27,2024-03-07T14:20:28.096000+00:00,9473,1230
354.2,19.0,77,2024-03-07T14:20:38.495000+00:00,9473,1230
393.9,17.0,63,2024-03-07T14:22:06.765000+00:00,9473,1230
700.9,12.0,20,2024-03-07T14:22:25.064000+00:00,9473,1230
443.9,18.0,55,2024-03-07T14:22:31.324000+00:00,9473,1230
351.0,18.0,16,2024-03-07T14:22:53.439000+00:00,9473,1230
490.8,16.0,44,2024-03-07T14:23:35.466000+00:00,9473,1230
586.4,19.0,24,2024-03-07T14:24:16.259000+00:00,9473,1230
505.0,13.0,18,2024-03-07T14:24:37.347000+00:00,9473,1230
455.9,18.0,11,2024-03-07T14:24:57.192000+00:00,9473,1230
20.6,23.0,4,2024-03-07T14:27:46.347000+00:00,9473,1230
21.0,22.0,3,2024-03-07T14:28:04.804000+00:00,9473,1230
20.3,20.0,81,2024-03-07T14:28:55.183000+00:00,9473,1230
,1.0,81,2024-03-07T17:10:04.921000+00:00,9474,1230
,1.0,24,2024-03-07T17:10:09.054000+00:00,9474,1230
,1.0,23,2024-03-07T17:10:19.239000+00:00,9474,1230
,1.0,10,2024-03-07T17:10:21.905000+00:00,9474,1230
,1.0,77,2024-03-07T17:10:23.855000+00:00,9474,1230
,1.0,31,2024-03-07T17:10:27.379000+00:00,9474,1230
,1.0,4,2024-03-07T17:10:27.516000+00:00,9474,1230
,1.0,1,2024-03-07T17:10:28.293000+00:00,9474,1230
,1.0,20,2024-03-07T17:10:31.081000+00:00,9474,1230
,1.0,27,2024-03-07T17:10:34.542000+00:00,9474,1230
,1.0,18,2024-03-07T17:10:38.510000+00:00,9474,1230
,1.0,11,2024-03-07T17:10:41.305000+00:00,9474,1230
,1.0,44,2024-03-07T17:10:47.662000+00:00,9474,1230
,1.0,22,2024-03-07T17:10:53.075000+00:00,9474,1230
,1.0,14,2024-03-07T17:10:56.134000+00:00,9474,1230
,1.0,2,2024-03-07T17:11:00.535000+00:00,9474,1230
,1.0,16,2024-03-07T17:11:20.879000+00:00,9474,1230
,1.0,55,2024-03-07T17:11:23.058000+00:00,9474,1230
,1.0,3,2024-03-07T17:11:40.322000+00:00,9474,1230
,1.0,63,2024-03-07T17:12:08.861000+00:00,9474,1230
28.2,3.0,63,2024-03-07T17:16:10.501000+00:00,9474,1230
22.0,4.0,1,2024-03-07T17:16:38.076000+00:00,9474,1230
25.3,4.0,11,2024-03-07T17:17:18.608000+00:00,9474,1230
513.8,5.0,81,2024-03-07T17:26:07.810000+00:00,9474,1230
560.9,7.0,77,2024-03-07T17:30:55.250000+00:00,9474,1230
441.3,8.0,24,2024-03-07T17:31:15.786000+00:00,9474,1230
458.4,8.0,2,2024-03-07T17:32:04.137000+00:00,9474,1230
481.4,8.0,14,2024-03-07T17:32:09.296000+00:00,9474,1230
397.6,8.0,55,2024-03-07T17:32:14.168000+00:00,9474,1230
699.1,6.0,4,2024-03-07T17:32:16.744000+00:00,9474,1230
381.5,9.0,1,2024-03-07T17:32:18.995000+00:00,9474,1230
565.0,8.0,23,2024-03-07T17:32:22.338000+00:00,9474,1230
731.2,6.0,20,2024-03-07T17:32:24.429000+00:00,9474,1230
440.4,8.0,16,2024-03-07T17:32:30.523000+00:00,9474,1230
458.4,9.0,27,2024-03-07T17:32:53.313000+00:00,9474,1230
361.2,9.0,22,2024-03-07T17:33:08.626000+00:00,9474,1230
521.3,9.0,10,2024-03-07T17:33:25.245000+00:00,9474,1230
586.4,8.0,18,2024-03-07T17:33:29.083000+00:00,9474,1230
589.0,8.0,31,2024-03-07T17:33:49.745000+00:00,9474,1230
682.5,7.0,11,2024-03-07T17:34:00.411000+00:00,9474,1230
463.0,9.0,63,2024-03-07T17:35:15.158000+00:00,9474,1230
227.9,11.0,3,2024-03-07T17:35:19.868000+00:00,9474,1230
173.4,9.0,81,2024-03-07T17:35:41.390000+00:00,9474,1230
640.5,9.0,44,2024-03-07T17:38:28.057000+00:00,9474,1230
28.0,11.0,16,2024-03-07T17:39:24.100000+00:00,9474,1230
24.8,12.0,55,2024-03-07T17:40:37.727000+00:00,9474,1230
362.7,9.0,4,2024-03-07T17:43:49.364000+00:00,9474,1230
417.3,10.0,11,2024-03-07T17:46:04.146000+00:00,9474,1230
329.7,13.0,23,2024-03-07T17:47:44.453000+00:00,9474,1230
587.3,12.0,27,2024-03-07T17:49:06.396000+00:00,9474,1230
360.5,14.0,22,2024-03-07T17:49:14.948000+00:00,9474,1230
385.5,14.0,14,2024-03-07T17:49:33.826000+00:00,9474,1230
24.6,14.0,23,2024-03-07T17:50:06.161000+00:00,9474,1230
406.8,14.0,2,2024-03-07T17:50:21.466000+00:00,9474,1230
494.9,11.0,20,2024-03-07T17:50:53.048000+00:00,9474,1230
358.9,14.0,18,2024-03-07T17:51:02.259000+00:00,9474,1230
389.3,14.0,77,2024-03-07T17:51:31.257000+00:00,9474,1230
527.3,15.0,1,2024-03-07T17:52:36.684000+00:00,9474,1230
27.4,15.0,2,2024-03-07T17:52:42.363000+00:00,9474,1230
365.7,17.0,3,2024-03-07T17:52:58.944000+00:00,9474,1230
542.4,15.0,24,2024-03-07T17:53:18.008000+00:00,9474,1230
597.5,13.0,16,2024-03-07T17:53:23.238000+00:00,9474,1230
337.5,16.0,81,2024-03-07T17:53:45.817000+00:00,9474,1230
328.1,17.0,10,2024-03-07T17:53:46.080000+00:00,9474,1230
32.4,15.0,77,2024-03-07T17:53:53.863000+00:00,9474,1230
342.6,16.0,31,2024-03-07T17:54:20.355000+00:00,9474,1230
440.8,14.0,44,2024-03-07T17:55:13.862000+00:00,9474,1230
413.7,17.0,55,2024-03-07T17:57:47.575000+00:00,9474,1230
290.6,14.0,4,2024-03-07T17:57:54.668000+00:00,9474,1230
570.4,16.0,63,2024-03-07T17:58:15.804000+00:00,9474,1230
20.7,16.0,4,2024-03-07T18:01:41.352000+00:00,9474,1230
21.9,19.0,63,2024-03-07T18:03:47.887000+00:00,9474,1230
21.0,23.0,27,2024-03-07T18:07:11.880000+00:00,9474,1230
21.2,25.0,81,2024-03-07T18:08:38.712000+00:00,9474,1230
230.1,20.0,44,2024-03-07T18:09:07.227000+00:00,9474,1230
20.6,25.0,18,2024-03-07T18:09:17.336000+00:00,9474,1230
20.7,23.0,16,2024-03-07T18:09:53.205000+00:00,9474,1230
,1.0,77,2024-03-08T13:30:09.004000+00:00,9475,1230
,1.0,38,2024-03-08T13:31:08.251000+00:00,9475,1230
,1.0,44,2024-03-08T13:34:08.222000+00:00,9475,1230
,1.0,18,2024-03-08T13:34:15.194000+00:00,9475,1230
,1.0,14,2024-03-08T13:34:29.133000+00:00,9475,1230
22.4,2.0,18,2024-03-08T13:36:21.930000+00:00,9475,1230
25.0,2.0,14,2024-03-08T13:36:51.990000+00:00,9475,1230
,1.0,24,2024-03-08T13:38:57.567000+00:00,9475,1230
,1.0,63,2024-03-08T13:39:48.227000+00:00,9475,1230
,1.0,4,2024-03-08T13:40:14.801000+00:00,9475,1230
26.5,4.0,44,2024-03-08T13:40:39.434000+00:00,9475,1230
,1.0,22,2024-03-08T13:41:57.644000+00:00,9475,1230
,1.0,3,2024-03-08T13:43:14.182000+00:00,9475,1230
,1.0,16,2024-03-08T13:45:36.182000+00:00,9475,1230
28.7,7.0,44,2024-03-08T13:46:33.166000+00:00,9475,1230
,1.0,11,2024-03-08T13:47:56.984000+00:00,9475,1230
,1.0,2,2024-03-08T13:48:02.482000+00:00,9475,1230
338.8,8.0,77,2024-03-08T13:48:25.738000+00:00,9475,1230
,1.0,10,2024-03-08T13:48:33.228000+00:00,9475,1230
,1.0,31,2024-03-08T13:48:47.609000+00:00,9475,1230
,1.0,23,2024-03-08T13:49:08.284000+00:00,9475,1230
,1.0,81,2024-03-08T13:49:41.214000+00:00,9475,1230
,1.0,27,2024-03-08T13:49:45.127000+00:00,9475,1230
,1.0,1,2024-03-08T13:50:48.104000+00:00,9475,1230
440.0,8.0,38,2024-03-08T13:51:03.685000+00:00,9475,1230
18.5,4.0,16,2024-03-08T13:51:36.655000+00:00,9475,1230
,1.0,20,2024-03-08T13:52:34.556000+00:00,9475,1230
642.8,2.0,4,2024-03-08T13:53:04.859000+00:00,9475,1230
17.1,9.0,38,2024-03-08T13:53:21.625000+00:00,9475,1230
30.0,7.0,3,2024-03-08T13:54:44.521000+00:00,9475,1230
1006.7,3.0,18,2024-03-08T13:55:04.191000+00:00,9475,1230
208.1,2.0,81,2024-03-08T13:55:12.139000+00:00,9475,1230
16.9,10.0,24,2024-03-08T13:56:16.594000+00:00,9475,1230
1092.9,3.0,14,2024-03-08T13:57:03.172000+00:00,9475,1230
28.7,6.0,31,2024-03-08T13:58:40.814000+00:00,9475,1230
17.3,6.0,27,2024-03-08T13:59:10.431000+00:00,9475,1230
18.4,10.0,22,2024-03-08T13:59:47.998000+00:00,9475,1230
20.1,10.0,3,2024-03-08T14:00:16.335000+00:00,9475,1230
792.4,7.0,63,2024-03-08T14:04:01.762000+00:00,9475,1230
398.0,6.0,10,2024-03-08T14:04:14.221000+00:00,9475,1230
16.5,7.0,20,2024-03-08T14:04:28.860000+00:00,9475,1230
449.4,7.0,16,2024-03-08T14:05:00.442000+00:00,9475,1230
218.5,11.0,22,2024-03-08T14:05:24.139000+00:00,9475,1230
491.0,7.0,23,2024-03-08T14:08:34.964000+00:00,9475,1230
640.1,15.0,77,2024-03-08T14:10:31.172000+00:00,9475,1230
735.9,11.0,24,2024-03-08T14:10:36.160000+00:00,9475,1230
1113.7,8.0,20,2024-03-08T14:25:03.067000+00:00,9475,1230
952.6,9.0,10,2024-03-08T14:25:07.186000+00:00,9475,1230
1517.4,17.0,77,2024-03-08T14:25:08.453000+00:00,9475,1230
1455.1,7.0,27,2024-03-08T14:25:11.262000+00:00,9475,1230
2073.6,13.0,63,2024-03-08T14:25:22.301000+00:00,9475,1230
1383.3,11.0,3,2024-03-08T14:25:26.823000+00:00,9475,1230
1293.5,9.0,31,2024-03-08T14:25:31.633000+00:00,9475,1230
962.7,10.0,14,2024-03-08T14:25:34.549000+00:00,9475,1230
1689.5,12.0,16,2024-03-08T14:25:40.585000+00:00,9475,1230
907.6,14.0,22,2024-03-08T14:25:43.672000+00:00,9475,1230
1082.1,10.0,18,2024-03-08T14:25:52.930000+00:00,9475,1230
1607.7,15.0,44,2024-03-08T14:26:00.485000+00:00,9475,1230
1096.0,18.0,38,2024-03-08T14:26:09.175000+00:00,9475,1230
1235.7,8.0,81,2024-03-08T14:26:15.392000+00:00,9475,1230
1312.7,8.0,4,2024-03-08T14:26:46.860000+00:00,9475,1230
1233.5,10.0,11,2024-03-08T14:27:01.738000+00:00,9475,1230
1628.2,10.0,23,2024-03-08T14:27:32.817000+00:00,9475,1230
1182.1,10.0,1,2024-03-08T14:27:34.152000+00:00,9475,1230
,1.0,20,2024-03-08T17:00:03.303000+00:00,9476,1230
,1.0,2,2024-03-08T17:00:08.654000+00:00,9476,1230
,1.0,27,2024-03-08T17:00:14.295000+00:00,9476,1230
,1.0,77,2024-03-08T17:00:16.199000+00:00,9476,1230
,1.0,31,2024-03-08T17:00:21.885000+00:00,9476,1230
,1.0,10,2024-03-08T17:00:35.135000+00:00,9476,1230
,1.0,81,2024-03-08T17:00:40.724000+00:00,9476,1230
,1.0,23,2024-03-08T17:00:45.997000+00:00,9476,1230
,1.0,4,2024-03-08T17:00:59.643000+00:00,9476,1230
,1.0,14,2024-03-08T17:01:05.489000+00:00,9476,1230
,1.0,18,2024-03-08T17:01:13.552000+00:00,9476,1230
,1.0,38,2024-03-08T17:01:17.813000+00:00,9476,1230
,1.0,44,2024-03-08T17:01:26.524000+00:00,9476,1230
,1.0,63,2024-03-08T17:01:54.732000+00:00,9476,1230
,1.0,16,2024-03-08T17:02:42.198000+00:00,9476,1230
,1.0,11,2024-03-08T17:05:37.242000+00:00,9476,1230
,1.0,1,2024-03-08T17:06:17.060000+00:00,9476,1230
,1.0,3,2024-03-08T17:06:33.135000+00:00,9476,1230
,1.0,22,2024-03-08T17:06:55.987000+00:00,9476,1230
126.9,4.0,44,2024-03-08T17:08:53.157000+00:00,9476,1230
144.4,4.0,63,2024-03-08T17:09:17.580000+00:00,9476,1230
189.8,6.0,20,2024-03-08T17:11:48.255000+00:00,9476,1230
182.9,6.0,27,2024-03-08T17:11:51.934000+00:00,9476,1230
165.0,6.0,77,2024-03-08T17:11:55.817000+00:00,9476,1230
144.6,6.0,4,2024-03-08T17:12:05.867000+00:00,9476,1230
174.4,6.0,81,2024-03-08T17:12:09.537000+00:00,9476,1230
149.7,7.0,10,2024-03-08T17:13:07.535000+00:00,9476,1230
143.9,7.0,31,2024-03-08T17:13:10.600000+00:00,9476,1230
227.2,6.0,23,2024-03-08T17:13:15.616000+00:00,9476,1230
127.4,7.0,2,2024-03-08T17:13:23.387000+00:00,9476,1230
175.6,4.0,11,2024-03-08T17:14:02.129000+00:00,9476,1230
164.8,4.0,1,2024-03-08T17:14:13.372000+00:00,9476,1230
161.6,4.0,3,2024-03-08T17:14:21.603000+00:00,9476,1230
144.8,4.0,22,2024-03-08T17:14:32.157000+00:00,9476,1230
277.7,6.0,18,2024-03-08T17:14:44.864000+00:00,9476,1230
72.8,8.0,38,2024-03-08T17:14:49.287000+00:00,9476,1230
201.3,7.0,14,2024-03-08T17:14:57.582000+00:00,9476,1230
,1.0,24,2024-03-08T17:16:13.626000+00:00,9476,1230
480.7,9.0,20,2024-03-08T17:25:02.819000+00:00,9476,1230
483.1,9.0,27,2024-03-08T17:25:06.959000+00:00,9476,1230
335.2,10.0,44,2024-03-08T17:25:12.978000+00:00,9476,1230
414.7,9.0,63,2024-03-08T17:25:23.168000+00:00,9476,1230
471.5,9.0,81,2024-03-08T17:25:28.141000+00:00,9476,1230
475.3,9.0,4,2024-03-08T17:25:39.346000+00:00,9476,1230
525.7,9.0,16,2024-03-08T17:25:44.681000+00:00,9476,1230
418.7,10.0,38,2024-03-08T17:25:48.896000+00:00,9476,1230
451.1,9.0,23,2024-03-08T17:26:26.125000+00:00,9476,1230
517.3,7.0,11,2024-03-08T17:27:56.697000+00:00,9476,1230
913.3,12.0,38,2024-03-08T17:34:03.803000+00:00,9476,1230
870.5,13.0,44,2024-03-08T17:34:08.275000+00:00,9476,1230
946.2,12.0,63,2024-03-08T17:34:14.757000+00:00,9476,1230
882.5,7.0,3,2024-03-08T17:34:18.060000+00:00,9476,1230
902.9,8.0,11,2024-03-08T17:34:22.273000+00:00,9476,1230
905.0,7.0,1,2024-03-08T17:34:26.008000+00:00,9476,1230
933.6,9.0,14,2024-03-08T17:34:26.807000+00:00,9476,1230
858.8,9.0,18,2024-03-08T17:34:28.078000+00:00,9476,1230
1045.9,12.0,20,2024-03-08T17:34:28.078000+00:00,9476,1230
882.2,7.0,22,2024-03-08T17:34:29.697000+00:00,9476,1230
1062.1,11.0,16,2024-03-08T17:34:41.378000+00:00,9476,1230
968.8,11.0,23,2024-03-08T17:35:03.654000+00:00,9476,1230
1222.3,12.0,81,2024-03-08T17:37:59.647000+00:00,9476,1230
1251.2,12.0,4,2024-03-08T17:38:35.118000+00:00,9476,1230
79.0,14.0,38,2024-03-08T17:38:52.283000+00:00,9476,1230
33.8,14.0,23,2024-03-08T17:41:05.837000+00:00,9476,1230
77.3,15.0,20,2024-03-08T17:41:19.136000+00:00,9476,1230
133.6,16.0,44,2024-03-08T17:41:21.256000+00:00,9476,1230
118.5,15.0,63,2024-03-08T17:41:28.608000+00:00,9476,1230
119.5,11.0,11,2024-03-08T17:41:37.950000+00:00,9476,1230
125.8,10.0,3,2024-03-08T17:41:41.112000+00:00,9476,1230
92.9,10.0,22,2024-03-08T17:41:44.152000+00:00,9476,1230
126.6,10.0,1,2024-03-08T17:41:52.892000+00:00,9476,1230
96.6,14.0,16,2024-03-08T17:41:58.987000+00:00,9476,1230
121.9,12.0,18,2024-03-08T17:42:06.765000+00:00,9476,1230
323.4,17.0,16,2024-03-08T17:53:02.661000+00:00,9476,1230
398.7,19.0,44,2024-03-08T17:53:06.870000+00:00,9476,1230
383.6,18.0,63,2024-03-08T17:53:15.108000+00:00,9476,1230
425.3,17.0,81,2024-03-08T17:53:21.368000+00:00,9476,1230
384.8,17.0,4,2024-03-08T17:53:33.813000+00:00,9476,1230
377.4,13.0,22,2024-03-08T17:53:47.937000+00:00,9476,1230
407.0,14.0,11,2024-03-08T17:53:51.081000+00:00,9476,1230
847.7,12.0,14,2024-03-08T17:54:04.074000+00:00,9476,1230
396.4,13.0,1,2024-03-08T17:54:11.413000+00:00,9476,1230
492.3,14.0,18,2024-03-08T17:54:15.175000+00:00,9476,1230
177.2,22.0,44,2024-03-08T18:01:05.859000+00:00,9476,1230
167.6,21.0,63,2024-03-08T18:01:12.203000+00:00,9476,1230
164.6,20.0,4,2024-03-08T18:01:17.073000+00:00,9476,1230
175.5,20.0,81,2024-03-08T18:01:22.447000+00:00,9476,1230
135.7,16.0,1,2024-03-08T18:01:26.438000+00:00,9476,1230
164.8,16.0,22,2024-03-08T18:01:29.940000+00:00,9476,1230
153.6,17.0,11,2024-03-08T18:01:33.656000+00:00,9476,1230
106.8,21.0,16,2024-03-08T18:01:46.246000+00:00,9476,1230
195.7,15.0,14,2024-03-08T18:02:25.905000+00:00,9476,1230
169.2,17.0,18,2024-03-08T18:02:28.605000+00:00,9476,1230
20.6,7.0,1,2024-03-09T17:15:47.097000+00:00,9480,1230
22.1,7.0,11,2024-03-09T17:15:52.880000+00:00,9480,1230
23.4,7.0,16,2024-03-09T17:15:55.889000+00:00,9480,1230
21.4,7.0,81,2024-03-09T17:15:58.220000+00:00,9480,1230
22.1,7.0,14,2024-03-09T17:15:59.780000+00:00,9480,1230
21.0,7.0,63,2024-03-09T17:16:04.281000+00:00,9480,1230
21.6,7.0,22,2024-03-09T17:16:13.313000+00:00,9480,1230
21.4,7.0,20,2024-03-09T17:16:14.973000+00:00,9480,1230
22.4,7.0,38,2024-03-09T17:16:14.973000+00:00,9480,1230
21.7,7.0,23,2024-03-09T17:16:15.932000+00:00,9480,1230
22.5,7.0,31,2024-03-09T17:16:22.416000+00:00,9480,1230
22.7,7.0,77,2024-03-09T17:16:23.903000+00:00,9480,1230
23.6,7.0,2,2024-03-09T17:16:26.084000+00:00,9480,1230
63.3,7.0,3,2024-03-09T17:17:01.115000+00:00,9480,1230
21.0,33.0,27,2024-03-09T17:59:43.237000+00:00,9480,1230
23.2,35.0,77,2024-03-09T18:03:22.747000+00:00,9480,1230
20.1,36.0,44,2024-03-09T18:03:59.429000+00:00,9480,1230
22.2,37.0,4,2024-03-09T18:05:31.365000+00:00,9480,1230
46.3,41.0,24,2024-03-09T18:12:50.460000+00:00,9480,1230
,1.0,14,2024-03-22T01:30:03.015000+00:00,9481,1231
,1.0,77,2024-03-22T01:30:07.549000+00:00,9481,1231
,1.0,81,2024-03-22T01:30:10.460000+00:00,9481,1231
,1.0,63,2024-03-22T01:30:14.031000+00:00,9481,1231
,1.0,44,2024-03-22T01:30:17.338000+00:00,9481,1231
,1.0,24,2024-03-22T01:30:21.152000+00:00,9481,1231
,1.0,4,2024-03-22T01:30:31.378000+00:00,9481,1231
,1.0,10,2024-03-22T01:30:36.040000+00:00,9481,1231
,1.0,31,2024-03-22T01:31:00.250000+00:00,9481,1231
,1.0,22,2024-03-22T01:31:12.952000+00:00,9481,1231
,1.0,16,2024-03-22T01:31:20.625000+00:00,9481,1231
,1.0,18,2024-03-22T01:31:24.396000+00:00,9481,1231
,1.0,11,2024-03-22T01:31:36.721000+00:00,9481,1231
,1.0,3,2024-03-22T01:32:29.061000+00:00,9481,1231
48.4,2.0,77,2024-03-22T01:32:45.847000+00:00,9481,1231
46.6,2.0,31,2024-03-22T01:33:36.769000+00:00,9481,1231
,1.0,1,2024-03-22T01:33:42.243000+00:00,9481,1231
30.0,3.0,14,2024-03-22T01:33:57.442000+00:00,9481,1231
,1.0,27,2024-03-22T01:35:49.398000+00:00,9481,1231
,1.0,20,2024-03-22T01:35:53.365000+00:00,9481,1231
23.5,4.0,16,2024-03-22T01:36:57.059000+00:00,9481,1231
20.8,4.0,1,2024-03-22T01:39:07.037000+00:00,9481,1231
,1.0,2,2024-03-22T01:39:17.746000+00:00,9481,1231
18.6,8.0,81,2024-03-22T01:41:54.796000+00:00,9481,1231
538.6,3.0,77,2024-03-22T01:43:23.086000+00:00,9481,1231
22.3,8.0,55,2024-03-22T01:44:13.609000+00:00,9481,1231
207.7,7.0,18,2024-03-22T01:44:28.943000+00:00,9481,1231
,1.0,23,2024-03-22T01:44:59.031000+00:00,9481,1231
23.6,10.0,24,2024-03-22T01:45:13.786000+00:00,9481,1231
540.4,5.0,14,2024-03-22T01:46:21.409000+00:00,9481,1231
640.8,7.0,63,2024-03-22T01:49:50.479000+00:00,9481,1231
468.1,8.0,4,2024-03-22T01:49:58.675000+00:00,9481,1231
708.6,7.0,44,2024-03-22T01:51:11.163000+00:00,9481,1231
739.3,7.0,10,2024-03-22T01:52:37.392000+00:00,9481,1231
587.4,8.0,11,2024-03-22T01:53:40.812000+00:00,9481,1231
38.1,11.0,4,2024-03-22T01:55:03.711000+00:00,9481,1231
619.2,8.0,27,2024-03-22T01:57:11.662000+00:00,9481,1231
341.8,12.0,18,2024-03-22T01:58:12.569000+00:00,9481,1231
707.7,9.0,1,2024-03-22T01:58:49.047000+00:00,9481,1231
27.1,11.0,11,2024-03-22T01:58:53.529000+00:00,9481,1231
728.0,8.0,20,2024-03-22T01:59:39.673000+00:00,9481,1231
389.9,14.0,22,2024-03-22T02:00:03.345000+00:00,9481,1231
836.8,11.0,81,2024-03-22T02:00:21.644000+00:00,9481,1231
805.5,11.0,24,2024-03-22T02:00:30.138000+00:00,9481,1231
692.0,11.0,55,2024-03-22T02:00:55.469000+00:00,9481,1231
944.3,9.0,16,2024-03-22T02:01:12.824000+00:00,9481,1231
527.6,13.0,3,2024-03-22T02:01:31.308000+00:00,9481,1231
25.0,11.0,27,2024-03-22T02:02:17.873000+00:00,9481,1231
574.9,10.0,2,2024-03-22T02:03:23.445000+00:00,9481,1231
674.0,14.0,31,2024-03-22T02:03:37.854000+00:00,9481,1231
27.6,15.0,3,2024-03-22T02:05:16.041000+00:00,9481,1231
480.5,12.0,63,2024-03-22T02:05:22.186000+00:00,9481,1231
24.3,14.0,24,2024-03-22T02:05:53.391000+00:00,9481,1231
19.0,14.0,55,2024-03-22T02:06:21.740000+00:00,9481,1231
526.3,12.0,77,2024-03-22T02:06:24.782000+00:00,9481,1231
25.9,16.0,31,2024-03-22T02:07:13.976000+00:00,9481,1231
493.8,10.0,23,2024-03-22T02:07:34.245000+00:00,9481,1231
627.8,12.0,44,2024-03-22T02:09:05.043000+00:00,9481,1231
585.1,14.0,4,2024-03-22T02:09:19.546000+00:00,9481,1231
854.3,18.0,31,2024-03-22T02:21:02.739000+00:00,9481,1231
1345.6,13.0,44,2024-03-22T02:21:03.214000+00:00,9481,1231
723.9,18.0,10,2024-03-22T02:21:04.536000+00:00,9481,1231
978.8,18.0,3,2024-03-22T02:21:06.938000+00:00,9481,1231
677.6,19.0,18,2024-03-22T02:21:07.888000+00:00,9481,1231
1295.2,15.0,4,2024-03-22T02:21:12.488000+00:00,9481,1231
909.1,16.0,55,2024-03-22T02:21:12.541000+00:00,9481,1231
1647.5,15.0,2,2024-03-22T02:21:16.030000+00:00,9481,1231
2093.8,18.0,81,2024-03-22T02:21:18.637000+00:00,9481,1231
751.0,19.0,22,2024-03-22T02:21:19.950000+00:00,9481,1231
867.7,14.0,27,2024-03-22T02:21:37.523000+00:00,9481,1231
711.8,14.0,77,2024-03-22T02:21:40.212000+00:00,9481,1231
705.0,14.0,20,2024-03-22T02:21:43.619000+00:00,9481,1231
1032.4,13.0,1,2024-03-22T02:22:08.026000+00:00,9481,1231
1003.3,17.0,24,2024-03-22T02:22:12.453000+00:00,9481,1231
2206.4,15.0,16,2024-03-22T02:22:15.031000+00:00,9481,1231
1493.6,15.0,63,2024-03-22T02:22:15.172000+00:00,9481,1231
1618.1,11.0,14,2024-03-22T02:22:16.607000+00:00,9481,1231
801.1,17.0,11,2024-03-22T02:22:19.372000+00:00,9481,1231
24.7,18.0,24,2024-03-22T02:24:37.670000+00:00,9481,1231
22.3,15.0,1,2024-03-22T02:25:42.328000+00:00,9481,1231
12.6,16.0,1,2024-03-22T02:27:44.914000+00:00,9481,1231
,1.0,77,2024-03-22T05:00:02.469000+00:00,9482,1231
,1.0,11,2024-03-22T05:00:02.664000+00:00,9482,1231
,1.0,27,2024-03-22T05:00:05.515000+00:00,9482,1231
,1.0,31,2024-03-22T05:00:08.266000+00:00,9482,1231
,1.0,24,2024-03-22T05:00:09.345000+00:00,9482,1231
,1.0,20,2024-03-22T05:00:11.406000+00:00,9482,1231
,1.0,3,2024-03-22T05:00:44.472000+00:00,9482,1231
,1.0,22,2024-03-22T05:01:02.725000+00:00,9482,1231
,1.0,10,2024-03-22T05:01:13.092000+00:00,9482,1231
,1.0,14,2024-03-22T05:01:17.704000+00:00,9482,1231
,1.0,18,2024-03-22T05:01:21.221000+00:00,9482,1231
,1.0,44,2024-03-22T05:01:26.027000+00:00,9482,1231
,1.0,2,2024-03-22T05:02:10.131000+00:00,9482,1231
,1.0,16,2024-03-22T05:03:00.363000+00:00,9482,1231
,1.0,81,2024-03-22T05:03:37.322000+00:00,9482,1231
26.9,4.0,27,2024-03-22T05:05:19.035000+00:00,9482,1231
,1.0,63,2024-03-22T05:05:19.436000+00:00,9482,1231
,1.0,55,2024-03-22T05:05:48.281000+00:00,9482,1231
,1.0,4,2024-03-22T05:06:14.704000+00:00,9482,1231
22.8,6.0,11,2024-03-22T05:08:54.527000+00:00,9482,1231
481.4,6.0,14,2024-03-22T05:17:04.794000+00:00,9482,1231
526.3,6.0,18,2024-03-22T05:18:11.027000+00:00,9482,1231
335.7,9.0,11,2024-03-22T05:19:17.493000+00:00,9482,1231
428.8,9.0,20,2024-03-22T05:20:44.249000+00:00,9482,1231
412.8,10.0,77,2024-03-22T05:20:56.276000+00:00,9482,1231
345.4,10.0,3,2024-03-22T05:21:31.907000+00:00,9482,1231
596.9,6.0,81,2024-03-22T05:21:42.138000+00:00,9482,1231
412.1,10.0,24,2024-03-22T05:21:46.763000+00:00,9482,1231
482.2,8.0,2,2024-03-22T05:21:52.422000+00:00,9482,1231
,1.0,1,2024-03-22T05:22:41.680000+00:00,9482,1231
743.0,7.0,27,2024-03-22T05:22:56.846000+00:00,9482,1231
539.0,10.0,31,2024-03-22T05:23:50.794000+00:00,9482,1231
337.7,12.0,10,2024-03-22T05:24:21.316000+00:00,9482,1231
15.0,13.0,77,2024-03-22T05:25:52.818000+00:00,9482,1231
621.0,8.0,63,2024-03-22T05:26:30.386000+00:00,9482,1231
633.5,10.0,44,2024-03-22T05:26:59.287000+00:00,9482,1231
14.4,13.0,24,2024-03-22T05:27:12.791000+00:00,9482,1231
686.0,7.0,4,2024-03-22T05:27:18.718000+00:00,9482,1231
575.6,10.0,16,2024-03-22T05:27:49.811000+00:00,9482,1231
594.7,8.0,55,2024-03-22T05:27:58.709000+00:00,9482,1231
804.3,10.0,22,2024-03-22T05:30:10.248000+00:00,9482,1231
15.7,13.0,16,2024-03-22T05:33:11.072000+00:00,9482,1231
20.3,11.0,55,2024-03-22T05:33:28.776000+00:00,9482,1231
245.8,10.0,4,2024-03-22T05:36:11.895000+00:00,9482,1231
435.6,11.0,81,2024-03-22T05:36:36.033000+00:00,9482,1231
463.3,15.0,77,2024-03-22T05:37:01.923000+00:00,9482,1231
462.8,14.0,14,2024-03-22T05:37:24.942000+00:00,9482,1231
500.7,13.0,18,2024-03-22T05:37:56.891000+00:00,9482,1231
381.0,16.0,24,2024-03-22T05:38:28.546000+00:00,9482,1231
412.1,16.0,3,2024-03-22T05:38:39.043000+00:00,9482,1231
206.7,9.0,1,2024-03-22T05:38:42.912000+00:00,9482,1231
434.1,14.0,2,2024-03-22T05:38:58.841000+00:00,9482,1231
478.5,16.0,20,2024-03-22T05:40:13.480000+00:00,9482,1231
19.0,17.0,77,2024-03-22T05:40:26.637000+00:00,9482,1231
396.9,18.0,11,2024-03-22T05:40:51.055000+00:00,9482,1231
438.3,14.0,27,2024-03-22T05:41:26.540000+00:00,9482,1231
374.1,19.0,10,2024-03-22T05:41:31.902000+00:00,9482,1231
19.9,18.0,24,2024-03-22T05:42:03.081000+00:00,9482,1231
18.9,12.0,1,2024-03-22T05:43:41.753000+00:00,9482,1231
341.9,19.0,31,2024-03-22T05:43:52.571000+00:00,9482,1231
346.6,16.0,22,2024-03-22T05:46:31.100000+00:00,9482,1231
479.3,14.0,55,2024-03-22T05:46:51.125000+00:00,9482,1231
390.5,13.0,4,2024-03-22T05:47:12.196000+00:00,9482,1231
538.5,16.0,16,2024-03-22T05:47:15.052000+00:00,9482,1231
549.7,17.0,44,2024-03-22T05:47:38.055000+00:00,9482,1231
673.3,15.0,63,2024-03-22T05:49:21.402000+00:00,9482,1231
12.6,21.0,2,2024-03-22T05:49:26.306000+00:00,9482,1231
332.9,15.0,1,2024-03-22T05:53:47.320000+00:00,9482,1231
130.9,26.0,3,2024-03-22T05:55:53.131000+00:00,9482,1231
17.3,25.0,81,2024-03-22T05:56:41.109000+00:00,9482,1231
19.1,26.0,18,2024-03-22T05:57:28.125000+00:00,9482,1231
19.0,30.0,10,2024-03-22T05:57:47.035000+00:00,9482,1231
18.8,30.0,11,2024-03-22T05:58:06.247000+00:00,9482,1231
18.4,26.0,27,2024-03-22T05:58:54.374000+00:00,9482,1231
316.9,21.0,44,2024-03-22T05:59:06.762000+00:00,9482,1231
18.3,29.0,14,2024-03-22T05:59:27.573000+00:00,9482,1231
,1.0,81,2024-03-23T01:31:09.186000+00:00,9483,1231
,1.0,4,2024-03-23T01:31:14.524000+00:00,9483,1231
,1.0,77,2024-03-23T01:31:41.499000+00:00,9483,1231
,1.0,24,2024-03-23T01:32:19.944000+00:00,9483,1231
17.7,2.0,4,2024-03-23T01:33:19.571000+00:00,9483,1231
,1.0,11,2024-03-23T01:33:25.560000+00:00,9483,1231
20.6,2.0,77,2024-03-23T01:33:44.428000+00:00,9483,1231
,1.0,1,2024-03-23T01:33:48.003000+00:00,9483,1231
,1.0,14,2024-03-23T01:34:26.713000+00:00,9483,1231
23.4,2.0,24,2024-03-23T01:34:29.177000+00:00,9483,1231
,1.0,18,2024-03-23T01:34:31.597000+00:00,9483,1231
22.4,2.0,14,2024-03-23T01:36:38.943000+00:00,9483,1231
24.0,2.0,18,2024-03-23T01:36:47.753000+00:00,9483,1231
21.2,3.0,14,2024-03-23T01:38:53.721000+00:00,9483,1231
24.1,3.0,18,2024-03-23T01:39:04.801000+00:00,9483,1231
,1.0,55,2024-03-23T01:40:02.239000+00:00,9483,1231
,1.0,16,2024-03-23T01:41:00.181000+00:00,9483,1231
501.0,2.0,81,2024-03-23T01:41:29.592000+00:00,9483,1231
21.9,6.0,11,2024-03-23T01:42:02.908000+00:00,9483,1231
,1.0,23,2024-03-23T01:42:08.850000+00:00,9483,1231
,1.0,44,2024-03-23T01:45:10.139000+00:00,9483,1231
,1.0,63,2024-03-23T01:46:26.827000+00:00,9483,1231
728.6,3.0,4,2024-03-23T01:47:10.899000+00:00,9483,1231
,1.0,31,2024-03-23T01:49:12.777000+00:00,9483,1231
,1.0,27,2024-03-23T01:49:24.513000+00:00,9483,1231
,1.0,20,2024-03-23T01:49:29.498000+00:00,9483,1231
862.2,3.0,77,2024-03-23T01:49:43.784000+00:00,9483,1231
,1.0,3,2024-03-23T01:49:51.683000+00:00,9483,1231
413.1,3.0,81,2024-03-23T01:50:20.206000+00:00,9483,1231
,1.0,22,2024-03-23T01:50:24.111000+00:00,9483,1231
844.6,3.0,24,2024-03-23T01:50:30.456000+00:00,9483,1231
575.9,4.0,18,2024-03-23T01:50:36.026000+00:00,9483,1231
27.9,4.0,44,2024-03-23T01:50:45.093000+00:00,9483,1231
,1.0,10,2024-03-23T01:50:53.710000+00:00,9483,1231
389.4,9.0,1,2024-03-23T01:52:38.704000+00:00,9483,1231
738.1,4.0,14,2024-03-23T01:53:10.737000+00:00,9483,1231
412.6,9.0,11,2024-03-23T01:53:17.552000+00:00,9483,1231
26.3,4.0,3,2024-03-23T01:55:15.508000+00:00,9483,1231
23.7,9.0,16,2024-03-23T01:55:21.256000+00:00,9483,1231
43.9,7.0,44,2024-03-23T01:56:54.743000+00:00,9483,1231
14.7,8.0,77,2024-03-23T01:58:00.415000+00:00,9483,1231
13.6,8.0,24,2024-03-23T01:59:07.007000+00:00,9483,1231
14.1,7.0,20,2024-03-23T01:59:33.464000+00:00,9483,1231
497.3,8.0,55,2024-03-23T02:00:03.152000+00:00,9483,1231
14.6,8.0,27,2024-03-23T02:00:50.348000+00:00,9483,1231
18.2,11.0,18,2024-03-23T02:01:46.757000+00:00,9483,1231
17.8,11.0,14,2024-03-23T02:04:13.723000+00:00,9483,1231
15.1,10.0,3,2024-03-23T02:04:51.415000+00:00,9483,1231
12.6,10.0,22,2024-03-23T02:06:06.971000+00:00,9483,1231
540.9,11.0,23,2024-03-23T02:06:23.056000+00:00,9483,1231
438.8,9.0,81,2024-03-23T02:06:54.221000+00:00,9483,1231
470.3,12.0,16,2024-03-23T02:07:46.448000+00:00,9483,1231
17.3,11.0,22,2024-03-23T02:07:54.212000+00:00,9483,1231
443.0,11.0,63,2024-03-23T02:10:26.079000+00:00,9483,1231
600.2,10.0,44,2024-03-23T02:11:23.938000+00:00,9483,1231
473.7,12.0,18,2024-03-23T02:11:31.212000+00:00,9483,1231
662.5,12.0,4,2024-03-23T02:11:36.432000+00:00,9483,1231
626.6,8.0,20,2024-03-23T02:12:02.670000+00:00,9483,1231
381.3,12.0,14,2024-03-23T02:12:08.843000+00:00,9483,1231
681.4,9.0,27,2024-03-23T02:13:54.071000+00:00,9483,1231
563.6,12.0,77,2024-03-23T02:13:58.425000+00:00,9483,1231
616.9,11.0,24,2024-03-23T02:14:25.442000+00:00,9483,1231
21.5,14.0,81,2024-03-23T02:14:29.366000+00:00,9483,1231
632.5,19.0,1,2024-03-23T02:17:25.987000+00:00,9483,1231
667.9,11.0,3,2024-03-23T02:17:44.051000+00:00,9483,1231
961.2,9.0,31,2024-03-23T02:18:00.619000+00:00,9483,1231
604.4,12.0,22,2024-03-23T02:19:43.492000+00:00,9483,1231
23.3,14.0,24,2024-03-23T02:19:50.228000+00:00,9483,1231
798.7,11.0,10,2024-03-23T02:20:20.577000+00:00,9483,1231
725.8,14.0,55,2024-03-23T02:20:47.582000+00:00,9483,1231
630.9,21.0,11,2024-03-23T02:20:49.675000+00:00,9483,1231
27.2,15.0,44,2024-03-23T02:20:56.137000+00:00,9483,1231
510.2,15.0,16,2024-03-23T02:21:06.117000+00:00,9483,1231
376.8,18.0,23,2024-03-23T02:24:10.160000+00:00,9483,1231
346.4,17.0,18,2024-03-23T02:24:50.089000+00:00,9483,1231
496.9,15.0,14,2024-03-23T02:24:58.743000+00:00,9483,1231
14.6,17.0,55,2024-03-23T02:25:59.422000+00:00,9483,1231
22.9,24.0,11,2024-03-23T02:26:11.673000+00:00,9483,1231
660.6,15.0,81,2024-03-23T02:27:06.674000+00:00,9483,1231
254.3,19.0,4,2024-03-23T02:27:10.601000+00:00,9483,1231
291.1,15.0,20,2024-03-23T02:27:59.842000+00:00,9483,1231
328.5,18.0,77,2024-03-23T02:28:36.322000+00:00,9483,1231
334.9,15.0,27,2024-03-23T02:28:59.896000+00:00,9483,1231
24.3,21.0,23,2024-03-23T02:29:04.334000+00:00,9483,1231
286.2,17.0,24,2024-03-23T02:29:18.856000+00:00,9483,1231
153.3,21.0,63,2024-03-23T02:29:37.618000+00:00,9483,1231
,1.0,23,2024-03-23T05:00:04.780000+00:00,9484,1231
,1.0,31,2024-03-23T05:00:09.909000+00:00,9484,1231
,1.0,10,2024-03-23T05:00:19.001000+00:00,9484,1231
,1.0,27,2024-03-23T05:00:25.705000+00:00,9484,1231
,1.0,20,2024-03-23T05:00:33.930000+00:00,9484,1231
,1.0,77,2024-03-23T05:01:11.137000+00:00,9484,1231
,1.0,24,2024-03-23T05:01:15.462000+00:00,9484,1231
,1.0,1,2024-03-23T05:01:22.015000+00:00,9484,1231
,1.0,11,2024-03-23T05:01:31.562000+00:00,9484,1231
,1.0,18,2024-03-23T05:01:41.026000+00:00,9484,1231
,1.0,14,2024-03-23T05:02:07.254000+00:00,9484,1231
,1.0,55,2024-03-23T05:02:34.356000+00:00,9484,1231
,1.0,16,2024-03-23T05:02:40.991000+00:00,9484,1231
,1.0,4,2024-03-23T05:02:51.400000+00:00,9484,1231
,1.0,81,2024-03-23T05:03:10.840000+00:00,9484,1231
,1.0,63,2024-03-23T05:05:22.225000+00:00,9484,1231
,1.0,44,2024-03-23T05:05:25.533000+00:00,9484,1231
,1.0,22,2024-03-23T05:05:33.347000+00:00,9484,1231
,1.0,3,2024-03-23T05:05:38.996000+00:00,9484,1231
51.4,4.0,1,2024-03-23T05:06:51.673000+00:00,9484,1231
160.8,5.0,10,2024-03-23T05:09:03.882000+00:00,9484,1231
114.5,5.0,31,2024-03-23T05:09:14.044000+00:00,9484,1231
21.0,7.0,11,2024-03-23T05:11:23.369000+00:00,9484,1231
143.5,7.0,23,2024-03-23T05:11:48.458000+00:00,9484,1231
23.6,7.0,1,2024-03-23T05:11:53.970000+00:00,9484,1231
397.8,6.0,27,2024-03-23T05:14:34.553000+00:00,9484,1231
473.2,5.0,20,2024-03-23T05:14:36.850000+00:00,9484,1231
260.2,4.0,3,2024-03-23T05:14:41.623000+00:00,9484,1231
233.2,7.0,18,2024-03-23T05:14:48.460000+00:00,9484,1231
276.3,7.0,77,2024-03-23T05:14:53.125000+00:00,9484,1231
251.8,7.0,24,2024-03-23T05:15:00.375000+00:00,9484,1231
268.9,6.0,81,2024-03-23T05:15:06.518000+00:00,9484,1231
300.1,4.0,22,2024-03-23T05:15:11.605000+00:00,9484,1231
46.6,7.0,63,2024-03-23T05:15:29.731000+00:00,9484,1231
306.4,6.0,4,2024-03-23T05:15:36.676000+00:00,9484,1231
784.0,7.0,55,2024-03-23T05:25:07.749000+00:00,9484,1231
301.2,12.0,31,2024-03-23T05:25:09.364000+00:00,9484,1231
514.1,10.0,1,2024-03-23T05:25:14.237000+00:00,9484,1231
786.8,7.0,16,2024-03-23T05:25:19.769000+00:00,9484,1231
550.8,10.0,23,2024-03-23T05:25:27.082000+00:00,9484,1231
370.4,10.0,18,2024-03-23T05:25:37.779000+00:00,9484,1231
873.2,7.0,14,2024-03-23T05:25:45.724000+00:00,9484,1231
609.5,10.0,11,2024-03-23T05:26:01.444000+00:00,9484,1231
462.6,8.0,4,2024-03-23T05:26:23.404000+00:00,9484,1231
408.1,10.0,44,2024-03-23T05:26:30.937000+00:00,9484,1231
369.2,10.0,63,2024-03-23T05:26:35.381000+00:00,9484,1231
513.8,8.0,81,2024-03-23T05:26:43.201000+00:00,9484,1231
463.8,7.0,22,2024-03-23T05:27:43.304000+00:00,9484,1231
491.5,10.0,77,2024-03-23T05:27:45.230000+00:00,9484,1231
595.9,8.0,20,2024-03-23T05:29:00.112000+00:00,9484,1231
12.6,13.0,1,2024-03-23T05:30:14.597000+00:00,9484,1231
56.6,15.0,31,2024-03-23T05:30:41.965000+00:00,9484,1231
86.9,10.0,55,2024-03-23T05:31:04.223000+00:00,9484,1231
56.9,13.0,11,2024-03-23T05:31:44.921000+00:00,9484,1231
110.6,10.0,16,2024-03-23T05:31:53.769000+00:00,9484,1231
163.1,13.0,23,2024-03-23T05:32:57.270000+00:00,9484,1231
130.7,11.0,14,2024-03-23T05:34:03.457000+00:00,9484,1231
155.0,14.0,18,2024-03-23T05:34:20.476000+00:00,9484,1231
302.2,13.0,44,2024-03-23T05:36:13.334000+00:00,9484,1231
193.0,11.0,20,2024-03-23T05:36:37.673000+00:00,9484,1231
220.3,14.0,63,2024-03-23T05:36:39.766000+00:00,9484,1231
260.9,13.0,77,2024-03-23T05:36:42.954000+00:00,9484,1231
279.3,10.0,22,2024-03-23T05:36:52.425000+00:00,9484,1231
37.0,13.0,16,2024-03-23T05:36:59.645000+00:00,9484,1231
379.2,11.0,4,2024-03-23T05:37:23.266000+00:00,9484,1231
362.8,11.0,81,2024-03-23T05:37:30.286000+00:00,9484,1231
138.3,16.0,11,2024-03-23T05:38:26.313000+00:00,9484,1231
761.7,13.0,55,2024-03-23T05:48:17.130000+00:00,9484,1231
403.9,17.0,63,2024-03-23T05:48:19.413000+00:00,9484,1231
414.2,16.0,14,2024-03-23T05:48:20.470000+00:00,9484,1231
394.9,16.0,16,2024-03-23T05:48:28.573000+00:00,9484,1231
423.6,13.0,22,2024-03-23T05:48:46.789000+00:00,9484,1231
498.9,13.0,81,2024-03-23T05:48:55.794000+00:00,9484,1231
857.7,16.0,1,2024-03-23T05:49:14.603000+00:00,9484,1231
455.7,14.0,4,2024-03-23T05:49:31.367000+00:00,9484,1231
579.6,17.0,11,2024-03-23T05:49:38.697000+00:00,9484,1231
769.9,19.0,18,2024-03-23T05:54:36.645000+00:00,9484,1231
179.1,20.0,63,2024-03-23T05:55:44.783000+00:00,9484,1231
288.4,18.0,14,2024-03-23T05:56:19.734000+00:00,9484,1231
173.8,19.0,1,2024-03-23T05:56:35.766000+00:00,9484,1231
164.2,20.0,11,2024-03-23T05:56:42.151000+00:00,9484,1231
235.4,16.0,55,2024-03-23T05:56:45.237000+00:00,9484,1231
199.6,16.0,81,2024-03-23T05:56:47.402000+00:00,9484,1231
197.3,17.0,4,2024-03-23T05:57:07.855000+00:00,9484,1231
248.5,19.0,16,2024-03-23T05:57:14.491000+00:00,9484,1231
240.2,16.0,22,2024-03-23T05:57:25.184000+00:00,9484,1231
18.2,5.0,3,2024-03-24T04:10:44.051000+00:00,9488,1231
17.7,6.0,23,2024-03-24T04:12:03.960000+00:00,9488,1231
19.0,6.0,24,2024-03-24T04:12:08.895000+00:00,9488,1231
17.5,7.0,44,2024-03-24T04:13:22.694000+00:00,9488,1231
18.3,7.0,20,2024-03-24T04:13:27.578000+00:00,9488,1231
18.0,8.0,63,2024-03-24T04:14:42.668000+00:00,9488,1231
17.9,8.0,18,2024-03-24T04:14:44.598000+00:00,9488,1231
46.9,8.0,77,2024-03-24T04:15:18.023000+00:00,9488,1231
17.4,9.0,16,2024-03-24T04:16:00.710000+00:00,9488,1231
17.5,9.0,81,2024-03-24T04:16:02.012000+00:00,9488,1231
18.5,9.0,22,2024-03-24T04:16:09.821000+00:00,9488,1231
18.2,9.0,31,2024-03-24T04:16:14.735000+00:00,9488,1231
17.7,14.0,4,2024-03-24T04:22:56.216000+00:00,9488,1231
18.1,14.0,11,2024-03-24T04:23:04.121000+00:00,9488,1231
17.5,16.0,55,2024-03-24T04:25:32.675000+00:00,9488,1231
30.6,16.0,31,2024-03-24T04:26:30.153000+00:00,9488,1231
18.1,17.0,14,2024-03-24T04:27:25.795000+00:00,9488,1231
18.3,17.0,27,2024-03-24T04:27:48.004000+00:00,9488,1231
20.3,17.0,10,2024-03-24T04:27:53.252000+00:00,9488,1231
17.7,27.0,23,2024-03-24T04:41:53.767000+00:00,9488,1231
17.7,29.0,3,2024-03-24T04:44:47.613000+00:00,9488,1231
18.1,33.0,20,2024-03-24T04:50:17.139000+00:00,9488,1231
17.3,34.0,16,2024-03-24T04:50:53.181000+00:00,9488,1231
17.2,35.0,11,2024-03-24T04:52:36.668000+00:00,9488,1231
18.1,35.0,27,2024-03-24T04:52:59.402000+00:00,9488,1231
36.8,35.0,24,2024-03-24T04:53:28.344000+00:00,9488,1231
17.5,36.0,22,2024-03-24T04:54:17.272000+00:00,9488,1231
18.9,36.0,77,2024-03-24T04:54:49.601000+00:00,9488,1231
17.9,37.0,18,2024-03-24T04:55:38.194000+00:00,9488,1231
18.5,39.0,81,2024-03-24T04:57:51.886000+00:00,9488,1231
17.6,40.0,4,2024-03-24T04:59:05.080000+00:00,9488,1231
17.7,41.0,55,2024-03-24T05:00:15.825000+00:00,9488,1231
17.9,41.0,14,2024-03-24T05:00:56.344000+00:00,9488,1231
17.6,41.0,10,2024-03-24T05:01:39.520000+00:00,9488,1231
18.0,42.0,31,2024-03-24T05:03:10.391000+00:00,9488,1231
17.9,45.0,63,2024-03-24T05:06:26.148000+00:00,9488,1231
,1.0,81,2024-04-05T06:26:35.035000+00:00,9490,1232
,1.0,24,2024-04-05T06:28:39.810000+00:00,9490,1232
,1.0,22,2024-04-05T06:28:54.597000+00:00,9490,1232
639.1,2.0,3,2024-04-05T06:29:01.780000+00:00,9490,1232
545.9,2.0,24,2024-04-05T06:39:44.589000+00:00,9490,1232
574.8,2.0,77,2024-04-05T06:40:58.437000+00:00,9490,1232
446.9,3.0,24,2024-04-05T06:49:12.283000+00:00,9490,1232
390.0,3.0,77,2024-04-05T06:49:56.038000+00:00,9490,1232
1085.9,2.0,23,2024-04-05T06:51:59.158000+00:00,9490,1232
,1.0,20,2024-04-05T06:52:20.229000+00:00,9490,1232
,1.0,27,2024-04-05T06:52:28.936000+00:00,9490,1232
1518.3,2.0,81,2024-04-05T06:53:44.457000+00:00,9490,1232
258.9,4.0,24,2024-04-05T06:55:43.705000+00:00,9490,1232
234.1,4.0,77,2024-04-05T06:56:12.123000+00:00,9490,1232
2490.5,3.0,44,2024-04-05T06:57:32.059000+00:00,9490,1232
,1.0,16,2024-04-05T06:57:57.380000+00:00,9490,1232
,1.0,55,2024-04-05T06:58:06.949000+00:00,9490,1232
1199.4,6.0,22,2024-04-05T06:58:24.040000+00:00,9490,1232
,1.0,4,2024-04-05T06:58:26.644000+00:00,9490,1232
283.7,3.0,23,2024-04-05T06:58:33.458000+00:00,9490,1232
26.4,5.0,24,2024-04-05T06:58:41.086000+00:00,9490,1232
,1.0,31,2024-04-05T06:58:46.782000+00:00,9490,1232
1207.5,7.0,3,2024-04-05T06:58:54.758000+00:00,9490,1232
263.2,2.0,20,2024-04-05T06:58:59.450000+00:00,9490,1232
25.8,5.0,77,2024-04-05T06:59:04.911000+00:00,9490,1232
197.3,3.0,27,2024-04-05T06:59:29.806000+00:00,9490,1232
,1.0,1,2024-04-06T02:30:02.484000+00:00,9491,1232
,1.0,77,2024-04-06T02:30:05.599000+00:00,9491,1232
,1.0,24,2024-04-06T02:30:09.824000+00:00,9491,1232
,1.0,11,2024-04-06T02:30:11.209000+00:00,9491,1232
,1.0,20,2024-04-06T02:30:17.656000+00:00,9491,1232
,1.0,27,2024-04-06T02:30:40.133000+00:00,9491,1232
,1.0,55,2024-04-06T02:31:04.243000+00:00,9491,1232
,1.0,16,2024-04-06T02:31:14.428000+00:00,9491,1232
,1.0,63,2024-04-06T02:31:26.453000+00:00,9491,1232
,1.0,44,2024-04-06T02:32:08.381000+00:00,9491,1232
,1.0,23,2024-04-06T02:32:30.280000+00:00,9491,1232
,1.0,18,2024-04-06T02:34:44.878000+00:00,9491,1232
,1.0,14,2024-04-06T02:35:08.795000+00:00,9491,1232
27.3,4.0,77,2024-04-06T02:36:15.261000+00:00,9491,1232
24.3,4.0,24,2024-04-06T02:36:28.156000+00:00,9491,1232
,1.0,22,2024-04-06T02:37:25.020000+00:00,9491,1232
,1.0,3,2024-04-06T02:37:35.471000+00:00,9491,1232
,1.0,2,2024-04-06T02:38:43.688000+00:00,9491,1232
245.8,2.0,23,2024-04-06T02:38:51.972000+00:00,9491,1232
36.0,4.0,44,2024-04-06T02:38:57.818000+00:00,9491,1232
35.9,6.0,1,2024-04-06T02:40:07.366000+00:00,9491,1232
,1.0,81,2024-04-06T02:42:17.724000+00:00,9491,1232
,1.0,10,2024-04-06T02:45:05.169000+00:00,9491,1232
,1.0,4,2024-04-06T02:45:12.307000+00:00,9491,1232
,1.0,31,2024-04-06T02:45:15.976000+00:00,9491,1232
374.8,7.0,77,2024-04-06T02:48:18.792000+00:00,9491,1232
356.9,7.0,16,2024-04-06T02:48:54.569000+00:00,9491,1232
441.7,7.0,20,2024-04-06T02:49:06.218000+00:00,9491,1232
578.4,6.0,27,2024-04-06T02:49:30.307000+00:00,9491,1232
449.5,6.0,44,2024-04-06T02:50:33.824000+00:00,9491,1232
528.9,7.0,24,2024-04-06T02:51:01.705000+00:00,9491,1232
481.7,8.0,11,2024-04-06T02:51:32.484000+00:00,9491,1232
421.8,8.0,55,2024-04-06T02:51:45.060000+00:00,9491,1232
390.1,9.0,1,2024-04-06T02:52:04.696000+00:00,9491,1232
32.6,8.0,3,2024-04-06T02:52:17.220000+00:00,9491,1232
324.3,4.0,81,2024-04-06T02:53:05.640000+00:00,9491,1232
34.3,9.0,23,2024-04-06T02:53:22.735000+00:00,9491,1232
418.4,8.0,14,2024-04-06T02:55:17.981000+00:00,9491,1232
49.4,15.0,63,2024-04-06T02:55:23.431000+00:00,9491,1232
391.8,7.0,22,2024-04-06T02:55:50.614000+00:00,9491,1232
572.6,8.0,18,2024-04-06T02:57:40.443000+00:00,9491,1232
187.1,10.0,3,2024-04-06T02:59:03.692000+00:00,9491,1232
500.1,4.0,4,2024-04-06T02:59:14.848000+00:00,9491,1232
687.1,7.0,2,2024-04-06T03:01:33.123000+00:00,9491,1232
46.2,11.0,10,2024-04-06T03:04:00.618000+00:00,9491,1232
48.4,11.0,31,2024-04-06T03:04:44.715000+00:00,9491,1232
17.8,13.0,22,2024-04-06T03:05:51.659000+00:00,9491,1232
532.3,16.0,23,2024-04-06T03:13:35.924000+00:00,9491,1232
209.5,13.0,2,2024-04-06T03:14:54.964000+00:00,9491,1232
897.5,18.0,63,2024-04-06T03:16:12.106000+00:00,9491,1232
626.2,18.0,1,2024-04-06T03:17:20.710000+00:00,9491,1232
652.8,18.0,77,2024-04-06T03:17:21.803000+00:00,9491,1232
768.7,7.0,4,2024-04-06T03:17:22.060000+00:00,9491,1232
631.5,16.0,44,2024-04-06T03:17:38.489000+00:00,9491,1232
723.7,12.0,10,2024-04-06T03:17:47.397000+00:00,9491,1232
594.8,18.0,11,2024-04-06T03:18:04.175000+00:00,9491,1232
462.0,17.0,3,2024-04-06T03:18:08.125000+00:00,9491,1232
660.2,14.0,22,2024-04-06T03:18:27.217000+00:00,9491,1232
539.1,14.0,81,2024-04-06T03:18:33.127000+00:00,9491,1232
333.8,19.0,14,2024-04-06T03:18:48.300000+00:00,9491,1232
835.7,12.0,31,2024-04-06T03:20:30.722000+00:00,9491,1232
497.4,17.0,18,2024-04-06T03:20:52.885000+00:00,9491,1232
1034.6,16.0,20,2024-04-06T03:21:20.472000+00:00,9491,1232
1034.9,15.0,27,2024-04-06T03:21:37.015000+00:00,9491,1232
530.8,21.0,55,2024-04-06T03:22:00.737000+00:00,9491,1232
716.5,20.0,16,2024-04-06T03:22:11.525000+00:00,9491,1232
32.3,15.0,10,2024-04-06T03:24:18.464000+00:00,9491,1232
387.3,19.0,23,2024-04-06T03:25:52.535000+00:00,9491,1232
340.3,21.0,63,2024-04-06T03:27:34.554000+00:00,9491,1232
312.4,21.0,1,2024-04-06T03:28:03.438000+00:00,9491,1232
314.6,19.0,44,2024-04-06T03:28:16.511000+00:00,9491,1232
265.1,17.0,81,2024-04-06T03:28:29.397000+00:00,9491,1232
26.0,24.0,77,2024-04-06T03:29:12.411000+00:00,9491,1232
308.8,18.0,2,2024-04-06T03:29:38.863000+00:00,9491,1232
20.5,19.0,27,2024-04-06T03:29:40.988000+00:00,9491,1232
145.5,12.0,4,2024-04-06T03:29:45.452000+00:00,9491,1232
,1.0,20,2024-04-06T06:00:02.983000+00:00,9492,1232
,1.0,2,2024-04-06T06:03:42.149000+00:00,9492,1232
,1.0,23,2024-04-06T06:03:53.494000+00:00,9492,1232
,1.0,11,2024-04-06T06:04:07.449000+00:00,9492,1232
,1.0,1,2024-04-06T06:04:13.507000+00:00,9492,1232
,1.0,16,2024-04-06T06:04:25.797000+00:00,9492,1232
,1.0,55,2024-04-06T06:04:28.714000+00:00,9492,1232
,1.0,44,2024-04-06T06:04:31.711000+00:00,9492,1232
,1.0,63,2024-04-06T06:04:42.182000+00:00,9492,1232
,1.0,81,2024-04-06T06:04:49.922000+00:00,9492,1232
,1.0,14,2024-04-06T06:04:56.036000+00:00,9492,1232
,1.0,18,2024-04-06T06:05:06.423000+00:00,9492,1232
,1.0,31,2024-04-06T06:05:17.985000+00:00,9492,1232
,1.0,3,2024-04-06T06:05:22.219000+00:00,9492,1232
,1.0,10,2024-04-06T06:05:45.567000+00:00,9492,1232
,1.0,27,2024-04-06T06:06:00.107000+00:00,9492,1232
,1.0,22,2024-04-06T06:06:07.841000+00:00,9492,1232
,1.0,77,2024-04-06T06:06:14.224000+00:00,9492,1232
,1.0,24,2024-04-06T06:06:26.070000+00:00,9492,1232
,1.0,4,2024-04-06T06:06:34.024000+00:00,9492,1232
152.6,4.0,20,2024-04-06T06:07:33.161000+00:00,9492,1232
115.5,4.0,23,2024-04-06T06:11:30.791000+00:00,9492,1232
165.3,4.0,2,2024-04-06T06:11:39.881000+00:00,9492,1232
178.5,4.0,10,2024-04-06T06:14:11.979000+00:00,9492,1232
264.2,4.0,16,2024-04-06T06:14:14.615000+00:00,9492,1232
110.6,7.0,20,2024-04-06T06:14:18.727000+00:00,9492,1232
218.9,4.0,18,2024-04-06T06:14:27.587000+00:00,9492,1232
205.6,4.0,27,2024-04-06T06:14:40.156000+00:00,9492,1232
234.3,4.0,31,2024-04-06T06:14:53.073000+00:00,9492,1232
232.2,4.0,3,2024-04-06T06:14:57.348000+00:00,9492,1232
228.4,4.0,22,2024-04-06T06:15:09.314000+00:00,9492,1232
213.4,4.0,77,2024-04-06T06:15:17.606000+00:00,9492,1232
226.6,4.0,24,2024-04-06T06:15:39.861000+00:00,9492,1232
229.3,4.0,4,2024-04-06T06:15:55.912000+00:00,9492,1232
936.2,4.0,11,2024-04-06T06:25:10.024000+00:00,9492,1232
938.0,4.0,1,2024-04-06T06:25:21.489000+00:00,9492,1232
393.7,7.0,27,2024-04-06T06:26:41.998000+00:00,9492,1232
988.2,4.0,81,2024-04-06T06:26:53.530000+00:00,9492,1232
974.0,4.0,14,2024-04-06T06:27:01.600000+00:00,9492,1232
1017.0,4.0,44,2024-04-06T06:27:09.585000+00:00,9492,1232
565.5,5.0,4,2024-04-06T06:27:14.819000+00:00,9492,1232
395.2,7.0,22,2024-04-06T06:27:20.983000+00:00,9492,1232
1022.6,4.0,63,2024-04-06T06:27:25.047000+00:00,9492,1232
420.0,7.0,31,2024-04-06T06:27:37.501000+00:00,9492,1232
420.9,7.0,3,2024-04-06T06:27:43.263000+00:00,9492,1232
489.5,7.0,16,2024-04-06T06:27:55.041000+00:00,9492,1232
1082.3,4.0,55,2024-04-06T06:28:04.785000+00:00,9492,1232
446.2,7.0,77,2024-04-06T06:28:21.689000+00:00,9492,1232
224.3,7.0,44,2024-04-06T06:36:12.966000+00:00,9492,1232
181.4,7.0,63,2024-04-06T06:36:18.510000+00:00,9492,1232
281.2,10.0,27,2024-04-06T06:36:26.301000+00:00,9492,1232
188.2,10.0,31,2024-04-06T06:36:33.471000+00:00,9492,1232
199.1,10.0,3,2024-04-06T06:36:40.860000+00:00,9492,1232
1189.9,7.0,23,2024-04-06T06:36:51.340000+00:00,9492,1232
252.3,10.0,22,2024-04-06T06:37:01.720000+00:00,9492,1232
202.7,10.0,77,2024-04-06T06:37:13.407000+00:00,9492,1232
386.5,10.0,44,2024-04-06T06:48:03.286000+00:00,9492,1232
375.1,10.0,63,2024-04-06T06:48:10.562000+00:00,9492,1232
1056.3,7.0,1,2024-04-06T06:48:17.625000+00:00,9492,1232
1071.9,7.0,11,2024-04-06T06:48:25.605000+00:00,9492,1232
954.7,7.0,14,2024-04-06T06:48:32.442000+00:00,9492,1232
892.1,7.0,55,2024-04-06T06:48:41.766000+00:00,9492,1232
998.7,7.0,81,2024-04-06T06:48:52.762000+00:00,9492,1232
986.1,8.0,4,2024-04-06T06:49:13.775000+00:00,9492,1232
409.5,13.0,22,2024-04-06T06:49:17.548000+00:00,9492,1232
1183.7,10.0,16,2024-04-06T06:53:27.585000+00:00,9492,1232
135.7,10.0,11,2024-04-06T06:56:04.727000+00:00,9492,1232
158.3,10.0,1,2024-04-06T06:56:15.586000+00:00,9492,1232
122.8,10.0,55,2024-04-06T06:56:19.148000+00:00,9492,1232
111.7,16.0,22,2024-04-06T06:56:24.778000+00:00,9492,1232
141.5,10.0,14,2024-04-06T06:56:35.253000+00:00,9492,1232
142.3,11.0,4,2024-04-06T06:56:53.748000+00:00,9492,1232
157.4,10.0,81,2024-04-06T06:56:59.777000+00:00,9492,1232
245.4,13.0,44,2024-04-06T06:57:23.491000+00:00,9492,1232
240.5,13.0,63,2024-04-06T06:57:31.137000+00:00,9492,1232
1575.6,1.0,1,2024-04-07T05:32:07.088000+00:00,9496,1232
1577.6,1.0,11,2024-04-07T05:32:11.228000+00:00,9496,1232
1580.1,1.0,4,2024-04-07T05:32:15.605000+00:00,9496,1232
1580.0,1.0,55,2024-04-07T05:32:17.863000+00:00,9496,1232
1580.9,1.0,14,2024-04-07T05:32:21.901000+00:00,9496,1232
1580.2,1.0,81,2024-04-07T05:32:24.731000+00:00,9496,1232
1580.6,1.0,44,2024-04-07T05:32:33.770000+00:00,9496,1232
1583.3,1.0,16,2024-04-07T05:32:37.738000+00:00,9496,1232
1581.2,1.0,63,2024-04-07T05:32:40.039000+00:00,9496,1232
1580.8,1.0,27,2024-04-07T05:32:42.543000+00:00,9496,1232
1582.5,1.0,77,2024-04-07T05:32:45.909000+00:00,9496,1232
1584.5,1.0,22,2024-04-07T05:32:50.762000+00:00,9496,1232
1586.0,1.0,31,2024-04-07T05:32:55.037000+00:00,9496,1232
1586.7,1.0,10,2024-04-07T05:32:58.104000+00:00,9496,1232
1585.9,1.0,18,2024-04-07T05:33:02.066000+00:00,9496,1232
1584.6,1.0,20,2024-04-07T05:33:05.236000+00:00,9496,1232
1585.2,1.0,2,2024-04-07T05:33:08.853000+00:00,9496,1232
1582.9,1.0,24,2024-04-07T05:33:13.702000+00:00,9496,1232
23.6,5.0,27,2024-04-07T05:41:11.036000+00:00,9496,1232
24.8,6.0,77,2024-04-07T05:42:47.149000+00:00,9496,1232
23.3,7.0,22,2024-04-07T05:44:23.658000+00:00,9496,1232
23.9,7.0,24,2024-04-07T05:44:31.628000+00:00,9496,1232
23.0,11.0,4,2024-04-07T05:50:44.884000+00:00,9496,1232
26.6,11.0,24,2024-04-07T05:51:28.738000+00:00,9496,1232
23.4,12.0,81,2024-04-07T05:52:30.861000+00:00,9496,1232
23.3,12.0,18,2024-04-07T05:52:41.007000+00:00,9496,1232
22.9,13.0,14,2024-04-07T05:54:07.567000+00:00,9496,1232
22.9,15.0,11,2024-04-07T05:57:14.863000+00:00,9496,1232
23.1,15.0,55,2024-04-07T05:57:18.818000+00:00,9496,1232
23.1,16.0,1,2024-04-07T05:58:47.121000+00:00,9496,1232
23.8,16.0,10,2024-04-07T05:59:43.262000+00:00,9496,1232
23.3,19.0,31,2024-04-07T06:04:35.659000+00:00,9496,1232
23.5,22.0,63,2024-04-07T06:09:03.514000+00:00,9496,1232
23.4,22.0,22,2024-04-07T06:09:29.413000+00:00,9496,1232
26.1,22.0,20,2024-04-07T06:09:30.179000+00:00,9496,1232
23.2,22.0,18,2024-04-07T06:09:30.269000+00:00,9496,1232
25.9,22.0,77,2024-04-07T06:09:30.585000+00:00,9496,1232
25.5,22.0,2,2024-04-07T06:09:30.908000+00:00,9496,1232
23.3,23.0,44,2024-04-07T06:10:45.740000+00:00,9496,1232
23.2,26.0,16,2024-04-07T06:15:25.709000+00:00,9496,1232
23.2,26.0,4,2024-04-07T06:15:26.492000+00:00,9496,1232
22.8,32.0,81,2024-04-07T06:25:23.438000+00:00,9496,1232
23.1,32.0,10,2024-04-07T06:26:27.249000+00:00,9496,1232
22.9,33.0,11,2024-04-07T06:26:41.709000+00:00,9496,1232
23.1,33.0,14,2024-04-07T06:26:57.226000+00:00,9496,1232
23.9,33.0,27,2024-04-07T06:27:47.111000+00:00,9496,1232
24.1,33.0,31,2024-04-07T06:27:58.668000+00:00,9496,1232
23.2,34.0,1,2024-04-07T06:28:07.304000+00:00,9496,1232
22.9,34.0,18,2024-04-07T06:29:22.122000+00:00,9496,1232
24.2,34.0,2,2024-04-07T06:29:29.509000+00:00,9496,1232
23.5,36.0,55,2024-04-07T06:31:38.439000+00:00,9496,1232
22.9,37.0,63,2024-04-07T06:33:31.539000+00:00,9496,1232
23.9,39.0,44,2024-04-07T06:36:50.085000+00:00,9496,1232
23.2,41.0,2,2024-04-07T06:41:48.805000+00:00,9496,1232
,1.0,31,2024-04-19T03:30:27.676000+00:00,9663,1233
,1.0,27,2024-04-19T03:30:30.296000+00:00,9663,1233
,1.0,20,2024-04-19T03:30:33.110000+00:00,9663,1233
,1.0,24,2024-04-19T03:30:37.618000+00:00,9663,1233
,1.0,77,2024-04-19T03:30:43.255000+00:00,9663,1233
,1.0,18,2024-04-19T03:30:59.084000+00:00,9663,1233
,1.0,10,2024-04-19T03:31:04.922000+00:00,9663,1233
,1.0,1,2024-04-19T03:31:57.744000+00:00,9663,1233
,1.0,11,2024-04-19T03:32:13.367000+00:00,9663,1233
,1.0,44,2024-04-19T03:32:49.849000+00:00,9663,1233
,1.0,22,2024-04-19T03:32:57.049000+00:00,9663,1233
,1.0,4,2024-04-19T03:33:21.172000+00:00,9663,1233
,1.0,14,2024-04-19T03:33:23.138000+00:00,9663,1233
,1.0,63,2024-04-19T03:33:25.591000+00:00,9663,1233
,1.0,3,2024-04-19T03:33:31.270000+00:00,9663,1233
,1.0,81,2024-04-19T03:34:28.927000+00:00,9663,1233
,1.0,23,2024-04-19T03:34:33.143000+00:00,9663,1233
,1.0,2,2024-04-19T03:34:55.565000+00:00,9663,1233
24.5,2.0,81,2024-04-19T03:37:04.075000+00:00,9663,1233
,1.0,55,2024-04-19T03:39:34.174000+00:00,9663,1233
,1.0,16,2024-04-19T03:39:46.323000+00:00,9663,1233
27.4,5.0,44,2024-04-19T03:42:07.278000+00:00,9663,1233
,6.0,23,2024-04-19T03:49:04.130000+00:00,9663,1233
,6.0,2,2024-04-19T03:49:05.677000+00:00,9663,1233
,4.0,55,2024-04-19T03:49:13.635000+00:00,9663,1233
,7.0,22,2024-04-19T03:49:24.297000+00:00,9663,1233
,7.0,3,2024-04-19T03:49:59.525000+00:00,9663,1233
827.0,6.0,81,2024-04-19T03:50:26.547000+00:00,9663,1233
,4.0,16,2024-04-19T03:50:37.821000+00:00,9663,1233
855.0,3.0,63,2024-04-19T03:51:25.579000+00:00,9663,1233
,8.0,20,2024-04-19T03:51:53.185000+00:00,9663,1233
,8.0,11,2024-04-19T03:52:16.070000+00:00,9663,1233
,8.0,1,2024-04-19T03:52:24.245000+00:00,9663,1233
749.7,7.0,44,2024-04-19T03:54:09.608000+00:00,9663,1233
,9.0,27,2024-04-19T03:54:38.587000+00:00,9663,1233
,7.0,4,2024-04-19T03:55:21.909000+00:00,9663,1233
,8.0,77,2024-04-19T03:55:44.122000+00:00,9663,1233
,7.0,14,2024-04-19T03:56:23.822000+00:00,9663,1233
,8.0,10,2024-04-19T03:56:43.309000+00:00,9663,1233
,8.0,24,2024-04-19T03:56:55.593000+00:00,9663,1233
17.3,8.0,44,2024-04-19T03:56:57.860000+00:00,9663,1233
,8.0,31,2024-04-19T03:58:03.102000+00:00,9663,1233
975.4,8.0,18,2024-04-19T04:00:26.510000+00:00,9663,1233
27.2,10.0,44,2024-04-19T04:01:26.063000+00:00,9663,1233
22.2,14.0,23,2024-04-19T04:03:24.008000+00:00,9663,1233
17.2,14.0,2,2024-04-19T04:03:27.425000+00:00,9663,1233
450.5,15.0,2,2024-04-19T04:12:46.760000+00:00,9663,1233
821.0,10.0,55,2024-04-19T04:15:40.607000+00:00,9663,1233
629.3,15.0,23,2024-04-19T04:15:47.943000+00:00,9663,1233
631.7,12.0,16,2024-04-19T04:17:11.567000+00:00,9663,1233
601.9,17.0,11,2024-04-19T04:18:08.708000+00:00,9663,1233
479.9,18.0,1,2024-04-19T04:18:23.226000+00:00,9663,1233
427.0,16.0,24,2024-04-19T04:18:27.327000+00:00,9663,1233
483.7,18.0,3,2024-04-19T04:18:41.161000+00:00,9663,1233
432.9,17.0,77,2024-04-19T04:18:52.101000+00:00,9663,1233
296.0,20.0,22,2024-04-19T04:19:17.314000+00:00,9663,1233
436.6,15.0,14,2024-04-19T04:19:25.935000+00:00,9663,1233
330.7,17.0,31,2024-04-19T04:20:59.484000+00:00,9663,1233
808.6,17.0,20,2024-04-19T04:21:29.596000+00:00,9663,1233
642.3,16.0,10,2024-04-19T04:21:54.996000+00:00,9663,1233
428.4,19.0,81,2024-04-19T04:22:15.035000+00:00,9663,1233
722.6,18.0,27,2024-04-19T04:22:43.449000+00:00,9663,1233
553.8,17.0,4,2024-04-19T04:22:54.154000+00:00,9663,1233
39.3,20.0,11,2024-04-19T04:24:54.128000+00:00,9663,1233
31.5,21.0,1,2024-04-19T04:25:00.690000+00:00,9663,1233
520.7,17.0,18,2024-04-19T04:25:25.926000+00:00,9663,1233
498.7,17.0,63,2024-04-19T04:25:55.976000+00:00,9663,1233
274.7,21.0,44,2024-04-19T04:26:52.687000+00:00,9663,1233
94.2,22.0,81,2024-04-19T04:29:33.342000+00:00,9663,1233
310.9,21.0,2,2024-04-19T04:29:42.545000+00:00,9663,1233
168.9,19.0,4,2024-04-19T04:29:51.945000+00:00,9663,1233
,1.0,23,2024-04-19T07:30:37.107000+00:00,9668,1233
,1.0,2,2024-04-19T07:30:40.607000+00:00,9668,1233
,1.0,24,2024-04-19T07:30:47.975000+00:00,9668,1233
,1.0,77,2024-04-19T07:30:52.941000+00:00,9668,1233
,1.0,44,2024-04-19T07:31:09.534000+00:00,9668,1233
,1.0,63,2024-04-19T07:31:21.233000+00:00,9668,1233
,1.0,55,2024-04-19T07:31:26.046000+00:00,9668,1233
,1.0,16,2024-04-19T07:31:34.960000+00:00,9668,1233
,1.0,81,2024-04-19T07:31:44.741000+00:00,9668,1233
,1.0,31,2024-04-19T07:31:53.338000+00:00,9668,1233
,1.0,4,2024-04-19T07:32:10.928000+00:00,9668,1233
,1.0,10,2024-04-19T07:32:21.433000+00:00,9668,1233
,1.0,22,2024-04-19T07:32:32.074000+00:00,9668,1233
,1.0,14,2024-04-19T07:32:38.684000+00:00,9668,1233
,1.0,18,2024-04-19T07:32:48.331000+00:00,9668,1233
,1.0,1,2024-04-19T07:33:01.908000+00:00,9668,1233
,1.0,3,2024-04-19T07:33:07.503000+00:00,9668,1233
,1.0,11,2024-04-19T07:33:14.817000+00:00,9668,1233
,1.0,27,2024-04-19T07:33:27.800000+00:00,9668,1233
,1.0,20,2024-04-19T07:33:36.049000+00:00,9668,1233
123.6,4.0,23,2024-04-19T07:38:23.753000+00:00,9668,1233
118.1,4.0,2,2024-04-19T07:38:27.513000+00:00,9668,1233
114.2,4.0,63,2024-04-19T07:39:05.407000+00:00,9668,1233
128.0,4.0,44,2024-04-19T07:39:09.894000+00:00,9668,1233
759.4,6.0,4,2024-04-19T07:54:10.125000+00:00,9668,1233
542.8,8.0,81,2024-04-19T07:54:19.637000+00:00,9668,1233
565.4,7.0,20,2024-04-19T07:54:28.766000+00:00,9668,1233
725.6,6.0,18,2024-04-19T07:54:32.927000+00:00,9668,1233
702.2,7.0,55,2024-04-19T07:54:36.683000+00:00,9668,1233
597.1,7.0,27,2024-04-19T07:54:39.421000+00:00,9668,1233
603.7,7.0,14,2024-04-19T07:54:39.433000+00:00,9668,1233
701.0,7.0,16,2024-04-19T07:54:44.244000+00:00,9668,1233
647.8,8.0,24,2024-04-19T07:54:45.799000+00:00,9668,1233
601.9,7.0,3,2024-04-19T07:54:46.207000+00:00,9668,1233
651.4,8.0,77,2024-04-19T07:54:52.418000+00:00,9668,1233
610.5,7.0,63,2024-04-19T07:55:07.705000+00:00,9668,1233
631.0,7.0,44,2024-04-19T07:55:30.279000+00:00,9668,1233
891.6,5.0,1,2024-04-19T07:55:51.794000+00:00,9668,1233
878.7,5.0,11,2024-04-19T07:55:59.990000+00:00,9668,1233
64.1,10.0,20,2024-04-19T08:00:56.188000+00:00,9668,1233
76.5,10.0,27,2024-04-19T08:01:35.801000+00:00,9668,1233
662.3,11.0,81,2024-04-19T08:11:06.039000+00:00,9668,1233
510.2,11.0,16,2024-04-19T08:11:08.804000+00:00,9668,1233
530.1,11.0,55,2024-04-19T08:11:10.856000+00:00,9668,1233
586.2,8.0,1,2024-04-19T08:11:11.684000+00:00,9668,1233
688.2,9.0,4,2024-04-19T08:11:18.123000+00:00,9668,1233
585.1,8.0,11,2024-04-19T08:11:19.814000+00:00,9668,1233
528.3,12.0,24,2024-04-19T08:11:21.243000+00:00,9668,1233
650.0,10.0,14,2024-04-19T08:11:21.681000+00:00,9668,1233
543.7,12.0,77,2024-04-19T08:11:38.856000+00:00,9668,1233
530.6,11.0,44,2024-04-19T08:12:13.687000+00:00,9668,1233
32.3,12.0,16,2024-04-19T08:14:12.359000+00:00,9668,1233
24.5,12.0,44,2024-04-19T08:14:52.452000+00:00,9668,1233
23.3,16.0,14,2024-04-20T03:31:46.612000+00:00,9672,1233
,1.0,10,2024-04-20T07:00:07.041000+00:00,9664,1233
,1.0,22,2024-04-20T07:00:16.299000+00:00,9664,1233
,1.0,27,2024-04-20T07:00:21.615000+00:00,9664,1233
,1.0,31,2024-04-20T07:00:23.801000+00:00,9664,1233
,1.0,24,2024-04-20T07:00:27.485000+00:00,9664,1233
,1.0,23,2024-04-20T07:00:33.914000+00:00,9664,1233
,1.0,20,2024-04-20T07:00:49.826000+00:00,9664,1233
,1.0,2,2024-04-20T07:00:59.333000+00:00,9664,1233
,1.0,55,2024-04-20T07:01:02.405000+00:00,9664,1233
,1.0,63,2024-04-20T07:01:08.018000+00:00,9664,1233
,1.0,4,2024-04-20T07:02:02.569000+00:00,9664,1233
,1.0,81,2024-04-20T07:02:23.436000+00:00,9664,1233
,1.0,16,2024-04-20T07:02:46.901000+00:00,9664,1233
,1.0,14,2024-04-20T07:03:35.803000+00:00,9664,1233
,1.0,18,2024-04-20T07:03:41.061000+00:00,9664,1233
,1.0,77,2024-04-20T07:03:47.183000+00:00,9664,1233
,1.0,1,2024-04-20T07:04:22.856000+00:00,9664,1233
,1.0,44,2024-04-20T07:04:33.003000+00:00,9664,1233
,1.0,11,2024-04-20T07:04:40.436000+00:00,9664,1233
,1.0,3,2024-04-20T07:04:48.201000+00:00,9664,1233
43.5,3.0,2,2024-04-20T07:05:29.506000+00:00,9664,1233
108.6,3.0,24,2024-04-20T07:06:12.634000+00:00,9664,1233
130.9,3.0,23,2024-04-20T07:06:41.715000+00:00,9664,1233
37.2,3.0,81,2024-04-20T07:06:52.868000+00:00,9664,1233
47.3,4.0,27,2024-04-20T07:06:57.430000+00:00,9664,1233
105.6,4.0,10,2024-04-20T07:07:39.033000+00:00,9664,1233
100.1,4.0,31,2024-04-20T07:07:44.150000+00:00,9664,1233
120.6,4.0,22,2024-04-20T07:07:52.320000+00:00,9664,1233
89.1,4.0,55,2024-04-20T07:08:02.149000+00:00,9664,1233
201.1,4.0,4,2024-04-20T07:11:00.338000+00:00,9664,1233
168.2,3.0,11,2024-04-20T07:11:43.405000+00:00,9664,1233
217.7,4.0,77,2024-04-20T07:13:05.866000+00:00,9664,1233
141.3,6.0,24,2024-04-20T07:13:54.303000+00:00,9664,1233
102.4,6.0,23,2024-04-20T07:13:58.751000+00:00,9664,1233
180.9,6.0,2,2024-04-20T07:14:04.240000+00:00,9664,1233
442.7,4.0,20,2024-04-20T07:14:07.622000+00:00,9664,1233
111.0,7.0,27,2024-04-20T07:14:14.867000+00:00,9664,1233
267.6,4.0,44,2024-04-20T07:14:32.167000+00:00,9664,1233
250.3,4.0,3,2024-04-20T07:14:39.815000+00:00,9664,1233
322.8,4.0,18,2024-04-20T07:14:49.493000+00:00,9664,1233
137.9,7.0,63,2024-04-20T07:15:00.964000+00:00,9664,1233
303.8,4.0,1,2024-04-20T07:15:11.082000+00:00,9664,1233
127.0,7.0,10,2024-04-20T07:15:21.441000+00:00,9664,1233
130.1,7.0,31,2024-04-20T07:15:27.875000+00:00,9664,1233
204.8,6.0,16,2024-04-20T07:15:38.321000+00:00,9664,1233
140.9,7.0,22,2024-04-20T07:15:49.345000+00:00,9664,1233
444.9,10.0,27,2024-04-20T07:27:25.286000+00:00,9664,1233
372.8,10.0,31,2024-04-20T07:27:31.872000+00:00,9664,1233
383.8,10.0,10,2024-04-20T07:27:40.631000+00:00,9664,1233
432.8,7.0,18,2024-04-20T07:27:51.166000+00:00,9664,1233
445.9,7.0,3,2024-04-20T07:27:58.142000+00:00,9664,1233
1126.8,4.0,14,2024-04-20T07:28:08.100000+00:00,9664,1233
953.1,6.0,81,2024-04-20T07:28:20.828000+00:00,9664,1233
530.9,9.0,23,2024-04-20T07:28:31.977000+00:00,9664,1233
731.0,7.0,4,2024-04-20T07:28:43.130000+00:00,9664,1233
610.2,7.0,77,2024-04-20T07:28:45.634000+00:00,9664,1233
497.6,7.0,1,2024-04-20T07:28:57.501000+00:00,9664,1233
460.1,9.0,16,2024-04-20T07:29:05.735000+00:00,9664,1233
496.8,8.0,11,2024-04-20T07:29:13.075000+00:00,9664,1233
936.9,7.0,55,2024-04-20T07:29:16.224000+00:00,9664,1233
519.0,10.0,63,2024-04-20T07:29:34.020000+00:00,9664,1233
1449.2,12.0,63,2024-04-20T07:45:04.174000+00:00,9664,1233
1504.0,10.0,1,2024-04-20T07:45:43.855000+00:00,9664,1233
1579.1,13.0,10,2024-04-20T07:47:35.651000+00:00,9664,1233
1627.1,10.0,18,2024-04-20T07:47:45.208000+00:00,9664,1233
2312.2,7.0,14,2024-04-20T07:47:53.444000+00:00,9664,1233
1600.9,13.0,31,2024-04-20T07:47:59.848000+00:00,9664,1233
919.8,13.0,27,2024-04-20T07:48:11.034000+00:00,9664,1233
1664.5,10.0,3,2024-04-20T07:48:16.800000+00:00,9664,1233
2084.3,9.0,55,2024-04-20T07:48:24.043000+00:00,9664,1233
1735.9,12.0,23,2024-04-20T07:48:37.057000+00:00,9664,1233
1646.4,12.0,16,2024-04-20T07:48:51.851000+00:00,9664,1233
1682.0,11.0,11,2024-04-20T07:48:58.209000+00:00,9664,1233
1827.3,10.0,77,2024-04-20T07:49:02.772000+00:00,9664,1233
2203.3,9.0,81,2024-04-20T07:49:10.843000+00:00,9664,1233
370.5,16.0,27,2024-04-20T08:00:03.559000+00:00,9664,1233
553.9,15.0,63,2024-04-20T08:00:10.128000+00:00,9664,1233
533.3,13.0,1,2024-04-20T08:00:21.592000+00:00,9664,1233
349.9,14.0,11,2024-04-20T08:00:26.738000+00:00,9664,1233
408.8,10.0,14,2024-04-20T08:00:40.927000+00:00,9664,1233
459.2,11.0,81,2024-04-20T08:00:49.773000+00:00,9664,1233
388.4,12.0,55,2024-04-20T08:00:53.644000+00:00,9664,1233
2678.3,10.0,4,2024-04-20T08:01:10.394000+00:00,9664,1233
411.7,15.0,16,2024-04-20T08:01:19.828000+00:00,9664,1233
156.1,19.0,27,2024-04-20T08:08:01.350000+00:00,9664,1233
141.5,18.0,63,2024-04-20T08:08:08.555000+00:00,9664,1233
96.9,15.0,55,2024-04-20T08:08:19.396000+00:00,9664,1233
98.2,18.0,16,2024-04-20T08:08:27.343000+00:00,9664,1233
114.4,14.0,81,2024-04-20T08:08:34.282000+00:00,9664,1233
832.3,13.0,77,2024-04-20T08:08:44.613000+00:00,9664,1233
130.4,13.0,4,2024-04-20T08:08:56.939000+00:00,9664,1233
194.0,16.0,1,2024-04-20T08:09:07.441000+00:00,9664,1233
163.4,13.0,14,2024-04-20T08:09:18.868000+00:00,9664,1233
206.3,17.0,11,2024-04-20T08:09:31.271000+00:00,9664,1233
23.0,8.0,27,2024-04-21T07:17:54.233000+00:00,9673,1233
23.1,8.0,22,2024-04-21T07:17:58.818000+00:00,9673,1233
23.3,8.0,24,2024-04-21T07:18:03.165000+00:00,9673,1233
23.8,9.0,18,2024-04-21T07:19:34.534000+00:00,9673,1233
22.9,9.0,77,2024-04-21T07:19:35.920000+00:00,9673,1233
23.1,9.0,31,2024-04-21T07:19:38.517000+00:00,9673,1233
23.2,9.0,23,2024-04-21T07:19:39.721000+00:00,9673,1233
22.5,9.0,44,2024-04-21T07:19:42.310000+00:00,9673,1233
23.0,11.0,14,2024-04-21T07:22:51.787000+00:00,9673,1233
22.4,11.0,63,2024-04-21T07:22:55.186000+00:00,9673,1233
39.7,11.0,10,2024-04-21T07:23:24.239000+00:00,9673,1233
23.2,12.0,2,2024-04-21T07:24:57.873000+00:00,9673,1233
22.4,13.0,1,2024-04-21T07:25:56.763000+00:00,9673,1233
22.0,13.0,11,2024-04-21T07:26:05.986000+00:00,9673,1233
22.5,14.0,3,2024-04-21T07:28:16.873000+00:00,9673,1233
22.6,16.0,81,2024-04-21T07:31:26.972000+00:00,9673,1233
22.6,17.0,55,2024-04-21T07:33:12.635000+00:00,9673,1233
22.9,17.0,20,2024-04-21T07:33:37.510000+00:00,9673,1233
22.3,21.0,16,2024-04-21T07:39:57.405000+00:00,9673,1233
22.9,21.0,18,2024-04-21T07:40:30.736000+00:00,9673,1233
22.6,21.0,44,2024-04-21T07:40:46.670000+00:00,9673,1233
22.1,22.0,4,2024-04-21T07:41:59.952000+00:00,9673,1233
22.2,23.0,1,2024-04-21T07:44:07.683000+00:00,9673,1233
22.3,23.0,11,2024-04-21T07:44:26.611000+00:00,9673,1233
22.6,23.0,14,2024-04-21T07:44:44.517000+00:00,9673,1233
22.7,23.0,63,2024-04-21T07:44:48.706000+00:00,9673,1233
23.3,23.0,27,2024-04-21T07:45:05.889000+00:00,9673,1233
23.2,23.0,31,2024-04-21T07:45:12.139000+00:00,9673,1233
22.3,23.0,22,2024-04-21T07:45:17.677000+00:00,9673,1233
23.6,23.0,23,2024-04-21T07:45:21.571000+00:00,9673,1233
25.6,23.0,24,2024-04-21T07:45:28.719000+00:00,9673,1233
23.9,23.0,10,2024-04-21T07:45:36.934000+00:00,9673,1233
22.2,24.0,81,2024-04-21T07:47:04.642000+00:00,9673,1233
22.6,24.0,2,2024-04-21T07:47:38.247000+00:00,9673,1233
93.2,26.0,18,2024-04-21T07:53:19.912000+00:00,9673,1233
25.7,27.0,20,2024-04-21T07:54:48.761000+00:00,9673,1233
34.7,35.0,18,2024-04-21T08:10:45.289000+00:00,9673,1233
22.8,38.0,10,2024-04-21T08:15:35.007000+00:00,9673,1233
23.2,40.0,24,2024-04-21T08:18:59.803000+00:00,9673,1233
23.1,43.0,14,2024-04-21T08:23:42.506000+00:00,9673,1233
,1.0,20,2024-05-03T16:30:02.804000+00:00,9497,1234
,1.0,31,2024-05-03T16:30:06.929000+00:00,9497,1234
,1.0,81,2024-05-03T16:30:10.557000+00:00,9497,1234
,1.0,4,2024-05-03T16:30:21.409000+00:00,9497,1234
,1.0,10,2024-05-03T16:30:25.557000+00:00,9497,1234
,1.0,24,2024-05-03T16:30:28.914000+00:00,9497,1234
,1.0,77,2024-05-03T16:30:34.053000+00:00,9497,1234
,1.0,44,2024-05-03T16:30:48.195000+00:00,9497,1234
,1.0,14,2024-05-03T16:31:01.823000+00:00,9497,1234
,1.0,55,2024-05-03T16:31:06.433000+00:00,9497,1234
,1.0,3,2024-05-03T16:31:11.661000+00:00,9497,1234
,1.0,18,2024-05-03T16:31:14.338000+00:00,9497,1234
,1.0,22,2024-05-03T16:31:20.488000+00:00,9497,1234
,1.0,16,2024-05-03T16:31:23.877000+00:00,9497,1234
,1.0,1,2024-05-03T16:31:28.658000+00:00,9497,1234
,1.0,11,2024-05-03T16:31:39.709000+00:00,9497,1234
,1.0,63,2024-05-03T16:31:48.682000+00:00,9497,1234
,1.0,27,2024-05-03T16:31:53.831000+00:00,9497,1234
27.4,2.0,14,2024-05-03T16:33:28.548000+00:00,9497,1234
28.9,2.0,18,2024-05-03T16:33:39.136000+00:00,9497,1234
,1.0,2,2024-05-03T16:34:12.139000+00:00,9497,1234
,3.0,2,2024-05-03T16:46:04.233000+00:00,9497,1234
,5.0,22,2024-05-03T16:46:09.751000+00:00,9497,1234
,1.0,23,2024-05-03T16:46:13.001000+00:00,9497,1234
,5.0,11,2024-05-03T16:46:17.597000+00:00,9497,1234
645.5,3.0,14,2024-05-03T16:46:23.150000+00:00,9497,1234
,5.0,44,2024-05-03T16:46:30.528000+00:00,9497,1234
,5.0,63,2024-05-03T16:46:40.087000+00:00,9497,1234
660.7,3.0,18,2024-05-03T16:46:49.359000+00:00,9497,1234
,6.0,81,2024-05-03T16:46:57.009000+00:00,9497,1234
894.2,2.0,4,2024-05-03T16:47:05.053000+00:00,9497,1234
,5.0,3,2024-05-03T16:47:08.378000+00:00,9497,1234
,6.0,24,2024-05-03T16:47:17.369000+00:00,9497,1234
,6.0,10,2024-05-03T16:47:24.529000+00:00,9497,1234
,5.0,1,2024-05-03T16:49:50.040000+00:00,9497,1234
,6.0,20,2024-05-03T16:49:58.462000+00:00,9497,1234
,5.0,27,2024-05-03T16:50:51.577000+00:00,9497,1234
,6.0,77,2024-05-03T16:51:42.771000+00:00,9497,1234
,5.0,55,2024-05-03T16:51:45.854000+00:00,9497,1234
,6.0,31,2024-05-03T16:51:55.480000+00:00,9497,1234
31.8,7.0,2,2024-05-03T16:53:26.479000+00:00,9497,1234
29.6,8.0,44,2024-05-03T16:53:34.037000+00:00,9497,1234
23.1,6.0,23,2024-05-03T16:55:27.147000+00:00,9497,1234
345.9,8.0,11,2024-05-03T16:57:18.126000+00:00,9497,1234
259.1,10.0,63,2024-05-03T17:00:29.219000+00:00,9497,1234
250.6,11.0,22,2024-05-03T17:01:16.070000+00:00,9497,1234
556.7,9.0,81,2024-05-03T17:01:38.038000+00:00,9497,1234
248.9,9.0,27,2024-05-03T17:01:48.135000+00:00,9497,1234
314.3,9.0,77,2024-05-03T17:02:01.041000+00:00,9497,1234
218.4,11.0,44,2024-05-03T17:02:45.992000+00:00,9497,1234
429.4,7.0,4,2024-05-03T17:03:22.676000+00:00,9497,1234
30.2,16.0,22,2024-05-03T17:09:30.848000+00:00,9497,1234
22.4,14.0,81,2024-05-03T17:10:34.819000+00:00,9497,1234
721.8,10.0,14,2024-05-03T17:11:12.923000+00:00,9497,1234
34.7,17.0,22,2024-05-03T17:11:36.307000+00:00,9497,1234
31.3,19.0,3,2024-05-03T17:12:55.282000+00:00,9497,1234
320.3,14.0,23,2024-05-03T17:13:21.030000+00:00,9497,1234
691.9,14.0,24,2024-05-03T17:13:55.290000+00:00,9497,1234
296.8,14.0,77,2024-05-03T17:15:01.208000+00:00,9497,1234
614.3,15.0,2,2024-05-03T17:16:27.040000+00:00,9497,1234
424.6,19.0,10,2024-05-03T17:17:10.528000+00:00,9497,1234
461.1,18.0,1,2024-05-03T17:17:49.495000+00:00,9497,1234
386.1,17.0,55,2024-05-03T17:19:13.460000+00:00,9497,1234
283.3,19.0,63,2024-05-03T17:19:28.851000+00:00,9497,1234
392.1,18.0,22,2024-05-03T17:19:49.722000+00:00,9497,1234
328.1,20.0,3,2024-05-03T17:20:01.992000+00:00,9497,1234
293.5,19.0,44,2024-05-03T17:20:12.002000+00:00,9497,1234
495.9,20.0,20,2024-05-03T17:20:20.581000+00:00,9497,1234
479.8,18.0,18,2024-05-03T17:20:29.480000+00:00,9497,1234
618.8,17.0,31,2024-05-03T17:20:52.366000+00:00,9497,1234
238.5,19.0,27,2024-05-03T17:21:27.298000+00:00,9497,1234
588.8,18.0,11,2024-05-03T17:22:45.734000+00:00,9497,1234
17.0,21.0,1,2024-05-03T17:24:36.029000+00:00,9497,1234
29.8,22.0,63,2024-05-03T17:25:27.952000+00:00,9497,1234
38.1,20.0,55,2024-05-03T17:25:32.499000+00:00,9497,1234
366.5,20.0,81,2024-05-03T17:25:58.479000+00:00,9497,1234
374.1,17.0,4,2024-05-03T17:26:00.784000+00:00,9497,1234
43.8,21.0,2,2024-05-03T17:28:00.326000+00:00,9497,1234
28.2,22.0,23,2024-05-03T17:28:43.145000+00:00,9497,1234
29.7,21.0,11,2024-05-03T17:28:52.168000+00:00,9497,1234
193.7,22.0,44,2024-05-03T17:29:03.030000+00:00,9497,1234
23.2,19.0,4,2024-05-03T17:29:57.831000+00:00,9497,1234
,1.0,16,2024-05-03T20:30:12.418000+00:00,9502,1234
,1.0,24,2024-05-03T20:30:49.270000+00:00,9502,1234
,1.0,77,2024-05-03T20:30:51.280000+00:00,9502,1234
,1.0,18,2024-05-03T20:30:58.171000+00:00,9502,1234
,1.0,14,2024-05-03T20:31:09.652000+00:00,9502,1234
,1.0,55,2024-05-03T20:31:12.310000+00:00,9502,1234
,1.0,4,2024-05-03T20:31:31.072000+00:00,9502,1234
,1.0,11,2024-05-03T20:31:43.061000+00:00,9502,1234
,1.0,1,2024-05-03T20:31:48.925000+00:00,9502,1234
,1.0,81,2024-05-03T20:31:55.981000+00:00,9502,1234
,1.0,27,2024-05-03T20:32:11.591000+00:00,9502,1234
,1.0,31,2024-05-03T20:32:16.055000+00:00,9502,1234
,1.0,10,2024-05-03T20:32:22.344000+00:00,9502,1234
,1.0,20,2024-05-03T20:32:25.508000+00:00,9502,1234
,1.0,44,2024-05-03T20:32:39.386000+00:00,9502,1234
,1.0,3,2024-05-03T20:32:45.146000+00:00,9502,1234
,1.0,63,2024-05-03T20:32:57.485000+00:00,9502,1234
,1.0,22,2024-05-03T20:33:07.751000+00:00,9502,1234
,1.0,2,2024-05-03T20:33:18.853000+00:00,9502,1234
,1.0,23,2024-05-03T20:33:25.086000+00:00,9502,1234
19.6,4.0,3,2024-05-03T20:38:36.099000+00:00,9502,1234
40.9,4.0,44,2024-05-03T20:38:44.964000+00:00,9502,1234
76.1,4.0,27,2024-05-03T20:38:47.099000+00:00,9502,1234
38.1,4.0,63,2024-05-03T20:39:03.728000+00:00,9502,1234
178.7,4.0,18,2024-05-03T20:39:10.168000+00:00,9502,1234
170.2,4.0,14,2024-05-03T20:39:16.173000+00:00,9502,1234
359.2,7.0,20,2024-05-03T20:49:16.463000+00:00,9502,1234
316.0,7.0,27,2024-05-03T20:49:18.194000+00:00,9502,1234
733.9,4.0,11,2024-05-03T20:49:24.466000+00:00,9502,1234
291.8,7.0,18,2024-05-03T20:49:32.075000+00:00,9502,1234
347.5,7.0,3,2024-05-03T20:49:37.936000+00:00,9502,1234
294.4,7.0,14,2024-05-03T20:49:48.476000+00:00,9502,1234
411.0,7.0,31,2024-05-03T20:49:57.345000+00:00,9502,1234
361.4,9.0,16,2024-05-03T20:50:08.875000+00:00,9502,1234
385.4,7.0,44,2024-05-03T20:50:23.320000+00:00,9502,1234
422.1,8.0,55,2024-05-03T20:50:30.494000+00:00,9502,1234
386.3,7.0,63,2024-05-03T20:50:44.581000+00:00,9502,1234
357.9,8.0,81,2024-05-03T20:50:54.922000+00:00,9502,1234
529.4,7.0,4,2024-05-03T20:51:04.213000+00:00,9502,1234
664.3,7.0,22,2024-05-03T20:54:45.721000+00:00,9502,1234
744.9,7.0,1,2024-05-03T20:55:09.522000+00:00,9502,1234
18.5,10.0,18,2024-05-03T20:55:15.134000+00:00,9502,1234
50.5,10.0,27,2024-05-03T20:55:30.606000+00:00,9502,1234
30.0,10.0,3,2024-05-03T20:55:43.367000+00:00,9502,1234
63.8,7.0,11,2024-05-03T20:55:47.920000+00:00,9502,1234
28.9,10.0,14,2024-05-03T20:55:56.960000+00:00,9502,1234
28.5,10.0,44,2024-05-03T20:56:16.612000+00:00,9502,1234
17.8,10.0,63,2024-05-03T20:56:25.035000+00:00,9502,1234
575.1,13.0,27,2024-05-03T21:10:15.135000+00:00,9502,1234
655.9,9.0,11,2024-05-03T21:10:23.914000+00:00,9502,1234
607.6,10.0,1,2024-05-03T21:10:27.135000+00:00,9502,1234
677.7,12.0,3,2024-05-03T21:10:30.598000+00:00,9502,1234
606.3,13.0,18,2024-05-03T21:10:40.791000+00:00,9502,1234
680.4,12.0,14,2024-05-03T21:10:55.537000+00:00,9502,1234
900.0,10.0,4,2024-05-03T21:11:15.495000+00:00,9502,1234
619.2,15.0,16,2024-05-03T21:11:23.347000+00:00,9502,1234
595.9,14.0,55,2024-05-03T21:11:26.457000+00:00,9502,1234
596.1,14.0,81,2024-05-03T21:11:42.806000+00:00,9502,1234
19.5,1.0,1,2024-05-04T16:05:51.566000+00:00,9506,1234
19.0,1.0,16,2024-05-04T16:05:53.499000+00:00,9506,1234
21.2,1.0,3,2024-05-04T16:05:57.948000+00:00,9506,1234
21.2,1.0,11,2024-05-04T16:05:59.679000+00:00,9506,1234
21.3,1.0,55,2024-05-04T16:06:01.040000+00:00,9506,1234
21.9,1.0,81,2024-05-04T16:06:03.568000+00:00,9506,1234
22.0,1.0,27,2024-05-04T16:06:05.480000+00:00,9506,1234
21.8,1.0,20,2024-05-04T16:06:06.450000+00:00,9506,1234
23.3,1.0,44,2024-05-04T16:06:09.393000+00:00,9506,1234
21.2,1.0,22,2024-05-04T16:06:11.502000+00:00,9506,1234
21.0,1.0,10,2024-05-04T16:06:15.337000+00:00,9506,1234
21.6,1.0,2,2024-05-04T16:06:16.875000+00:00,9506,1234
20.9,1.0,24,2024-05-04T16:06:18.990000+00:00,9506,1234
22.9,1.0,63,2024-05-04T16:06:22.457000+00:00,9506,1234
23.2,1.0,77,2024-05-04T16:06:24.060000+00:00,9506,1234
22.2,1.0,23,2024-05-04T16:06:25.818000+00:00,9506,1234
40.3,1.0,31,2024-05-04T16:06:31.733000+00:00,9506,1234
35.3,1.0,14,2024-05-04T16:06:40.909000+00:00,9506,1234
17.6,2.0,1,2024-05-04T16:08:23.026000+00:00,9506,1234
18.1,2.0,16,2024-05-04T16:08:25.171000+00:00,9506,1234
19.2,2.0,3,2024-05-04T16:08:28.143000+00:00,9506,1234
19.6,2.0,11,2024-05-04T16:08:30.440000+00:00,9506,1234
19.7,2.0,55,2024-05-04T16:08:31.493000+00:00,9506,1234
19.0,2.0,81,2024-05-04T16:08:33.169000+00:00,9506,1234
19.4,2.0,27,2024-05-04T16:08:35.667000+00:00,9506,1234
19.3,2.0,20,2024-05-04T16:08:37.937000+00:00,9506,1234
23.8,2.0,44,2024-05-04T16:08:43.699000+00:00,9506,1234
23.3,2.0,22,2024-05-04T16:08:45.779000+00:00,9506,1234
23.7,2.0,10,2024-05-04T16:08:48.004000+00:00,9506,1234
23.8,2.0,2,2024-05-04T16:08:49.455000+00:00,9506,1234
23.8,2.0,24,2024-05-04T16:08:50.700000+00:00,9506,1234
24.6,2.0,63,2024-05-04T16:08:52.440000+00:00,9506,1234
23.8,2.0,77,2024-05-04T16:08:53.479000+00:00,9506,1234
24.0,2.0,23,2024-05-04T16:08:55.194000+00:00,9506,1234
23.9,2.0,31,2024-05-04T16:08:56.420000+00:00,9506,1234
22.8,2.0,14,2024-05-04T16:09:00.657000+00:00,9506,1234
20.8,18.0,14,2024-05-04T16:34:41.167000+00:00,9506,1234
,1.0,2,2024-05-04T20:00:03.794000+00:00,9498,1234
,1.0,20,2024-05-04T20:00:05.735000+00:00,9498,1234
,1.0,27,2024-05-04T20:00:08.951000+00:00,9498,1234
,1.0,31,2024-05-04T20:00:13.786000+00:00,9498,1234
,1.0,10,2024-05-04T20:00:29.344000+00:00,9498,1234
,1.0,44,2024-05-04T20:00:40.020000+00:00,9498,1234
,1.0,23,2024-05-04T20:00:47.489000+00:00,9498,1234
,1.0,24,2024-05-04T20:00:55.835000+00:00,9498,1234
,1.0,3,2024-05-04T20:01:00.445000+00:00,9498,1234
,1.0,63,2024-05-04T20:01:04.260000+00:00,9498,1234
,1.0,14,2024-05-04T20:01:10.474000+00:00,9498,1234
,1.0,55,2024-05-04T20:01:12.885000+00:00,9498,1234
,1.0,18,2024-05-04T20:01:27.460000+00:00,9498,1234
,1.0,16,2024-05-04T20:01:41.405000+00:00,9498,1234
,1.0,4,2024-05-04T20:01:57.042000+00:00,9498,1234
,1.0,81,2024-05-04T20:02:02.298000+00:00,9498,1234
,1.0,11,2024-05-04T20:02:11.664000+00:00,9498,1234
,1.0,22,2024-05-04T20:02:17.004000+00:00,9498,1234
,1.0,1,2024-05-04T20:05:46.044000+00:00,9498,1234
,1.0,77,2024-05-04T20:05:55.836000+00:00,9498,1234
43.5,4.0,27,2024-05-04T20:06:16.860000+00:00,9498,1234
190.3,3.0,2,2024-05-04T20:06:34.990000+00:00,9498,1234
77.3,4.0,20,2024-05-04T20:06:43.277000+00:00,9498,1234
25.9,4.0,14,2024-05-04T20:07:10.888000+00:00,9498,1234
52.1,4.0,3,2024-05-04T20:07:20.349000+00:00,9498,1234
90.3,4.0,44,2024-05-04T20:07:26.349000+00:00,9498,1234
107.1,4.0,10,2024-05-04T20:07:30.120000+00:00,9498,1234
115.0,4.0,31,2024-05-04T20:07:34.237000+00:00,9498,1234
92.4,4.0,63,2024-05-04T20:07:36.553000+00:00,9498,1234
101.9,4.0,24,2024-05-04T20:07:43.007000+00:00,9498,1234
74.6,4.0,55,2024-05-04T20:07:48.442000+00:00,9498,1234
87.3,4.0,16,2024-05-04T20:08:19.581000+00:00,9498,1234
73.2,4.0,81,2024-05-04T20:08:33.576000+00:00,9498,1234
108.0,4.0,4,2024-05-04T20:08:51.747000+00:00,9498,1234
153.7,4.0,11,2024-05-04T20:09:57.065000+00:00,9498,1234
26.3,7.0,16,2024-05-04T20:14:04.384000+00:00,9498,1234
191.4,4.0,1,2024-05-04T20:14:12.344000+00:00,9498,1234
149.4,7.0,20,2024-05-04T20:14:15.230000+00:00,9498,1234
170.3,7.0,27,2024-05-04T20:14:19.290000+00:00,9498,1234
168.1,6.0,2,2024-05-04T20:14:28.894000+00:00,9498,1234
193.1,7.0,23,2024-05-04T20:14:40.347000+00:00,9498,1234
118.5,7.0,31,2024-05-04T20:14:52.802000+00:00,9498,1234
122.3,7.0,22,2024-05-04T20:15:02.175000+00:00,9498,1234
166.2,7.0,3,2024-05-04T20:15:16.130000+00:00,9498,1234
173.6,7.0,44,2024-05-04T20:15:27.155000+00:00,9498,1234
162.0,7.0,63,2024-05-04T20:15:39.952000+00:00,9498,1234
185.2,7.0,10,2024-05-04T20:15:49.355000+00:00,9498,1234
208.9,7.0,14,2024-05-04T20:15:53.282000+00:00,9498,1234
231.1,7.0,18,2024-05-04T20:15:57.578000+00:00,9498,1234
162.3,7.0,55,2024-05-04T20:15:59.765000+00:00,9498,1234
184.2,7.0,24,2024-05-04T20:16:06.218000+00:00,9498,1234
306.1,4.0,77,2024-05-04T20:16:10.582000+00:00,9498,1234
143.6,7.0,81,2024-05-04T20:16:14.645000+00:00,9498,1234
402.5,10.0,22,2024-05-04T20:27:12.398000+00:00,9498,1234
359.9,10.0,18,2024-05-04T20:27:16.928000+00:00,9498,1234
749.5,7.0,11,2024-05-04T20:27:24.848000+00:00,9498,1234
476.6,7.0,1,2024-05-04T20:27:38.152000+00:00,9498,1234
502.2,10.0,4,2024-05-04T20:27:48.570000+00:00,9498,1234
486.4,9.0,81,2024-05-04T20:27:56.873000+00:00,9498,1234
432.4,10.0,44,2024-05-04T20:28:03.354000+00:00,9498,1234
428.5,10.0,63,2024-05-04T20:28:15.186000+00:00,9498,1234
427.1,10.0,55,2024-05-04T20:28:18.252000+00:00,9498,1234
529.6,10.0,16,2024-05-04T20:28:20.479000+00:00,9498,1234
439.0,10.0,14,2024-05-04T20:28:29.382000+00:00,9498,1234
498.5,10.0,31,2024-05-04T20:28:34.743000+00:00,9498,1234
450.7,10.0,10,2024-05-04T20:28:44.226000+00:00,9498,1234
557.5,10.0,27,2024-05-04T20:29:08.826000+00:00,9498,1234
550.1,10.0,23,2024-05-04T20:29:15.269000+00:00,9498,1234
95.4,13.0,27,2024-05-04T20:35:50.864000+00:00,9498,1234
210.5,13.0,22,2024-05-04T20:35:53.675000+00:00,9498,1234
131.0,13.0,14,2024-05-04T20:36:05.457000+00:00,9498,1234
210.4,10.0,11,2024-05-04T20:36:13.326000+00:00,9498,1234
226.6,13.0,18,2024-05-04T20:36:23.827000+00:00,9498,1234
178.1,13.0,16,2024-05-04T20:36:32.008000+00:00,9498,1234
200.7,13.0,44,2024-05-04T20:36:40.448000+00:00,9498,1234
179.4,13.0,55,2024-05-04T20:36:44.312000+00:00,9498,1234
210.5,13.0,63,2024-05-04T20:37:01.041000+00:00,9498,1234
268.8,10.0,1,2024-05-04T20:37:13.176000+00:00,9498,1234
188.7,13.0,31,2024-05-04T20:37:19.136000+00:00,9498,1234
196.5,13.0,10,2024-05-04T20:37:30.934000+00:00,9498,1234
284.6,13.0,4,2024-05-04T20:37:50.660000+00:00,9498,1234
192.6,13.0,23,2024-05-04T20:37:59.789000+00:00,9498,1234
285.7,12.0,81,2024-05-04T20:38:03.661000+00:00,9498,1234
427.4,16.0,27,2024-05-04T20:48:03.904000+00:00,9498,1234
418.4,16.0,22,2024-05-04T20:48:15.573000+00:00,9498,1234
384.4,16.0,44,2024-05-04T20:48:25.558000+00:00,9498,1234
370.0,16.0,63,2024-05-04T20:48:33.012000+00:00,9498,1234
426.1,13.0,11,2024-05-04T20:48:43.622000+00:00,9498,1234
388.1,13.0,1,2024-05-04T20:48:52.304000+00:00,9498,1234
375.1,16.0,4,2024-05-04T20:49:08.207000+00:00,9498,1234
442.1,16.0,16,2024-05-04T20:49:18.004000+00:00,9498,1234
423.3,16.0,55,2024-05-04T20:49:21.126000+00:00,9498,1234
463.1,14.0,81,2024-05-04T20:49:30.130000+00:00,9498,1234
205.3,19.0,27,2024-05-04T20:56:25.537000+00:00,9498,1234
189.1,19.0,22,2024-05-04T20:56:30.466000+00:00,9498,1234
113.6,17.0,81,2024-05-04T20:56:38.446000+00:00,9498,1234
168.6,16.0,11,2024-05-04T20:56:43.783000+00:00,9498,1234
176.5,16.0,1,2024-05-04T20:57:00.010000+00:00,9498,1234
173.9,19.0,4,2024-05-04T20:57:15.367000+00:00,9498,1234
185.9,19.0,16,2024-05-04T20:57:28.826000+00:00,9498,1234
181.5,19.0,55,2024-05-04T20:57:32.416000+00:00,9498,1234
255.2,19.0,44,2024-05-04T20:57:50.005000+00:00,9498,1234
244.4,19.0,63,2024-05-04T20:57:56.027000+00:00,9498,1234
22.8,10.0,23,2024-05-05T20:19:39.371000+00:00,9507,1234
23.0,11.0,18,2024-05-05T20:21:11.694000+00:00,9507,1234
22.6,11.0,2,2024-05-05T20:21:15.599000+00:00,9507,1234
23.7,11.0,77,2024-05-05T20:21:19.373000+00:00,9507,1234
23.0,12.0,27,2024-05-05T20:22:45.279000+00:00,9507,1234
22.4,12.0,10,2024-05-05T20:22:45.973000+00:00,9507,1234
21.6,17.0,11,2024-05-05T20:30:19.386000+00:00,9507,1234
21.8,19.0,16,2024-05-05T20:33:18.881000+00:00,9507,1234
22.6,22.0,31,2024-05-05T20:38:31.386000+00:00,9507,1234
22.3,22.0,14,2024-05-05T20:38:34.448000+00:00,9507,1234
23.2,22.0,20,2024-05-05T20:38:42.299000+00:00,9507,1234
22.1,23.0,1,2024-05-05T20:39:40.124000+00:00,9507,1234
22.8,24.0,63,2024-05-05T20:41:42.351000+00:00,9507,1234
22.1,26.0,44,2024-05-05T20:44:45.874000+00:00,9507,1234
22.2,27.0,81,2024-05-05T20:45:54.132000+00:00,9507,1234
22.8,27.0,55,2024-05-05T20:45:57.233000+00:00,9507,1234
22.3,28.0,11,2024-05-05T20:48:03.247000+00:00,9507,1234
22.1,28.0,22,2024-05-05T20:48:06.859000+00:00,9507,1234
23.0,28.0,24,2024-05-05T20:48:24.627000+00:00,9507,1234
22.5,28.0,3,2024-05-05T20:48:28.816000+00:00,9507,1234
22.4,28.0,27,2024-05-05T20:48:36.053000+00:00,9507,1234
22.6,28.0,18,2024-05-05T20:48:38.702000+00:00,9507,1234
29.7,28.0,20,2024-05-05T20:49:18.254000+00:00,9507,1234
22.0,29.0,4,2024-05-05T20:49:38.496000+00:00,9507,1234
22.7,29.0,77,2024-05-05T20:50:57.695000+00:00,9507,1234
30.7,31.0,20,2024-05-05T20:55:08.149000+00:00,9507,1234
30.4,40.0,81,2024-05-05T21:09:05.656000+00:00,9507,1234
22.5,53.0,23,2024-05-05T21:29:26.144000+00:00,9507,1234
,1.0,14,2024-05-17T11:30:03.349000+00:00,9508,1235
,1.0,2,2024-05-17T11:30:11.754000+00:00,9508,1235
,1.0,23,2024-05-17T11:30:21.797000+00:00,9508,1235
,1.0,31,2024-05-17T11:30:27.442000+00:00,9508,1235
,1.0,24,2024-05-17T11:30:30.249000+00:00,9508,1235
,1.0,27,2024-05-17T11:30:40.204000+00:00,9508,1235
,1.0,50,2024-05-17T11:30:43.843000+00:00,9508,1235
,1.0,55,2024-05-17T11:30:50.390000+00:00,9508,1235
,1.0,77,2024-05-17T11:30:56.204000+00:00,9508,1235
,1.0,10,2024-05-17T11:31:04.106000+00:00,9508,1235
,1.0,18,2024-05-17T11:31:07.146000+00:00,9508,1235
,1.0,1,2024-05-17T11:31:20.297000+00:00,9508,1235
,1.0,11,2024-05-17T11:31:28.351000+00:00,9508,1235
,1.0,3,2024-05-17T11:31:32.060000+00:00,9508,1235
,1.0,16,2024-05-17T11:31:35.718000+00:00,9508,1235
,1.0,81,2024-05-17T11:31:37.140000+00:00,9508,1235
,1.0,22,2024-05-17T11:31:43.610000+00:00,9508,1235
,1.0,44,2024-05-17T11:31:56.723000+00:00,9508,1235
,1.0,63,2024-05-17T11:31:58.497000+00:00,9508,1235
,1.0,4,2024-05-17T11:32:25.643000+00:00,9508,1235
34.2,2.0,4,2024-05-17T11:34:57.713000+00:00,9508,1235
59.3,3.0,81,2024-05-17T11:35:43.309000+00:00,9508,1235
45.0,3.0,4,2024-05-17T11:37:24.191000+00:00,9508,1235
355.3,3.0,23,2024-05-17T11:39:27.194000+00:00,9508,1235
33.0,4.0,4,2024-05-17T11:39:38.984000+00:00,9508,1235
464.6,2.0,2,2024-05-17T11:39:41.171000+00:00,9508,1235
421.5,3.0,77,2024-05-17T11:41:07.440000+00:00,9508,1235
43.5,7.0,1,2024-05-17T11:42:13.204000+00:00,9508,1235
633.7,3.0,24,2024-05-17T11:44:33.248000+00:00,9508,1235
47.4,8.0,81,2024-05-17T11:44:36.185000+00:00,9508,1235
738.1,2.0,10,2024-05-17T11:45:05.856000+00:00,9508,1235
45.5,8.0,44,2024-05-17T11:45:10.578000+00:00,9508,1235
36.3,10.0,31,2024-05-17T11:45:49.208000+00:00,9508,1235
913.5,3.0,14,2024-05-17T11:48:39.316000+00:00,9508,1235
643.2,6.0,27,2024-05-17T11:48:44.034000+00:00,9508,1235
829.1,5.0,4,2024-05-17T11:55:11.347000+00:00,9508,1235
1311.9,4.0,14,2024-05-17T11:55:17.617000+00:00,9508,1235
799.6,8.0,18,2024-05-17T11:55:22.857000+00:00,9508,1235
1051.9,7.0,27,2024-05-17T11:55:32.783000+00:00,9508,1235
612.9,10.0,16,2024-05-17T11:55:36.672000+00:00,9508,1235
509.7,11.0,50,2024-05-17T11:55:54.809000+00:00,9508,1235
847.2,7.0,11,2024-05-17T11:55:56.115000+00:00,9508,1235
581.6,10.0,63,2024-05-17T11:56:36.064000+00:00,9508,1235
570.3,10.0,1,2024-05-17T11:56:47.205000+00:00,9508,1235
,12.0,3,2024-05-17T11:57:46.235000+00:00,9508,1235
,12.0,22,2024-05-17T11:57:54.184000+00:00,9508,1235
854.2,11.0,81,2024-05-17T11:58:03.035000+00:00,9508,1235
599.7,12.0,55,2024-05-17T11:58:13.640000+00:00,9508,1235
643.8,11.0,31,2024-05-17T11:58:26.673000+00:00,9508,1235
859.7,11.0,44,2024-05-17T11:58:44.783000+00:00,9508,1235
1627.9,5.0,10,2024-05-17T11:59:55.606000+00:00,9508,1235
1685.2,9.0,77,2024-05-17T12:02:11.159000+00:00,9508,1235
28.4,15.0,55,2024-05-17T12:04:01.471000+00:00,9508,1235
1942.0,9.0,2,2024-05-17T12:04:18.533000+00:00,9508,1235
30.2,15.0,16,2024-05-17T12:04:46.746000+00:00,9508,1235
27.7,18.0,22,2024-05-17T12:08:59.777000+00:00,9508,1235
475.7,13.0,18,2024-05-17T12:11:41.558000+00:00,9508,1235
656.7,13.0,1,2024-05-17T12:12:08.371000+00:00,9508,1235
433.5,17.0,50,2024-05-17T12:12:59.988000+00:00,9508,1235
2341.9,6.0,24,2024-05-17T12:13:01.434000+00:00,9508,1235
30.8,14.0,1,2024-05-17T12:14:22.964000+00:00,9508,1235
520.6,13.0,11,2024-05-17T12:14:44.813000+00:00,9508,1235
391.1,18.0,16,2024-05-17T12:16:05.435000+00:00,9508,1235
438.4,17.0,63,2024-05-17T12:16:19.614000+00:00,9508,1235
305.2,12.0,10,2024-05-17T12:16:29.551000+00:00,9508,1235
431.7,19.0,22,2024-05-17T12:17:52.236000+00:00,9508,1235
356.0,18.0,44,2024-05-17T12:18:23.137000+00:00,9508,1235
595.9,13.0,14,2024-05-17T12:18:33.053000+00:00,9508,1235
338.4,20.0,31,2024-05-17T12:19:45.944000+00:00,9508,1235
827.0,16.0,81,2024-05-17T12:20:04.833000+00:00,9508,1235
406.6,16.0,77,2024-05-17T12:20:08.849000+00:00,9508,1235
1127.0,11.0,27,2024-05-17T12:20:21.694000+00:00,9508,1235
35.7,17.0,1,2024-05-17T12:20:24.059000+00:00,9508,1235
1035.2,10.0,4,2024-05-17T12:20:25.220000+00:00,9508,1235
37.5,16.0,11,2024-05-17T12:20:29.918000+00:00,9508,1235
786.4,17.0,55,2024-05-17T12:20:32.031000+00:00,9508,1235
464.5,14.0,2,2024-05-17T12:20:38.214000+00:00,9508,1235
774.2,18.0,3,2024-05-17T12:20:57.548000+00:00,9508,1235
31.7,11.0,4,2024-05-17T12:22:22.481000+00:00,9508,1235
94.7,17.0,77,2024-05-17T12:23:09.597000+00:00,9508,1235
30.8,23.0,3,2024-05-17T12:28:27.145000+00:00,9508,1235
144.5,18.0,14,2024-05-17T12:28:41.908000+00:00,9508,1235
43.8,25.0,44,2024-05-17T12:29:02.842000+00:00,9508,1235
390.9,20.0,18,2024-05-17T12:29:16.047000+00:00,9508,1235
,1.0,31,2024-05-17T15:00:03.765000+00:00,9509,1235
,1.0,63,2024-05-17T15:00:05.525000+00:00,9509,1235
,1.0,27,2024-05-17T15:00:09.481000+00:00,9509,1235
,1.0,20,2024-05-17T15:00:15.867000+00:00,9509,1235
,1.0,14,2024-05-17T15:00:25.787000+00:00,9509,1235
,1.0,22,2024-05-17T15:00:31.626000+00:00,9509,1235
,1.0,24,2024-05-17T15:00:34.731000+00:00,9509,1235
,1.0,3,2024-05-17T15:00:41.030000+00:00,9509,1235
,1.0,18,2024-05-17T15:00:46.679000+00:00,9509,1235
,1.0,10,2024-05-17T15:00:54.187000+00:00,9509,1235
,1.0,55,2024-05-17T15:00:56.571000+00:00,9509,1235
,1.0,77,2024-05-17T15:00:57.528000+00:00,9509,1235
,1.0,44,2024-05-17T15:01:01.856000+00:00,9509,1235
,1.0,16,2024-05-17T15:01:08.586000+00:00,9509,1235
,1.0,4,2024-05-17T15:01:23.346000+00:00,9509,1235
,1.0,11,2024-05-17T15:01:26.121000+00:00,9509,1235
,1.0,1,2024-05-17T15:01:51.134000+00:00,9509,1235
,1.0,81,2024-05-17T15:04:00.313000+00:00,9509,1235
34.4,5.0,11,2024-05-17T15:08:39.586000+00:00,9509,1235
38.8,6.0,20,2024-05-17T15:08:57.682000+00:00,9509,1235
391.7,3.0,27,2024-05-17T15:09:40.166000+00:00,9509,1235
36.9,6.0,55,2024-05-17T15:10:16.281000+00:00,9509,1235
39.8,7.0,3,2024-05-17T15:11:33.801000+00:00,9509,1235
52.4,6.0,81,2024-05-17T15:13:11.249000+00:00,9509,1235
307.4,11.0,63,2024-05-17T15:21:24.245000+00:00,9509,1235
,1.0,23,2024-05-17T15:22:02.607000+00:00,9509,1235
551.8,9.0,14,2024-05-17T15:22:37.308000+00:00,9509,1235
543.1,8.0,4,2024-05-17T15:22:46.903000+00:00,9509,1235
429.3,10.0,10,2024-05-17T15:22:56.885000+00:00,9509,1235
634.5,8.0,77,2024-05-17T15:23:02.415000+00:00,9509,1235
485.6,9.0,44,2024-05-17T15:23:11.882000+00:00,9509,1235
439.4,10.0,3,2024-05-17T15:23:23.276000+00:00,9509,1235
526.4,10.0,20,2024-05-17T15:23:28.506000+00:00,9509,1235
604.0,8.0,16,2024-05-17T15:23:38.561000+00:00,9509,1235
512.7,9.0,55,2024-05-17T15:23:47.399000+00:00,9509,1235
485.7,10.0,22,2024-05-17T15:23:55.265000+00:00,9509,1235
666.8,9.0,31,2024-05-17T15:24:15.757000+00:00,9509,1235
588.9,10.0,24,2024-05-17T15:25:05.122000+00:00,9509,1235
,1.0,2,2024-05-17T15:25:08.463000+00:00,9509,1235
816.9,7.0,1,2024-05-17T15:25:49.085000+00:00,9509,1235
497.0,9.0,81,2024-05-17T15:26:09.232000+00:00,9509,1235
1010.5,7.0,18,2024-05-17T15:27:17.711000+00:00,9509,1235
589.8,8.0,27,2024-05-17T15:27:24.263000+00:00,9509,1235
818.5,8.0,11,2024-05-17T15:27:35.872000+00:00,9509,1235
32.6,11.0,16,2024-05-17T15:29:11.820000+00:00,9509,1235
36.1,12.0,55,2024-05-17T15:29:51.118000+00:00,9509,1235
33.5,6.0,2,2024-05-17T15:33:18.937000+00:00,9509,1235
34.3,11.0,11,2024-05-17T15:33:25.907000+00:00,9509,1235
466.7,10.0,4,2024-05-17T15:33:36+00:00,9509,1235
35.2,15.0,44,2024-05-17T15:35:23.556000+00:00,9509,1235
35.3,9.0,23,2024-05-17T15:35:36.926000+00:00,9509,1235
335.0,16.0,22,2024-05-17T15:40:01.885000+00:00,9509,1235
364.5,16.0,20,2024-05-17T15:40:23.782000+00:00,9509,1235
365.1,14.0,81,2024-05-17T15:40:28.491000+00:00,9509,1235
426.4,16.0,3,2024-05-17T15:40:42.443000+00:00,9509,1235
311.7,18.0,10,2024-05-17T15:41:54.697000+00:00,9509,1235
400.7,15.0,16,2024-05-17T15:42:26.973000+00:00,9509,1235
282.1,17.0,31,2024-05-17T15:42:45.457000+00:00,9509,1235
373.4,14.0,27,2024-05-17T15:43:07.562000+00:00,9509,1235
360.6,9.0,2,2024-05-17T15:43:42.043000+00:00,9509,1235
292.9,17.0,55,2024-05-17T15:43:50.432000+00:00,9509,1235
553.4,15.0,77,2024-05-17T15:43:51.870000+00:00,9509,1235
577.1,16.0,24,2024-05-17T15:44:27.310000+00:00,9509,1235
458.9,20.0,63,2024-05-17T15:44:38.669000+00:00,9509,1235
542.6,17.0,14,2024-05-17T15:45:02.388000+00:00,9509,1235
30.2,16.0,77,2024-05-17T15:45:45.082000+00:00,9509,1235
372.3,18.0,44,2024-05-17T15:46:24.948000+00:00,9509,1235
375.4,12.0,23,2024-05-17T15:46:40.593000+00:00,9509,1235
39.0,21.0,63,2024-05-17T15:46:50.267000+00:00,9509,1235
416.8,15.0,11,2024-05-17T15:47:45.040000+00:00,9509,1235
30.4,18.0,24,2024-05-17T15:47:50.264000+00:00,9509,1235
324.6,16.0,18,2024-05-17T15:47:54.783000+00:00,9509,1235
30.1,19.0,44,2024-05-17T15:48:26.847000+00:00,9509,1235
698.9,13.0,1,2024-05-17T15:48:47.922000+00:00,9509,1235
34.2,28.0,10,2024-05-17T15:56:42.312000+00:00,9509,1235
40.4,27.0,4,2024-05-17T15:57:33.764000+00:00,9509,1235
31.3,27.0,81,2024-05-17T15:58:32.333000+00:00,9509,1235
30.5,25.0,27,2024-05-17T15:58:40.104000+00:00,9509,1235
,1.0,4,2024-05-18T10:30:13.383000+00:00,9510,1235
,1.0,18,2024-05-18T10:30:17.677000+00:00,9510,1235
,1.0,81,2024-05-18T10:30:22.778000+00:00,9510,1235
,1.0,14,2024-05-18T10:30:30.393000+00:00,9510,1235
,1.0,11,2024-05-18T10:30:41.149000+00:00,9510,1235
,1.0,1,2024-05-18T10:30:50.930000+00:00,9510,1235
,1.0,16,2024-05-18T10:31:06.665000+00:00,9510,1235
30.8,2.0,18,2024-05-18T10:32:31.379000+00:00,9510,1235
36.2,2.0,14,2024-05-18T10:32:50.651000+00:00,9510,1235
,1.0,55,2024-05-18T10:33:33.078000+00:00,9510,1235
,1.0,31,2024-05-18T10:36:11.697000+00:00,9510,1235
,1.0,10,2024-05-18T10:36:36.645000+00:00,9510,1235
279.3,3.0,18,2024-05-18T10:38:54.416000+00:00,9510,1235
36.1,4.0,55,2024-05-18T10:39:27.392000+00:00,9510,1235
35.2,6.0,16,2024-05-18T10:40:36.369000+00:00,9510,1235
430.2,3.0,14,2024-05-18T10:41:43.587000+00:00,9510,1235
33.9,7.0,1,2024-05-18T10:42:17.134000+00:00,9510,1235
635.9,2.0,4,2024-05-18T10:42:32.138000+00:00,9510,1235
,1.0,77,2024-05-18T10:43:34.353000+00:00,9510,1235
,1.0,27,2024-05-18T10:44:54.858000+00:00,9510,1235
,1.0,20,2024-05-18T10:45:40.031000+00:00,9510,1235
,1.0,44,2024-05-18T10:45:46.401000+00:00,9510,1235
,1.0,24,2024-05-18T10:45:50.549000+00:00,9510,1235
,1.0,63,2024-05-18T10:47:28.559000+00:00,9510,1235
479.8,7.0,11,2024-05-18T10:48:33.331000+00:00,9510,1235
24.9,4.0,77,2024-05-18T10:48:53.450000+00:00,9510,1235
,1.0,3,2024-05-18T10:49:28.643000+00:00,9510,1235
344.4,3.0,4,2024-05-18T10:50:05.880000+00:00,9510,1235
,1.0,23,2024-05-18T10:50:19.049000+00:00,9510,1235
,1.0,2,2024-05-18T10:50:43.727000+00:00,9510,1235
24.9,4.0,24,2024-05-18T10:51:23.696000+00:00,9510,1235
,1.0,22,2024-05-18T10:52:22.348000+00:00,9510,1235
27.1,4.0,63,2024-05-18T10:53:13.372000+00:00,9510,1235
1276.3,2.0,81,2024-05-18T10:53:19.067000+00:00,9510,1235
396.2,10.0,1,2024-05-18T10:53:35.485000+00:00,9510,1235
966.3,7.0,31,2024-05-18T11:02:03.873000+00:00,9510,1235
,4.0,3,2024-05-18T11:02:09.615000+00:00,9510,1235
920.0,7.0,10,2024-05-18T11:02:18.351000+00:00,9510,1235
1825.9,3.0,81,2024-05-18T11:02:29.899000+00:00,9510,1235
,3.0,22,2024-05-18T11:02:30.993000+00:00,9510,1235
934.4,11.0,1,2024-05-18T11:02:33.653000+00:00,9510,1235
,4.0,23,2024-05-18T11:02:48.314000+00:00,9510,1235
604.7,5.0,63,2024-05-18T11:02:50.944000+00:00,9510,1235
,4.0,2,2024-05-18T11:03:00.922000+00:00,9510,1235
617.9,11.0,55,2024-05-18T11:03:07.492000+00:00,9510,1235
1356.8,12.0,11,2024-05-18T11:03:09.955000+00:00,9510,1235
,6.0,44,2024-05-18T11:03:23.723000+00:00,9510,1235
1155.7,6.0,4,2024-05-18T11:03:38.069000+00:00,9510,1235
589.9,12.0,18,2024-05-18T11:03:42.376000+00:00,9510,1235
773.2,6.0,24,2024-05-18T11:03:52.095000+00:00,9510,1235
,7.0,27,2024-05-18T11:03:54.650000+00:00,9510,1235
1007.8,10.0,16,2024-05-18T11:04:05.916000+00:00,9510,1235
33.6,10.0,31,2024-05-18T11:07:12.464000+00:00,9510,1235
33.2,6.0,81,2024-05-18T11:07:50.555000+00:00,9510,1235
39.6,8.0,63,2024-05-18T11:08:05.308000+00:00,9510,1235
57.2,10.0,10,2024-05-18T11:08:13.484000+00:00,9510,1235
33.5,7.0,2,2024-05-18T11:08:24.134000+00:00,9510,1235
27.9,16.0,55,2024-05-18T11:10:25.260000+00:00,9510,1235
29.0,9.0,3,2024-05-18T11:11:04.990000+00:00,9510,1235
239.5,7.0,23,2024-05-18T11:11:30.621000+00:00,9510,1235
37.1,9.0,22,2024-05-18T11:13:22.319000+00:00,9510,1235
233.9,8.0,2,2024-05-18T11:13:41.153000+00:00,9510,1235
1248.0,7.0,77,2024-05-18T11:14:45.228000+00:00,9510,1235
497.4,9.0,24,2024-05-18T11:16:47.258000+00:00,9510,1235
276.6,18.0,18,2024-05-18T11:18:21.643000+00:00,9510,1235
37.6,10.0,77,2024-05-18T11:20:15.187000+00:00,9510,1235
514.1,13.0,31,2024-05-18T11:20:32.497000+00:00,9510,1235
466.1,11.0,63,2024-05-18T11:20:34.267000+00:00,9510,1235
755.9,10.0,27,2024-05-18T11:20:41.276000+00:00,9510,1235
503.4,9.0,81,2024-05-18T11:20:47.669000+00:00,9510,1235
,7.0,20,2024-05-18T11:20:55.520000+00:00,9510,1235
501.6,10.0,3,2024-05-18T11:21:08.144000+00:00,9510,1235
668.9,17.0,11,2024-05-18T11:21:27.117000+00:00,9510,1235
409.4,10.0,22,2024-05-18T11:21:33.817000+00:00,9510,1235
649.6,17.0,1,2024-05-18T11:21:46.520000+00:00,9510,1235
575.5,17.0,55,2024-05-18T11:21:49.384000+00:00,9510,1235
671.1,15.0,16,2024-05-18T11:22:01.982000+00:00,9510,1235
540.9,12.0,44,2024-05-18T11:22:15.059000+00:00,9510,1235
643.9,11.0,4,2024-05-18T11:22:27.594000+00:00,9510,1235
373.8,10.0,23,2024-05-18T11:22:32.108000+00:00,9510,1235
578.4,13.0,10,2024-05-18T11:22:41.420000+00:00,9510,1235
57.2,12.0,24,2024-05-18T11:22:45.558000+00:00,9510,1235
979.5,12.0,4,2024-05-18T11:28:03.266000+00:00,9510,1235
969.7,16.0,31,2024-05-18T11:28:08.164000+00:00,9510,1235
716.1,11.0,23,2024-05-18T11:28:14.726000+00:00,9510,1235
913.2,14.0,10,2024-05-18T11:28:16.157000+00:00,9510,1235
954.9,12.0,81,2024-05-18T11:28:19.303000+00:00,9510,1235
289.4,21.0,18,2024-05-18T11:28:22.452000+00:00,9510,1235
970.9,19.0,55,2024-05-18T11:28:24.786000+00:00,9510,1235
1055.3,17.0,16,2024-05-18T11:28:26.245000+00:00,9510,1235
828.2,12.0,22,2024-05-18T11:28:32.336000+00:00,9510,1235
1057.1,19.0,1,2024-05-18T11:28:34.122000+00:00,9510,1235
318.4,14.0,2,2024-05-18T11:28:37.139000+00:00,9510,1235
957.1,13.0,3,2024-05-18T11:28:43.281000+00:00,9510,1235
,10.0,20,2024-05-18T11:28:45.500000+00:00,9510,1235
418.6,13.0,24,2024-05-18T11:28:46.982000+00:00,9510,1235
967.9,14.0,63,2024-05-18T11:28:56.094000+00:00,9510,1235
1253.9,13.0,27,2024-05-18T11:28:59.673000+00:00,9510,1235
567.9,13.0,77,2024-05-18T11:29:05.533000+00:00,9510,1235
968.6,14.0,44,2024-05-18T11:29:22.632000+00:00,9510,1235
,1.0,10,2024-05-18T14:00:05.086000+00:00,9511,1235
,1.0,31,2024-05-18T14:00:09.983000+00:00,9511,1235
,1.0,24,2024-05-18T14:00:18.941000+00:00,9511,1235
,1.0,2,2024-05-18T14:00:31.022000+00:00,9511,1235
,1.0,27,2024-05-18T14:00:43.633000+00:00,9511,1235
,1.0,20,2024-05-18T14:00:48.257000+00:00,9511,1235
,1.0,63,2024-05-18T14:00:50.994000+00:00,9511,1235
,1.0,18,2024-05-18T14:01:01.873000+00:00,9511,1235
,1.0,44,2024-05-18T14:01:18.539000+00:00,9511,1235
,1.0,55,2024-05-18T14:02:33.982000+00:00,9511,1235
,1.0,16,2024-05-18T14:02:45.591000+00:00,9511,1235
,1.0,23,2024-05-18T14:03:06.973000+00:00,9511,1235
,1.0,4,2024-05-18T14:03:30.960000+00:00,9511,1235
27.7,3.0,24,2024-05-18T14:03:50.514000+00:00,9511,1235
,1.0,11,2024-05-18T14:04:30.441000+00:00,9511,1235
,1.0,1,2024-05-18T14:04:55.311000+00:00,9511,1235
,1.0,14,2024-05-18T14:04:57.802000+00:00,9511,1235
,1.0,81,2024-05-18T14:05:56.509000+00:00,9511,1235
26.9,4.0,24,2024-05-18T14:06:07.044000+00:00,9511,1235
66.0,4.0,27,2024-05-18T14:06:23.198000+00:00,9511,1235
42.9,4.0,18,2024-05-18T14:06:27.274000+00:00,9511,1235
71.1,4.0,20,2024-05-18T14:06:36.378000+00:00,9511,1235
175.1,3.0,63,2024-05-18T14:06:49.799000+00:00,9511,1235
,1.0,22,2024-05-18T14:06:59.050000+00:00,9511,1235
,1.0,77,2024-05-18T14:07:05.803000+00:00,9511,1235
,1.0,3,2024-05-18T14:07:15.784000+00:00,9511,1235
164.4,4.0,31,2024-05-18T14:07:24.386000+00:00,9511,1235
187.9,4.0,10,2024-05-18T14:07:37.056000+00:00,9511,1235
167.9,4.0,2,2024-05-18T14:07:46.519000+00:00,9511,1235
123.3,4.0,44,2024-05-18T14:07:59.329000+00:00,9511,1235
31.3,4.0,4,2024-05-18T14:08:36.692000+00:00,9511,1235
41.4,4.0,14,2024-05-18T14:09:55.593000+00:00,9511,1235
265.2,4.0,23,2024-05-18T14:11:57.703000+00:00,9511,1235
41.1,6.0,14,2024-05-18T14:13:50.353000+00:00,9511,1235
182.7,7.0,18,2024-05-18T14:14:04.401000+00:00,9511,1235
136.5,7.0,31,2024-05-18T14:14:12.498000+00:00,9511,1235
217.4,7.0,24,2024-05-18T14:14:19.458000+00:00,9511,1235
206.0,6.0,2,2024-05-18T14:14:29.212000+00:00,9511,1235
175.1,4.0,77,2024-05-18T14:14:32.348000+00:00,9511,1235
240.9,7.0,27,2024-05-18T14:14:46.827000+00:00,9511,1235
225.7,7.0,20,2024-05-18T14:14:54.182000+00:00,9511,1235
172.6,7.0,10,2024-05-18T14:15:05.988000+00:00,9511,1235
341.4,4.0,1,2024-05-18T14:15:20.615000+00:00,9511,1235
220.9,4.0,3,2024-05-18T14:15:25.424000+00:00,9511,1235
237.1,4.0,22,2024-05-18T14:15:30.307000+00:00,9511,1235
203.9,7.0,55,2024-05-18T14:15:33.952000+00:00,9511,1235
215.1,7.0,16,2024-05-18T14:15:49.801000+00:00,9511,1235
223.1,7.0,44,2024-05-18T14:16:04.439000+00:00,9511,1235
429.8,4.0,11,2024-05-18T14:16:21.338000+00:00,9511,1235
364.5,4.0,81,2024-05-18T14:16:30.091000+00:00,9511,1235
210.8,7.0,4,2024-05-18T14:16:33.997000+00:00,9511,1235
309.9,6.0,63,2024-05-18T14:16:36.260000+00:00,9511,1235
403.6,7.0,63,2024-05-18T14:25:04.708000+00:00,9511,1235
348.0,9.0,44,2024-05-18T14:25:11.950000+00:00,9511,1235
534.2,7.0,23,2024-05-18T14:25:21.056000+00:00,9511,1235
373.5,7.0,1,2024-05-18T14:26:04.614000+00:00,9511,1235
498.4,5.0,11,2024-05-18T14:26:17.823000+00:00,9511,1235
437.4,10.0,27,2024-05-18T14:26:28.343000+00:00,9511,1235
558.0,10.0,18,2024-05-18T14:27:57.649000+00:00,9511,1235
589.1,9.0,10,2024-05-18T14:28:06.919000+00:00,9511,1235
556.7,10.0,31,2024-05-18T14:28:12.239000+00:00,9511,1235
563.3,9.0,55,2024-05-18T14:28:23.066000+00:00,9511,1235
620.2,5.0,81,2024-05-18T14:28:31.367000+00:00,9511,1235
485.0,10.0,16,2024-05-18T14:28:36.962000+00:00,9511,1235
522.7,7.0,3,2024-05-18T14:28:52.221000+00:00,9511,1235
647.5,8.0,4,2024-05-18T14:29:02.364000+00:00,9511,1235
536.5,7.0,22,2024-05-18T14:29:13.116000+00:00,9511,1235
224.0,10.0,23,2024-05-18T14:33:28.394000+00:00,9511,1235
180.7,13.0,31,2024-05-18T14:35:46.107000+00:00,9511,1235
201.1,12.0,10,2024-05-18T14:35:53.989000+00:00,9511,1235
396.3,10.0,63,2024-05-18T14:36:06.922000+00:00,9511,1235
397.1,12.0,44,2024-05-18T14:36:18.239000+00:00,9511,1235
340.9,13.0,27,2024-05-18T14:36:26.167000+00:00,9511,1235
251.8,13.0,18,2024-05-18T14:36:35.423000+00:00,9511,1235
193.9,10.0,3,2024-05-18T14:36:43.322000+00:00,9511,1235
219.5,8.0,81,2024-05-18T14:36:52.157000+00:00,9511,1235
232.4,12.0,55,2024-05-18T14:37:00.835000+00:00,9511,1235
222.2,11.0,4,2024-05-18T14:37:15.875000+00:00,9511,1235
248.8,13.0,16,2024-05-18T14:37:24.797000+00:00,9511,1235
418.7,10.0,1,2024-05-18T14:37:37.609000+00:00,9511,1235
422.9,8.0,11,2024-05-18T14:37:54.170000+00:00,9511,1235
439.1,16.0,27,2024-05-18T14:48:04.643000+00:00,9511,1235
370.3,13.0,1,2024-05-18T14:48:17.340000+00:00,9511,1235
398.2,14.0,4,2024-05-18T14:48:28.694000+00:00,9511,1235
897.3,10.0,22,2024-05-18T14:48:40.916000+00:00,9511,1235
526.8,10.0,81,2024-05-18T14:48:50.866000+00:00,9511,1235
434.3,15.0,55,2024-05-18T14:49:00.599000+00:00,9511,1235
434.3,16.0,16,2024-05-18T14:49:11.648000+00:00,9511,1235
526.5,13.0,63,2024-05-18T14:49:26.902000+00:00,9511,1235
530.0,15.0,44,2024-05-18T14:49:33.750000+00:00,9511,1235
248.9,19.0,27,2024-05-18T14:56:24.007000+00:00,9511,1235
911.5,13.0,3,2024-05-18T14:56:33.985000+00:00,9511,1235
182.2,18.0,55,2024-05-18T14:56:40.578000+00:00,9511,1235
190.6,19.0,16,2024-05-18T14:56:50.346000+00:00,9511,1235
241.1,13.0,22,2024-05-18T14:57:04.061000+00:00,9511,1235
194.0,16.0,63,2024-05-18T14:57:12.049000+00:00,9511,1235
202.3,18.0,44,2024-05-18T14:57:23.800000+00:00,9511,1235
299.8,16.0,1,2024-05-18T14:57:37.102000+00:00,9511,1235
299.1,17.0,4,2024-05-18T14:57:48.354000+00:00,9511,1235
279.1,13.0,81,2024-05-18T14:57:57.327000+00:00,9511,1235
31.3,7.0,14,2024-05-19T13:13:40.698000+00:00,9515,1235
30.0,8.0,23,2024-05-19T13:14:55.977000+00:00,9515,1235
30.0,8.0,10,2024-05-19T13:14:56.934000+00:00,9515,1235
30.2,8.0,77,2024-05-19T13:14:59.233000+00:00,9515,1235
33.1,9.0,23,2024-05-19T13:17:41.933000+00:00,9515,1235
30.0,11.0,3,2024-05-19T13:19:00.497000+00:00,9515,1235
29.6,12.0,22,2024-05-19T13:20:19.893000+00:00,9515,1235
29.7,13.0,27,2024-05-19T13:21:41.812000+00:00,9515,1235
29.6,21.0,63,2024-05-19T13:32:27.700000+00:00,9515,1235
29.9,22.0,4,2024-05-19T13:33:39.268000+00:00,9515,1235
29.7,23.0,81,2024-05-19T13:35:08.129000+00:00,9515,1235
30.4,24.0,1,2024-05-19T13:36:17.100000+00:00,9515,1235
38.4,23.0,23,2024-05-19T13:37:31.686000+00:00,9515,1235
30.1,25.0,16,2024-05-19T13:37:46.511000+00:00,9515,1235
30.6,25.0,31,2024-05-19T13:38:27.998000+00:00,9515,1235
30.5,27.0,55,2024-05-19T13:40:34.603000+00:00,9515,1235
29.5,27.0,44,2024-05-19T13:40:44.324000+00:00,9515,1235
31.1,28.0,23,2024-05-19T13:44:56.973000+00:00,9515,1235
30.6,30.0,10,2024-05-19T13:45:37.321000+00:00,9515,1235
31.0,31.0,2,2024-05-19T13:47:00.196000+00:00,9515,1235
30.2,33.0,24,2024-05-19T13:49:40.143000+00:00,9515,1235
29.6,37.0,11,2024-05-19T13:54:46.675000+00:00,9515,1235
29.9,37.0,18,2024-05-19T13:54:52.888000+00:00,9515,1235
31.3,37.0,20,2024-05-19T13:55:08.067000+00:00,9515,1235
30.4,40.0,14,2024-05-19T13:59:34.672000+00:00,9515,1235
29.6,52.0,63,2024-05-19T14:14:52.415000+00:00,9515,1235
29.9,59.0,14,2024-05-19T14:25:53.783000+00:00,9515,1235
,1.0,44,2024-05-24T11:30:04.467000+00:00,9516,1236
,1.0,20,2024-05-24T11:30:07.907000+00:00,9516,1236
,1.0,63,2024-05-24T11:30:14.444000+00:00,9516,1236
,1.0,2,2024-05-24T11:30:20.720000+00:00,9516,1236
,1.0,27,2024-05-24T11:30:21.628000+00:00,9516,1236
,1.0,1,2024-05-24T11:30:26.380000+00:00,9516,1236
,1.0,10,2024-05-24T11:30:35.034000+00:00,9516,1236
,1.0,3,2024-05-24T11:30:39.275000+00:00,9516,1236
,1.0,81,2024-05-24T11:30:46.173000+00:00,9516,1236
,1.0,22,2024-05-24T11:30:53.046000+00:00,9516,1236
,1.0,31,2024-05-24T11:30:59.918000+00:00,9516,1236
,1.0,24,2024-05-24T11:31:05.833000+00:00,9516,1236
,1.0,4,2024-05-24T11:31:19.081000+00:00,9516,1236
,1.0,77,2024-05-24T11:31:22.307000+00:00,9516,1236
,1.0,16,2024-05-24T11:31:28.765000+00:00,9516,1236
,1.0,11,2024-05-24T11:31:38.686000+00:00,9516,1236
,1.0,55,2024-05-24T11:31:43.464000+00:00,9516,1236
,1.0,18,2024-05-24T11:31:48.214000+00:00,9516,1236
,1.0,14,2024-05-24T11:32:26.520000+00:00,9516,1236
,1.0,23,2024-05-24T11:33:31.805000+00:00,9516,1236
43.7,7.0,20,2024-05-24T11:38:57.692000+00:00,9516,1236
49.9,7.0,27,2024-05-24T11:40:08.466000+00:00,9516,1236
57.1,10.0,11,2024-05-24T11:44:54.741000+00:00,9516,1236
474.5,6.0,10,2024-05-24T11:45:17.471000+00:00,9516,1236
31.4,12.0,24,2024-05-24T11:48:00.959000+00:00,9516,1236
373.8,11.0,63,2024-05-24T11:50:02.877000+00:00,9516,1236
446.0,10.0,1,2024-05-24T11:51:08.861000+00:00,9516,1236
423.6,11.0,44,2024-05-24T11:51:40.011000+00:00,9516,1236
136.4,14.0,2,2024-05-24T11:51:44.637000+00:00,9516,1236
41.2,15.0,23,2024-05-24T11:53:24.016000+00:00,9516,1236
581.6,12.0,20,2024-05-24T11:55:18.385000+00:00,9516,1236
435.1,14.0,27,2024-05-24T11:57:35.430000+00:00,9516,1236
28.4,19.0,11,2024-05-24T11:58:20.133000+00:00,9516,1236
655.0,14.0,81,2024-05-24T11:59:36.694000+00:00,9516,1236
629.4,14.0,4,2024-05-24T12:00:02.087000+00:00,9516,1236
322.4,18.0,3,2024-05-24T12:00:26.042000+00:00,9516,1236
628.7,14.0,14,2024-05-24T12:00:33.425000+00:00,9516,1236
35.4,17.0,1,2024-05-24T12:01:38.517000+00:00,9516,1236
429.8,18.0,22,2024-05-24T12:02:45.781000+00:00,9516,1236
25.5,20.0,63,2024-05-24T12:02:51.343000+00:00,9516,1236
25.0,20.0,44,2024-05-24T12:05:04.850000+00:00,9516,1236
390.0,21.0,16,2024-05-24T12:05:14.562000+00:00,9516,1236
861.8,15.0,18,2024-05-24T12:05:20.019000+00:00,9516,1236
657.0,17.0,24,2024-05-24T12:06:04.223000+00:00,9516,1236
981.6,14.0,77,2024-05-24T12:07:06.666000+00:00,9516,1236
334.3,21.0,2,2024-05-24T12:07:15.603000+00:00,9516,1236
439.3,22.0,55,2024-05-24T12:08:28.520000+00:00,9516,1236
477.6,21.0,11,2024-05-24T12:09:20.996000+00:00,9516,1236
25.9,21.0,4,2024-05-24T12:09:56.787000+00:00,9516,1236
810.5,20.0,31,2024-05-24T12:10:19.098000+00:00,9516,1236
515.1,20.0,1,2024-05-24T12:14:16.334000+00:00,9516,1236
539.9,22.0,81,2024-05-24T12:20:04.283000+00:00,9516,1236
504.5,26.0,63,2024-05-24T12:20:09.408000+00:00,9516,1236
869.2,21.0,1,2024-05-24T12:20:10.512000+00:00,9516,1236
1406.5,24.0,31,2024-05-24T12:20:15.031000+00:00,9516,1236
777.2,25.0,23,2024-05-24T12:20:16.428000+00:00,9516,1236
1118.5,27.0,2,2024-05-24T12:20:19.731000+00:00,9516,1236
1157.3,27.0,55,2024-05-24T12:20:26.600000+00:00,9516,1236
1783.4,20.0,77,2024-05-24T12:20:28.466000+00:00,9516,1236
1534.3,28.0,3,2024-05-24T12:20:37.817000+00:00,9516,1236
423.5,24.0,11,2024-05-24T12:20:53.714000+00:00,9516,1236
468.5,25.0,20,2024-05-24T12:20:58.678000+00:00,9516,1236
1530.6,27.0,22,2024-05-24T12:21:06.464000+00:00,9516,1236
995.7,27.0,44,2024-05-24T12:21:15.515000+00:00,9516,1236
711.4,25.0,4,2024-05-24T12:21:22.280000+00:00,9516,1236
1863.9,26.0,27,2024-05-24T12:21:24.772000+00:00,9516,1236
596.4,22.0,14,2024-05-24T12:22:00.824000+00:00,9516,1236
1398.7,28.0,16,2024-05-24T12:22:03.160000+00:00,9516,1236
1643.1,23.0,24,2024-05-24T12:22:30.330000+00:00,9516,1236
25.2,29.0,16,2024-05-24T12:23:54.713000+00:00,9516,1236
24.7,30.0,16,2024-05-24T12:25:47.002000+00:00,9516,1236
2144.2,22.0,18,2024-05-24T12:26:42.353000+00:00,9516,1236
27.6,31.0,16,2024-05-24T12:27:50.059000+00:00,9516,1236
2470.9,7.0,10,2024-05-24T12:28:01.557000+00:00,9516,1236
226.3,27.0,11,2024-05-24T12:28:55.510000+00:00,9516,1236
,1.0,44,2024-05-24T15:00:04.461000+00:00,9517,1236
,1.0,20,2024-05-24T15:00:09.563000+00:00,9517,1236
,1.0,63,2024-05-24T15:00:16.792000+00:00,9517,1236
,1.0,2,2024-05-24T15:00:23.836000+00:00,9517,1236
,1.0,27,2024-05-24T15:00:28.158000+00:00,9517,1236
,1.0,3,2024-05-24T15:00:36.258000+00:00,9517,1236
,1.0,14,2024-05-24T15:00:43.638000+00:00,9517,1236
,1.0,1,2024-05-24T15:00:50.237000+00:00,9517,1236
,1.0,11,2024-05-24T15:01:03.042000+00:00,9517,1236
,1.0,10,2024-05-24T15:01:10.082000+00:00,9517,1236
,1.0,31,2024-05-24T15:01:15.769000+00:00,9517,1236
,1.0,55,2024-05-24T15:01:18.079000+00:00,9517,1236
,1.0,4,2024-05-24T15:01:26.216000+00:00,9517,1236
,1.0,81,2024-05-24T15:01:31.317000+00:00,9517,1236
,1.0,22,2024-05-24T15:01:39.568000+00:00,9517,1236
,1.0,77,2024-05-24T15:01:42.789000+00:00,9517,1236
,1.0,18,2024-05-24T15:01:46.994000+00:00,9517,1236
,1.0,16,2024-05-24T15:01:51.482000+00:00,9517,1236
,1.0,24,2024-05-24T15:01:57.185000+00:00,9517,1236
,1.0,23,2024-05-24T15:02:25.977000+00:00,9517,1236
27.4,6.0,55,2024-05-24T15:09:13.381000+00:00,9517,1236
223.7,7.0,2,2024-05-24T15:12:45.104000+00:00,9517,1236
37.2,13.0,23,2024-05-24T15:20:11.581000+00:00,9517,1236
139.9,12.0,2,2024-05-24T15:21:58.863000+00:00,9517,1236
427.0,11.0,11,2024-05-24T15:22:09.335000+00:00,9517,1236
317.4,13.0,1,2024-05-24T15:23:05.380000+00:00,9517,1236
283.0,13.0,16,2024-05-24T15:23:28.171000+00:00,9517,1236
659.3,9.0,27,2024-05-24T15:23:31.927000+00:00,9517,1236
476.8,11.0,4,2024-05-24T15:23:40.088000+00:00,9517,1236
361.0,13.0,14,2024-05-24T15:23:47.339000+00:00,9517,1236
455.1,12.0,81,2024-05-24T15:24:39.874000+00:00,9517,1236
383.4,13.0,18,2024-05-24T15:25:30.096000+00:00,9517,1236
351.9,14.0,3,2024-05-24T15:25:39.987000+00:00,9517,1236
329.5,14.0,22,2024-05-24T15:25:50.534000+00:00,9517,1236
700.6,10.0,77,2024-05-24T15:26:31.523000+00:00,9517,1236
638.6,12.0,31,2024-05-24T15:26:43.230000+00:00,9517,1236
768.1,11.0,20,2024-05-24T15:26:48.424000+00:00,9517,1236
686.6,12.0,63,2024-05-24T15:27:10.684000+00:00,9517,1236
458.7,14.0,10,2024-05-24T15:27:17.040000+00:00,9517,1236
280.5,15.0,55,2024-05-24T15:27:22.474000+00:00,9517,1236
29.8,16.0,1,2024-05-24T15:27:30.056000+00:00,9517,1236
625.0,13.0,44,2024-05-24T15:28:32.710000+00:00,9517,1236
67.9,14.0,81,2024-05-24T15:28:36.165000+00:00,9517,1236
46.0,13.0,63,2024-05-24T15:29:17.814000+00:00,9517,1236
28.3,17.0,11,2024-05-24T15:31:27.907000+00:00,9517,1236
560.4,16.0,24,2024-05-24T15:33:32.337000+00:00,9517,1236
19.6,20.0,14,2024-05-24T15:34:18.412000+00:00,9517,1236
38.2,21.0,16,2024-05-24T15:35:07.511000+00:00,9517,1236
375.2,18.0,1,2024-05-24T15:36:42.033000+00:00,9517,1236
419.4,19.0,2,2024-05-24T15:38:51.080000+00:00,9517,1236
32.0,20.0,24,2024-05-24T15:39:56.040000+00:00,9517,1236
319.0,19.0,4,2024-05-24T15:40:37.096000+00:00,9517,1236
308.5,19.0,81,2024-05-24T15:40:42.306000+00:00,9517,1236
446.8,22.0,23,2024-05-24T15:40:45.462000+00:00,9517,1236
27.3,21.0,2,2024-05-24T15:41:54.895000+00:00,9517,1236
24.6,23.0,1,2024-05-24T15:43:34.599000+00:00,9517,1236
25.3,24.0,23,2024-05-24T15:43:42.171000+00:00,9517,1236
256.1,20.0,27,2024-05-24T15:44:03.830000+00:00,9517,1236
410.1,20.0,44,2024-05-24T15:46:04.895000+00:00,9517,1236
277.0,25.0,3,2024-05-24T15:46:31.200000+00:00,9517,1236
329.6,25.0,14,2024-05-24T15:46:45.513000+00:00,9517,1236
276.2,26.0,16,2024-05-24T15:46:50.217000+00:00,9517,1236
318.4,22.0,63,2024-05-24T15:47:48.331000+00:00,9517,1236
340.6,25.0,22,2024-05-24T15:48:02.712000+00:00,9517,1236
664.6,21.0,11,2024-05-24T15:48:22.493000+00:00,9517,1236
247.7,26.0,55,2024-05-24T15:48:59.369000+00:00,9517,1236
420.3,22.0,20,2024-05-24T15:49:54.935000+00:00,9517,1236
308.7,26.0,10,2024-05-24T15:50:15.522000+00:00,9517,1236
255.3,26.0,31,2024-05-24T15:50:58.692000+00:00,9517,1236
19.6,29.0,1,2024-05-24T15:51:33.511000+00:00,9517,1236
328.5,25.0,24,2024-05-24T15:52:35.620000+00:00,9517,1236
345.1,24.0,77,2024-05-24T15:52:39.569000+00:00,9517,1236
24.3,32.0,4,2024-05-24T15:57:43.371000+00:00,9517,1236
32.3,33.0,2,2024-05-24T15:57:51.265000+00:00,9517,1236
24.1,31.0,27,2024-05-24T15:58:33.500000+00:00,9517,1236
25.6,33.0,81,2024-05-24T15:59:09.150000+00:00,9517,1236
212.8,28.0,63,2024-05-24T15:59:22.820000+00:00,9517,1236
,1.0,63,2024-05-25T10:30:17.878000+00:00,9518,1236
,1.0,4,2024-05-25T10:30:34.038000+00:00,9518,1236
,1.0,81,2024-05-25T10:31:05.999000+00:00,9518,1236
,1.0,3,2024-05-25T10:31:22.207000+00:00,9518,1236
,1.0,22,2024-05-25T10:31:58.305000+00:00,9518,1236
26.2,2.0,4,2024-05-25T10:32:30.430000+00:00,9518,1236
,1.0,18,2024-05-25T10:32:38.648000+00:00,9518,1236
,1.0,14,2024-05-25T10:33:01.166000+00:00,9518,1236
32.2,2.0,81,2024-05-25T10:33:09.025000+00:00,9518,1236
24.7,2.0,18,2024-05-25T10:34:25.815000+00:00,9518,1236
30.0,2.0,14,2024-05-25T10:34:54.107000+00:00,9518,1236
,1.0,20,2024-05-25T10:35:20.288000+00:00,9518,1236
,1.0,44,2024-05-25T10:37:08.203000+00:00,9518,1236
326.9,3.0,63,2024-05-25T10:38:38.204000+00:00,9518,1236
,1.0,77,2024-05-25T10:39:27.554000+00:00,9518,1236
,1.0,24,2024-05-25T10:39:37.032000+00:00,9518,1236
,1.0,27,2024-05-25T10:40:24.798000+00:00,9518,1236
772.2,6.0,63,2024-05-25T10:46:03.398000+00:00,9518,1236
693.6,3.0,81,2024-05-25T10:46:09.211000+00:00,9518,1236
,1.0,31,2024-05-25T10:46:13.459000+00:00,9518,1236
,1.0,10,2024-05-25T10:46:20.037000+00:00,9518,1236
609.6,3.0,14,2024-05-25T10:46:25.242000+00:00,9518,1236
,3.0,27,2024-05-25T10:46:29.114000+00:00,9518,1236
769.4,2.0,22,2024-05-25T10:46:35.165000+00:00,9518,1236
,1.0,23,2024-05-25T10:46:43.768000+00:00,9518,1236
,1.0,2,2024-05-25T10:46:50.055000+00:00,9518,1236
671.6,3.0,18,2024-05-25T10:46:57.647000+00:00,9518,1236
,1.0,1,2024-05-25T10:47:06.817000+00:00,9518,1236
,1.0,16,2024-05-25T10:47:14.135000+00:00,9518,1236
,1.0,11,2024-05-25T10:47:25.777000+00:00,9518,1236
818.1,3.0,4,2024-05-25T10:47:32.948000+00:00,9518,1236
,1.0,55,2024-05-25T10:47:37.449000+00:00,9518,1236
899.6,2.0,3,2024-05-25T10:47:46.412000+00:00,9518,1236
,3.0,24,2024-05-25T10:47:52.008000+00:00,9518,1236
,5.0,44,2024-05-25T10:48:03.564000+00:00,9518,1236
,6.0,20,2024-05-25T10:48:07.948000+00:00,9518,1236
30.6,8.0,11,2024-05-25T10:59:08.231000+00:00,9518,1236
32.1,8.0,55,2024-05-25T10:59:12.683000+00:00,9518,1236
619.0,8.0,44,2024-05-25T11:03:23.310000+00:00,9518,1236
302.6,18.0,63,2024-05-25T11:08:57.711000+00:00,9518,1236
361.6,12.0,23,2024-05-25T11:09:02.793000+00:00,9518,1236
600.8,12.0,14,2024-05-25T11:09:34.297000+00:00,9518,1236
459.7,13.0,18,2024-05-25T11:09:54.093000+00:00,9518,1236
165.6,15.0,16,2024-05-25T11:11:01.441000+00:00,9518,1236
421.3,11.0,11,2024-05-25T11:11:10.755000+00:00,9518,1236
259.7,13.0,55,2024-05-25T11:11:19.506000+00:00,9518,1236
306.1,14.0,1,2024-05-25T11:11:25.487000+00:00,9518,1236
609.9,13.0,81,2024-05-25T11:11:38.624000+00:00,9518,1236
570.5,11.0,2,2024-05-25T11:11:59.478000+00:00,9518,1236
468.9,14.0,4,2024-05-25T11:12:09.359000+00:00,9518,1236
302.5,18.0,20,2024-05-25T11:12:17.413000+00:00,9518,1236
304.4,15.0,3,2024-05-25T11:12:25.054000+00:00,9518,1236
333.5,15.0,22,2024-05-25T11:12:37.912000+00:00,9518,1236
431.0,15.0,24,2024-05-25T11:13:00.988000+00:00,9518,1236
519.9,14.0,10,2024-05-25T11:14:33.060000+00:00,9518,1236
626.4,13.0,31,2024-05-25T11:14:37.210000+00:00,9518,1236
782.7,13.0,27,2024-05-25T11:14:41.801000+00:00,9518,1236
46.5,15.0,44,2024-05-25T11:15:12.906000+00:00,9518,1236
32.4,16.0,23,2024-05-25T11:15:17.950000+00:00,9518,1236
24.7,16.0,55,2024-05-25T11:16:12.474000+00:00,9518,1236
72.7,20.0,16,2024-05-25T11:19:29.522000+00:00,9518,1236
39.9,18.0,44,2024-05-25T11:21:11.505000+00:00,9518,1236
32.0,21.0,3,2024-05-25T11:22:02.248000+00:00,9518,1236
49.1,20.0,81,2024-05-25T11:22:34.616000+00:00,9518,1236
21.1,22.0,55,2024-05-25T11:26:26.972000+00:00,9518,1236
184.2,23.0,16,2024-05-25T11:27:27.682000+00:00,9518,1236
321.3,18.0,2,2024-05-25T11:27:48.933000+00:00,9518,1236
29.5,21.0,11,2024-05-25T11:27:57.191000+00:00,9518,1236
307.7,21.0,23,2024-05-25T11:27:59.232000+00:00,9518,1236
25.7,22.0,31,2024-05-25T11:28:07.924000+00:00,9518,1236
304.1,22.0,4,2024-05-25T11:28:57.381000+00:00,9518,1236
208.4,23.0,14,2024-05-25T11:29:18.358000+00:00,9518,1236
138.9,23.0,81,2024-05-25T11:29:20.226000+00:00,9518,1236
,1.0,44,2024-05-25T14:00:03.816000+00:00,9519,1236
,1.0,63,2024-05-25T14:00:09.592000+00:00,9519,1236
,1.0,2,2024-05-25T14:00:14.664000+00:00,9519,1236
,1.0,3,2024-05-25T14:00:20.217000+00:00,9519,1236
,1.0,23,2024-05-25T14:00:27.137000+00:00,9519,1236
,1.0,4,2024-05-25T14:00:39.720000+00:00,9519,1236
,1.0,22,2024-05-25T14:00:48.297000+00:00,9519,1236
,1.0,81,2024-05-25T14:00:53.417000+00:00,9519,1236
,1.0,18,2024-05-25T14:00:57.919000+00:00,9519,1236
,1.0,14,2024-05-25T14:01:09.838000+00:00,9519,1236
,1.0,10,2024-05-25T14:01:17.493000+00:00,9519,1236
,1.0,31,2024-05-25T14:01:21.782000+00:00,9519,1236
,1.0,11,2024-05-25T14:01:30.238000+00:00,9519,1236
,1.0,1,2024-05-25T14:01:39.854000+00:00,9519,1236
,1.0,77,2024-05-25T14:01:47.098000+00:00,9519,1236
,1.0,24,2024-05-25T14:01:53.998000+00:00,9519,1236
,1.0,20,2024-05-25T14:01:58.877000+00:00,9519,1236
,1.0,27,2024-05-25T14:02:19.359000+00:00,9519,1236
,1.0,16,2024-05-25T14:02:56.236000+00:00,9519,1236
,1.0,55,2024-05-25T14:02:59.403000+00:00,9519,1236
77.8,6.0,20,2024-05-25T14:10:38.933000+00:00,9519,1236
42.4,6.0,16,2024-05-25T14:10:42.230000+00:00,9519,1236
120.1,7.0,2,2024-05-25T14:10:52.992000+00:00,9519,1236
110.6,7.0,3,2024-05-25T14:10:59.059000+00:00,9519,1236
97.0,6.0,27,2024-05-25T14:11:04.400000+00:00,9519,1236
125.1,7.0,14,2024-05-25T14:11:44.801000+00:00,9519,1236
126.8,7.0,18,2024-05-25T14:11:48.098000+00:00,9519,1236
27.2,9.0,63,2024-05-25T14:12:02.525000+00:00,9519,1236
29.5,9.0,23,2024-05-25T14:12:26.432000+00:00,9519,1236
103.7,7.0,77,2024-05-25T14:12:29.766000+00:00,9519,1236
36.8,9.0,4,2024-05-25T14:12:38.999000+00:00,9519,1236
292.4,6.0,22,2024-05-25T14:12:46.137000+00:00,9519,1236
100.7,8.0,31,2024-05-25T14:12:52.187000+00:00,9519,1236
113.1,8.0,10,2024-05-25T14:13:01.394000+00:00,9519,1236
133.9,8.0,81,2024-05-25T14:13:06.103000+00:00,9519,1236
80.6,8.0,11,2024-05-25T14:13:16.255000+00:00,9519,1236
159.6,7.0,24,2024-05-25T14:13:22.659000+00:00,9519,1236
25.6,10.0,44,2024-05-25T14:13:33.928000+00:00,9519,1236
25.1,8.0,55,2024-05-25T14:13:56.833000+00:00,9519,1236
24.4,11.0,4,2024-05-25T14:15:54.247000+00:00,9519,1236
416.9,11.0,27,2024-05-25T14:25:03.589000+00:00,9519,1236
316.0,13.0,3,2024-05-25T14:25:11.027000+00:00,9519,1236
340.8,14.0,23,2024-05-25T14:25:16.467000+00:00,9519,1236
312.7,14.0,4,2024-05-25T14:25:21.797000+00:00,9519,1236
370.2,13.0,1,2024-05-25T14:25:29.273000+00:00,9519,1236
461.9,11.0,16,2024-05-25T14:25:37.753000+00:00,9519,1236
348.8,11.0,22,2024-05-25T14:25:47.079000+00:00,9519,1236
366.6,12.0,55,2024-05-25T14:25:50.858000+00:00,9519,1236
355.0,13.0,31,2024-05-25T14:25:56.099000+00:00,9519,1236
361.5,13.0,10,2024-05-25T14:26:08.157000+00:00,9519,1236
358.8,13.0,81,2024-05-25T14:26:13.263000+00:00,9519,1236
423.1,12.0,20,2024-05-25T14:26:17.060000+00:00,9519,1236
525.8,13.0,44,2024-05-25T14:26:31.042000+00:00,9519,1236
525.2,13.0,63,2024-05-25T14:26:36.948000+00:00,9519,1236
510.0,12.0,18,2024-05-25T14:27:42.132000+00:00,9519,1236
128.2,15.0,55,2024-05-25T14:32:16.907000+00:00,9519,1236
25.3,17.0,44,2024-05-25T14:32:29.944000+00:00,9519,1236
135.5,16.0,81,2024-05-25T14:32:48.708000+00:00,9519,1236
33.7,17.0,63,2024-05-25T14:32:57.280000+00:00,9519,1236
88.1,16.0,16,2024-05-25T14:33:54.674000+00:00,9519,1236
145.7,19.0,4,2024-05-25T14:34:39.402000+00:00,9519,1236
227.1,15.0,20,2024-05-25T14:34:42.371000+00:00,9519,1236
98.9,17.0,27,2024-05-25T14:34:49.123000+00:00,9519,1236
87.1,20.0,23,2024-05-25T14:34:52.719000+00:00,9519,1236
130.5,18.0,31,2024-05-25T14:35:09.427000+00:00,9519,1236
189.6,18.0,1,2024-05-25T14:35:24.687000+00:00,9519,1236
85.9,19.0,10,2024-05-25T14:36:00.507000+00:00,9519,1236
270.7,15.0,18,2024-05-25T14:36:20.231000+00:00,9519,1236
37.6,20.0,44,2024-05-25T14:37:10.620000+00:00,9519,1236
218.8,19.0,3,2024-05-25T14:37:19.593000+00:00,9519,1236
195.9,17.0,22,2024-05-25T14:37:31.289000+00:00,9519,1236
37.0,20.0,63,2024-05-25T14:37:39.183000+00:00,9519,1236
419.2,21.0,55,2024-05-25T14:48:03.031000+00:00,9519,1236
463.9,24.0,23,2024-05-25T14:48:07.055000+00:00,9519,1236
395.4,23.0,10,2024-05-25T14:48:13.150000+00:00,9519,1236
419.6,23.0,44,2024-05-25T14:48:24.671000+00:00,9519,1236
486.3,22.0,63,2024-05-25T14:48:38.897000+00:00,9519,1236
492.7,21.0,16,2024-05-25T14:48:47.896000+00:00,9519,1236
485.6,22.0,1,2024-05-25T14:48:48.861000+00:00,9519,1236
739.6,19.0,81,2024-05-25T14:49:02.289000+00:00,9519,1236
642.8,22.0,4,2024-05-25T14:49:14.477000+00:00,9519,1236
458.0,20.0,22,2024-05-25T14:49:32.861000+00:00,9519,1236
30.7,27.0,23,2024-05-25T14:52:42.383000+00:00,9519,1236
120.8,25.0,55,2024-05-25T14:55:28.719000+00:00,9519,1236
101.1,26.0,1,2024-05-25T14:55:58.528000+00:00,9519,1236
233.5,26.0,44,2024-05-25T14:56:14.335000+00:00,9519,1236
146.2,26.0,63,2024-05-25T14:56:22.050000+00:00,9519,1236
163.8,27.0,10,2024-05-25T14:56:24.298000+00:00,9519,1236
178.5,23.0,22,2024-05-25T14:56:33.497000+00:00,9519,1236
240.3,24.0,16,2024-05-25T14:56:44.407000+00:00,9519,1236
224.6,22.0,81,2024-05-25T14:56:52.480000+00:00,9519,1236
243.1,25.0,4,2024-05-25T14:57:13.857000+00:00,9519,1236
2358.0,1.0,16,2024-05-26T13:44:08.648000+00:00,9523,1236
2357.6,1.0,81,2024-05-26T13:44:10.929000+00:00,9523,1236
2327.0,1.0,55,2024-05-26T13:44:15.005000+00:00,9523,1236
2365.5,1.0,4,2024-05-26T13:44:20.326000+00:00,9523,1236
2369.3,1.0,63,2024-05-26T13:44:26.200000+00:00,9523,1236
2372.6,1.0,1,2024-05-26T13:44:31.202000+00:00,9523,1236
2375.3,1.0,44,2024-05-26T13:44:36.048000+00:00,9523,1236
2377.5,1.0,22,2024-05-26T13:44:40.843000+00:00,9523,1236
2381.3,1.0,23,2024-05-26T13:44:47.191000+00:00,9523,1236
2381.8,1.0,10,2024-05-26T13:44:50.012000+00:00,9523,1236
2383.5,1.0,18,2024-05-26T13:44:55.032000+00:00,9523,1236
2385.8,1.0,3,2024-05-26T13:45:00.056000+00:00,9523,1236
2389.4,1.0,14,2024-05-26T13:45:05.469000+00:00,9523,1236
2391.6,1.0,2,2024-05-26T13:45:09.110000+00:00,9523,1236
2394.0,1.0,77,2024-05-26T13:45:13.910000+00:00,9523,1236
2386.4,1.0,24,2024-05-26T13:45:18.455000+00:00,9523,1236
24.2,15.0,77,2024-05-26T14:05:22.140000+00:00,9523,1236
24.1,42.0,18,2024-05-26T14:41:30.599000+00:00,9523,1236
28.2,48.0,18,2024-05-26T14:49:56.313000+00:00,9523,1236
24.2,51.0,44,2024-05-26T14:52:35.455000+00:00,9523,1236
23.8,52.0,1,2024-05-26T14:53:50.854000+00:00,9523,1236
24.3,57.0,2,2024-05-26T15:02:08.732000+00:00,9523,1236
24.3,70.0,24,2024-05-26T15:19:29.604000+00:00,9523,1236
,1.0,44,2024-06-07T17:52:29.054000+00:00,9524,1237
,1.0,77,2024-06-07T17:53:44.644000+00:00,9524,1237
,1.0,4,2024-06-07T17:55:10.577000+00:00,9524,1237
,1.0,24,2024-06-07T17:55:29.920000+00:00,9524,1237
,1.0,27,2024-06-07T17:56:07.036000+00:00,9524,1237
,1.0,20,2024-06-07T17:56:15.698000+00:00,9524,1237
33.6,3.0,77,2024-06-07T17:57:29.005000+00:00,9524,1237
,1.0,81,2024-06-07T17:57:40.169000+00:00,9524,1237
,1.0,1,2024-06-07T17:57:51.773000+00:00,9524,1237
20.2,2.0,27,2024-06-07T17:58:00.595000+00:00,9524,1237
,1.0,61,2024-06-07T17:58:04.760000+00:00,9524,1237
,1.0,2,2024-06-07T17:58:08.119000+00:00,9524,1237
23.3,2.0,20,2024-06-07T17:58:15.716000+00:00,9524,1237
,1.0,23,2024-06-07T17:58:22.663000+00:00,9524,1237
28.0,3.0,24,2024-06-07T17:59:18.492000+00:00,9524,1237
,1.0,63,2024-06-07T18:00:17.968000+00:00,9524,1237
,1.0,16,2024-06-07T18:01:26.698000+00:00,9524,1237
,1.0,55,2024-06-07T18:02:01.525000+00:00,9524,1237
529.2,3.0,4,2024-06-07T18:07:12.457000+00:00,9524,1237
402.5,3.0,81,2024-06-07T18:07:30.570000+00:00,9524,1237
,1.0,22,2024-06-07T18:07:34.778000+00:00,9524,1237
513.6,5.0,44,2024-06-07T18:07:37.126000+00:00,9524,1237
,1.0,10,2024-06-07T18:07:37.722000+00:00,9524,1237
,2.0,55,2024-06-07T18:07:39.779000+00:00,9524,1237
,4.0,1,2024-06-07T18:07:42.959000+00:00,9524,1237
,2.0,16,2024-06-07T18:07:50.715000+00:00,9524,1237
,1.0,11,2024-06-07T18:08:07.634000+00:00,9524,1237
481.0,3.0,20,2024-06-07T18:08:09.073000+00:00,9524,1237
,3.0,63,2024-06-07T18:08:11.835000+00:00,9524,1237
,1.0,3,2024-06-07T18:08:34.886000+00:00,9524,1237
,1.0,14,2024-06-07T18:13:58.752000+00:00,9524,1237
1035.6,6.0,77,2024-06-07T18:14:10.966000+00:00,9524,1237
,1.0,18,2024-06-07T18:14:48.624000+00:00,9524,1237
549.1,6.0,16,2024-06-07T18:23:47.651000+00:00,9524,1237
934.5,4.0,4,2024-06-07T18:24:19.901000+00:00,9524,1237
812.1,6.0,1,2024-06-07T18:24:24.601000+00:00,9524,1237
541.8,7.0,55,2024-06-07T18:24:35.544000+00:00,9524,1237
472.1,7.0,11,2024-06-07T18:25:26.172000+00:00,9524,1237
725.3,6.0,63,2024-06-07T18:25:28.670000+00:00,9524,1237
772.6,8.0,44,2024-06-07T18:25:33.151000+00:00,9524,1237
1011.8,4.0,81,2024-06-07T18:25:51.593000+00:00,9524,1237
567.7,6.0,3,2024-06-07T18:26:16.046000+00:00,9524,1237
664.2,6.0,22,2024-06-07T18:26:36.394000+00:00,9524,1237
748.7,5.0,10,2024-06-07T18:26:45.144000+00:00,9524,1237
461.8,9.0,77,2024-06-07T18:26:47.840000+00:00,9524,1237
714.2,2.0,14,2024-06-07T18:27:34.143000+00:00,9524,1237
1578.1,3.0,2,2024-06-07T18:27:35.874000+00:00,9524,1237
1672.6,3.0,27,2024-06-07T18:27:38.394000+00:00,9524,1237
679.2,2.0,18,2024-06-07T18:27:49.643000+00:00,9524,1237
1573.0,3.0,23,2024-06-07T18:27:51.217000+00:00,9524,1237
835.1,7.0,20,2024-06-07T18:28:40.047000+00:00,9524,1237
1730.5,2.0,61,2024-06-07T18:28:46.471000+00:00,9524,1237
,1.0,1,2024-06-07T21:00:02.038000+00:00,9525,1237
,1.0,11,2024-06-07T21:00:05.438000+00:00,9525,1237
,1.0,55,2024-06-07T21:00:06.537000+00:00,9525,1237
,1.0,63,2024-06-07T21:00:08.963000+00:00,9525,1237
,1.0,44,2024-06-07T21:00:11.247000+00:00,9525,1237
,1.0,14,2024-06-07T21:00:18.171000+00:00,9525,1237
,1.0,18,2024-06-07T21:00:22.539000+00:00,9525,1237
,1.0,31,2024-06-07T21:00:26.853000+00:00,9525,1237
,1.0,10,2024-06-07T21:01:03.414000+00:00,9525,1237
,1.0,16,2024-06-07T21:01:20.161000+00:00,9525,1237
,1.0,24,2024-06-07T21:09:22.004000+00:00,9525,1237
436.6,2.0,31,2024-06-07T21:09:25.978000+00:00,9525,1237
,1.0,81,2024-06-07T21:09:46.550000+00:00,9525,1237
,1.0,3,2024-06-07T21:09:50.753000+00:00,9525,1237
480.8,2.0,14,2024-06-07T21:09:54.471000+00:00,9525,1237
,1.0,22,2024-06-07T21:10:01.270000+00:00,9525,1237
322.7,4.0,44,2024-06-07T21:10:16.586000+00:00,9525,1237
,1.0,4,2024-06-07T21:10:39.382000+00:00,9525,1237
432.4,3.0,63,2024-06-07T21:10:40.498000+00:00,9525,1237
,1.0,20,2024-06-07T21:10:51.214000+00:00,9525,1237
457.5,2.0,16,2024-06-07T21:10:57.112000+00:00,9525,1237
579.7,2.0,55,2024-06-07T21:11:23.361000+00:00,9525,1237
589.8,2.0,18,2024-06-07T21:11:52.142000+00:00,9525,1237
,1.0,27,2024-06-07T21:12:01.193000+00:00,9525,1237
628.6,2.0,11,2024-06-07T21:12:07.445000+00:00,9525,1237
,1.0,2,2024-06-07T21:12:45.639000+00:00,9525,1237
,1.0,23,2024-06-07T21:13:08.240000+00:00,9525,1237
,1.0,77,2024-06-07T21:13:59.831000+00:00,9525,1237
983.7,2.0,1,2024-06-07T21:17:59.913000+00:00,9525,1237
276.6,4.0,22,2024-06-07T21:19:00.178000+00:00,9525,1237
212.6,5.0,3,2024-06-07T21:19:07.258000+00:00,9525,1237
292.3,3.0,27,2024-06-07T21:19:45.456000+00:00,9525,1237
321.3,4.0,11,2024-06-07T21:20:17.688000+00:00,9525,1237
288.4,2.0,77,2024-06-07T21:20:27.156000+00:00,9525,1237
343.3,6.0,63,2024-06-07T21:20:31.429000+00:00,9525,1237
627.1,2.0,24,2024-06-07T21:21:27.849000+00:00,9525,1237
421.2,5.0,81,2024-06-07T21:22:17.926000+00:00,9525,1237
547.3,4.0,4,2024-06-07T21:24:01.833000+00:00,9525,1237
619.3,10.0,10,2024-06-07T21:24:48.201000+00:00,9525,1237
614.0,17.0,31,2024-06-07T21:40:25.713000+00:00,9525,1237
684.2,16.0,14,2024-06-07T21:41:04.362000+00:00,9525,1237
807.8,14.0,18,2024-06-07T21:42:05.268000+00:00,9525,1237
748.6,8.0,4,2024-06-07T21:42:16.771000+00:00,9525,1237
810.4,15.0,16,2024-06-07T21:43:11.351000+00:00,9525,1237
794.4,14.0,10,2024-06-07T21:43:50.173000+00:00,9525,1237
741.0,14.0,63,2024-06-07T21:43:59.583000+00:00,9525,1237
768.2,10.0,77,2024-06-07T21:44:38.150000+00:00,9525,1237
936.4,12.0,3,2024-06-07T21:44:42.027000+00:00,9525,1237
921.7,13.0,2,2024-06-07T21:44:48.517000+00:00,9525,1237
982.8,12.0,23,2024-06-07T21:45:06.993000+00:00,9525,1237
842.7,16.0,55,2024-06-07T21:45:42.778000+00:00,9525,1237
1009.7,11.0,22,2024-06-07T21:45:49.891000+00:00,9525,1237
958.3,18.0,44,2024-06-07T21:45:50.472000+00:00,9525,1237
957.0,10.0,27,2024-06-07T21:45:51.833000+00:00,9525,1237
1110.0,10.0,81,2024-06-07T21:47:40.956000+00:00,9525,1237
1091.3,8.0,24,2024-06-07T21:48:32.941000+00:00,9525,1237
1202.0,10.0,11,2024-06-07T21:48:43.338000+00:00,9525,1237
29.2,20.0,18,2024-06-07T21:51:58.383000+00:00,9525,1237
183.1,22.0,44,2024-06-07T21:54:57.620000+00:00,9525,1237
196.3,20.0,63,2024-06-07T21:56:10.543000+00:00,9525,1237
384.8,22.0,14,2024-06-07T21:57:13.816000+00:00,9525,1237
271.5,22.0,16,2024-06-07T21:58:48.567000+00:00,9525,1237
1866.8,13.0,20,2024-06-07T21:58:50.139000+00:00,9525,1237
93.1,20.0,23,2024-06-07T21:59:08.896000+00:00,9525,1237
204.2,20.0,2,2024-06-07T21:59:10.434000+00:00,9525,1237
,1.0,1,2024-06-08T16:30:02.503000+00:00,9526,1237
,1.0,11,2024-06-08T16:30:09.578000+00:00,9526,1237
,1.0,63,2024-06-08T16:30:12.509000+00:00,9526,1237
,1.0,16,2024-06-08T16:30:17.820000+00:00,9526,1237
,1.0,44,2024-06-08T16:30:21.998000+00:00,9526,1237
,1.0,31,2024-06-08T16:30:26.149000+00:00,9526,1237
,1.0,55,2024-06-08T16:30:28.220000+00:00,9526,1237
,1.0,77,2024-06-08T16:30:32.081000+00:00,9526,1237
,1.0,24,2024-06-08T16:30:38.693000+00:00,9526,1237
,1.0,3,2024-06-08T16:30:41.430000+00:00,9526,1237
,1.0,81,2024-06-08T16:30:44.410000+00:00,9526,1237
,1.0,2,2024-06-08T16:30:56.035000+00:00,9526,1237
,1.0,18,2024-06-08T16:31:05.724000+00:00,9526,1237
,1.0,14,2024-06-08T16:31:11.661000+00:00,9526,1237
,1.0,4,2024-06-08T16:31:13.127000+00:00,9526,1237
,1.0,10,2024-06-08T16:31:25.910000+00:00,9526,1237
,1.0,22,2024-06-08T16:31:27.354000+00:00,9526,1237
,1.0,23,2024-06-08T16:31:47.933000+00:00,9526,1237
29.2,2.0,3,2024-06-08T16:32:41.717000+00:00,9526,1237
27.2,2.0,81,2024-06-08T16:32:46.574000+00:00,9526,1237
25.4,2.0,18,2024-06-08T16:33:01.859000+00:00,9526,1237
26.9,2.0,4,2024-06-08T16:33:10.645000+00:00,9526,1237
,1.0,27,2024-06-08T16:33:12.558000+00:00,9526,1237
,1.0,20,2024-06-08T16:33:17.042000+00:00,9526,1237
54.3,2.0,14,2024-06-08T16:33:41.369000+00:00,9526,1237
26.4,2.0,22,2024-06-08T16:33:46.625000+00:00,9526,1237
29.4,3.0,3,2024-06-08T16:34:31.771000+00:00,9526,1237
24.5,3.0,81,2024-06-08T16:34:34.295000+00:00,9526,1237
29.9,3.0,18,2024-06-08T16:35:07.040000+00:00,9526,1237
31.7,3.0,4,2024-06-08T16:35:07.450000+00:00,9526,1237
354.5,4.0,81,2024-06-08T16:40:04.298000+00:00,9526,1237
,5.0,1,2024-06-08T16:40:05.844000+00:00,9526,1237
,5.0,55,2024-06-08T16:40:08.134000+00:00,9526,1237
,5.0,16,2024-06-08T16:40:14.781000+00:00,9526,1237
,4.0,23,2024-06-08T16:40:17.445000+00:00,9526,1237
,5.0,63,2024-06-08T16:40:19.237000+00:00,9526,1237
,4.0,10,2024-06-08T16:40:26.266000+00:00,9526,1237
,5.0,31,2024-06-08T16:40:29.333000+00:00,9526,1237
,3.0,20,2024-06-08T16:40:33.570000+00:00,9526,1237
364.2,4.0,4,2024-06-08T16:40:39.717000+00:00,9526,1237
,5.0,77,2024-06-08T16:40:44.042000+00:00,9526,1237
,5.0,2,2024-06-08T16:40:55.863000+00:00,9526,1237
347.9,3.0,14,2024-06-08T16:40:57.558000+00:00,9526,1237
424.2,4.0,3,2024-06-08T16:41:06.660000+00:00,9526,1237
,3.0,27,2024-06-08T16:42:35.759000+00:00,9526,1237
483.3,4.0,18,2024-06-08T16:42:40.369000+00:00,9526,1237
452.0,3.0,22,2024-06-08T16:42:46.001000+00:00,9526,1237
,5.0,11,2024-06-08T16:42:51.433000+00:00,9526,1237
,5.0,44,2024-06-08T16:43:11.222000+00:00,9526,1237
319.0,11.0,1,2024-06-08T16:54:26.436000+00:00,9526,1237
292.9,11.0,10,2024-06-08T16:55:32.991000+00:00,9526,1237
279.9,10.0,20,2024-06-08T16:55:56.358000+00:00,9526,1237
256.3,13.0,2,2024-06-08T16:56:28.806000+00:00,9526,1237
564.7,10.0,16,2024-06-08T16:56:34.780000+00:00,9526,1237
353.6,13.0,55,2024-06-08T16:56:43.835000+00:00,9526,1237
306.5,11.0,14,2024-06-08T16:57:04.957000+00:00,9526,1237
225.9,14.0,31,2024-06-08T16:57:45.887000+00:00,9526,1237
373.9,14.0,63,2024-06-08T16:58:38.202000+00:00,9526,1237
351.1,14.0,77,2024-06-08T16:58:46.074000+00:00,9526,1237
436.7,10.0,27,2024-06-08T17:00:01.718000+00:00,9526,1237
328.9,12.0,18,2024-06-08T17:00:10.285000+00:00,9526,1237
377.0,14.0,23,2024-06-08T17:00:49.817000+00:00,9526,1237
23.7,13.0,16,2024-06-08T17:01:11.370000+00:00,9526,1237
305.3,16.0,4,2024-06-08T17:01:54.446000+00:00,9526,1237
307.2,16.0,81,2024-06-08T17:01:54.788000+00:00,9526,1237
424.0,14.0,44,2024-06-08T17:01:59.153000+00:00,9526,1237
107.4,16.0,22,2024-06-08T17:03:17.883000+00:00,9526,1237
299.9,17.0,3,2024-06-08T17:03:55.046000+00:00,9526,1237
23.1,16.0,16,2024-06-08T17:06:07.995000+00:00,9526,1237
22.7,19.0,55,2024-06-08T17:06:13.787000+00:00,9526,1237
149.4,17.0,22,2024-06-08T17:07:15.672000+00:00,9526,1237
274.0,21.0,63,2024-06-08T17:14:15.538000+00:00,9526,1237
323.8,20.0,23,2024-06-08T17:15:01.845000+00:00,9526,1237
374.1,22.0,2,2024-06-08T17:16:00.609000+00:00,9526,1237
466.5,22.0,1,2024-06-08T17:16:47.901000+00:00,9526,1237
293.4,21.0,44,2024-06-08T17:16:58.767000+00:00,9526,1237
364.8,22.0,77,2024-06-08T17:17:10.555000+00:00,9526,1237
156.8,22.0,22,2024-06-08T17:17:22.282000+00:00,9526,1237
114.0,25.0,3,2024-06-08T17:17:44.631000+00:00,9526,1237
621.9,22.0,31,2024-06-08T17:18:45.455000+00:00,9526,1237
536.1,21.0,14,2024-06-08T17:19:03.387000+00:00,9526,1237
436.0,23.0,81,2024-06-08T17:19:13.201000+00:00,9526,1237
339.0,21.0,16,2024-06-08T17:19:21.406000+00:00,9526,1237
473.0,23.0,4,2024-06-08T17:19:29.296000+00:00,9526,1237
173.8,26.0,55,2024-06-08T17:19:52.181000+00:00,9526,1237
941.5,21.0,11,2024-06-08T17:19:57.504000+00:00,9526,1237
663.7,21.0,10,2024-06-08T17:19:59.337000+00:00,9526,1237
461.7,23.0,20,2024-06-08T17:20:53.495000+00:00,9526,1237
525.4,19.0,27,2024-06-08T17:20:58.900000+00:00,9526,1237
647.0,20.0,18,2024-06-08T17:21:32.678000+00:00,9526,1237
22.5,31.0,3,2024-06-08T17:26:50.480000+00:00,9526,1237
19.2,28.0,77,2024-06-08T17:26:51.957000+00:00,9526,1237
20.9,29.0,22,2024-06-08T17:28:40.382000+00:00,9526,1237
151.0,29.0,2,2024-06-08T17:29:28.155000+00:00,9526,1237
,1.0,24,2024-06-08T20:00:04.214000+00:00,9527,1237
,1.0,10,2024-06-08T20:00:10.463000+00:00,9527,1237
,1.0,31,2024-06-08T20:00:15.171000+00:00,9527,1237
,1.0,2,2024-06-08T20:00:23.140000+00:00,9527,1237
,1.0,18,2024-06-08T20:00:34.044000+00:00,9527,1237
,1.0,1,2024-06-08T20:00:47.310000+00:00,9527,1237
,1.0,11,2024-06-08T20:00:52.703000+00:00,9527,1237
,1.0,4,2024-06-08T20:01:13.801000+00:00,9527,1237
,1.0,14,2024-06-08T20:01:25.550000+00:00,9527,1237
,1.0,81,2024-06-08T20:01:34.178000+00:00,9527,1237
,1.0,22,2024-06-08T20:01:40.535000+00:00,9527,1237
,1.0,20,2024-06-08T20:01:47.293000+00:00,9527,1237
,1.0,3,2024-06-08T20:01:56.909000+00:00,9527,1237
,1.0,23,2024-06-08T20:02:07.337000+00:00,9527,1237
,1.0,77,2024-06-08T20:02:13.291000+00:00,9527,1237
,1.0,55,2024-06-08T20:02:18.148000+00:00,9527,1237
,1.0,16,2024-06-08T20:02:25.547000+00:00,9527,1237
,1.0,27,2024-06-08T20:02:30.673000+00:00,9527,1237
,1.0,63,2024-06-08T20:02:57.367000+00:00,9527,1237
,1.0,44,2024-06-08T20:03:02.472000+00:00,9527,1237
168.5,6.0,10,2024-06-08T20:10:17.594000+00:00,9527,1237
91.7,7.0,2,2024-06-08T20:10:41.993000+00:00,9527,1237
155.6,7.0,24,2024-06-08T20:11:16.106000+00:00,9527,1237
114.7,6.0,77,2024-06-08T20:11:21.660000+00:00,9527,1237
106.6,6.0,27,2024-06-08T20:11:29.398000+00:00,9527,1237
237.9,5.0,20,2024-06-08T20:11:34.486000+00:00,9527,1237
151.9,6.0,81,2024-06-08T20:11:39.207000+00:00,9527,1237
165.6,7.0,18,2024-06-08T20:11:54.782000+00:00,9527,1237
183.2,7.0,31,2024-06-08T20:11:58.544000+00:00,9527,1237
135.2,7.0,14,2024-06-08T20:12:10.612000+00:00,9527,1237
166.8,7.0,4,2024-06-08T20:12:21.495000+00:00,9527,1237
194.3,6.0,3,2024-06-08T20:12:28.713000+00:00,9527,1237
214.8,6.0,22,2024-06-08T20:12:35.872000+00:00,9527,1237
114.5,7.0,23,2024-06-08T20:12:41.169000+00:00,9527,1237
126.0,7.0,63,2024-06-08T20:13:39.407000+00:00,9527,1237
121.7,7.0,44,2024-06-08T20:13:43.303000+00:00,9527,1237
23.9,9.0,55,2024-06-08T20:14:22.761000+00:00,9527,1237
28.1,9.0,16,2024-06-08T20:14:32.887000+00:00,9527,1237
18.3,8.0,77,2024-06-08T20:14:36.482000+00:00,9527,1237
109.1,9.0,11,2024-06-08T20:14:43.026000+00:00,9527,1237
165.0,9.0,1,2024-06-08T20:15:34.705000+00:00,9527,1237
444.1,10.0,63,2024-06-08T20:25:03.546000+00:00,9527,1237
442.1,10.0,44,2024-06-08T20:25:10.905000+00:00,9527,1237
393.6,10.0,20,2024-06-08T20:25:15.621000+00:00,9527,1237
413.3,12.0,55,2024-06-08T20:25:16.272000+00:00,9527,1237
542.2,10.0,4,2024-06-08T20:25:34.449000+00:00,9527,1237
404.3,11.0,81,2024-06-08T20:25:45.622000+00:00,9527,1237
366.6,11.0,22,2024-06-08T20:25:55.414000+00:00,9527,1237
386.1,11.0,3,2024-06-08T20:26:01.181000+00:00,9527,1237
532.8,11.0,10,2024-06-08T20:26:04.722000+00:00,9527,1237
385.5,12.0,1,2024-06-08T20:26:08.989000+00:00,9527,1237
412.1,13.0,2,2024-06-08T20:26:15.083000+00:00,9527,1237
378.1,12.0,23,2024-06-08T20:26:17.956000+00:00,9527,1237
433.9,12.0,18,2024-06-08T20:26:28.990000+00:00,9527,1237
531.7,11.0,14,2024-06-08T20:26:52.771000+00:00,9527,1237
415.1,13.0,16,2024-06-08T20:26:58.815000+00:00,9527,1237
65.7,18.0,2,2024-06-08T20:34:16.162000+00:00,9527,1237
109.3,16.0,81,2024-06-08T20:34:24.779000+00:00,9527,1237
228.4,15.0,23,2024-06-08T20:34:26.323000+00:00,9527,1237
143.3,15.0,4,2024-06-08T20:34:38.035000+00:00,9527,1237
227.8,15.0,18,2024-06-08T20:34:45.283000+00:00,9527,1237
208.3,15.0,10,2024-06-08T20:35:00.075000+00:00,9527,1237
222.4,15.0,3,2024-06-08T20:35:05.924000+00:00,9527,1237
237.2,15.0,22,2024-06-08T20:35:14.509000+00:00,9527,1237
266.7,14.0,14,2024-06-08T20:35:27.164000+00:00,9527,1237
27.8,19.0,55,2024-06-08T20:35:47.324000+00:00,9527,1237
26.4,19.0,16,2024-06-08T20:35:56.918000+00:00,9527,1237
117.1,18.0,1,2024-06-08T20:36:41.670000+00:00,9527,1237
25.2,18.0,44,2024-06-08T20:36:53.287000+00:00,9527,1237
39.4,18.0,63,2024-06-08T20:37:10.227000+00:00,9527,1237
308.7,15.0,20,2024-06-08T20:37:16.795000+00:00,9527,1237
407.9,21.0,81,2024-06-08T20:48:03.510000+00:00,9527,1237
441.9,21.0,1,2024-06-08T20:48:10.605000+00:00,9527,1237
570.1,18.0,4,2024-06-08T20:48:20.837000+00:00,9527,1237
454.2,18.0,14,2024-06-08T20:48:33.257000+00:00,9527,1237
416.6,20.0,18,2024-06-08T20:48:38.832000+00:00,9527,1237
558.7,18.0,22,2024-06-08T20:48:51.318000+00:00,9527,1237
484.2,19.0,3,2024-06-08T20:48:55.873000+00:00,9527,1237
459.3,20.0,23,2024-06-08T20:49:09.274000+00:00,9527,1237
573.3,21.0,63,2024-06-08T20:50:42.072000+00:00,9527,1237
582.0,21.0,44,2024-06-08T20:50:47.425000+00:00,9527,1237
26.2,24.0,81,2024-06-08T20:52:34.690000+00:00,9527,1237
152.4,21.0,4,2024-06-08T20:54:50.366000+00:00,9527,1237
159.6,23.0,23,2024-06-08T20:55:51.355000+00:00,9527,1237
230.3,23.0,18,2024-06-08T20:56:34.657000+00:00,9527,1237
152.2,23.0,3,2024-06-08T20:57:01.642000+00:00,9527,1237
278.0,21.0,14,2024-06-08T20:57:07.931000+00:00,9527,1237
197.6,22.0,22,2024-06-08T20:57:32.385000+00:00,9527,1237
248.9,25.0,1,2024-06-08T20:57:51.289000+00:00,9527,1237
212.4,24.0,63,2024-06-08T20:58:09.757000+00:00,9527,1237
214.9,24.0,44,2024-06-08T20:58:15.261000+00:00,9527,1237
30.4,7.0,20,2024-06-09T18:14:57.067000+00:00,9531,1237
24.2,12.0,27,2024-06-09T18:22:58.338000+00:00,9531,1237
25.5,24.0,24,2024-06-09T18:41:08.894000+00:00,9531,1237
24.3,25.0,1,2024-06-09T18:41:16.833000+00:00,9531,1237
24.0,25.0,63,2024-06-09T18:41:17.188000+00:00,9531,1237
23.9,25.0,81,2024-06-09T18:41:18.206000+00:00,9531,1237
23.7,25.0,44,2024-06-09T18:41:37.963000+00:00,9531,1237
25.7,25.0,14,2024-06-09T18:41:39.235000+00:00,9531,1237
24.2,25.0,18,2024-06-09T18:42:12.056000+00:00,9531,1237
24.7,25.0,23,2024-06-09T18:42:19.997000+00:00,9531,1237
24.0,25.0,16,2024-06-09T18:42:23.162000+00:00,9531,1237
27.6,25.0,55,2024-06-09T18:42:30.087000+00:00,9531,1237
26.7,25.0,20,2024-06-09T18:42:30.955000+00:00,9531,1237
24.9,25.0,10,2024-06-09T18:42:31.911000+00:00,9531,1237
33.7,25.0,11,2024-06-09T18:42:43.648000+00:00,9531,1237
24.6,25.0,27,2024-06-09T18:42:46.791000+00:00,9531,1237
23.4,26.0,4,2024-06-09T18:43:08.307000+00:00,9531,1237
30.2,26.0,3,2024-06-09T18:44:07.949000+00:00,9531,1237
47.1,28.0,16,2024-06-09T18:48:19.047000+00:00,9531,1237
24.6,31.0,16,2024-06-09T18:53:57.163000+00:00,9531,1237
24.4,40.0,10,2024-06-09T19:06:20.775000+00:00,9531,1237
24.8,41.0,20,2024-06-09T19:07:49.606000+00:00,9531,1237
24.9,42.0,77,2024-06-09T19:09:10.865000+00:00,9531,1237
24.2,43.0,44,2024-06-09T19:10:11.665000+00:00,9531,1237
23.8,43.0,3,2024-06-09T19:10:34.901000+00:00,9531,1237
24.1,43.0,55,2024-06-09T19:10:37.059000+00:00,9531,1237
24.4,43.0,11,2024-06-09T19:10:37.798000+00:00,9531,1237
23.4,44.0,81,2024-06-09T19:11:34.047000+00:00,9531,1237
24.3,44.0,14,2024-06-09T19:11:48.531000+00:00,9531,1237
25.5,44.0,22,2024-06-09T19:11:52.689000+00:00,9531,1237
25.0,44.0,18,2024-06-09T19:11:55.703000+00:00,9531,1237
24.4,44.0,31,2024-06-09T19:11:57.263000+00:00,9531,1237
24.8,44.0,23,2024-06-09T19:11:59.794000+00:00,9531,1237
24.7,44.0,27,2024-06-09T19:12:08.566000+00:00,9531,1237
24.2,45.0,1,2024-06-09T19:12:53.824000+00:00,9531,1237
25.4,45.0,63,2024-06-09T19:12:57.884000+00:00,9531,1237
65.5,44.0,24,2024-06-09T19:12:59.918000+00:00,9531,1237
23.9,47.0,4,2024-06-09T19:15:43.631000+00:00,9531,1237
28.3,52.0,24,2024-06-09T19:25:31.543000+00:00,9531,1237
28.1,54.0,63,2024-06-09T19:25:48.175000+00:00,9531,1237
28.8,54.0,44,2024-06-09T19:25:54.234000+00:00,9531,1237
26.8,54.0,20,2024-06-09T19:26:52.500000+00:00,9531,1237
,1.0,77,2024-06-21T11:30:02.317000+00:00,9532,1238
,1.0,14,2024-06-21T11:30:12.932000+00:00,9532,1238
,1.0,20,2024-06-21T11:30:15.387000+00:00,9532,1238
,1.0,44,2024-06-21T11:30:16.413000+00:00,9532,1238
,1.0,63,2024-06-21T11:30:18.787000+00:00,9532,1238
,1.0,4,2024-06-21T11:30:25.245000+00:00,9532,1238
,1.0,24,2024-06-21T11:30:27.632000+00:00,9532,1238
,1.0,81,2024-06-21T11:30:32.425000+00:00,9532,1238
,1.0,10,2024-06-21T11:30:37.585000+00:00,9532,1238
,1.0,2,2024-06-21T11:30:42.740000+00:00,9532,1238
,1.0,50,2024-06-21T11:30:45.045000+00:00,9532,1238
,1.0,31,2024-06-21T11:30:47.661000+00:00,9532,1238
,1.0,22,2024-06-21T11:30:50.309000+00:00,9532,1238
,1.0,18,2024-06-21T11:31:10.600000+00:00,9532,1238
,1.0,3,2024-06-21T11:31:21.004000+00:00,9532,1238
,1.0,55,2024-06-21T11:31:26.284000+00:00,9532,1238
,1.0,11,2024-06-21T11:31:28.538000+00:00,9532,1238
,1.0,16,2024-06-21T11:31:34.585000+00:00,9532,1238
31.4,2.0,2,2024-06-21T11:33:17.394000+00:00,9532,1238
,1.0,1,2024-06-21T11:33:35.894000+00:00,9532,1238
53.2,3.0,10,2024-06-21T11:34:59.865000+00:00,9532,1238
139.1,3.0,14,2024-06-21T11:35:35.826000+00:00,9532,1238
,1.0,23,2024-06-21T11:35:52.437000+00:00,9532,1238
27.2,4.0,44,2024-06-21T11:36:02.600000+00:00,9532,1238
24.8,4.0,11,2024-06-21T11:36:41.911000+00:00,9532,1238
311.0,2.0,81,2024-06-21T11:37:28.838000+00:00,9532,1238
41.1,6.0,20,2024-06-21T11:38:00.816000+00:00,9532,1238
400.7,2.0,77,2024-06-21T11:38:17.369000+00:00,9532,1238
23.2,4.0,1,2024-06-21T11:38:34.033000+00:00,9532,1238
36.2,6.0,50,2024-06-21T11:38:56.283000+00:00,9532,1238
35.3,6.0,63,2024-06-21T11:39:08.309000+00:00,9532,1238
17.2,6.0,18,2024-06-21T11:40:04.440000+00:00,9532,1238
526.8,2.0,4,2024-06-21T11:41:07.760000+00:00,9532,1238
28.0,7.0,16,2024-06-21T11:41:39.680000+00:00,9532,1238
345.1,4.0,2,2024-06-21T11:42:35.926000+00:00,9532,1238
26.1,8.0,31,2024-06-21T11:42:58.772000+00:00,9532,1238
33.2,7.0,1,2024-06-21T11:44:04.047000+00:00,9532,1238
294.5,3.0,81,2024-06-21T11:44:23.541000+00:00,9532,1238
27.9,11.0,20,2024-06-21T11:46:15.432000+00:00,9532,1238
17.4,10.0,16,2024-06-21T11:47:02.115000+00:00,9532,1238
30.1,11.0,24,2024-06-21T11:47:16.588000+00:00,9532,1238
437.5,3.0,77,2024-06-21T11:47:20.176000+00:00,9532,1238
31.6,11.0,3,2024-06-21T11:48:03.352000+00:00,9532,1238
638.5,5.0,10,2024-06-21T11:48:44.320000+00:00,9532,1238
825.9,5.0,14,2024-06-21T11:52:27.001000+00:00,9532,1238
456.9,9.0,18,2024-06-21T11:53:06.715000+00:00,9532,1238
480.6,12.0,63,2024-06-21T11:57:25.837000+00:00,9532,1238
544.2,12.0,55,2024-06-21T11:57:32.345000+00:00,9532,1238
698.9,10.0,11,2024-06-21T11:57:57.324000+00:00,9532,1238
639.4,9.0,1,2024-06-21T11:58:13.426000+00:00,9532,1238
621.2,11.0,44,2024-06-21T11:58:20.035000+00:00,9532,1238
608.5,9.0,23,2024-06-21T11:59:07.604000+00:00,9532,1238
1201.4,6.0,22,2024-06-21T11:59:29.310000+00:00,9532,1238
435.0,14.0,3,2024-06-21T11:59:42.378000+00:00,9532,1238
517.1,14.0,50,2024-06-21T12:00:17.614000+00:00,9532,1238
749.3,12.0,24,2024-06-21T12:01:39.980000+00:00,9532,1238
457.4,12.0,2,2024-06-21T12:02:40.242000+00:00,9532,1238
633.7,9.0,4,2024-06-21T12:02:50.592000+00:00,9532,1238
702.2,13.0,31,2024-06-21T12:02:54.475000+00:00,9532,1238
36.0,15.0,55,2024-06-21T12:03:04.620000+00:00,9532,1238
511.1,16.0,20,2024-06-21T12:03:43.320000+00:00,9532,1238
29.5,14.0,44,2024-06-21T12:04:06.837000+00:00,9532,1238
16.8,12.0,23,2024-06-21T12:04:31.071000+00:00,9532,1238
436.1,12.0,81,2024-06-21T12:05:09.297000+00:00,9532,1238
809.5,13.0,16,2024-06-21T12:05:25.744000+00:00,9532,1238
103.0,9.0,22,2024-06-21T12:05:36.145000+00:00,9532,1238
16.8,15.0,24,2024-06-21T12:07:05.732000+00:00,9532,1238
790.0,14.0,81,2024-06-21T12:11:03.277000+00:00,9532,1238
1164.0,18.0,50,2024-06-21T12:11:05.533000+00:00,9532,1238
211.5,12.0,4,2024-06-21T12:11:07.208000+00:00,9532,1238
1198.6,16.0,31,2024-06-21T12:11:10.898000+00:00,9532,1238
490.1,12.0,1,2024-06-21T12:11:16.160000+00:00,9532,1238
700.8,12.0,10,2024-06-21T12:11:18.209000+00:00,9532,1238
979.2,15.0,2,2024-06-21T12:11:22.143000+00:00,9532,1238
1171.3,15.0,16,2024-06-21T12:11:27.597000+00:00,9532,1238
978.9,19.0,20,2024-06-21T12:11:31.114000+00:00,9532,1238
607.5,12.0,77,2024-06-21T12:11:33.572000+00:00,9532,1238
300.8,16.0,24,2024-06-21T12:11:49.808000+00:00,9532,1238
382.3,13.0,14,2024-06-21T12:12:08.811000+00:00,9532,1238
503.0,11.0,22,2024-06-21T12:12:16.096000+00:00,9532,1238
439.7,16.0,18,2024-06-21T12:12:19.190000+00:00,9532,1238
374.8,17.0,55,2024-06-21T12:12:44.352000+00:00,9532,1238
522.4,14.0,11,2024-06-21T12:13:08.157000+00:00,9532,1238
1484.0,18.0,63,2024-06-21T12:14:09.276000+00:00,9532,1238
23.6,18.0,55,2024-06-21T12:14:31.133000+00:00,9532,1238
1356.1,19.0,3,2024-06-21T12:15:03.516000+00:00,9532,1238
667.1,14.0,23,2024-06-21T12:15:21.383000+00:00,9532,1238
464.9,16.0,44,2024-06-21T12:15:29.336000+00:00,9532,1238
22.6,17.0,81,2024-06-21T12:15:42.853000+00:00,9532,1238
16.7,15.0,77,2024-06-21T12:17:09.225000+00:00,9532,1238
252.8,18.0,16,2024-06-21T12:20:29.603000+00:00,9532,1238
291.0,21.0,50,2024-06-21T12:20:49.120000+00:00,9532,1238
283.4,22.0,20,2024-06-21T12:20:58.654000+00:00,9532,1238
390.6,17.0,2,2024-06-21T12:21:06.457000+00:00,9532,1238
339.0,14.0,22,2024-06-21T12:22:39.282000+00:00,9532,1238
16.6,18.0,77,2024-06-21T12:22:43+00:00,9532,1238
26.3,24.0,63,2024-06-21T12:23:10.590000+00:00,9532,1238
460.4,19.0,24,2024-06-21T12:24:10.273000+00:00,9532,1238
22.9,26.0,3,2024-06-21T12:25:13.269000+00:00,9532,1238
38.3,22.0,1,2024-06-21T12:25:46.965000+00:00,9532,1238
18.2,27.0,3,2024-06-21T12:27:22.287000+00:00,9532,1238
34.7,24.0,4,2024-06-21T12:27:56.786000+00:00,9532,1238
26.2,21.0,77,2024-06-21T12:28:03.842000+00:00,9532,1238
27.0,26.0,81,2024-06-21T12:28:11.544000+00:00,9532,1238
35.0,23.0,23,2024-06-21T12:28:35.131000+00:00,9532,1238
310.6,19.0,10,2024-06-21T12:29:03.455000+00:00,9532,1238
23.0,24.0,16,2024-06-21T12:29:05.963000+00:00,9532,1238
,1.0,44,2024-06-21T15:00:02.792000+00:00,9533,1238
,1.0,77,2024-06-21T15:00:06.317000+00:00,9533,1238
,1.0,4,2024-06-21T15:00:08.088000+00:00,9533,1238
,1.0,10,2024-06-21T15:00:11.960000+00:00,9533,1238
,1.0,18,2024-06-21T15:00:15.784000+00:00,9533,1238
,1.0,81,2024-06-21T15:00:21.601000+00:00,9533,1238
,1.0,23,2024-06-21T15:00:24.842000+00:00,9533,1238
,1.0,31,2024-06-21T15:00:27.285000+00:00,9533,1238
,1.0,24,2024-06-21T15:00:31.085000+00:00,9533,1238
,1.0,2,2024-06-21T15:00:34.791000+00:00,9533,1238
,1.0,20,2024-06-21T15:00:37.338000+00:00,9533,1238
,1.0,14,2024-06-21T15:00:38.665000+00:00,9533,1238
,1.0,27,2024-06-21T15:00:55.260000+00:00,9533,1238
,1.0,16,2024-06-21T15:01:06.219000+00:00,9533,1238
,1.0,11,2024-06-21T15:01:13.080000+00:00,9533,1238
,1.0,22,2024-06-21T15:01:24.591000+00:00,9533,1238
,1.0,3,2024-06-21T15:01:32.335000+00:00,9533,1238
,1.0,63,2024-06-21T15:01:46.385000+00:00,9533,1238
,1.0,55,2024-06-21T15:03:24.223000+00:00,9533,1238
,1.0,1,2024-06-21T15:03:39.614000+00:00,9533,1238
27.4,4.0,10,2024-06-21T15:05:39.042000+00:00,9533,1238
28.0,4.0,44,2024-06-21T15:06:05.063000+00:00,9533,1238
25.7,4.0,11,2024-06-21T15:07:16.056000+00:00,9533,1238
23.2,4.0,55,2024-06-21T15:08:55.166000+00:00,9533,1238
33.3,4.0,1,2024-06-21T15:09:20.388000+00:00,9533,1238
29.0,6.0,16,2024-06-21T15:10:14.204000+00:00,9533,1238
16.7,7.0,18,2024-06-21T15:11:31.925000+00:00,9533,1238
31.2,7.0,44,2024-06-21T15:12:23.063000+00:00,9533,1238
28.6,7.0,63,2024-06-21T15:13:18.157000+00:00,9533,1238
341.2,8.0,2,2024-06-21T15:18:17.431000+00:00,9533,1238
611.4,6.0,81,2024-06-21T15:19:20.322000+00:00,9533,1238
347.2,10.0,23,2024-06-21T15:20:31.924000+00:00,9533,1238
561.9,7.0,11,2024-06-21T15:21:17.303000+00:00,9533,1238
461.1,7.0,55,2024-06-21T15:21:35.165000+00:00,9533,1238
500.8,8.0,16,2024-06-21T15:22:11.792000+00:00,9533,1238
639.7,8.0,4,2024-06-21T15:22:24.776000+00:00,9533,1238
635.0,8.0,77,2024-06-21T15:22:28.285000+00:00,9533,1238
475.9,10.0,24,2024-06-21T15:22:38.205000+00:00,9533,1238
684.5,7.0,27,2024-06-21T15:22:42.678000+00:00,9533,1238
376.9,10.0,20,2024-06-21T15:23:14.078000+00:00,9533,1238
16.6,11.0,2,2024-06-21T15:23:25.175000+00:00,9533,1238
414.6,10.0,22,2024-06-21T15:23:40.305000+00:00,9533,1238
453.8,10.0,18,2024-06-21T15:23:44.031000+00:00,9533,1238
656.2,7.0,1,2024-06-21T15:24:57.270000+00:00,9533,1238
16.7,13.0,23,2024-06-21T15:25:55.414000+00:00,9533,1238
619.5,9.0,44,2024-06-21T15:26:01.525000+00:00,9533,1238
635.3,9.0,3,2024-06-21T15:26:09.002000+00:00,9533,1238
616.2,10.0,31,2024-06-21T15:26:49.375000+00:00,9533,1238
846.4,8.0,14,2024-06-21T15:26:52.612000+00:00,9533,1238
16.6,11.0,16,2024-06-21T15:27:35.190000+00:00,9533,1238
19.5,13.0,24,2024-06-21T15:27:59.435000+00:00,9533,1238
21.7,11.0,77,2024-06-21T15:28:04.458000+00:00,9533,1238
626.2,10.0,63,2024-06-21T15:28:13.650000+00:00,9533,1238
446.5,7.0,81,2024-06-21T15:28:22.364000+00:00,9533,1238
814.0,10.0,10,2024-06-21T15:29:25.144000+00:00,9533,1238
51.6,13.0,18,2024-06-21T15:30:19.972000+00:00,9533,1238
33.9,12.0,44,2024-06-21T15:31:56.913000+00:00,9533,1238
491.3,10.0,55,2024-06-21T15:34:29.092000+00:00,9533,1238
448.6,11.0,4,2024-06-21T15:34:38.116000+00:00,9533,1238
349.2,10.0,1,2024-06-21T15:35:31.768000+00:00,9533,1238
450.1,14.0,2,2024-06-21T15:35:40.640000+00:00,9533,1238
731.9,9.0,11,2024-06-21T15:36:26.565000+00:00,9533,1238
478.0,13.0,22,2024-06-21T15:36:37.050000+00:00,9533,1238
367.4,16.0,23,2024-06-21T15:37:17.142000+00:00,9533,1238
408.7,12.0,3,2024-06-21T15:37:44.329000+00:00,9533,1238
288.0,10.0,81,2024-06-21T15:37:48.857000+00:00,9533,1238
456.7,12.0,27,2024-06-21T15:38:50.978000+00:00,9533,1238
24.2,16.0,2,2024-06-21T15:39:05.371000+00:00,9533,1238
315.4,16.0,20,2024-06-21T15:39:28.348000+00:00,9533,1238
410.5,16.0,24,2024-06-21T15:39:40.728000+00:00,9533,1238
411.6,14.0,77,2024-06-21T15:39:49.206000+00:00,9533,1238
23.1,15.0,77,2024-06-21T15:41:45.614000+00:00,9533,1238
35.1,19.0,23,2024-06-21T15:42:17.375000+00:00,9533,1238
333.0,14.0,14,2024-06-21T15:42:27.109000+00:00,9533,1238
23.7,18.0,24,2024-06-21T15:43:02.898000+00:00,9533,1238
327.0,16.0,63,2024-06-21T15:44:04.140000+00:00,9533,1238
456.8,15.0,44,2024-06-21T15:44:09.184000+00:00,9533,1238
300.5,17.0,31,2024-06-21T15:44:17.287000+00:00,9533,1238
608.2,16.0,18,2024-06-21T15:45:20.452000+00:00,9533,1238
388.2,16.0,10,2024-06-21T15:46:34.976000+00:00,9533,1238
343.3,12.0,11,2024-06-21T15:46:39.564000+00:00,9533,1238
22.6,25.0,3,2024-06-21T15:56:08.412000+00:00,9533,1238
18.7,26.0,3,2024-06-21T15:57:48.845000+00:00,9533,1238
22.3,26.0,27,2024-06-21T15:58:27.722000+00:00,9533,1238
22.4,26.0,14,2024-06-21T15:59:37.254000+00:00,9533,1238
,1.0,44,2024-06-22T10:30:31.372000+00:00,9534,1238
,1.0,1,2024-06-22T10:34:37.640000+00:00,9534,1238
,1.0,20,2024-06-22T10:35:58.353000+00:00,9534,1238
32.1,4.0,44,2024-06-22T10:36:40.950000+00:00,9534,1238
,1.0,22,2024-06-22T10:37:44.328000+00:00,9534,1238
,1.0,18,2024-06-22T10:37:47.061000+00:00,9534,1238
,1.0,14,2024-06-22T10:37:58.166000+00:00,9534,1238
,1.0,11,2024-06-22T10:38:42.385000+00:00,9534,1238
,1.0,63,2024-06-22T10:39:24.743000+00:00,9534,1238
,1.0,55,2024-06-22T10:40:04.875000+00:00,9534,1238
29.7,2.0,18,2024-06-22T10:40:08.942000+00:00,9534,1238
,1.0,27,2024-06-22T10:40:13.945000+00:00,9534,1238
,1.0,16,2024-06-22T10:40:20.775000+00:00,9534,1238
32.1,2.0,14,2024-06-22T10:40:23.088000+00:00,9534,1238
25.9,4.0,11,2024-06-22T10:44:02.808000+00:00,9534,1238
,1.0,3,2024-06-22T10:44:15.274000+00:00,9534,1238
,1.0,31,2024-06-22T10:44:44.625000+00:00,9534,1238
,1.0,10,2024-06-22T10:45:07.537000+00:00,9534,1238
,1.0,4,2024-06-22T10:45:18.297000+00:00,9534,1238
,1.0,81,2024-06-22T10:45:49.272000+00:00,9534,1238
19.5,4.0,16,2024-06-22T10:46:13.415000+00:00,9534,1238
,1.0,77,2024-06-22T10:48:01.539000+00:00,9534,1238
,1.0,24,2024-06-22T10:48:04.977000+00:00,9534,1238
373.9,7.0,44,2024-06-22T10:48:12.988000+00:00,9534,1238
195.2,4.0,55,2024-06-22T10:48:27.299000+00:00,9534,1238
260.2,4.0,63,2024-06-22T10:48:45.452000+00:00,9534,1238
,1.0,23,2024-06-22T10:49:02.520000+00:00,9534,1238
25.3,4.0,81,2024-06-22T10:51:17.687000+00:00,9534,1238
,1.0,2,2024-06-22T10:51:21.464000+00:00,9534,1238
546.8,3.0,14,2024-06-22T10:51:29.923000+00:00,9534,1238
617.4,3.0,18,2024-06-22T10:52:30.789000+00:00,9534,1238
28.2,8.0,27,2024-06-22T10:52:39.601000+00:00,9534,1238
504.2,7.0,1,2024-06-22T10:52:58.827000+00:00,9534,1238
16.6,4.0,77,2024-06-22T10:53:07.120000+00:00,9534,1238
27.8,4.0,24,2024-06-22T10:53:25.242000+00:00,9534,1238
16.6,4.0,23,2024-06-22T10:54:27.136000+00:00,9534,1238
225.0,9.0,44,2024-06-22T10:55:01.086000+00:00,9534,1238
534.8,7.0,22,2024-06-22T10:56:48.048000+00:00,9534,1238
297.5,6.0,63,2024-06-22T10:56:57.972000+00:00,9534,1238
352.3,7.0,16,2024-06-22T10:57:03.764000+00:00,9534,1238
18.2,17.0,20,2024-06-22T10:57:32.122000+00:00,9534,1238
18.7,7.0,24,2024-06-22T10:58:43.634000+00:00,9534,1238
16.8,11.0,3,2024-06-22T10:59:20.821000+00:00,9534,1238
363.1,7.0,31,2024-06-22T10:59:34.625000+00:00,9534,1238
661.4,7.0,11,2024-06-22T11:00:08.025000+00:00,9534,1238
717.7,4.0,10,2024-06-22T11:02:04.779000+00:00,9534,1238
590.1,7.0,55,2024-06-22T11:03:15.232000+00:00,9534,1238
23.7,10.0,24,2024-06-22T11:04:00.400000+00:00,9534,1238
18.3,11.0,31,2024-06-22T11:05:25.964000+00:00,9534,1238
60.9,10.0,11,2024-06-22T11:06:07.325000+00:00,9534,1238
21.6,11.0,18,2024-06-22T11:06:13.829000+00:00,9534,1238
23.6,12.0,14,2024-06-22T11:06:43.798000+00:00,9534,1238
711.2,7.0,4,2024-06-22T11:06:59.401000+00:00,9534,1238
34.9,7.0,10,2024-06-22T11:07:15.520000+00:00,9534,1238
16.7,14.0,22,2024-06-22T11:07:40.749000+00:00,9534,1238
603.2,6.0,23,2024-06-22T11:08:23.080000+00:00,9534,1238
707.0,4.0,2,2024-06-22T11:08:30.239000+00:00,9534,1238
802.5,7.0,81,2024-06-22T11:09:03.608000+00:00,9534,1238
682.4,18.0,20,2024-06-22T11:10:52.045000+00:00,9534,1238
731.2,12.0,27,2024-06-22T11:11:01.886000+00:00,9534,1238
29.3,9.0,4,2024-06-22T11:11:05.870000+00:00,9534,1238
16.6,7.0,2,2024-06-22T11:14:03.857000+00:00,9534,1238
469.6,18.0,44,2024-06-22T11:15:06.208000+00:00,9534,1238
22.5,11.0,81,2024-06-22T11:15:40.877000+00:00,9534,1238
453.9,13.0,14,2024-06-22T11:15:45.482000+00:00,9534,1238
525.5,12.0,18,2024-06-22T11:16:35.883000+00:00,9534,1238
495.7,15.0,63,2024-06-22T11:17:22.999000+00:00,9534,1238
1023.0,12.0,3,2024-06-22T11:17:56.934000+00:00,9534,1238
479.4,13.0,55,2024-06-22T11:19:22.201000+00:00,9534,1238
698.0,18.0,1,2024-06-22T11:19:44.792000+00:00,9534,1238
539.5,13.0,11,2024-06-22T11:20:02.809000+00:00,9534,1238
661.5,15.0,22,2024-06-22T11:20:29.009000+00:00,9534,1238
858.1,14.0,16,2024-06-22T11:21:02.450000+00:00,9534,1238
42.2,21.0,44,2024-06-22T11:21:07.359000+00:00,9534,1238
31.0,16.0,14,2024-06-22T11:21:15.579000+00:00,9534,1238
862.3,12.0,31,2024-06-22T11:21:35.426000+00:00,9534,1238
939.3,13.0,77,2024-06-22T11:21:45.352000+00:00,9534,1238
984.1,11.0,24,2024-06-22T11:22:05.624000+00:00,9534,1238
803.1,8.0,10,2024-06-22T11:22:07.396000+00:00,9534,1238
535.4,9.0,23,2024-06-22T11:22:25.789000+00:00,9534,1238
16.6,18.0,22,2024-06-22T11:26:00.915000+00:00,9534,1238
31.7,17.0,16,2024-06-22T11:26:49.806000+00:00,9534,1238
166.4,16.0,55,2024-06-22T11:26:56.131000+00:00,9534,1238
164.8,21.0,1,2024-06-22T11:27:05.891000+00:00,9534,1238
16.6,16.0,77,2024-06-22T11:27:12.336000+00:00,9534,1238
35.8,15.0,31,2024-06-22T11:27:22.042000+00:00,9534,1238
140.3,16.0,11,2024-06-22T11:27:25.831000+00:00,9534,1238
31.8,14.0,24,2024-06-22T11:27:30.636000+00:00,9534,1238
390.2,24.0,20,2024-06-22T11:28:06.897000+00:00,9534,1238
332.0,15.0,3,2024-06-22T11:28:12.220000+00:00,9534,1238
421.7,18.0,27,2024-06-22T11:28:16.175000+00:00,9534,1238
772.0,12.0,4,2024-06-22T11:28:51.451000+00:00,9534,1238
581.4,10.0,2,2024-06-22T11:28:53.358000+00:00,9534,1238
717.7,12.0,81,2024-06-22T11:29:05.284000+00:00,9534,1238
437.4,18.0,63,2024-06-22T11:29:13.792000+00:00,9534,1238
203.8,19.0,14,2024-06-22T11:29:17.207000+00:00,9534,1238
190.2,24.0,44,2024-06-22T11:29:29.190000+00:00,9534,1238
151.7,12.0,23,2024-06-22T11:29:31.789000+00:00,9534,1238
,1.0,2,2024-06-22T14:00:04.949000+00:00,9535,1238
,1.0,24,2024-06-22T14:00:16.523000+00:00,9535,1238
,1.0,3,2024-06-22T14:00:44.883000+00:00,9535,1238
,1.0,22,2024-06-22T14:00:56.572000+00:00,9535,1238
,1.0,18,2024-06-22T14:01:05.362000+00:00,9535,1238
,1.0,11,2024-06-22T14:04:19.396000+00:00,9535,1238
,1.0,23,2024-06-22T14:04:24.878000+00:00,9535,1238
,1.0,1,2024-06-22T14:04:46.683000+00:00,9535,1238
,1.0,81,2024-06-22T14:04:54.592000+00:00,9535,1238
,1.0,44,2024-06-22T14:05:02.540000+00:00,9535,1238
,1.0,20,2024-06-22T14:05:04.408000+00:00,9535,1238
,1.0,4,2024-06-22T14:05:15.130000+00:00,9535,1238
,1.0,14,2024-06-22T14:05:20.180000+00:00,9535,1238
,1.0,31,2024-06-22T14:05:23.654000+00:00,9535,1238
,1.0,77,2024-06-22T14:05:29.076000+00:00,9535,1238
,1.0,16,2024-06-22T14:05:37.043000+00:00,9535,1238
,1.0,55,2024-06-22T14:05:48.042000+00:00,9535,1238
,1.0,10,2024-06-22T14:06:04.746000+00:00,9535,1238
,1.0,27,2024-06-22T14:06:13.529000+00:00,9535,1238
,1.0,63,2024-06-22T14:06:21.569000+00:00,9535,1238
51.6,4.0,18,2024-06-22T14:06:31.173000+00:00,9535,1238
120.9,4.0,24,2024-06-22T14:06:46.378000+00:00,9535,1238
103.5,4.0,22,2024-06-22T14:07:07.907000+00:00,9535,1238
153.9,4.0,3,2024-06-22T14:07:47.626000+00:00,9535,1238
209.4,4.0,2,2024-06-22T14:07:53.911000+00:00,9535,1238
167.2,4.0,23,2024-06-22T14:11:44.370000+00:00,9535,1238
301.9,4.0,11,2024-06-22T14:13:48.976000+00:00,9535,1238
206.4,4.0,77,2024-06-22T14:13:51.572000+00:00,9535,1238
160.1,7.0,24,2024-06-22T14:13:53.315000+00:00,9535,1238
218.4,4.0,31,2024-06-22T14:13:56.652000+00:00,9535,1238
250.7,4.0,20,2024-06-22T14:13:58.216000+00:00,9535,1238
267.4,4.0,81,2024-06-22T14:14:00.526000+00:00,9535,1238
259.6,4.0,44,2024-06-22T14:14:04.701000+00:00,9535,1238
119.3,7.0,3,2024-06-22T14:14:07.899000+00:00,9535,1238
251.9,4.0,14,2024-06-22T14:14:26.096000+00:00,9535,1238
243.8,4.0,10,2024-06-22T14:15:03.466000+00:00,9535,1238
235.2,7.0,18,2024-06-22T14:15:14.272000+00:00,9535,1238
223.8,7.0,22,2024-06-22T14:15:22.512000+00:00,9535,1238
287.0,4.0,27,2024-06-22T14:15:28.432000+00:00,9535,1238
269.0,4.0,63,2024-06-22T14:15:46.055000+00:00,9535,1238
207.7,7.0,2,2024-06-22T14:15:57.830000+00:00,9535,1238
337.2,10.0,18,2024-06-22T14:25:39.994000+00:00,9535,1238
605.5,7.0,31,2024-06-22T14:28:42.202000+00:00,9535,1238
630.7,7.0,11,2024-06-22T14:28:47.509000+00:00,9535,1238
534.4,7.0,10,2024-06-22T14:28:48.979000+00:00,9535,1238
516.5,7.0,27,2024-06-22T14:28:51.340000+00:00,9535,1238
548.3,7.0,14,2024-06-22T14:28:57.915000+00:00,9535,1238
633.8,7.0,77,2024-06-22T14:29:01.630000+00:00,9535,1238
636.5,10.0,24,2024-06-22T14:29:09.231000+00:00,9535,1238
1137.5,4.0,16,2024-06-22T14:29:34.572000+00:00,9535,1238
650.1,7.0,81,2024-06-22T14:29:51.849000+00:00,9535,1238
1154.8,4.0,55,2024-06-22T14:29:55.057000+00:00,9535,1238
1223.5,4.0,4,2024-06-22T14:30:18.241000+00:00,9535,1238
1272.5,4.0,1,2024-06-22T14:30:31.515000+00:00,9535,1238
699.7,7.0,44,2024-06-22T14:30:49.687000+00:00,9535,1238
799.0,5.0,63,2024-06-22T14:31:00.910000+00:00,9535,1238
235.8,13.0,18,2024-06-22T14:33:59.491000+00:00,9535,1238
73.3,10.0,44,2024-06-22T14:36:24.615000+00:00,9535,1238
134.5,10.0,77,2024-06-22T14:36:27.947000+00:00,9535,1238
131.6,13.0,24,2024-06-22T14:36:29.426000+00:00,9535,1238
190.1,10.0,31,2024-06-22T14:36:31.863000+00:00,9535,1238
161.4,10.0,27,2024-06-22T14:36:32.867000+00:00,9535,1238
171.7,10.0,10,2024-06-22T14:36:37.303000+00:00,9535,1238
196.6,10.0,11,2024-06-22T14:36:49.957000+00:00,9535,1238
180.9,10.0,14,2024-06-22T14:37:11.265000+00:00,9535,1238
136.8,8.0,63,2024-06-22T14:37:34.180000+00:00,9535,1238
179.6,10.0,81,2024-06-22T14:37:44.536000+00:00,9535,1238
386.9,13.0,11,2024-06-22T14:48:13.531000+00:00,9535,1238
830.5,7.0,1,2024-06-22T14:48:59.355000+00:00,9535,1238
467.2,13.0,31,2024-06-22T14:49:01.276000+00:00,9535,1238
852.8,7.0,55,2024-06-22T14:49:06.165000+00:00,9535,1238
477.6,12.0,81,2024-06-22T14:49:09.304000+00:00,9535,1238
458.1,13.0,10,2024-06-22T14:49:16.313000+00:00,9535,1238
879.3,7.0,4,2024-06-22T14:49:41.454000+00:00,9535,1238
933.7,7.0,16,2024-06-22T14:49:57.368000+00:00,9535,1238
576.4,13.0,44,2024-06-22T14:50:21.380000+00:00,9535,1238
496.7,11.0,63,2024-06-22T14:50:26.805000+00:00,9535,1238
227.3,16.0,11,2024-06-22T14:56:27.505000+00:00,9535,1238
151.0,15.0,81,2024-06-22T14:56:31.264000+00:00,9535,1238
163.3,16.0,31,2024-06-22T14:56:34.503000+00:00,9535,1238
170.2,10.0,55,2024-06-22T14:56:44.084000+00:00,9535,1238
135.1,10.0,16,2024-06-22T14:56:48.787000+00:00,9535,1238
208.3,10.0,1,2024-06-22T14:56:58.819000+00:00,9535,1238
172.1,16.0,10,2024-06-22T14:57:18.763000+00:00,9535,1238
179.0,10.0,4,2024-06-22T14:57:29.050000+00:00,9535,1238
198.5,16.0,44,2024-06-22T14:58:02.933000+00:00,9535,1238
190.6,14.0,63,2024-06-22T14:58:14.502000+00:00,9535,1238
22.5,9.0,24,2024-06-23T13:16:10.213000+00:00,9539,1238
22.0,9.0,22,2024-06-23T13:16:11.333000+00:00,9539,1238
23.3,10.0,20,2024-06-23T13:17:32.080000+00:00,9539,1238
22.7,11.0,77,2024-06-23T13:18:51.704000+00:00,9539,1238
22.7,12.0,27,2024-06-23T13:20:08.058000+00:00,9539,1238
21.8,13.0,31,2024-06-23T13:21:25.661000+00:00,9539,1238
22.1,13.0,11,2024-06-23T13:21:28.103000+00:00,9539,1238
26.0,14.0,10,2024-06-23T13:22:46.359000+00:00,9539,1238
22.4,14.0,2,2024-06-23T13:23:07.977000+00:00,9539,1238
25.0,15.0,63,2024-06-23T13:23:59.262000+00:00,9539,1238
22.1,15.0,55,2024-06-23T13:23:59.580000+00:00,9539,1238
21.8,16.0,44,2024-06-23T13:25:20.193000+00:00,9539,1238
22.3,16.0,3,2024-06-23T13:25:47.115000+00:00,9539,1238
21.5,17.0,1,2024-06-23T13:26:33.823000+00:00,9539,1238
21.8,17.0,18,2024-06-23T13:27:01.981000+00:00,9539,1238
23.2,18.0,23,2024-06-23T13:28:39.123000+00:00,9539,1238
21.9,19.0,14,2024-06-23T13:29:48.062000+00:00,9539,1238
22.2,21.0,81,2024-06-23T13:32:17.701000+00:00,9539,1238
21.6,23.0,4,2024-06-23T13:34:43.620000+00:00,9539,1238
22.2,24.0,16,2024-06-23T13:36:12.099000+00:00,9539,1238
22.0,27.0,22,2024-06-23T13:41:07.520000+00:00,9539,1238
22.9,28.0,77,2024-06-23T13:42:21.766000+00:00,9539,1238
28.9,29.0,20,2024-06-23T13:43:52.104000+00:00,9539,1238
21.4,31.0,11,2024-06-23T13:46:05.676000+00:00,9539,1238
22.5,34.0,2,2024-06-23T13:50:51.703000+00:00,9539,1238
22.7,36.0,63,2024-06-23T13:52:24.923000+00:00,9539,1238
22.2,36.0,55,2024-06-23T13:52:28.248000+00:00,9539,1238
21.9,37.0,31,2024-06-23T13:54:16.436000+00:00,9539,1238
23.3,37.0,18,2024-06-23T13:54:30.707000+00:00,9539,1238
21.6,38.0,10,2024-06-23T13:55:28.471000+00:00,9539,1238
22.5,38.0,27,2024-06-23T13:55:41.119000+00:00,9539,1238
24.2,41.0,24,2024-06-23T13:59:56.167000+00:00,9539,1238
22.1,42.0,3,2024-06-23T14:01:24.417000+00:00,9539,1238
21.6,43.0,44,2024-06-23T14:01:43.671000+00:00,9539,1238
22.3,44.0,1,2024-06-23T14:02:52.693000+00:00,9539,1238
21.8,43.0,23,2024-06-23T14:02:56.360000+00:00,9539,1238
22.5,44.0,22,2024-06-23T14:04:29.127000+00:00,9539,1238
22.5,45.0,14,2024-06-23T14:05:17.408000+00:00,9539,1238
22.4,46.0,81,2024-06-23T14:06:00.458000+00:00,9539,1238
22.6,47.0,4,2024-06-23T14:06:54.847000+00:00,9539,1238
21.6,47.0,16,2024-06-23T14:07:06.625000+00:00,9539,1238
21.4,49.0,11,2024-06-23T14:10:14.790000+00:00,9539,1238
,1.0,1,2024-06-28T10:30:05.080000+00:00,9540,1239
,1.0,44,2024-06-28T10:30:11.085000+00:00,9540,1239
,1.0,27,2024-06-28T10:30:14.612000+00:00,9540,1239
,1.0,14,2024-06-28T10:30:19.396000+00:00,9540,1239
,1.0,63,2024-06-28T10:30:25.050000+00:00,9540,1239
,1.0,18,2024-06-28T10:30:28.594000+00:00,9540,1239
,1.0,55,2024-06-28T10:30:32.120000+00:00,9540,1239
,1.0,24,2024-06-28T10:30:39.297000+00:00,9540,1239
,1.0,4,2024-06-28T10:30:51.814000+00:00,9540,1239
,1.0,31,2024-06-28T10:30:58.237000+00:00,9540,1239
,1.0,10,2024-06-28T10:31:10.156000+00:00,9540,1239
,1.0,22,2024-06-28T10:31:16.238000+00:00,9540,1239
,1.0,81,2024-06-28T10:31:23.441000+00:00,9540,1239
,1.0,16,2024-06-28T10:31:29.452000+00:00,9540,1239
,1.0,11,2024-06-28T10:31:39.538000+00:00,9540,1239
,1.0,77,2024-06-28T10:31:43.617000+00:00,9540,1239
,1.0,20,2024-06-28T10:31:47.103000+00:00,9540,1239
,1.0,3,2024-06-28T10:31:56.789000+00:00,9540,1239
26.9,2.0,14,2024-06-28T10:32:14.238000+00:00,9540,1239
24.3,2.0,18,2024-06-28T10:32:31.082000+00:00,9540,1239
27.3,3.0,14,2024-06-28T10:34:07.799000+00:00,9540,1239
24.2,3.0,18,2024-06-28T10:34:25.686000+00:00,9540,1239
43.0,4.0,27,2024-06-28T10:35:01.776000+00:00,9540,1239
,1.0,23,2024-06-28T10:36:41.259000+00:00,9540,1239
,1.0,2,2024-06-28T10:36:45.185000+00:00,9540,1239
25.4,6.0,55,2024-06-28T10:37:47.330000+00:00,9540,1239
29.1,6.0,11,2024-06-28T10:39:15.949000+00:00,9540,1239
26.5,6.0,20,2024-06-28T10:39:19.699000+00:00,9540,1239
26.8,7.0,44,2024-06-28T10:39:34.469000+00:00,9540,1239
34.8,7.0,81,2024-06-28T10:40:11.441000+00:00,9540,1239
54.1,7.0,27,2024-06-28T10:40:14.471000+00:00,9540,1239
37.8,8.0,4,2024-06-28T10:41:04.720000+00:00,9540,1239
23.6,8.0,16,2024-06-28T10:42:04.558000+00:00,9540,1239
27.7,9.0,63,2024-06-28T10:42:45.956000+00:00,9540,1239
209.1,9.0,1,2024-06-28T10:45:15.436000+00:00,9540,1239
26.0,11.0,44,2024-06-28T10:46:18.607000+00:00,9540,1239
35.8,11.0,31,2024-06-28T10:46:21.576000+00:00,9540,1239
315.7,9.0,2,2024-06-28T10:53:27.705000+00:00,9540,1239
414.4,12.0,63,2024-06-28T10:53:51.441000+00:00,9540,1239
568.2,11.0,24,2024-06-28T10:54:22.049000+00:00,9540,1239
356.5,13.0,3,2024-06-28T10:55:54.242000+00:00,9540,1239
688.8,10.0,77,2024-06-28T10:55:57.122000+00:00,9540,1239
518.2,13.0,14,2024-06-28T10:56:17.739000+00:00,9540,1239
563.4,12.0,81,2024-06-28T10:56:23.108000+00:00,9540,1239
433.8,12.0,1,2024-06-28T10:56:23.695000+00:00,9540,1239
371.5,10.0,23,2024-06-28T10:56:29.815000+00:00,9540,1239
554.5,13.0,55,2024-06-28T10:56:45.408000+00:00,9540,1239
386.6,14.0,31,2024-06-28T10:56:50.519000+00:00,9540,1239
541.7,12.0,27,2024-06-28T10:56:55.604000+00:00,9540,1239
324.8,15.0,22,2024-06-28T10:57:28.411000+00:00,9540,1239
569.9,12.0,20,2024-06-28T10:57:34.406000+00:00,9540,1239
595.8,13.0,4,2024-06-28T10:58:10.006000+00:00,9540,1239
405.3,15.0,44,2024-06-28T10:58:29.133000+00:00,9540,1239
676.1,12.0,18,2024-06-28T10:59:07.989000+00:00,9540,1239
525.8,14.0,16,2024-06-28T10:59:21.704000+00:00,9540,1239
24.9,15.0,4,2024-06-28T11:01:11.670000+00:00,9540,1239
25.5,17.0,31,2024-06-28T11:01:48.590000+00:00,9540,1239
1144.5,17.0,81,2024-06-28T11:06:04.229000+00:00,9540,1239
1082.2,16.0,20,2024-06-28T11:06:06.829000+00:00,9540,1239
1098.2,17.0,27,2024-06-28T11:06:12.140000+00:00,9540,1239
335.6,16.0,4,2024-06-28T11:06:22.450000+00:00,9540,1239
1063.9,13.0,10,2024-06-28T11:06:28.319000+00:00,9540,1239
996.3,19.0,3,2024-06-28T11:06:34.100000+00:00,9540,1239
1139.6,17.0,14,2024-06-28T11:06:39.227000+00:00,9540,1239
319.2,18.0,31,2024-06-28T11:06:42.318000+00:00,9540,1239
1202.5,11.0,11,2024-06-28T11:06:47.489000+00:00,9540,1239
909.8,18.0,44,2024-06-28T11:06:53.724000+00:00,9540,1239
1199.8,19.0,63,2024-06-28T11:06:56.930000+00:00,9540,1239
986.2,16.0,16,2024-06-28T11:07:02.199000+00:00,9540,1239
1174.3,17.0,55,2024-06-28T11:07:04.664000+00:00,9540,1239
1009.8,15.0,23,2024-06-28T11:07:08.091000+00:00,9540,1239
1138.0,17.0,2,2024-06-28T11:07:10.053000+00:00,9540,1239
909.0,19.0,22,2024-06-28T11:07:12.538000+00:00,9540,1239
1165.9,15.0,18,2024-06-28T11:07:17.760000+00:00,9540,1239
1089.6,17.0,1,2024-06-28T11:07:19.497000+00:00,9540,1239
1348.3,18.0,24,2024-06-28T11:07:22.145000+00:00,9540,1239
1376.9,16.0,77,2024-06-28T11:07:25.251000+00:00,9540,1239
23.9,19.0,2,2024-06-28T11:10:41.828000+00:00,9540,1239
25.0,18.0,23,2024-06-28T11:11:49.184000+00:00,9540,1239
20.6,19.0,23,2024-06-28T11:14:01.782000+00:00,9540,1239
348.5,20.0,2,2024-06-28T11:17:44.160000+00:00,9540,1239
562.2,19.0,24,2024-06-28T11:18:14.383000+00:00,9540,1239
357.4,20.0,77,2024-06-28T11:18:21.931000+00:00,9540,1239
245.1,20.0,23,2024-06-28T11:19:16.426000+00:00,9540,1239
373.0,24.0,22,2024-06-28T11:19:36.230000+00:00,9540,1239
528.2,23.0,3,2024-06-28T11:20:05.650000+00:00,9540,1239
329.3,21.0,18,2024-06-28T11:20:12.210000+00:00,9540,1239
363.5,25.0,27,2024-06-28T11:21:48.441000+00:00,9540,1239
373.6,24.0,20,2024-06-28T11:22:03.815000+00:00,9540,1239
350.1,24.0,16,2024-06-28T11:22:19.275000+00:00,9540,1239
338.4,25.0,55,2024-06-28T11:22:22.808000+00:00,9540,1239
551.1,22.0,1,2024-06-28T11:22:39.131000+00:00,9540,1239
454.4,25.0,31,2024-06-28T11:22:44.043000+00:00,9540,1239
293.6,22.0,10,2024-06-28T11:22:50.941000+00:00,9540,1239
26.4,22.0,24,2024-06-28T11:22:55.053000+00:00,9540,1239
389.5,25.0,14,2024-06-28T11:22:57.928000+00:00,9540,1239
24.6,23.0,77,2024-06-28T11:23:00.504000+00:00,9540,1239
398.2,27.0,81,2024-06-28T11:24:18.081000+00:00,9540,1239
396.8,28.0,63,2024-06-28T11:24:29.870000+00:00,9540,1239
25.1,27.0,22,2024-06-28T11:24:35.342000+00:00,9540,1239
508.9,19.0,11,2024-06-28T11:24:51.858000+00:00,9540,1239
474.7,26.0,4,2024-06-28T11:26:26.915000+00:00,9540,1239
22.3,27.0,16,2024-06-28T11:27:09.071000+00:00,9540,1239
57.3,28.0,27,2024-06-28T11:27:24.597000+00:00,9540,1239
33.3,25.0,1,2024-06-28T11:27:33.049000+00:00,9540,1239
46.5,28.0,55,2024-06-28T11:27:43.759000+00:00,9540,1239
27.6,28.0,3,2024-06-28T11:27:58.946000+00:00,9540,1239
62.1,25.0,10,2024-06-28T11:28:08.646000+00:00,9540,1239
29.4,25.0,24,2024-06-28T11:28:11.182000+00:00,9540,1239
37.3,26.0,77,2024-06-28T11:28:20.452000+00:00,9540,1239
199.5,24.0,18,2024-06-28T11:28:23.505000+00:00,9540,1239
30.3,26.0,23,2024-06-28T11:28:34.248000+00:00,9540,1239
21.6,30.0,81,2024-06-28T11:28:35.525000+00:00,9540,1239
125.7,28.0,31,2024-06-28T11:29:04.137000+00:00,9540,1239
184.9,28.0,22,2024-06-28T11:29:11.421000+00:00,9540,1239
127.7,27.0,2,2024-06-28T11:29:28.521000+00:00,9540,1239
115.1,28.0,14,2024-06-28T11:29:31.513000+00:00,9540,1239
32.6,22.0,11,2024-06-28T11:29:35.415000+00:00,9540,1239
119.8,30.0,63,2024-06-28T11:29:39.223000+00:00,9540,1239
,1.0,44,2024-06-28T14:32:59.607000+00:00,9545,1239
,1.0,77,2024-06-28T14:33:02.397000+00:00,9545,1239
,1.0,22,2024-06-28T14:33:04.947000+00:00,9545,1239
,1.0,3,2024-06-28T14:33:10.170000+00:00,9545,1239
,1.0,24,2024-06-28T14:33:13.197000+00:00,9545,1239
,1.0,63,2024-06-28T14:33:24.048000+00:00,9545,1239
,1.0,81,2024-06-28T14:33:29.165000+00:00,9545,1239
,1.0,27,2024-06-28T14:33:34.581000+00:00,9545,1239
,1.0,55,2024-06-28T14:33:37.324000+00:00,9545,1239
,1.0,20,2024-06-28T14:33:38.799000+00:00,9545,1239
,1.0,4,2024-06-28T14:33:58.214000+00:00,9545,1239
,1.0,16,2024-06-28T14:34:04.861000+00:00,9545,1239
,1.0,10,2024-06-28T14:34:12.262000+00:00,9545,1239
,1.0,31,2024-06-28T14:34:16.979000+00:00,9545,1239
,1.0,1,2024-06-28T14:34:48.775000+00:00,9545,1239
,1.0,11,2024-06-28T14:34:58.497000+00:00,9545,1239
,1.0,23,2024-06-28T14:35:07.848000+00:00,9545,1239
,1.0,14,2024-06-28T14:35:24.402000+00:00,9545,1239
,1.0,18,2024-06-28T14:35:28.510000+00:00,9545,1239
,1.0,2,2024-06-28T14:35:42.240000+00:00,9545,1239
61.0,4.0,77,2024-06-28T14:38:01.181000+00:00,9545,1239
27.2,4.0,4,2024-06-28T14:38:45.663000+00:00,9545,1239
112.3,4.0,44,2024-06-28T14:38:50.167000+00:00,9545,1239
78.1,4.0,24,2024-06-28T14:38:56.788000+00:00,9545,1239
75.3,4.0,55,2024-06-28T14:39:08.819000+00:00,9545,1239
90.7,4.0,27,2024-06-28T14:39:13.361000+00:00,9545,1239
113.7,4.0,3,2024-06-28T14:39:18.840000+00:00,9545,1239
136.7,4.0,22,2024-06-28T14:39:34.124000+00:00,9545,1239
71.5,4.0,16,2024-06-28T14:39:38.071000+00:00,9545,1239
88.0,4.0,20,2024-06-28T14:39:41.866000+00:00,9545,1239
84.4,4.0,10,2024-06-28T14:39:59.113000+00:00,9545,1239
77.4,4.0,31,2024-06-28T14:40:01.955000+00:00,9545,1239
442.8,6.0,1,2024-06-28T14:49:15.766000+00:00,9545,1239
361.6,7.0,11,2024-06-28T14:49:20.787000+00:00,9545,1239
391.0,7.0,4,2024-06-28T14:49:25.475000+00:00,9545,1239
371.4,7.0,55,2024-06-28T14:49:32.862000+00:00,9545,1239
344.6,7.0,16,2024-06-28T14:49:39.764000+00:00,9545,1239
321.4,9.0,81,2024-06-28T14:49:47.799000+00:00,9545,1239
421.7,7.0,44,2024-06-28T14:50:10.687000+00:00,9545,1239
760.5,4.0,63,2024-06-28T14:50:16.482000+00:00,9545,1239
742.2,6.0,18,2024-06-28T14:55:14.044000+00:00,9545,1239
658.8,7.0,31,2024-06-28T14:55:19.173000+00:00,9545,1239
677.3,7.0,22,2024-06-28T14:55:23.339000+00:00,9545,1239
680.4,7.0,10,2024-06-28T14:55:38.158000+00:00,9545,1239
725.7,7.0,14,2024-06-28T14:55:49.215000+00:00,9545,1239
731.1,7.0,2,2024-06-28T14:56:00.390000+00:00,9545,1239
783.4,6.0,20,2024-06-28T14:56:07.294000+00:00,9545,1239
181.0,10.0,11,2024-06-28T14:56:27.061000+00:00,9545,1239
216.6,10.0,4,2024-06-28T14:57:07.229000+00:00,9545,1239
194.9,10.0,44,2024-06-28T14:57:27.821000+00:00,9545,1239
229.0,10.0,16,2024-06-28T14:57:39.035000+00:00,9545,1239
744.1,11.0,44,2024-06-28T15:11:25.067000+00:00,9545,1239
1031.4,7.0,63,2024-06-28T15:11:32.859000+00:00,9545,1239
1061.5,12.0,81,2024-06-28T15:11:41.469000+00:00,9545,1239
797.9,11.0,4,2024-06-28T15:11:55.570000+00:00,9545,1239
1102.1,10.0,55,2024-06-28T15:12:00.598000+00:00,9545,1239
1140.1,9.0,1,2024-06-28T15:12:15.227000+00:00,9545,1239
776.0,10.0,31,2024-06-28T15:12:23.102000+00:00,9545,1239
796.4,12.0,11,2024-06-28T15:12:30.797000+00:00,9545,1239
762.7,10.0,10,2024-06-28T15:12:34.184000+00:00,9545,1239
828.5,11.0,16,2024-06-28T15:12:47.833000+00:00,9545,1239
,1.0,1,2024-06-29T14:00:04.081000+00:00,9541,1239
,1.0,11,2024-06-29T14:00:12.048000+00:00,9541,1239
,1.0,10,2024-06-29T14:00:21.748000+00:00,9541,1239
,1.0,18,2024-06-29T14:00:26.070000+00:00,9541,1239
,1.0,14,2024-06-29T14:00:34.508000+00:00,9541,1239
,1.0,31,2024-06-29T14:00:37.675000+00:00,9541,1239
,1.0,23,2024-06-29T14:00:43.536000+00:00,9541,1239
,1.0,55,2024-06-29T14:00:46.936000+00:00,9541,1239
,1.0,16,2024-06-29T14:01:03.862000+00:00,9541,1239
,1.0,4,2024-06-29T14:01:14.774000+00:00,9541,1239
,1.0,81,2024-06-29T14:01:19.100000+00:00,9541,1239
,1.0,22,2024-06-29T14:01:27.837000+00:00,9541,1239
,1.0,3,2024-06-29T14:01:34.293000+00:00,9541,1239
,1.0,2,2024-06-29T14:01:45.964000+00:00,9541,1239
,1.0,27,2024-06-29T14:01:59.184000+00:00,9541,1239
,1.0,20,2024-06-29T14:02:08.433000+00:00,9541,1239
,1.0,77,2024-06-29T14:02:20.991000+00:00,9541,1239
,1.0,24,2024-06-29T14:02:23.890000+00:00,9541,1239
,1.0,44,2024-06-29T14:04:52.379000+00:00,9541,1239
,1.0,63,2024-06-29T14:04:58.016000+00:00,9541,1239
159.4,4.0,1,2024-06-29T14:06:34.304000+00:00,9541,1239
150.9,4.0,11,2024-06-29T14:06:40.745000+00:00,9541,1239
109.1,4.0,55,2024-06-29T14:06:50.330000+00:00,9541,1239
158.5,4.0,10,2024-06-29T14:06:57.959000+00:00,9541,1239
112.9,4.0,16,2024-06-29T14:07:02.106000+00:00,9541,1239
155.9,4.0,14,2024-06-29T14:07:13.438000+00:00,9541,1239
145.0,4.0,31,2024-06-29T14:07:18.330000+00:00,9541,1239
171.7,4.0,18,2024-06-29T14:07:25.062000+00:00,9541,1239
103.4,4.0,3,2024-06-29T14:07:30.639000+00:00,9541,1239
83.7,4.0,27,2024-06-29T14:07:37.805000+00:00,9541,1239
166.7,4.0,23,2024-06-29T14:07:44.595000+00:00,9541,1239
121.5,4.0,2,2024-06-29T14:07:52.460000+00:00,9541,1239
89.4,4.0,20,2024-06-29T14:07:56.125000+00:00,9541,1239
159.8,4.0,22,2024-06-29T14:08:22.385000+00:00,9541,1239
183.2,4.0,81,2024-06-29T14:08:35.539000+00:00,9541,1239
132.1,4.0,77,2024-06-29T14:08:40.130000+00:00,9541,1239
140.0,4.0,24,2024-06-29T14:08:50.201000+00:00,9541,1239
226.8,4.0,4,2024-06-29T14:09:06.631000+00:00,9541,1239
28.7,7.0,4,2024-06-29T14:13:44.772000+00:00,9541,1239
173.7,7.0,10,2024-06-29T14:13:56.502000+00:00,9541,1239
312.5,4.0,44,2024-06-29T14:14:05.680000+00:00,9541,1239
312.7,4.0,63,2024-06-29T14:14:11.843000+00:00,9541,1239
169.9,7.0,31,2024-06-29T14:14:23.557000+00:00,9541,1239
161.0,7.0,27,2024-06-29T14:14:31.421000+00:00,9541,1239
135.3,7.0,20,2024-06-29T14:14:33.197000+00:00,9541,1239
182.8,7.0,3,2024-06-29T14:14:48.239000+00:00,9541,1239
130.1,7.0,24,2024-06-29T14:14:53.931000+00:00,9541,1239
161.1,7.0,22,2024-06-29T14:15:09.565000+00:00,9541,1239
189.3,7.0,23,2024-06-29T14:15:15.657000+00:00,9541,1239
254.1,7.0,16,2024-06-29T14:15:19.138000+00:00,9541,1239
230.0,7.0,18,2024-06-29T14:15:29.149000+00:00,9541,1239
274.7,7.0,14,2024-06-29T14:15:53.715000+00:00,9541,1239
225.9,7.0,2,2024-06-29T14:16:01.096000+00:00,9541,1239
330.7,7.0,11,2024-06-29T14:16:14.781000+00:00,9541,1239
217.9,7.0,77,2024-06-29T14:16:19.387000+00:00,9541,1239
382.6,10.0,31,2024-06-29T14:25:04.635000+00:00,9541,1239
429.9,10.0,10,2024-06-29T14:25:16.148000+00:00,9541,1239
873.2,7.0,55,2024-06-29T14:25:19.742000+00:00,9541,1239
414.6,9.0,16,2024-06-29T14:25:28.176000+00:00,9541,1239
1090.8,7.0,1,2024-06-29T14:28:34.984000+00:00,9541,1239
563.5,10.0,22,2024-06-29T14:28:42.036000+00:00,9541,1239
627.8,7.0,44,2024-06-29T14:28:46.929000+00:00,9541,1239
635.8,7.0,63,2024-06-29T14:28:59.112000+00:00,9541,1239
595.3,10.0,3,2024-06-29T14:29:02.329000+00:00,9541,1239
982.9,7.0,81,2024-06-29T14:29:10.211000+00:00,9541,1239
552.1,10.0,14,2024-06-29T14:29:19.121000+00:00,9541,1239
702.8,10.0,4,2024-06-29T14:29:31.443000+00:00,9541,1239
669.6,10.0,27,2024-06-29T14:29:45.606000+00:00,9541,1239
568.8,10.0,11,2024-06-29T14:29:50.595000+00:00,9541,1239
671.1,10.0,20,2024-06-29T14:29:55.840000+00:00,9541,1239
78.6,13.0,31,2024-06-29T14:30:22.224000+00:00,9541,1239
100.5,10.0,55,2024-06-29T14:31:05.404000+00:00,9541,1239
109.7,13.0,10,2024-06-29T14:31:09.795000+00:00,9541,1239
109.8,12.0,16,2024-06-29T14:31:18.053000+00:00,9541,1239
146.4,13.0,11,2024-06-29T14:36:21.559000+00:00,9541,1239
124.5,16.0,31,2024-06-29T14:36:26.162000+00:00,9541,1239
232.0,13.0,22,2024-06-29T14:36:31.361000+00:00,9541,1239
231.4,10.0,44,2024-06-29T14:36:39.155000+00:00,9541,1239
190.0,13.0,27,2024-06-29T14:36:50.037000+00:00,9541,1239
228.5,10.0,63,2024-06-29T14:36:54.990000+00:00,9541,1239
275.4,10.0,1,2024-06-29T14:37:05.530000+00:00,9541,1239
177.8,13.0,20,2024-06-29T14:37:08.581000+00:00,9541,1239
242.3,13.0,14,2024-06-29T14:37:25.855000+00:00,9541,1239
264.9,13.0,3,2024-06-29T14:37:34.659000+00:00,9541,1239
153.1,16.0,10,2024-06-29T14:37:47.276000+00:00,9541,1239
152.8,15.0,16,2024-06-29T14:37:52.715000+00:00,9541,1239
277.7,10.0,81,2024-06-29T14:37:55.574000+00:00,9541,1239
263.7,13.0,4,2024-06-29T14:38:00.429000+00:00,9541,1239
483.0,16.0,27,2024-06-29T14:48:53.661000+00:00,9541,1239
511.1,19.0,31,2024-06-29T14:49:03.485000+00:00,9541,1239
868.7,13.0,55,2024-06-29T14:49:34.708000+00:00,9541,1239
510.2,12.0,81,2024-06-29T14:49:39.571000+00:00,9541,1239
520.6,13.0,1,2024-06-29T14:49:53.440000+00:00,9541,1239
547.7,15.0,4,2024-06-29T14:50:07.572000+00:00,9541,1239
567.9,17.0,16,2024-06-29T14:50:13.645000+00:00,9541,1239
608.8,16.0,11,2024-06-29T14:50:25.271000+00:00,9541,1239
599.1,13.0,44,2024-06-29T14:50:48.290000+00:00,9541,1239
585.1,13.0,63,2024-06-29T14:50:55.763000+00:00,9541,1239
209.3,22.0,31,2024-06-29T14:56:41.535000+00:00,9541,1239
180.7,16.0,1,2024-06-29T14:56:55.548000+00:00,9541,1239
249.2,19.0,27,2024-06-29T14:57:00.101000+00:00,9541,1239
200.7,15.0,81,2024-06-29T14:57:05.139000+00:00,9541,1239
214.1,16.0,55,2024-06-29T14:57:08.142000+00:00,9541,1239
213.3,18.0,4,2024-06-29T14:57:39.895000+00:00,9541,1239
199.0,19.0,11,2024-06-29T14:57:47.892000+00:00,9541,1239
222.8,20.0,16,2024-06-29T14:57:53.269000+00:00,9541,1239
201.9,16.0,44,2024-06-29T14:58:03.518000+00:00,9541,1239
196.7,16.0,63,2024-06-29T14:58:15.290000+00:00,9541,1239
31.9,1.0,16,2024-06-30T13:04:53.204000+00:00,9550,1239
31.7,1.0,2,2024-06-30T13:04:55.523000+00:00,9550,1239
21.5,10.0,20,2024-06-30T13:15:24.903000+00:00,9550,1239
21.5,10.0,3,2024-06-30T13:15:25.998000+00:00,9550,1239
22.3,11.0,27,2024-06-30T13:16:35.747000+00:00,9550,1239
21.4,11.0,14,2024-06-30T13:16:40.741000+00:00,9550,1239
21.8,12.0,23,2024-06-30T13:17:53.027000+00:00,9550,1239
21.6,16.0,16,2024-06-30T13:23:00.965000+00:00,9550,1239
22.2,19.0,31,2024-06-30T13:26:14.563000+00:00,9550,1239
21.9,19.0,77,2024-06-30T13:26:23.447000+00:00,9550,1239
21.4,20.0,10,2024-06-30T13:27:27.391000+00:00,9550,1239
21.3,20.0,18,2024-06-30T13:27:33.892000+00:00,9550,1239
22.5,20.0,2,2024-06-30T13:28:14.659000+00:00,9550,1239
21.5,21.0,44,2024-06-30T13:28:25.744000+00:00,9550,1239
21.2,21.0,11,2024-06-30T13:28:31.893000+00:00,9550,1239
21.2,21.0,22,2024-06-30T13:28:43.636000+00:00,9550,1239
21.6,22.0,63,2024-06-30T13:29:31.828000+00:00,9550,1239
21.2,22.0,55,2024-06-30T13:29:34.062000+00:00,9550,1239
21.8,23.0,1,2024-06-30T13:30:32.553000+00:00,9550,1239
21.6,23.0,4,2024-06-30T13:30:38.218000+00:00,9550,1239
20.9,25.0,81,2024-06-30T13:33:11.119000+00:00,9550,1239
23.1,28.0,24,2024-06-30T13:37:32.855000+00:00,9550,1239
22.2,33.0,16,2024-06-30T13:43:26.505000+00:00,9550,1239
33.9,35.0,14,2024-06-30T13:45:53.752000+00:00,9550,1239
21.0,37.0,3,2024-06-30T13:48:00.851000+00:00,9550,1239
21.8,38.0,20,2024-06-30T13:49:11.394000+00:00,9550,1239
21.8,39.0,27,2024-06-30T13:50:18.236000+00:00,9550,1239
21.6,39.0,23,2024-06-30T13:50:33.828000+00:00,9550,1239
22.0,42.0,10,2024-06-30T13:54:02.921000+00:00,9550,1239
21.9,42.0,77,2024-06-30T13:54:11.713000+00:00,9550,1239
21.2,43.0,31,2024-06-30T13:55:14.488000+00:00,9550,1239
21.3,43.0,18,2024-06-30T13:55:20.077000+00:00,9550,1239
23.4,44.0,22,2024-06-30T13:56:31.100000+00:00,9550,1239
21.2,46.0,63,2024-06-30T13:58:03.267000+00:00,9550,1239
21.2,47.0,55,2024-06-30T13:59:17.091000+00:00,9550,1239
22.0,49.0,2,2024-06-30T14:03:26.889000+00:00,9550,1239
25.8,51.0,1,2024-06-30T14:03:40.307000+00:00,9550,1239
21.4,51.0,4,2024-06-30T14:03:43.418000+00:00,9550,1239
20.7,51.0,81,2024-06-30T14:04:02.252000+00:00,9550,1239
27.5,51.0,11,2024-06-30T14:04:31.937000+00:00,9550,1239
20.9,51.0,16,2024-06-30T14:04:54.872000+00:00,9550,1239
21.5,51.0,24,2024-06-30T14:05:25.103000+00:00,9550,1239
27.2,53.0,44,2024-06-30T14:06:34.098000+00:00,9550,1239
22.7,64.0,1,2024-06-30T14:19:30.264000+00:00,9550,1239
22.4,68.0,14,2024-06-30T14:25:54.074000+00:00,9550,1239
,1.0,63,2024-07-05T11:30:02.985000+00:00,9551,1240
,1.0,50,2024-07-05T11:30:05.104000+00:00,9551,1240
,1.0,44,2024-07-05T11:30:12.065000+00:00,9551,1240
,1.0,16,2024-07-05T11:30:20.988000+00:00,9551,1240
,1.0,4,2024-07-05T11:30:31.102000+00:00,9551,1240
,1.0,77,2024-07-05T11:30:35.554000+00:00,9551,1240
,1.0,18,2024-07-05T11:30:37.941000+00:00,9551,1240
,1.0,31,2024-07-05T11:30:42.039000+00:00,9551,1240
,1.0,22,2024-07-05T11:30:53.299000+00:00,9551,1240
,1.0,14,2024-07-05T11:30:59.566000+00:00,9551,1240
,1.0,3,2024-07-05T11:31:10.006000+00:00,9551,1240
,1.0,23,2024-07-05T11:31:17.013000+00:00,9551,1240
,1.0,1,2024-07-05T11:31:21.183000+00:00,9551,1240
,1.0,61,2024-07-05T11:31:23.905000+00:00,9551,1240
,1.0,55,2024-07-05T11:31:30.302000+00:00,9551,1240
,1.0,81,2024-07-05T11:31:33.955000+00:00,9551,1240
,1.0,45,2024-07-05T11:31:36.657000+00:00,9551,1240
,1.0,27,2024-07-05T11:31:41.225000+00:00,9551,1240
,1.0,24,2024-07-05T11:32:35.117000+00:00,9551,1240
52.6,2.0,63,2024-07-05T11:32:41.306000+00:00,9551,1240
32.7,2.0,4,2024-07-05T11:33:13.682000+00:00,9551,1240
,1.0,37,2024-07-05T11:33:58.505000+00:00,9551,1240
44.1,3.0,63,2024-07-05T11:35:20.926000+00:00,9551,1240
43.7,3.0,4,2024-07-05T11:35:58.691000+00:00,9551,1240
323.3,2.0,18,2024-07-05T11:37:50.461000+00:00,9551,1240
32.2,4.0,4,2024-07-05T11:38:33.760000+00:00,9551,1240
685.6,6.0,63,2024-07-05T11:46:02.511000+00:00,9551,1240
819.6,3.0,18,2024-07-05T11:46:06.866000+00:00,9551,1240
,6.0,1,2024-07-05T11:46:09.494000+00:00,9551,1240
,6.0,3,2024-07-05T11:46:13.876000+00:00,9551,1240
,6.0,14,2024-07-05T11:46:17.865000+00:00,9551,1240
,6.0,44,2024-07-05T11:46:28.007000+00:00,9551,1240
,4.0,37,2024-07-05T11:46:29.909000+00:00,9551,1240
806.0,2.0,23,2024-07-05T11:46:32.594000+00:00,9551,1240
794.0,2.0,45,2024-07-05T11:46:35.415000+00:00,9551,1240
,6.0,31,2024-07-05T11:46:42.678000+00:00,9551,1240
,6.0,77,2024-07-05T11:46:51.011000+00:00,9551,1240
,5.0,24,2024-07-05T11:47:02.188000+00:00,9551,1240
,6.0,55,2024-07-05T11:47:07.629000+00:00,9551,1240
,7.0,16,2024-07-05T11:47:15.105000+00:00,9551,1240
,6.0,81,2024-07-05T11:47:24.258000+00:00,9551,1240
,6.0,61,2024-07-05T11:47:27.061000+00:00,9551,1240
582.2,5.0,4,2024-07-05T11:47:43.904000+00:00,9551,1240
,5.0,27,2024-07-05T11:49:26.177000+00:00,9551,1240
,7.0,50,2024-07-05T11:49:33.790000+00:00,9551,1240
32.6,9.0,44,2024-07-05T11:51:54.857000+00:00,9551,1240
60.7,9.0,14,2024-07-05T11:52:17.075000+00:00,9551,1240
29.1,11.0,81,2024-07-05T11:56:26.331000+00:00,9551,1240
297.2,9.0,77,2024-07-05T11:56:47.745000+00:00,9551,1240
29.0,12.0,81,2024-07-05T11:58:38.937000+00:00,9551,1240
609.7,9.0,1,2024-07-05T12:01:03.307000+00:00,9551,1240
415.1,11.0,63,2024-07-05T12:01:54.906000+00:00,9551,1240
506.7,11.0,16,2024-07-05T12:02:01.577000+00:00,9551,1240
503.3,8.0,27,2024-07-05T12:02:50.397000+00:00,9551,1240
465.1,11.0,31,2024-07-05T12:02:58.538000+00:00,9551,1240
242.2,13.0,55,2024-07-05T12:03:01.955000+00:00,9551,1240
498.7,12.0,44,2024-07-05T12:04:52.089000+00:00,9551,1240
147.1,15.0,14,2024-07-05T12:04:57.414000+00:00,9551,1240
436.5,12.0,24,2024-07-05T12:06:29.325000+00:00,9551,1240
376.5,13.0,81,2024-07-05T12:06:37.894000+00:00,9551,1240
405.9,10.0,23,2024-07-05T12:07:01.594000+00:00,9551,1240
395.1,10.0,45,2024-07-05T12:07:11.281000+00:00,9551,1240
931.5,7.0,37,2024-07-05T12:07:16.731000+00:00,9551,1240
714.7,11.0,61,2024-07-05T12:08:02.351000+00:00,9551,1240
32.1,11.0,27,2024-07-05T12:08:52.804000+00:00,9551,1240
677.9,13.0,3,2024-07-05T12:09:24.389000+00:00,9551,1240
632.6,12.0,4,2024-07-05T12:10:12.625000+00:00,9551,1240
33.3,13.0,23,2024-07-05T12:13:06.567000+00:00,9551,1240
40.6,16.0,31,2024-07-05T12:13:10.732000+00:00,9551,1240
412.7,16.0,14,2024-07-05T12:13:22.090000+00:00,9551,1240
44.5,13.0,45,2024-07-05T12:13:23.899000+00:00,9551,1240
745.4,12.0,18,2024-07-05T12:14:31.828000+00:00,9551,1240
363.7,14.0,1,2024-07-05T12:15:36.584000+00:00,9551,1240
391.3,16.0,77,2024-07-05T12:15:59.133000+00:00,9551,1240
757.8,15.0,50,2024-07-05T12:16:34.131000+00:00,9551,1240
371.2,16.0,63,2024-07-05T12:17:35.466000+00:00,9551,1240
356.5,17.0,16,2024-07-05T12:18:52.703000+00:00,9551,1240
270.8,19.0,55,2024-07-05T12:18:57.742000+00:00,9551,1240
34.7,16.0,45,2024-07-05T12:19:23.728000+00:00,9551,1240
358.7,14.0,27,2024-07-05T12:19:49.497000+00:00,9551,1240
280.4,18.0,81,2024-07-05T12:20:07.138000+00:00,9551,1240
267.8,19.0,44,2024-07-05T12:21:35.244000+00:00,9551,1240
472.1,11.0,37,2024-07-05T12:22:05.604000+00:00,9551,1240
274.8,19.0,24,2024-07-05T12:23:56.425000+00:00,9551,1240
334.6,19.0,31,2024-07-05T12:24:02.463000+00:00,9551,1240
261.3,19.0,61,2024-07-05T12:27:10.964000+00:00,9551,1240
22.9,24.0,3,2024-07-05T12:28:36.984000+00:00,9551,1240
,1.0,2,2024-07-05T15:00:07.096000+00:00,9552,1240
,1.0,22,2024-07-05T15:00:13.985000+00:00,9552,1240
,1.0,23,2024-07-05T15:00:18.455000+00:00,9552,1240
,1.0,31,2024-07-05T15:00:20.495000+00:00,9552,1240
,1.0,77,2024-07-05T15:00:23.546000+00:00,9552,1240
,1.0,14,2024-07-05T15:00:29.877000+00:00,9552,1240
,1.0,55,2024-07-05T15:00:38.218000+00:00,9552,1240
,1.0,16,2024-07-05T15:00:44.830000+00:00,9552,1240
,1.0,24,2024-07-05T15:00:48.790000+00:00,9552,1240
,1.0,81,2024-07-05T15:00:53.073000+00:00,9552,1240
,1.0,3,2024-07-05T15:00:56.512000+00:00,9552,1240
,1.0,18,2024-07-05T15:01:01.950000+00:00,9552,1240
,1.0,44,2024-07-05T15:01:12.793000+00:00,9552,1240
,1.0,10,2024-07-05T15:01:15.803000+00:00,9552,1240
,1.0,27,2024-07-05T15:01:22.666000+00:00,9552,1240
,1.0,1,2024-07-05T15:01:26.842000+00:00,9552,1240
,1.0,4,2024-07-05T15:01:34.531000+00:00,9552,1240
,1.0,63,2024-07-05T15:01:50.880000+00:00,9552,1240
,1.0,11,2024-07-05T15:03:28.500000+00:00,9552,1240
,1.0,20,2024-07-05T15:04:51.402000+00:00,9552,1240
34.1,6.0,55,2024-07-05T15:10:26.168000+00:00,9552,1240
29.1,6.0,81,2024-07-05T15:10:51.865000+00:00,9552,1240
322.2,4.0,1,2024-07-05T15:11:59.515000+00:00,9552,1240
45.1,6.0,44,2024-07-05T15:12:17.207000+00:00,9552,1240
34.5,6.0,63,2024-07-05T15:12:35.227000+00:00,9552,1240
33.0,6.0,11,2024-07-05T15:13:18.215000+00:00,9552,1240
37.8,8.0,3,2024-07-05T15:14:53.022000+00:00,9552,1240
36.6,8.0,63,2024-07-05T15:17:06.200000+00:00,9552,1240
353.7,8.0,14,2024-07-05T15:19:22.247000+00:00,9552,1240
350.2,8.0,23,2024-07-05T15:19:29.771000+00:00,9552,1240
397.4,8.0,2,2024-07-05T15:19:36.489000+00:00,9552,1240
396.6,8.0,77,2024-07-05T15:19:39.714000+00:00,9552,1240
441.5,7.0,24,2024-07-05T15:19:48.690000+00:00,9552,1240
439.2,8.0,18,2024-07-05T15:21:58.969000+00:00,9552,1240
210.1,11.0,55,2024-07-05T15:22:42.094000+00:00,9552,1240
468.5,9.0,16,2024-07-05T15:23:27.913000+00:00,9552,1240
349.7,10.0,27,2024-07-05T15:23:29.530000+00:00,9552,1240
495.1,9.0,81,2024-07-05T15:24:18.419000+00:00,9552,1240
456.6,7.0,1,2024-07-05T15:24:30.939000+00:00,9552,1240
478.8,10.0,22,2024-07-05T15:24:36.710000+00:00,9552,1240
362.0,10.0,11,2024-07-05T15:26:01.005000+00:00,9552,1240
363.3,10.0,44,2024-07-05T15:26:22.810000+00:00,9552,1240
395.6,11.0,4,2024-07-05T15:26:28.176000+00:00,9552,1240
326.3,11.0,63,2024-07-05T15:27:36.443000+00:00,9552,1240
31.0,14.0,55,2024-07-05T15:28:51.681000+00:00,9552,1240
924.6,8.0,31,2024-07-05T15:28:53.974000+00:00,9552,1240
301.8,13.0,10,2024-07-05T15:29:01.812000+00:00,9552,1240
309.5,11.0,23,2024-07-05T15:29:52.187000+00:00,9552,1240
614.0,11.0,3,2024-07-05T15:29:58.165000+00:00,9552,1240
35.6,13.0,11,2024-07-05T15:31:59.188000+00:00,9552,1240
326.5,13.0,14,2024-07-05T15:33:49.279000+00:00,9552,1240
360.1,9.0,1,2024-07-05T15:33:59.394000+00:00,9552,1240
742.8,10.0,20,2024-07-05T15:34:17.973000+00:00,9552,1240
326.1,12.0,81,2024-07-05T15:34:49.858000+00:00,9552,1240
32.1,14.0,23,2024-07-05T15:34:57.354000+00:00,9552,1240
283.6,14.0,4,2024-07-05T15:36:16.814000+00:00,9552,1240
333.4,14.0,2,2024-07-05T15:36:23.793000+00:00,9552,1240
285.2,16.0,55,2024-07-05T15:36:51.113000+00:00,9552,1240
305.4,14.0,16,2024-07-05T15:37:34.273000+00:00,9552,1240
348.4,15.0,27,2024-07-05T15:38:54.105000+00:00,9552,1240
394.7,14.0,63,2024-07-05T15:39:20.338000+00:00,9552,1240
326.2,14.0,44,2024-07-05T15:39:46.244000+00:00,9552,1240
301.6,14.0,3,2024-07-05T15:40:03.517000+00:00,9552,1240
459.6,14.0,18,2024-07-05T15:41:25.640000+00:00,9552,1240
731.5,12.0,24,2024-07-05T15:41:29.326000+00:00,9552,1240
421.8,16.0,22,2024-07-05T15:42:48.396000+00:00,9552,1240
278.1,18.0,10,2024-07-05T15:43:03.561000+00:00,9552,1240
398.2,16.0,11,2024-07-05T15:43:23.989000+00:00,9552,1240
268.8,14.0,31,2024-07-05T15:44:30.440000+00:00,9552,1240
28.4,21.0,55,2024-07-05T15:45:01.344000+00:00,9552,1240
1105.5,13.0,77,2024-07-05T15:47:10.494000+00:00,9552,1240
28.5,20.0,81,2024-07-05T15:47:30.081000+00:00,9552,1240
324.0,16.0,20,2024-07-05T15:50:43.814000+00:00,9552,1240
269.1,23.0,11,2024-07-05T15:58:53.074000+00:00,9552,1240
247.6,24.0,63,2024-07-05T15:59:04.978000+00:00,9552,1240
295.0,23.0,3,2024-07-05T15:59:11.863000+00:00,9552,1240
231.3,24.0,22,2024-07-05T15:59:14.996000+00:00,9552,1240
250.9,24.0,44,2024-07-05T15:59:21.239000+00:00,9552,1240
291.6,25.0,16,2024-07-05T15:59:29.460000+00:00,9552,1240
346.6,18.0,20,2024-07-05T15:59:32.242000+00:00,9552,1240
404.6,24.0,27,2024-07-05T15:59:36.016000+00:00,9552,1240
127.9,29.0,55,2024-07-05T15:59:38.682000+00:00,9552,1240
,1.0,20,2024-07-06T10:30:50.358000+00:00,9553,1240
,1.0,27,2024-07-06T10:30:57.560000+00:00,9553,1240
,1.0,2,2024-07-06T10:31:11.111000+00:00,9553,1240
,1.0,22,2024-07-06T10:31:19.381000+00:00,9553,1240
,1.0,23,2024-07-06T10:31:20.228000+00:00,9553,1240
,1.0,3,2024-07-06T10:31:40.988000+00:00,9553,1240
,1.0,77,2024-07-06T10:32:00.712000+00:00,9553,1240
,1.0,14,2024-07-06T10:32:14.134000+00:00,9553,1240
,1.0,24,2024-07-06T10:32:26.457000+00:00,9553,1240
,1.0,81,2024-07-06T10:32:36.012000+00:00,9553,1240
,1.0,31,2024-07-06T10:32:47.823000+00:00,9553,1240
,1.0,16,2024-07-06T10:32:56.481000+00:00,9553,1240
,1.0,18,2024-07-06T10:33:04.435000+00:00,9553,1240
,1.0,10,2024-07-06T10:33:21.513000+00:00,9553,1240
,1.0,55,2024-07-06T10:33:36.497000+00:00,9553,1240
,1.0,1,2024-07-06T10:33:42.515000+00:00,9553,1240
,1.0,11,2024-07-06T10:33:50.510000+00:00,9553,1240
,1.0,63,2024-07-06T10:33:57.822000+00:00,9553,1240
,1.0,4,2024-07-06T10:34:08.989000+00:00,9553,1240
,1.0,44,2024-07-06T10:34:27.573000+00:00,9553,1240
41.9,3.0,27,2024-07-06T10:35:26.288000+00:00,9553,1240
32.3,3.0,23,2024-07-06T10:35:42.384000+00:00,9553,1240
,4.0,81,2024-07-06T10:43:03.254000+00:00,9553,1240
,3.0,44,2024-07-06T10:43:06.075000+00:00,9553,1240
,3.0,4,2024-07-06T10:43:15.797000+00:00,9553,1240
,5.0,2,2024-07-06T10:43:22.063000+00:00,9553,1240
,4.0,18,2024-07-06T10:43:26.171000+00:00,9553,1240
,5.0,3,2024-07-06T10:43:35.903000+00:00,9553,1240
,5.0,22,2024-07-06T10:43:46.558000+00:00,9553,1240
,4.0,31,2024-07-06T10:43:48.756000+00:00,9553,1240
,3.0,11,2024-07-06T10:44:02.703000+00:00,9553,1240
,4.0,1,2024-07-06T10:44:12.861000+00:00,9553,1240
,4.0,16,2024-07-06T10:44:18.434000+00:00,9553,1240
565.5,4.0,23,2024-07-06T10:44:35.281000+00:00,9553,1240
,3.0,63,2024-07-06T10:44:55.984000+00:00,9553,1240
,5.0,20,2024-07-06T10:45:11.499000+00:00,9553,1240
,4.0,77,2024-07-06T10:45:19.953000+00:00,9553,1240
686.8,5.0,27,2024-07-06T10:46:11.110000+00:00,9553,1240
,4.0,14,2024-07-06T10:46:28.281000+00:00,9553,1240
,4.0,55,2024-07-06T10:46:58.900000+00:00,9553,1240
,4.0,24,2024-07-06T10:48:04.307000+00:00,9553,1240
165.0,9.0,22,2024-07-06T10:53:43.525000+00:00,9553,1240
29.4,13.0,81,2024-07-06T10:59:17.929000+00:00,9553,1240
29.5,13.0,4,2024-07-06T11:01:29.627000+00:00,9553,1240
328.0,11.0,1,2024-07-06T11:02:09.683000+00:00,9553,1240
192.3,14.0,20,2024-07-06T11:04:56.280000+00:00,9553,1240
261.8,13.0,16,2024-07-06T11:05:10.066000+00:00,9553,1240
35.6,15.0,22,2024-07-06T11:05:19.472000+00:00,9553,1240
321.7,13.0,14,2024-07-06T11:07:56.312000+00:00,9553,1240
277.0,16.0,3,2024-07-06T11:08:08.185000+00:00,9553,1240
520.0,13.0,31,2024-07-06T11:08:34.560000+00:00,9553,1240
272.4,15.0,44,2024-07-06T11:08:52.997000+00:00,9553,1240
354.6,13.0,63,2024-07-06T11:09:34.116000+00:00,9553,1240
604.8,12.0,11,2024-07-06T11:10:14.017000+00:00,9553,1240
204.7,16.0,77,2024-07-06T11:11:26.022000+00:00,9553,1240
233.4,15.0,24,2024-07-06T11:11:33.012000+00:00,9553,1240
309.2,17.0,16,2024-07-06T11:17:30.027000+00:00,9553,1240
535.2,19.0,81,2024-07-06T11:18:10.682000+00:00,9553,1240
883.3,15.0,18,2024-07-06T11:18:25.641000+00:00,9553,1240
23.1,21.0,44,2024-07-06T11:19:36.200000+00:00,9553,1240
740.9,16.0,55,2024-07-06T11:21:13.720000+00:00,9553,1240
167.0,22.0,3,2024-07-06T11:21:32.096000+00:00,9553,1240
468.2,20.0,22,2024-07-06T11:21:48.345000+00:00,9553,1240
637.3,15.0,14,2024-07-06T11:22:01.140000+00:00,9553,1240
811.4,15.0,1,2024-07-06T11:22:34.027000+00:00,9553,1240
776.5,19.0,23,2024-07-06T11:23:59.624000+00:00,9553,1240
323.0,21.0,63,2024-07-06T11:28:12.636000+00:00,9553,1240
1122.2,18.0,4,2024-07-06T11:28:23.105000+00:00,9553,1240
693.1,16.0,11,2024-07-06T11:28:37.171000+00:00,9553,1240
1613.6,14.0,27,2024-07-06T11:28:53.747000+00:00,9553,1240
618.4,20.0,77,2024-07-06T11:29:00.002000+00:00,9553,1240
908.4,19.0,20,2024-07-06T11:29:02.990000+00:00,9553,1240
424.7,21.0,24,2024-07-06T11:29:18.537000+00:00,9553,1240
215.9,23.0,31,2024-07-06T11:29:32.550000+00:00,9553,1240
1162.5,20.0,2,2024-07-06T11:29:46.030000+00:00,9553,1240
102.2,26.0,44,2024-07-06T11:29:48.003000+00:00,9553,1240
,1.0,2,2024-07-06T14:00:01.815000+00:00,9554,1240
,1.0,77,2024-07-06T14:00:06.140000+00:00,9554,1240
,1.0,24,2024-07-06T14:00:10.652000+00:00,9554,1240
,1.0,31,2024-07-06T14:00:15.010000+00:00,9554,1240
,1.0,44,2024-07-06T14:00:40.699000+00:00,9554,1240
,1.0,63,2024-07-06T14:00:43.487000+00:00,9554,1240
,1.0,14,2024-07-06T14:00:48.158000+00:00,9554,1240
,1.0,1,2024-07-06T14:00:50.835000+00:00,9554,1240
,1.0,18,2024-07-06T14:00:54.978000+00:00,9554,1240
,1.0,10,2024-07-06T14:00:59.202000+00:00,9554,1240
,1.0,16,2024-07-06T14:01:02.217000+00:00,9554,1240
,1.0,55,2024-07-06T14:01:04.798000+00:00,9554,1240
,1.0,3,2024-07-06T14:01:12.052000+00:00,9554,1240
,1.0,11,2024-07-06T14:01:22.898000+00:00,9554,1240
,1.0,22,2024-07-06T14:01:30.759000+00:00,9554,1240
,1.0,81,2024-07-06T14:01:37.064000+00:00,9554,1240
,1.0,4,2024-07-06T14:01:47.672000+00:00,9554,1240
,1.0,23,2024-07-06T14:01:53.114000+00:00,9554,1240
,1.0,20,2024-07-06T14:05:43.159000+00:00,9554,1240
30.4,4.0,16,2024-07-06T14:07:10.067000+00:00,9554,1240
58.7,5.0,77,2024-07-06T14:08:15.161000+00:00,9554,1240
33.2,5.0,3,2024-07-06T14:09:17.342000+00:00,9554,1240
35.6,5.0,11,2024-07-06T14:09:18.224000+00:00,9554,1240
34.4,5.0,22,2024-07-06T14:09:25.377000+00:00,9554,1240
59.7,5.0,55,2024-07-06T14:09:29.753000+00:00,9554,1240
32.4,6.0,2,2024-07-06T14:09:50.299000+00:00,9554,1240
33.1,6.0,31,2024-07-06T14:09:54.224000+00:00,9554,1240
40.1,5.0,23,2024-07-06T14:09:59.856000+00:00,9554,1240
40.2,6.0,44,2024-07-06T14:10:05.829000+00:00,9554,1240
47.2,6.0,24,2024-07-06T14:10:14.135000+00:00,9554,1240
40.0,6.0,63,2024-07-06T14:10:17.117000+00:00,9554,1240
33.8,6.0,14,2024-07-06T14:10:23.045000+00:00,9554,1240
706.9,7.0,77,2024-07-06T14:19:03.320000+00:00,9554,1240
580.2,7.0,24,2024-07-06T14:19:07.200000+00:00,9554,1240
,4.0,20,2024-07-06T14:19:09.223000+00:00,9554,1240
,1.0,27,2024-07-06T14:19:18.377000+00:00,9554,1240
560.2,6.0,18,2024-07-06T14:19:21.512000+00:00,9554,1240
580.7,7.0,14,2024-07-06T14:19:29.933000+00:00,9554,1240
,6.0,81,2024-07-06T14:19:38.753000+00:00,9554,1240
,6.0,4,2024-07-06T14:19:50.919000+00:00,9554,1240
636.1,7.0,31,2024-07-06T14:19:57.267000+00:00,9554,1240
641.7,7.0,44,2024-07-06T14:20:07.395000+00:00,9554,1240
640.6,7.0,63,2024-07-06T14:20:17.819000+00:00,9554,1240
649.5,6.0,1,2024-07-06T14:20:30.131000+00:00,9554,1240
710.7,6.0,3,2024-07-06T14:20:34.847000+00:00,9554,1240
727.2,6.0,55,2024-07-06T14:20:37.266000+00:00,9554,1240
841.9,6.0,16,2024-07-06T14:20:43.326000+00:00,9554,1240
631.5,6.0,10,2024-07-06T14:20:48.398000+00:00,9554,1240
691.4,6.0,23,2024-07-06T14:20:51.203000+00:00,9554,1240
701.4,7.0,2,2024-07-06T14:20:59.378000+00:00,9554,1240
734.2,6.0,22,2024-07-06T14:21:05.195000+00:00,9554,1240
371.8,10.0,23,2024-07-06T14:34:06.620000+00:00,9554,1240
380.2,11.0,2,2024-07-06T14:34:12.953000+00:00,9554,1240
307.7,13.0,24,2024-07-06T14:34:17.529000+00:00,9554,1240
406.1,11.0,18,2024-07-06T14:34:28.907000+00:00,9554,1240
384.8,12.0,14,2024-07-06T14:34:36.390000+00:00,9554,1240
612.8,4.0,27,2024-07-06T14:34:47.192000+00:00,9554,1240
334.6,11.0,22,2024-07-06T14:34:57.638000+00:00,9554,1240
547.1,10.0,81,2024-07-06T14:35:07.102000+00:00,9554,1240
372.2,11.0,16,2024-07-06T14:35:15.262000+00:00,9554,1240
396.0,11.0,1,2024-07-06T14:35:24.761000+00:00,9554,1240
396.7,11.0,55,2024-07-06T14:35:27.255000+00:00,9554,1240
445.2,12.0,44,2024-07-06T14:35:37.946000+00:00,9554,1240
444.7,12.0,63,2024-07-06T14:35:46.866000+00:00,9554,1240
576.8,10.0,4,2024-07-06T14:35:58.258000+00:00,9554,1240
437.4,11.0,3,2024-07-06T14:36:04.536000+00:00,9554,1240
31.9,13.0,81,2024-07-06T14:40:31.390000+00:00,9554,1240
63.2,13.0,4,2024-07-06T14:41:55.524000+00:00,9554,1240
184.8,7.0,27,2024-07-06T14:42:33.391000+00:00,9554,1240
46.2,16.0,2,2024-07-06T14:43:12.556000+00:00,9554,1240
54.8,18.0,24,2024-07-06T14:43:28.673000+00:00,9554,1240
81.5,16.0,63,2024-07-06T14:43:30.120000+00:00,9554,1240
102.1,16.0,44,2024-07-06T14:43:35.387000+00:00,9554,1240
161.3,15.0,23,2024-07-06T14:44:59.165000+00:00,9554,1240
167.1,15.0,3,2024-07-06T14:45:11.066000+00:00,9554,1240
161.9,16.0,16,2024-07-06T14:46:00.609000+00:00,9554,1240
139.8,16.0,55,2024-07-06T14:46:05.106000+00:00,9554,1240
302.8,15.0,22,2024-07-06T14:46:14.522000+00:00,9554,1240
211.7,17.0,14,2024-07-06T14:46:24.438000+00:00,9554,1240
228.7,16.0,18,2024-07-06T14:46:33.568000+00:00,9554,1240
191.2,16.0,1,2024-07-06T14:46:45.599000+00:00,9554,1240
484.4,18.0,23,2024-07-06T14:58:05.829000+00:00,9554,1240
393.8,19.0,1,2024-07-06T14:58:13.188000+00:00,9554,1240
443.9,19.0,81,2024-07-06T14:58:17.574000+00:00,9554,1240
412.1,20.0,14,2024-07-06T14:58:21.946000+00:00,9554,1240
489.4,18.0,4,2024-07-06T14:58:39.279000+00:00,9554,1240
458.3,19.0,55,2024-07-06T14:58:44.638000+00:00,9554,1240
408.3,19.0,18,2024-07-06T14:58:50.480000+00:00,9554,1240
499.1,12.0,27,2024-07-06T14:58:58.561000+00:00,9554,1240
524.5,20.0,44,2024-07-06T14:59:09.311000+00:00,9554,1240
453.4,21.0,63,2024-07-06T14:59:24.302000+00:00,9554,1240
182.9,21.0,23,2024-07-06T15:06:10.553000+00:00,9554,1240
138.7,22.0,18,2024-07-06T15:06:13.186000+00:00,9554,1240
145.1,15.0,27,2024-07-06T15:06:17.615000+00:00,9554,1240
209.4,22.0,1,2024-07-06T15:06:34.945000+00:00,9554,1240
162.2,23.0,44,2024-07-06T15:06:43.131000+00:00,9554,1240
209.1,21.0,4,2024-07-06T15:06:54.017000+00:00,9554,1240
155.8,24.0,63,2024-07-06T15:06:55.898000+00:00,9554,1240
221.1,22.0,81,2024-07-06T15:07:03.004000+00:00,9554,1240
209.6,22.0,55,2024-07-06T15:07:06.804000+00:00,9554,1240
234.9,23.0,14,2024-07-06T15:07:10.974000+00:00,9554,1240
29.1,12.0,24,2024-07-07T14:22:36.871000+00:00,9558,1240
28.4,19.0,16,2024-07-07T14:33:20.548000+00:00,9558,1240
28.3,19.0,11,2024-07-07T14:33:28.571000+00:00,9558,1240
28.4,19.0,31,2024-07-07T14:33:50.761000+00:00,9558,1240
29.8,19.0,24,2024-07-07T14:34:16.841000+00:00,9558,1240
28.2,21.0,31,2024-07-07T14:37:31.335000+00:00,9558,1240
28.3,26.0,1,2024-07-07T14:44:10.113000+00:00,9558,1240
29.1,26.0,55,2024-07-07T14:44:12.103000+00:00,9558,1240
29.4,26.0,27,2024-07-07T14:44:29.373000+00:00,9558,1240
29.0,26.0,18,2024-07-07T14:44:31.110000+00:00,9558,1240
28.8,26.0,3,2024-07-07T14:44:53.151000+00:00,9558,1240
30.6,26.0,77,2024-07-07T14:45:13.048000+00:00,9558,1240
28.6,27.0,4,2024-07-07T14:45:43.021000+00:00,9558,1240
28.9,27.0,44,2024-07-07T14:45:46.533000+00:00,9558,1240
32.0,27.0,63,2024-07-07T14:45:53.162000+00:00,9558,1240
29.3,27.0,14,2024-07-07T14:46:21.489000+00:00,9558,1240
30.0,27.0,22,2024-07-07T14:46:23.350000+00:00,9558,1240
29.2,26.0,31,2024-07-07T14:46:27.115000+00:00,9558,1240
34.7,27.0,23,2024-07-07T14:46:28.874000+00:00,9558,1240
30.3,27.0,20,2024-07-07T14:46:30.479000+00:00,9558,1240
32.8,27.0,2,2024-07-07T14:46:35.044000+00:00,9558,1240
29.1,26.0,24,2024-07-07T14:47:09.190000+00:00,9558,1240
29.5,28.0,81,2024-07-07T14:47:42.392000+00:00,9558,1240
29.2,27.0,16,2024-07-07T14:47:47.730000+00:00,9558,1240
32.3,28.0,11,2024-07-07T14:49:46.310000+00:00,9558,1240
29.8,37.0,20,2024-07-07T15:04:12.072000+00:00,9558,1240
29.8,37.0,3,2024-07-07T15:04:14.921000+00:00,9558,1240
31.5,37.0,77,2024-07-07T15:04:37.729000+00:00,9558,1240
30.0,38.0,44,2024-07-07T15:04:39.618000+00:00,9558,1240
29.0,38.0,1,2024-07-07T15:04:44.360000+00:00,9558,1240
29.2,38.0,81,2024-07-07T15:04:58.871000+00:00,9558,1240
29.1,37.0,16,2024-07-07T15:05:10.357000+00:00,9558,1240
29.3,37.0,11,2024-07-07T15:05:29.184000+00:00,9558,1240
29.6,38.0,14,2024-07-07T15:05:33.207000+00:00,9558,1240
29.6,38.0,22,2024-07-07T15:05:38.006000+00:00,9558,1240
29.4,38.0,23,2024-07-07T15:05:40.930000+00:00,9558,1240
29.4,38.0,2,2024-07-07T15:05:53.739000+00:00,9558,1240
30.3,39.0,4,2024-07-07T15:06:15.514000+00:00,9558,1240
33.0,37.0,24,2024-07-07T15:06:34.386000+00:00,9558,1240
29.0,39.0,55,2024-07-07T15:06:35.846000+00:00,9558,1240
30.2,39.0,27,2024-07-07T15:06:59.589000+00:00,9558,1240
29.4,39.0,18,2024-07-07T15:07:03.351000+00:00,9558,1240
29.0,38.0,31,2024-07-07T15:07:22.420000+00:00,9558,1240
28.8,47.0,11,2024-07-07T15:21:08.369000+00:00,9558,1240
28.7,50.0,55,2024-07-07T15:23:29.144000+00:00,9558,1240
,1.0,14,2024-07-19T11:30:03.168000+00:00,9559,1241
,1.0,11,2024-07-19T11:30:13.285000+00:00,9559,1241
,1.0,2,2024-07-19T11:30:20.325000+00:00,9559,1241
,1.0,55,2024-07-19T11:30:22.190000+00:00,9559,1241
,1.0,63,2024-07-19T11:30:27.808000+00:00,9559,1241
,1.0,77,2024-07-19T11:30:30.316000+00:00,9559,1241
,1.0,31,2024-07-19T11:30:33.415000+00:00,9559,1241
,1.0,24,2024-07-19T11:30:37.672000+00:00,9559,1241
,1.0,10,2024-07-19T11:30:40.438000+00:00,9559,1241
,1.0,50,2024-07-19T11:30:49.310000+00:00,9559,1241
,1.0,20,2024-07-19T11:30:53.475000+00:00,9559,1241
,1.0,1,2024-07-19T11:30:59.322000+00:00,9559,1241
,1.0,44,2024-07-19T11:31:06.047000+00:00,9559,1241
,1.0,22,2024-07-19T11:31:08.832000+00:00,9559,1241
,1.0,4,2024-07-19T11:31:22.944000+00:00,9559,1241
,1.0,3,2024-07-19T11:31:26.704000+00:00,9559,1241
,1.0,18,2024-07-19T11:31:29.439000+00:00,9559,1241
,1.0,16,2024-07-19T11:31:34.787000+00:00,9559,1241
42.1,3.0,11,2024-07-19T11:34:15.125000+00:00,9559,1241
,1.0,23,2024-07-19T11:34:42.588000+00:00,9559,1241
217.0,2.0,2,2024-07-19T11:36:00.931000+00:00,9559,1241
28.0,4.0,63,2024-07-19T11:36:24.541000+00:00,9559,1241
23.3,4.0,50,2024-07-19T11:36:43.773000+00:00,9559,1241
26.4,4.0,1,2024-07-19T11:37:13.539000+00:00,9559,1241
29.8,4.0,44,2024-07-19T11:37:18.345000+00:00,9559,1241
,1.0,81,2024-07-19T11:42:00.388000+00:00,9559,1241
22.6,5.0,23,2024-07-19T11:42:07.382000+00:00,9559,1241
520.8,3.0,14,2024-07-19T11:42:11.151000+00:00,9559,1241
33.5,7.0,20,2024-07-19T11:42:29.015000+00:00,9559,1241
27.4,7.0,63,2024-07-19T11:42:37.125000+00:00,9559,1241
32.6,7.0,16,2024-07-19T11:42:46.293000+00:00,9559,1241
30.5,7.0,22,2024-07-19T11:42:51.559000+00:00,9559,1241
22.8,7.0,50,2024-07-19T11:43:01.351000+00:00,9559,1241
475.3,4.0,55,2024-07-19T11:43:04.321000+00:00,9559,1241
300.5,5.0,18,2024-07-19T11:43:06.881000+00:00,9559,1241
435.4,4.0,24,2024-07-19T11:43:19.382000+00:00,9559,1241
16.4,7.0,1,2024-07-19T11:43:45.964000+00:00,9559,1241
26.5,7.0,44,2024-07-19T11:44:00.657000+00:00,9559,1241
451.9,3.0,2,2024-07-19T11:45:27.559000+00:00,9559,1241
24.1,9.0,4,2024-07-19T11:45:46.842000+00:00,9559,1241
213.3,7.0,3,2024-07-19T11:46:17.362000+00:00,9559,1241
28.2,10.0,4,2024-07-19T11:47:40.168000+00:00,9559,1241
32.7,6.0,14,2024-07-19T11:47:43.931000+00:00,9559,1241
32.9,8.0,18,2024-07-19T11:49:22.064000+00:00,9559,1241
35.9,7.0,24,2024-07-19T11:49:39.116000+00:00,9559,1241
23.7,11.0,16,2024-07-19T11:50:40.021000+00:00,9559,1241
805.6,5.0,11,2024-07-19T11:50:47.118000+00:00,9559,1241
26.0,9.0,55,2024-07-19T11:51:55.252000+00:00,9559,1241
391.2,10.0,20,2024-07-19T11:54:24.870000+00:00,9559,1241
479.4,8.0,23,2024-07-19T11:55:20.071000+00:00,9559,1241
425.6,10.0,50,2024-07-19T11:55:41.473000+00:00,9559,1241
501.8,10.0,63,2024-07-19T11:56:45.358000+00:00,9559,1241
524.8,11.0,77,2024-07-19T11:56:56.418000+00:00,9559,1241
558.4,9.0,44,2024-07-19T11:57:11.053000+00:00,9559,1241
616.7,10.0,1,2024-07-19T11:59:28.784000+00:00,9559,1241
486.7,12.0,31,2024-07-19T11:59:42.585000+00:00,9559,1241
255.0,9.0,2,2024-07-19T11:59:51.420000+00:00,9559,1241
709.5,11.0,4,2024-07-19T12:00:53.212000+00:00,9559,1241
19.7,13.0,50,2024-07-19T12:01:35.509000+00:00,9559,1241
289.1,10.0,81,2024-07-19T12:02:03.068000+00:00,9559,1241
509.1,13.0,22,2024-07-19T12:02:33.838000+00:00,9559,1241
318.4,13.0,3,2024-07-19T12:02:40.890000+00:00,9559,1241
396.7,14.0,16,2024-07-19T12:02:49.504000+00:00,9559,1241
840.1,11.0,10,2024-07-19T12:03:00.535000+00:00,9559,1241
507.8,10.0,24,2024-07-19T12:03:09.448000+00:00,9559,1241
482.0,11.0,14,2024-07-19T12:04:06.497000+00:00,9559,1241
510.5,12.0,55,2024-07-19T12:05:19.110000+00:00,9559,1241
33.7,14.0,4,2024-07-19T12:06:43.116000+00:00,9559,1241
273.9,11.0,11,2024-07-19T12:06:45.387000+00:00,9559,1241
21.8,13.0,2,2024-07-19T12:07:40.024000+00:00,9559,1241
20.2,16.0,50,2024-07-19T12:07:57.603000+00:00,9559,1241
460.0,11.0,23,2024-07-19T12:07:59.597000+00:00,9559,1241
326.9,12.0,44,2024-07-19T12:08:05.685000+00:00,9559,1241
33.3,16.0,20,2024-07-19T12:08:06.586000+00:00,9559,1241
18.6,16.0,22,2024-07-19T12:08:10.352000+00:00,9559,1241
27.0,17.0,16,2024-07-19T12:08:30.550000+00:00,9559,1241
419.2,13.0,63,2024-07-19T12:08:49.463000+00:00,9559,1241
16.9,13.0,24,2024-07-19T12:08:56.805000+00:00,9559,1241
560.1,14.0,18,2024-07-19T12:09:18.883000+00:00,9559,1241
64.1,14.0,14,2024-07-19T12:10:31.494000+00:00,9559,1241
167.1,16.0,3,2024-07-19T12:10:45.390000+00:00,9559,1241
461.8,12.0,1,2024-07-19T12:11:11.179000+00:00,9559,1241
32.8,14.0,63,2024-07-19T12:12:02.945000+00:00,9559,1241
365.0,13.0,81,2024-07-19T12:13:08.275000+00:00,9559,1241
497.1,16.0,31,2024-07-19T12:14:58.176000+00:00,9559,1241
305.6,15.0,55,2024-07-19T12:15:06.046000+00:00,9559,1241
285.6,14.0,11,2024-07-19T12:17:08.485000+00:00,9559,1241
306.7,19.0,16,2024-07-19T12:17:13.931000+00:00,9559,1241
34.5,15.0,1,2024-07-19T12:17:33.481000+00:00,9559,1241
288.8,16.0,2,2024-07-19T12:17:39.569000+00:00,9559,1241
261.7,17.0,10,2024-07-19T12:18:40.529000+00:00,9559,1241
473.7,17.0,4,2024-07-19T12:19:33.018000+00:00,9559,1241
421.6,19.0,50,2024-07-19T12:20:07.586000+00:00,9559,1241
365.9,16.0,24,2024-07-19T12:20:19.012000+00:00,9559,1241
400.0,19.0,20,2024-07-19T12:20:23.863000+00:00,9559,1241
332.0,17.0,18,2024-07-19T12:20:24.034000+00:00,9559,1241
465.7,14.0,23,2024-07-19T12:20:40.475000+00:00,9559,1241
328.9,17.0,14,2024-07-19T12:20:55.647000+00:00,9559,1241
322.9,19.0,3,2024-07-19T12:21:03.999000+00:00,9559,1241
488.8,20.0,77,2024-07-19T12:21:07.755000+00:00,9559,1241
492.6,19.0,22,2024-07-19T12:21:34.459000+00:00,9559,1241
29.3,20.0,11,2024-07-19T12:28:34.066000+00:00,9559,1241
396.4,18.0,1,2024-07-19T12:29:20.584000+00:00,9559,1241
35.1,24.0,22,2024-07-19T12:29:41.766000+00:00,9559,1241
,1.0,27,2024-07-19T15:00:02.889000+00:00,9560,1241
,1.0,24,2024-07-19T15:00:07.970000+00:00,9560,1241
,1.0,77,2024-07-19T15:00:10.819000+00:00,9560,1241
,1.0,20,2024-07-19T15:00:12.694000+00:00,9560,1241
,1.0,31,2024-07-19T15:00:15.065000+00:00,9560,1241
,1.0,10,2024-07-19T15:00:32.280000+00:00,9560,1241
,1.0,44,2024-07-19T15:00:35.016000+00:00,9560,1241
,1.0,23,2024-07-19T15:00:40.865000+00:00,9560,1241
,1.0,18,2024-07-19T15:00:44.374000+00:00,9560,1241
,1.0,2,2024-07-19T15:00:51.108000+00:00,9560,1241
,1.0,11,2024-07-19T15:00:55.309000+00:00,9560,1241
,1.0,3,2024-07-19T15:01:15.917000+00:00,9560,1241
,1.0,22,2024-07-19T15:01:30.876000+00:00,9560,1241
,1.0,16,2024-07-19T15:01:37.892000+00:00,9560,1241
,1.0,81,2024-07-19T15:02:02.637000+00:00,9560,1241
,1.0,63,2024-07-19T15:03:19.697000+00:00,9560,1241
,1.0,4,2024-07-19T15:03:42.453000+00:00,9560,1241
,1.0,1,2024-07-19T15:03:49.346000+00:00,9560,1241
,1.0,55,2024-07-19T15:04:12.876000+00:00,9560,1241
,1.0,14,2024-07-19T15:05:33.544000+00:00,9560,1241
25.1,4.0,77,2024-07-19T15:05:39.527000+00:00,9560,1241
16.4,4.0,23,2024-07-19T15:06:17.078000+00:00,9560,1241
16.4,4.0,2,2024-07-19T15:06:29.799000+00:00,9560,1241
37.6,4.0,44,2024-07-19T15:07:26.033000+00:00,9560,1241
35.9,4.0,11,2024-07-19T15:07:27.689000+00:00,9560,1241
28.4,5.0,24,2024-07-19T15:07:42.288000+00:00,9560,1241
24.9,4.0,16,2024-07-19T15:07:49.586000+00:00,9560,1241
50.9,4.0,22,2024-07-19T15:07:56.682000+00:00,9560,1241
25.5,4.0,63,2024-07-19T15:09:16.011000+00:00,9560,1241
57.9,6.0,27,2024-07-19T15:09:22.895000+00:00,9560,1241
24.9,4.0,1,2024-07-19T15:09:28.103000+00:00,9560,1241
28.5,4.0,55,2024-07-19T15:09:45.337000+00:00,9560,1241
16.5,6.0,81,2024-07-19T15:11:07.704000+00:00,9560,1241
28.0,7.0,31,2024-07-19T15:11:50.455000+00:00,9560,1241
29.9,7.0,10,2024-07-19T15:12:03.454000+00:00,9560,1241
352.8,4.0,3,2024-07-19T15:12:33.019000+00:00,9560,1241
25.5,6.0,4,2024-07-19T15:12:52.016000+00:00,9560,1241
31.8,8.0,20,2024-07-19T15:15:00.862000+00:00,9560,1241
67.8,8.0,11,2024-07-19T15:16:15.016000+00:00,9560,1241
1142.8,6.0,63,2024-07-19T15:32:02.978000+00:00,9560,1241
1229.1,6.0,44,2024-07-19T15:32:10.705000+00:00,9560,1241
1433.0,10.0,27,2024-07-19T15:32:18.066000+00:00,9560,1241
984.0,9.0,81,2024-07-19T15:32:26.974000+00:00,9560,1241
1523.3,10.0,24,2024-07-19T15:32:37.187000+00:00,9560,1241
1007.1,10.0,77,2024-07-19T15:32:40.084000+00:00,9560,1241
,10.0,18,2024-07-19T15:32:48.766000+00:00,9560,1241
,7.0,14,2024-07-19T15:32:58.193000+00:00,9560,1241
1012.0,8.0,4,2024-07-19T15:33:08.634000+00:00,9560,1241
1308.0,7.0,23,2024-07-19T15:33:17.316000+00:00,9560,1241
1319.2,10.0,31,2024-07-19T15:33:21.955000+00:00,9560,1241
1317.6,10.0,10,2024-07-19T15:33:31.352000+00:00,9560,1241
1085.3,7.0,55,2024-07-19T15:33:35.913000+00:00,9560,1241
1336.0,7.0,2,2024-07-19T15:33:52.490000+00:00,9560,1241
1173.4,9.0,20,2024-07-19T15:34:02.516000+00:00,9560,1241
1150.1,9.0,11,2024-07-19T15:34:17.333000+00:00,9560,1241
1318.5,7.0,1,2024-07-19T15:36:36.280000+00:00,9560,1241
1273.4,6.0,3,2024-07-19T15:37:13.989000+00:00,9560,1241
91.1,13.0,27,2024-07-19T15:39:04.038000+00:00,9560,1241
26.4,13.0,31,2024-07-19T15:39:25.517000+00:00,9560,1241
27.1,13.0,10,2024-07-19T15:39:56.435000+00:00,9560,1241
26.6,14.0,77,2024-07-19T15:40:01.643000+00:00,9560,1241
44.1,12.0,11,2024-07-19T15:40:06.426000+00:00,9560,1241
324.7,11.0,4,2024-07-19T15:43:17.452000+00:00,9560,1241
435.0,12.0,24,2024-07-19T15:43:39.433000+00:00,9560,1241
329.7,10.0,55,2024-07-19T15:44:02.444000+00:00,9560,1241
365.8,10.0,23,2024-07-19T15:44:20.073000+00:00,9560,1241
333.9,12.0,20,2024-07-19T15:44:44.390000+00:00,9560,1241
513.6,9.0,44,2024-07-19T15:45:34.746000+00:00,9560,1241
442.5,10.0,2,2024-07-19T15:46:03.553000+00:00,9560,1241
562.1,9.0,63,2024-07-19T15:46:16.114000+00:00,9560,1241
308.0,12.0,14,2024-07-19T15:46:50.975000+00:00,9560,1241
301.6,9.0,3,2024-07-19T15:47:05.294000+00:00,9560,1241
340.6,15.0,18,2024-07-19T15:47:37.337000+00:00,9560,1241
399.0,10.0,1,2024-07-19T15:47:45.624000+00:00,9560,1241
703.4,12.0,81,2024-07-19T15:49:18.346000+00:00,9560,1241
2234.5,6.0,22,2024-07-19T15:49:18.628000+00:00,9560,1241
342.9,14.0,11,2024-07-19T15:49:24.497000+00:00,9560,1241
313.2,16.0,31,2024-07-19T15:49:44.068000+00:00,9560,1241
358.9,16.0,27,2024-07-19T15:49:50.696000+00:00,9560,1241
301.2,16.0,10,2024-07-19T15:50:28.539000+00:00,9560,1241
352.8,17.0,77,2024-07-19T15:50:47.542000+00:00,9560,1241
22.0,16.0,81,2024-07-19T15:55:34.379000+00:00,9560,1241
22.1,9.0,22,2024-07-19T15:55:45.311000+00:00,9560,1241
22.0,21.0,4,2024-07-19T15:58:00.229000+00:00,9560,1241
,1.0,24,2024-07-20T10:30:27.721000+00:00,9561,1241
,1.0,11,2024-07-20T10:30:42.655000+00:00,9561,1241
,1.0,77,2024-07-20T10:31:06.114000+00:00,9561,1241
,1.0,18,2024-07-20T10:31:23.520000+00:00,9561,1241
,1.0,14,2024-07-20T10:31:35.958000+00:00,9561,1241
,1.0,1,2024-07-20T10:32:05.241000+00:00,9561,1241
,1.0,81,2024-07-20T10:33:24.677000+00:00,9561,1241
24.0,2.0,18,2024-07-20T10:33:39.193000+00:00,9561,1241
,1.0,4,2024-07-20T10:33:52.339000+00:00,9561,1241
29.1,2.0,14,2024-07-20T10:33:55.018000+00:00,9561,1241
27.4,2.0,81,2024-07-20T10:36:00.113000+00:00,9561,1241
37.7,2.0,4,2024-07-20T10:36:19.404000+00:00,9561,1241
31.4,4.0,11,2024-07-20T10:36:21.936000+00:00,9561,1241
24.8,6.0,1,2024-07-20T10:41:08.999000+00:00,9561,1241
,1.0,31,2024-07-20T10:44:11.825000+00:00,9561,1241
565.0,3.0,18,2024-07-20T10:45:04.106000+00:00,9561,1241
764.6,2.0,77,2024-07-20T10:45:37.332000+00:00,9561,1241
627.1,3.0,14,2024-07-20T10:46:12.740000+00:00,9561,1241
,1.0,10,2024-07-20T10:46:22.555000+00:00,9561,1241
,1.0,23,2024-07-20T10:46:50.088000+00:00,9561,1241
,1.0,2,2024-07-20T10:46:59.189000+00:00,9561,1241
549.4,3.0,4,2024-07-20T10:47:20.111000+00:00,9561,1241
,1.0,63,2024-07-20T10:47:20.901000+00:00,9561,1241
587.6,3.0,81,2024-07-20T10:47:54.810000+00:00,9561,1241
,1.0,20,2024-07-20T10:48:05.573000+00:00,9561,1241
,1.0,55,2024-07-20T10:48:12.797000+00:00,9561,1241
,1.0,27,2024-07-20T10:48:23.220000+00:00,9561,1241
,1.0,44,2024-07-20T10:48:29.956000+00:00,9561,1241
,1.0,16,2024-07-20T10:48:47.047000+00:00,9561,1241
989.1,2.0,24,2024-07-20T10:48:53.551000+00:00,9561,1241
475.8,7.0,11,2024-07-20T10:49:07.859000+00:00,9561,1241
,1.0,22,2024-07-20T10:49:32.444000+00:00,9561,1241
16.4,4.0,31,2024-07-20T10:49:46.267000+00:00,9561,1241
16.5,5.0,77,2024-07-20T10:50:54.473000+00:00,9561,1241
,1.0,3,2024-07-20T10:51:12.604000+00:00,9561,1241
337.8,9.0,1,2024-07-20T10:51:34.677000+00:00,9561,1241
16.4,4.0,10,2024-07-20T10:51:58.744000+00:00,9561,1241
38.6,4.0,55,2024-07-20T10:54:20.123000+00:00,9561,1241
20.9,5.0,24,2024-07-20T10:54:44.998000+00:00,9561,1241
84.4,4.0,27,2024-07-20T10:54:48.945000+00:00,9561,1241
16.4,7.0,31,2024-07-20T10:55:29.415000+00:00,9561,1241
73.7,4.0,20,2024-07-20T10:55:33.695000+00:00,9561,1241
16.5,5.0,16,2024-07-20T10:56:14.293000+00:00,9561,1241
17.1,8.0,77,2024-07-20T10:56:29.557000+00:00,9561,1241
277.3,6.0,4,2024-07-20T10:56:47.220000+00:00,9561,1241
248.3,4.0,63,2024-07-20T10:56:48.766000+00:00,9561,1241
211.8,4.0,44,2024-07-20T10:58:02.509000+00:00,9561,1241
416.1,4.0,2,2024-07-20T10:58:48.852000+00:00,9561,1241
429.4,4.0,23,2024-07-20T10:58:57.626000+00:00,9561,1241
383.8,6.0,81,2024-07-20T10:59:07.443000+00:00,9561,1241
17.7,7.0,27,2024-07-20T10:59:50.882000+00:00,9561,1241
32.2,8.0,24,2024-07-20T11:00:48.649000+00:00,9561,1241
367.0,4.0,3,2024-07-20T11:02:13.764000+00:00,9561,1241
449.1,4.0,22,2024-07-20T11:02:19.355000+00:00,9561,1241
77.2,7.0,20,2024-07-20T11:02:24.158000+00:00,9561,1241
22.0,7.0,23,2024-07-20T11:04:03.599000+00:00,9561,1241
526.0,9.0,14,2024-07-20T11:05:03.328000+00:00,9561,1241
588.6,9.0,18,2024-07-20T11:05:10.167000+00:00,9561,1241
19.9,7.0,3,2024-07-20T11:07:08.557000+00:00,9561,1241
362.6,8.0,16,2024-07-20T11:07:10.371000+00:00,9561,1241
17.6,10.0,20,2024-07-20T11:08:13.228000+00:00,9561,1241
511.7,7.0,55,2024-07-20T11:08:21.098000+00:00,9561,1241
17.5,8.0,22,2024-07-20T11:09:22.584000+00:00,9561,1241
456.1,7.0,63,2024-07-20T11:09:24.561000+00:00,9561,1241
408.6,7.0,44,2024-07-20T11:09:33.980000+00:00,9561,1241
22.8,9.0,22,2024-07-20T11:11:38.397000+00:00,9561,1241
553.8,7.0,2,2024-07-20T11:12:37.930000+00:00,9561,1241
657.1,9.0,4,2024-07-20T11:12:48.056000+00:00,9561,1241
464.4,8.0,23,2024-07-20T11:13:18.834000+00:00,9561,1241
35.5,14.0,14,2024-07-20T11:13:42.116000+00:00,9561,1241
585.6,9.0,81,2024-07-20T11:13:49.471000+00:00,9561,1241
783.6,8.0,27,2024-07-20T11:14:34.618000+00:00,9561,1241
1160.6,6.0,10,2024-07-20T11:15:24.919000+00:00,9561,1241
25.3,15.0,18,2024-07-20T11:15:29.054000+00:00,9561,1241
886.6,11.0,77,2024-07-20T11:16:13.923000+00:00,9561,1241
458.3,8.0,3,2024-07-20T11:16:25.044000+00:00,9561,1241
489.3,21.0,1,2024-07-20T11:16:35.526000+00:00,9561,1241
27.3,12.0,4,2024-07-20T11:18:06.381000+00:00,9561,1241
763.3,11.0,24,2024-07-20T11:18:41.400000+00:00,9561,1241
349.0,10.0,55,2024-07-20T11:18:52.720000+00:00,9561,1241
440.2,11.0,16,2024-07-20T11:19:04+00:00,9561,1241
39.4,12.0,81,2024-07-20T11:19:19.843000+00:00,9561,1241
831.2,19.0,11,2024-07-20T11:20:05.175000+00:00,9561,1241
420.9,10.0,22,2024-07-20T11:20:10.030000+00:00,9561,1241
655.5,11.0,20,2024-07-20T11:20:50.964000+00:00,9561,1241
409.2,10.0,63,2024-07-20T11:21:00.488000+00:00,9561,1241
19.1,9.0,10,2024-07-20T11:21:06.603000+00:00,9561,1241
347.0,10.0,44,2024-07-20T11:21:12.025000+00:00,9561,1241
1255.3,10.0,31,2024-07-20T11:21:29.368000+00:00,9561,1241
371.2,15.0,14,2024-07-20T11:21:37.164000+00:00,9561,1241
19.6,14.0,77,2024-07-20T11:21:40.010000+00:00,9561,1241
304.4,16.0,18,2024-07-20T11:22:02.783000+00:00,9561,1241
125.0,11.0,27,2024-07-20T11:22:05.470000+00:00,9561,1241
381.1,10.0,2,2024-07-20T11:23:41.088000+00:00,9561,1241
21.5,14.0,24,2024-07-20T11:24:03.872000+00:00,9561,1241
380.0,11.0,23,2024-07-20T11:24:22.883000+00:00,9561,1241
16.7,11.0,10,2024-07-20T11:25:19.364000+00:00,9561,1241
19.6,13.0,22,2024-07-20T11:25:47.184000+00:00,9561,1241
299.6,13.0,81,2024-07-20T11:25:55.146000+00:00,9561,1241
61.9,13.0,20,2024-07-20T11:25:55.766000+00:00,9561,1241
274.3,11.0,3,2024-07-20T11:25:58.167000+00:00,9561,1241
317.2,24.0,1,2024-07-20T11:27:13.453000+00:00,9561,1241
118.4,22.0,11,2024-07-20T11:27:24.134000+00:00,9561,1241
219.5,13.0,55,2024-07-20T11:27:34.735000+00:00,9561,1241
211.3,14.0,16,2024-07-20T11:27:42.361000+00:00,9561,1241
21.4,14.0,22,2024-07-20T11:28:15.402000+00:00,9561,1241
181.3,13.0,27,2024-07-20T11:28:30.464000+00:00,9561,1241
21.9,13.0,2,2024-07-20T11:28:42.302000+00:00,9561,1241
371.3,15.0,4,2024-07-20T11:29:07.498000+00:00,9561,1241
22.5,14.0,23,2024-07-20T11:29:23.735000+00:00,9561,1241
17.3,13.0,3,2024-07-20T11:29:30.303000+00:00,9561,1241
228.1,13.0,63,2024-07-20T11:29:39.611000+00:00,9561,1241
280.4,12.0,44,2024-07-20T11:29:49.976000+00:00,9561,1241
,1.0,27,2024-07-20T14:00:02.731000+00:00,9562,1241
,1.0,20,2024-07-20T14:00:06.967000+00:00,9562,1241
,1.0,77,2024-07-20T14:00:09.893000+00:00,9562,1241
,1.0,24,2024-07-20T14:00:14.869000+00:00,9562,1241
,1.0,10,2024-07-20T14:00:23.987000+00:00,9562,1241
,1.0,22,2024-07-20T14:00:32.648000+00:00,9562,1241
,1.0,3,2024-07-20T14:00:39.118000+00:00,9562,1241
,1.0,23,2024-07-20T14:00:46.453000+00:00,9562,1241
,1.0,2,2024-07-20T14:00:57.028000+00:00,9562,1241
,1.0,18,2024-07-20T14:01:03.823000+00:00,9562,1241
,1.0,31,2024-07-20T14:01:10.829000+00:00,9562,1241
,1.0,14,2024-07-20T14:01:19.938000+00:00,9562,1241
,1.0,81,2024-07-20T14:01:29.073000+00:00,9562,1241
,1.0,4,2024-07-20T14:01:32.202000+00:00,9562,1241
,1.0,16,2024-07-20T14:01:42.591000+00:00,9562,1241
,1.0,55,2024-07-20T14:01:45.317000+00:00,9562,1241
,1.0,1,2024-07-20T14:02:13.458000+00:00,9562,1241
,1.0,11,2024-07-20T14:02:23.891000+00:00,9562,1241
,1.0,63,2024-07-20T14:02:28.313000+00:00,9562,1241
,1.0,44,2024-07-20T14:02:40.188000+00:00,9562,1241
55.8,4.0,10,2024-07-20T14:06:03.700000+00:00,9562,1241
25.8,4.0,31,2024-07-20T14:06:25.260000+00:00,9562,1241
110.3,6.0,27,2024-07-20T14:09:15.692000+00:00,9562,1241
24.1,6.0,18,2024-07-20T14:09:30.788000+00:00,9562,1241
110.5,6.0,77,2024-07-20T14:09:39.129000+00:00,9562,1241
169.6,6.0,20,2024-07-20T14:10:36.835000+00:00,9562,1241
741.0,7.0,24,2024-07-20T14:22:04.586000+00:00,9562,1241
861.3,8.0,77,2024-07-20T14:22:09.971000+00:00,9562,1241
742.0,6.0,63,2024-07-20T14:22:29.125000+00:00,9562,1241
899.9,6.0,23,2024-07-20T14:23:26.689000+00:00,9562,1241
,7.0,55,2024-07-20T14:24:23.636000+00:00,9562,1241
892.5,6.0,44,2024-07-20T14:25:05.952000+00:00,9562,1241
,7.0,1,2024-07-20T14:25:49.274000+00:00,9562,1241
,8.0,16,2024-07-20T14:25:58.228000+00:00,9562,1241
1013.8,8.0,18,2024-07-20T14:26:00.549000+00:00,9562,1241
973.8,7.0,3,2024-07-20T14:26:04.716000+00:00,9562,1241
980.8,7.0,22,2024-07-20T14:26:19.606000+00:00,9562,1241
1152.7,8.0,27,2024-07-20T14:26:38.110000+00:00,9562,1241
,8.0,4,2024-07-20T14:26:48.658000+00:00,9562,1241
1147.0,7.0,20,2024-07-20T14:26:54.345000+00:00,9562,1241
,8.0,81,2024-07-20T14:26:59.418000+00:00,9562,1241
1132.2,5.0,2,2024-07-20T14:27:04.875000+00:00,9562,1241
970.6,7.0,14,2024-07-20T14:27:06.850000+00:00,9562,1241
323.0,11.0,55,2024-07-20T14:36:02.892000+00:00,9562,1241
418.1,10.0,44,2024-07-20T14:38:26.804000+00:00,9562,1241
490.9,10.0,1,2024-07-20T14:38:33.465000+00:00,9562,1241
429.9,14.0,77,2024-07-20T14:38:37.655000+00:00,9562,1241
461.3,11.0,27,2024-07-20T14:38:47.671000+00:00,9562,1241
442.4,10.0,20,2024-07-20T14:38:57.297000+00:00,9562,1241
491.8,11.0,18,2024-07-20T14:39:04.217000+00:00,9562,1241
629.1,9.0,81,2024-07-20T14:39:15.033000+00:00,9562,1241
636.5,8.0,14,2024-07-20T14:39:20.366000+00:00,9562,1241
473.9,8.0,2,2024-07-20T14:39:30.300000+00:00,9562,1241
513.1,10.0,22,2024-07-20T14:39:45.372000+00:00,9562,1241
532.0,11.0,23,2024-07-20T14:39:54.643000+00:00,9562,1241
610.9,10.0,4,2024-07-20T14:40:12.716000+00:00,9562,1241
576.3,11.0,16,2024-07-20T14:40:18.646000+00:00,9562,1241
58.5,14.0,55,2024-07-20T14:41:22.996000+00:00,9562,1241
263.8,13.0,44,2024-07-20T14:47:13.220000+00:00,9562,1241
208.0,14.0,18,2024-07-20T14:47:17.575000+00:00,9562,1241
168.4,14.0,23,2024-07-20T14:47:23.965000+00:00,9562,1241
214.3,11.0,2,2024-07-20T14:47:37.302000+00:00,9562,1241
1014.1,10.0,3,2024-07-20T14:47:51.996000+00:00,9562,1241
181.2,14.0,16,2024-07-20T14:47:59.497000+00:00,9562,1241
246.0,11.0,14,2024-07-20T14:48:05.342000+00:00,9562,1241
222.8,13.0,4,2024-07-20T14:48:23.528000+00:00,9562,1241
258.9,13.0,22,2024-07-20T14:48:35.923000+00:00,9562,1241
174.8,17.0,55,2024-07-20T14:48:42.524000+00:00,9562,1241
331.2,13.0,1,2024-07-20T14:48:51.159000+00:00,9562,1241
332.3,17.0,77,2024-07-20T14:48:54.568000+00:00,9562,1241
305.7,12.0,81,2024-07-20T14:48:58.599000+00:00,9562,1241
337.8,14.0,27,2024-07-20T14:49:01.178000+00:00,9562,1241
346.3,13.0,20,2024-07-20T14:49:11.658000+00:00,9562,1241
332.7,16.0,1,2024-07-20T14:59:03.348000+00:00,9562,1241
411.9,14.0,81,2024-07-20T14:59:12.102000+00:00,9562,1241
354.9,20.0,55,2024-07-20T14:59:16.822000+00:00,9562,1241
463.5,16.0,44,2024-07-20T14:59:27.796000+00:00,9562,1241
417.8,17.0,16,2024-07-20T14:59:42.441000+00:00,9562,1241
416.1,14.0,14,2024-07-20T14:59:52.873000+00:00,9562,1241
413.8,16.0,22,2024-07-20T15:00:10.316000+00:00,9562,1241
437.6,16.0,4,2024-07-20T15:00:15.490000+00:00,9562,1241
473.5,13.0,3,2024-07-20T15:00:32.632000+00:00,9562,1241
514.6,17.0,18,2024-07-20T15:00:37.078000+00:00,9562,1241
84.2,17.0,81,2024-07-20T15:05:11.702000+00:00,9562,1241
77.6,19.0,44,2024-07-20T15:05:18.796000+00:00,9562,1241
92.7,23.0,55,2024-07-20T15:05:21.542000+00:00,9562,1241
114.5,19.0,1,2024-07-20T15:05:34.994000+00:00,9562,1241
104.9,17.0,14,2024-07-20T15:06:07.072000+00:00,9562,1241
103.1,19.0,22,2024-07-20T15:06:20.774000+00:00,9562,1241
94.6,16.0,3,2024-07-20T15:06:39.449000+00:00,9562,1241
120.2,19.0,4,2024-07-20T15:06:55.714000+00:00,9562,1241
118.4,20.0,18,2024-07-20T15:07:28.006000+00:00,9562,1241
231.4,20.0,16,2024-07-20T15:08:10.544000+00:00,9562,1241
972.3,21.0,4,2024-07-20T15:21:07.697000+00:00,9562,1241
1035.7,22.0,44,2024-07-20T15:21:17.259000+00:00,9562,1241
1064.5,20.0,81,2024-07-20T15:21:32.373000+00:00,9562,1241
989.4,18.0,3,2024-07-20T15:21:34.216000+00:00,9562,1241
966.3,21.0,18,2024-07-20T15:21:36.040000+00:00,9562,1241
1041.0,21.0,16,2024-07-20T15:21:40.056000+00:00,9562,1241
1073.7,26.0,55,2024-07-20T15:21:42.436000+00:00,9562,1241
22.2,2.0,27,2024-07-21T13:06:24.217000+00:00,9566,1241
22.0,6.0,23,2024-07-21T13:12:05.656000+00:00,9566,1241
21.8,6.0,20,2024-07-21T13:12:06.276000+00:00,9566,1241
21.8,6.0,31,2024-07-21T13:12:09.585000+00:00,9566,1241
22.5,7.0,14,2024-07-21T13:13:28.576000+00:00,9566,1241
21.0,7.0,3,2024-07-21T13:13:29.972000+00:00,9566,1241
21.9,7.0,24,2024-07-21T13:13:37.622000+00:00,9566,1241
21.7,8.0,2,2024-07-21T13:15:00.663000+00:00,9566,1241
23.2,14.0,18,2024-07-21T13:23:25.719000+00:00,9566,1241
21.3,16.0,44,2024-07-21T13:25:58.070000+00:00,9566,1241
22.1,16.0,77,2024-07-21T13:26:20.677000+00:00,9566,1241
21.8,17.0,4,2024-07-21T13:27:17.491000+00:00,9566,1241
21.6,18.0,81,2024-07-21T13:28:37.926000+00:00,9566,1241
22.1,21.0,1,2024-07-21T13:33:00.759000+00:00,9566,1241
21.6,21.0,55,2024-07-21T13:33:09.169000+00:00,9566,1241
21.8,23.0,16,2024-07-21T13:35:53.032000+00:00,9566,1241
21.3,28.0,11,2024-07-21T13:43:25.912000+00:00,9566,1241
21.4,28.0,10,2024-07-21T13:43:38.770000+00:00,9566,1241
21.3,28.0,3,2024-07-21T13:43:45.142000+00:00,9566,1241
21.4,29.0,22,2024-07-21T13:44:49.927000+00:00,9566,1241
22.4,29.0,27,2024-07-21T13:45:08.414000+00:00,9566,1241
23.4,29.0,23,2024-07-21T13:45:10.742000+00:00,9566,1241
21.4,30.0,31,2024-07-21T13:46:39.865000+00:00,9566,1241
21.3,33.0,63,2024-07-21T13:50:31.708000+00:00,9566,1241
21.3,33.0,2,2024-07-21T13:50:56.807000+00:00,9566,1241
22.5,34.0,20,2024-07-21T13:52:20.306000+00:00,9566,1241
22.1,36.0,24,2024-07-21T13:55:25.996000+00:00,9566,1241
21.8,37.0,14,2024-07-21T13:56:19.367000+00:00,9566,1241
21.9,40.0,44,2024-07-21T13:59:50.770000+00:00,9566,1241
21.7,40.0,16,2024-07-21T13:59:51.867000+00:00,9566,1241
21.2,45.0,4,2024-07-21T14:06:40.704000+00:00,9566,1241
22.2,45.0,18,2024-07-21T14:07:40.324000+00:00,9566,1241
21.9,45.0,77,2024-07-21T14:07:58.265000+00:00,9566,1241
21.8,47.0,81,2024-07-21T14:09:27.380000+00:00,9566,1241
21.4,47.0,55,2024-07-21T14:09:45.943000+00:00,9566,1241
21.0,47.0,11,2024-07-21T14:10:07.588000+00:00,9566,1241
21.3,49.0,1,2024-07-21T14:12:24.668000+00:00,9566,1241
21.3,53.0,63,2024-07-21T14:18:26.955000+00:00,9566,1241
21.9,63.0,2,2024-07-21T14:33:45.149000+00:00,9566,1241
21.3,64.0,31,2024-07-21T14:35:08.797000+00:00,9566,1241
,1.0,63,2024-07-26T11:30:02.854000+00:00,9567,1242
,1.0,44,2024-07-26T11:30:05.608000+00:00,9567,1242
,1.0,22,2024-07-26T11:30:10.275000+00:00,9567,1242
,1.0,24,2024-07-26T11:30:14.308000+00:00,9567,1242
,1.0,1,2024-07-26T11:30:21.125000+00:00,9567,1242
,1.0,31,2024-07-26T11:30:24.152000+00:00,9567,1242
,1.0,55,2024-07-26T11:30:29.625000+00:00,9567,1242
,1.0,16,2024-07-26T11:30:40.044000+00:00,9567,1242
,1.0,11,2024-07-26T11:30:45.205000+00:00,9567,1242
,1.0,81,2024-07-26T11:30:51.329000+00:00,9567,1242
,1.0,10,2024-07-26T11:30:54.714000+00:00,9567,1242
,1.0,3,2024-07-26T11:30:57.849000+00:00,9567,1242
,1.0,4,2024-07-26T11:31:10.431000+00:00,9567,1242
,1.0,77,2024-07-26T11:31:13.820000+00:00,9567,1242
,1.0,18,2024-07-26T11:31:19.894000+00:00,9567,1242
,1.0,14,2024-07-26T11:31:24.783000+00:00,9567,1242
,1.0,23,2024-07-26T11:31:34.679000+00:00,9567,1242
,1.0,27,2024-07-26T11:31:37.733000+00:00,9567,1242
30.8,2.0,22,2024-07-26T11:32:48.243000+00:00,9567,1242
26.0,3.0,63,2024-07-26T11:34:11.249000+00:00,9567,1242
,1.0,2,2024-07-26T11:34:15.685000+00:00,9567,1242
,1.0,20,2024-07-26T11:34:50.305000+00:00,9567,1242
516.0,8.0,63,2024-07-26T11:54:50.348000+00:00,9567,1242
528.9,8.0,1,2024-07-26T11:55:32.080000+00:00,9567,1242
521.5,8.0,4,2024-07-26T11:55:46.873000+00:00,9567,1242
575.2,8.0,81,2024-07-26T11:55:56.089000+00:00,9567,1242
609.9,8.0,77,2024-07-26T11:56:55.060000+00:00,9567,1242
813.7,7.0,44,2024-07-26T11:57:55.898000+00:00,9567,1242
683.7,8.0,11,2024-07-26T11:58:26.245000+00:00,9567,1242
769.2,7.0,27,2024-07-26T11:58:29.739000+00:00,9567,1242
470.6,10.0,24,2024-07-26T11:58:35.933000+00:00,9567,1242
574.8,9.0,3,2024-07-26T11:58:48.109000+00:00,9567,1242
506.6,10.0,22,2024-07-26T11:58:58.548000+00:00,9567,1242
734.7,7.0,2,2024-07-26T11:59:03.303000+00:00,9567,1242
545.1,10.0,55,2024-07-26T11:59:41.456000+00:00,9567,1242
416.3,11.0,16,2024-07-26T11:59:53.735000+00:00,9567,1242
501.8,8.0,20,2024-07-26T12:00:15.952000+00:00,9567,1242
716.7,9.0,18,2024-07-26T12:01:37.153000+00:00,9567,1242
27.5,11.0,63,2024-07-26T12:02:20.152000+00:00,9567,1242
759.8,9.0,23,2024-07-26T12:02:39.554000+00:00,9567,1242
1005.2,9.0,14,2024-07-26T12:06:31.216000+00:00,9567,1242
805.2,11.0,10,2024-07-26T12:07:32.496000+00:00,9567,1242
357.0,11.0,1,2024-07-26T12:08:10.995000+00:00,9567,1242
17.4,14.0,3,2024-07-26T12:10:43.766000+00:00,9567,1242
359.0,13.0,81,2024-07-26T12:12:26.770000+00:00,9567,1242
331.7,13.0,4,2024-07-26T12:12:36.352000+00:00,9567,1242
334.4,11.0,44,2024-07-26T12:13:37.473000+00:00,9567,1242
315.9,15.0,16,2024-07-26T12:13:55.834000+00:00,9567,1242
354.0,14.0,63,2024-07-26T12:15:05.043000+00:00,9567,1242
448.1,11.0,2,2024-07-26T12:15:29.838000+00:00,9567,1242
387.6,12.0,23,2024-07-26T12:15:36.251000+00:00,9567,1242
368.0,13.0,11,2024-07-26T12:16:21.728000+00:00,9567,1242
338.3,15.0,55,2024-07-26T12:16:50.680000+00:00,9567,1242
590.1,11.0,27,2024-07-26T12:17:35.626000+00:00,9567,1242
294.7,15.0,3,2024-07-26T12:17:46.714000+00:00,9567,1242
492.5,15.0,22,2024-07-26T12:18:28.602000+00:00,9567,1242
389.5,14.0,18,2024-07-26T12:19:33.011000+00:00,9567,1242
406.4,16.0,24,2024-07-26T12:19:55.066000+00:00,9567,1242
531.1,14.0,77,2024-07-26T12:19:57.109000+00:00,9567,1242
28.2,16.0,3,2024-07-26T12:20:38.551000+00:00,9567,1242
497.9,13.0,20,2024-07-26T12:21:31.795000+00:00,9567,1242
220.8,14.0,14,2024-07-26T12:21:53.423000+00:00,9567,1242
218.6,16.0,10,2024-07-26T12:22:05.653000+00:00,9567,1242
24.3,16.0,44,2024-07-26T12:23:28.148000+00:00,9567,1242
22.9,19.0,1,2024-07-26T12:23:31.699000+00:00,9567,1242
23.5,19.0,4,2024-07-26T12:24:23.446000+00:00,9567,1242
,1.0,10,2024-07-26T15:00:29.931000+00:00,9568,1242
,1.0,1,2024-07-26T15:00:34.524000+00:00,9568,1242
,1.0,24,2024-07-26T15:00:38.393000+00:00,9568,1242
,1.0,3,2024-07-26T15:00:44.857000+00:00,9568,1242
,1.0,11,2024-07-26T15:00:53.547000+00:00,9568,1242
,1.0,22,2024-07-26T15:00:55.106000+00:00,9568,1242
,1.0,31,2024-07-26T15:00:58.846000+00:00,9568,1242
,1.0,23,2024-07-26T15:01:05.426000+00:00,9568,1242
,1.0,77,2024-07-26T15:01:09.884000+00:00,9568,1242
,1.0,55,2024-07-26T15:01:11.783000+00:00,9568,1242
,1.0,44,2024-07-26T15:01:14.431000+00:00,9568,1242
,1.0,14,2024-07-26T15:01:18.307000+00:00,9568,1242
,1.0,4,2024-07-26T15:01:41.203000+00:00,9568,1242
,1.0,63,2024-07-26T15:01:47.654000+00:00,9568,1242
,1.0,18,2024-07-26T15:01:53.210000+00:00,9568,1242
,1.0,27,2024-07-26T15:01:56.216000+00:00,9568,1242
,1.0,81,2024-07-26T15:02:19.683000+00:00,9568,1242
,1.0,2,2024-07-26T15:04:40.376000+00:00,9568,1242
,1.0,20,2024-07-26T15:05:06.905000+00:00,9568,1242
,1.0,16,2024-07-26T15:05:37.017000+00:00,9568,1242
77.2,3.0,22,2024-07-26T15:06:53.124000+00:00,9568,1242
23.9,4.0,1,2024-07-26T15:07:57.490000+00:00,9568,1242
49.6,5.0,10,2024-07-26T15:09:41.426000+00:00,9568,1242
186.5,4.0,11,2024-07-26T15:11:06.908000+00:00,9568,1242
250.6,4.0,4,2024-07-26T15:12:48.331000+00:00,9568,1242
33.7,5.0,16,2024-07-26T15:15:08.746000+00:00,9568,1242
366.3,6.0,55,2024-07-26T15:18:31.021000+00:00,9568,1242
306.3,6.0,63,2024-07-26T15:18:48.655000+00:00,9568,1242
32.9,9.0,10,2024-07-26T15:19:39.177000+00:00,9568,1242
671.8,4.0,81,2024-07-26T15:20:21.793000+00:00,9568,1242
600.2,5.0,27,2024-07-26T15:20:45.988000+00:00,9568,1242
408.2,7.0,1,2024-07-26T15:21:24.961000+00:00,9568,1242
440.2,7.0,18,2024-07-26T15:22:48.519000+00:00,9568,1242
501.9,7.0,77,2024-07-26T15:22:52.218000+00:00,9568,1242
630.1,6.0,23,2024-07-26T15:22:58.918000+00:00,9568,1242
324.0,7.0,2,2024-07-26T15:23:01.270000+00:00,9568,1242
345.4,8.0,14,2024-07-26T15:23:13.733000+00:00,9568,1242
583.0,7.0,3,2024-07-26T15:23:36.538000+00:00,9568,1242
373.2,8.0,22,2024-07-26T15:23:58.171000+00:00,9568,1242
395.5,7.0,11,2024-07-26T15:24:14.461000+00:00,9568,1242
234.8,9.0,44,2024-07-26T15:24:56.685000+00:00,9568,1242
461.5,6.0,20,2024-07-26T15:25:01.369000+00:00,9568,1242
31.1,9.0,55,2024-07-26T15:25:51.341000+00:00,9568,1242
419.5,7.0,16,2024-07-26T15:26:21.349000+00:00,9568,1242
617.6,8.0,24,2024-07-26T15:26:52.370000+00:00,9568,1242
368.2,10.0,10,2024-07-26T15:28:24.787000+00:00,9568,1242
707.4,8.0,31,2024-07-26T15:28:40.128000+00:00,9568,1242
576.0,7.0,4,2024-07-26T15:28:50.256000+00:00,9568,1242
423.3,7.0,81,2024-07-26T15:33:35.378000+00:00,9568,1242
364.7,10.0,1,2024-07-26T15:34:01.621000+00:00,9568,1242
26.0,13.0,10,2024-07-26T15:35:58.935000+00:00,9568,1242
402.6,10.0,2,2024-07-26T15:36:05.149000+00:00,9568,1242
388.1,9.0,23,2024-07-26T15:36:13.590000+00:00,9568,1242
397.1,11.0,55,2024-07-26T15:37:02.408000+00:00,9568,1242
405.2,10.0,11,2024-07-26T15:37:38.918000+00:00,9568,1242
341.5,10.0,16,2024-07-26T15:38:18.322000+00:00,9568,1242
480.6,11.0,63,2024-07-26T15:38:41.365000+00:00,9568,1242
393.7,11.0,3,2024-07-26T15:38:54.156000+00:00,9568,1242
407.8,12.0,22,2024-07-26T15:39:41.586000+00:00,9568,1242
323.4,10.0,4,2024-07-26T15:40:27.154000+00:00,9568,1242
22.9,12.0,3,2024-07-26T15:41:19.121000+00:00,9568,1242
341.8,14.0,44,2024-07-26T15:41:54.187000+00:00,9568,1242
280.0,12.0,31,2024-07-26T15:42:03.081000+00:00,9568,1242
626.0,10.0,27,2024-07-26T15:42:06.950000+00:00,9568,1242
23.1,12.0,23,2024-07-26T15:42:18.103000+00:00,9568,1242
375.6,13.0,77,2024-07-26T15:42:53.466000+00:00,9568,1242
333.0,13.0,24,2024-07-26T15:43:18.326000+00:00,9568,1242
379.9,11.0,20,2024-07-26T15:43:27.212000+00:00,9568,1242
693.6,11.0,18,2024-07-26T15:43:31.734000+00:00,9568,1242
325.4,15.0,14,2024-07-26T15:45:06.534000+00:00,9568,1242
342.3,15.0,10,2024-07-26T15:45:43.142000+00:00,9568,1242
280.8,12.0,4,2024-07-26T15:49:07.919000+00:00,9568,1242
23.1,17.0,2,2024-07-26T15:49:34.590000+00:00,9568,1242
22.6,17.0,81,2024-07-26T15:52:25.086000+00:00,9568,1242
24.6,20.0,1,2024-07-26T15:52:43.852000+00:00,9568,1242
23.3,19.0,16,2024-07-26T15:55:33.468000+00:00,9568,1242
48.0,21.0,10,2024-07-26T15:57:30.805000+00:00,9568,1242
23.7,22.0,55,2024-07-26T15:58:07.533000+00:00,9568,1242
266.9,19.0,3,2024-07-26T15:59:23.419000+00:00,9568,1242
,1.0,1,2024-07-27T10:30:02.548000+00:00,9569,1242
,1.0,77,2024-07-27T10:30:17.630000+00:00,9569,1242
,1.0,3,2024-07-27T10:30:25.569000+00:00,9569,1242
,1.0,10,2024-07-27T10:30:27.367000+00:00,9569,1242
,1.0,81,2024-07-27T10:30:32.210000+00:00,9569,1242
,1.0,31,2024-07-27T10:30:36.662000+00:00,9569,1242
,1.0,24,2024-07-27T10:30:44.567000+00:00,9569,1242
,1.0,22,2024-07-27T10:31:03.875000+00:00,9569,1242
,1.0,23,2024-07-27T10:31:25.554000+00:00,9569,1242
,1.0,2,2024-07-27T10:31:42.358000+00:00,9569,1242
,1.0,4,2024-07-27T10:32:18.054000+00:00,9569,1242
,1.0,16,2024-07-27T10:32:55.072000+00:00,9569,1242
25.4,2.0,77,2024-07-27T10:32:59.030000+00:00,9569,1242
,1.0,11,2024-07-27T10:33:13.070000+00:00,9569,1242
,1.0,14,2024-07-27T10:33:33.447000+00:00,9569,1242
29.1,2.0,24,2024-07-27T10:33:41.647000+00:00,9569,1242
,1.0,18,2024-07-27T10:34:33.862000+00:00,9569,1242
,1.0,63,2024-07-27T10:35:54.487000+00:00,9569,1242
,1.0,44,2024-07-27T10:36:04.431000+00:00,9569,1242
,1.0,27,2024-07-27T10:36:13.106000+00:00,9569,1242
,1.0,55,2024-07-27T11:28:02.056000+00:00,9569,1242
,1.0,20,2024-07-27T11:28:04.222000+00:00,9569,1242
,4.0,27,2024-07-27T11:28:12.328000+00:00,9569,1242
3344.3,6.0,77,2024-07-27T11:28:17.956000+00:00,9569,1242
,6.0,31,2024-07-27T11:28:23.175000+00:00,9569,1242
2920.8,5.0,3,2024-07-27T11:28:25.766000+00:00,9569,1242
3317.0,6.0,24,2024-07-27T11:28:29.520000+00:00,9569,1242
,6.0,22,2024-07-27T11:28:38.435000+00:00,9569,1242
,1.0,4,2024-07-27T14:00:05.070000+00:00,9570,1242
,1.0,20,2024-07-27T14:00:12.384000+00:00,9570,1242
,1.0,27,2024-07-27T14:00:16.142000+00:00,9570,1242
,1.0,81,2024-07-27T14:00:21.194000+00:00,9570,1242
,1.0,24,2024-07-27T14:00:29.188000+00:00,9570,1242
,1.0,77,2024-07-27T14:00:33.729000+00:00,9570,1242
,1.0,14,2024-07-27T14:00:46.209000+00:00,9570,1242
,1.0,18,2024-07-27T14:00:53.586000+00:00,9570,1242
,1.0,23,2024-07-27T14:01:01.654000+00:00,9570,1242
,1.0,2,2024-07-27T14:01:09.470000+00:00,9570,1242
,1.0,10,2024-07-27T14:01:24.515000+00:00,9570,1242
,1.0,31,2024-07-27T14:01:30.034000+00:00,9570,1242
,1.0,22,2024-07-27T14:01:42.782000+00:00,9570,1242
,1.0,11,2024-07-27T14:01:49.364000+00:00,9570,1242
,1.0,3,2024-07-27T14:01:56.509000+00:00,9570,1242
,1.0,1,2024-07-27T14:02:07.366000+00:00,9570,1242
,1.0,16,2024-07-27T14:02:09.986000+00:00,9570,1242
,1.0,55,2024-07-27T14:02:12.098000+00:00,9570,1242
,1.0,44,2024-07-27T14:02:27.921000+00:00,9570,1242
,1.0,63,2024-07-27T14:02:33.830000+00:00,9570,1242
28.2,5.0,14,2024-07-27T14:09:47.177000+00:00,9570,1242
30.8,5.0,18,2024-07-27T14:09:59.166000+00:00,9570,1242
28.3,5.0,10,2024-07-27T14:10:11.867000+00:00,9570,1242
32.3,5.0,31,2024-07-27T14:10:17.726000+00:00,9570,1242
97.0,5.0,20,2024-07-27T14:10:25.261000+00:00,9570,1242
83.7,5.0,23,2024-07-27T14:10:43.792000+00:00,9570,1242
27.0,6.0,4,2024-07-27T14:10:50.401000+00:00,9570,1242
90.6,5.0,2,2024-07-27T14:10:55.524000+00:00,9570,1242
48.1,6.0,77,2024-07-27T14:12:16.416000+00:00,9570,1242
34.8,6.0,16,2024-07-27T14:13:43.191000+00:00,9570,1242
26.1,6.0,63,2024-07-27T14:13:55.915000+00:00,9570,1242
26.9,7.0,81,2024-07-27T14:14:02.858000+00:00,9570,1242
105.3,7.0,27,2024-07-27T14:14:44.295000+00:00,9570,1242
24.9,7.0,11,2024-07-27T14:14:56.348000+00:00,9570,1242
141.0,6.0,3,2024-07-27T14:15:02.312000+00:00,9570,1242
122.1,7.0,24,2024-07-27T14:15:20.171000+00:00,9570,1242
23.9,7.0,55,2024-07-27T14:15:20.705000+00:00,9570,1242
164.0,6.0,22,2024-07-27T14:15:28.074000+00:00,9570,1242
23.5,7.0,44,2024-07-27T14:15:49.158000+00:00,9570,1242
193.8,10.0,23,2024-07-27T14:25:04.107000+00:00,9570,1242
244.4,10.0,31,2024-07-27T14:25:10.198000+00:00,9570,1242
252.0,10.0,10,2024-07-27T14:25:20.647000+00:00,9570,1242
314.3,9.0,63,2024-07-27T14:25:26.704000+00:00,9570,1242
225.4,10.0,14,2024-07-27T14:25:28.859000+00:00,9570,1242
220.5,11.0,4,2024-07-27T14:25:36.547000+00:00,9570,1242
348.4,9.0,16,2024-07-27T14:25:43.591000+00:00,9570,1242
223.4,10.0,55,2024-07-27T14:25:46.198000+00:00,9570,1242
343.3,9.0,44,2024-07-27T14:25:49.536000+00:00,9570,1242
248.7,9.0,3,2024-07-27T14:26:02.823000+00:00,9570,1242
274.5,10.0,77,2024-07-27T14:26:05.759000+00:00,9570,1242
263.3,10.0,18,2024-07-27T14:26:08.986000+00:00,9570,1242
274.3,10.0,11,2024-07-27T14:26:22.002000+00:00,9570,1242
365.3,10.0,81,2024-07-27T14:26:29.474000+00:00,9570,1242
391.9,9.0,1,2024-07-27T14:26:39.309000+00:00,9570,1242
23.7,12.0,63,2024-07-27T14:32:00.180000+00:00,9570,1242
25.3,14.0,4,2024-07-27T14:32:30.752000+00:00,9570,1242
25.8,12.0,16,2024-07-27T14:32:33.351000+00:00,9570,1242
24.9,12.0,44,2024-07-27T14:32:33.879000+00:00,9570,1242
23.9,13.0,55,2024-07-27T14:32:50.800000+00:00,9570,1242
38.5,13.0,81,2024-07-27T14:33:31.531000+00:00,9570,1242
85.5,12.0,3,2024-07-27T14:34:00.082000+00:00,9570,1242
23.9,14.0,77,2024-07-27T14:35:16.312000+00:00,9570,1242
32.3,14.0,11,2024-07-27T14:35:23.314000+00:00,9570,1242
24.7,14.0,18,2024-07-27T14:35:26.796000+00:00,9570,1242
25.9,15.0,31,2024-07-27T14:36:06.139000+00:00,9570,1242
25.8,15.0,10,2024-07-27T14:36:17.218000+00:00,9570,1242
24.7,15.0,14,2024-07-27T14:36:55.728000+00:00,9570,1242
211.7,14.0,23,2024-07-27T14:36:59.321000+00:00,9570,1242
300.9,17.0,44,2024-07-27T14:48:02.816000+00:00,9570,1242
313.7,17.0,63,2024-07-27T14:48:08.777000+00:00,9570,1242
370.7,17.0,81,2024-07-27T14:48:15.063000+00:00,9570,1242
361.6,18.0,31,2024-07-27T14:48:22.895000+00:00,9570,1242
332.0,19.0,4,2024-07-27T14:48:29.618000+00:00,9570,1242
302.7,18.0,14,2024-07-27T14:48:38.571000+00:00,9570,1242
295.7,18.0,55,2024-07-27T14:48:41.650000+00:00,9570,1242
299.6,17.0,16,2024-07-27T14:48:46.747000+00:00,9570,1242
418.8,17.0,11,2024-07-27T14:48:50.885000+00:00,9570,1242
404.0,16.0,1,2024-07-27T14:49:20.219000+00:00,9570,1242
96.1,21.0,31,2024-07-27T14:56:06.372000+00:00,9570,1242
84.6,21.0,55,2024-07-27T14:56:24.870000+00:00,9570,1242
80.5,20.0,16,2024-07-27T14:56:26.741000+00:00,9570,1242
125.5,21.0,14,2024-07-27T14:56:58.214000+00:00,9570,1242
101.2,19.0,1,2024-07-27T14:57:03.952000+00:00,9570,1242
112.3,20.0,11,2024-07-27T14:57:09.040000+00:00,9570,1242
23.5,7.0,27,2024-07-28T13:17:24.624000+00:00,9574,1242
23.6,8.0,23,2024-07-28T13:19:10.060000+00:00,9574,1242
22.6,8.0,3,2024-07-28T13:19:12.907000+00:00,9574,1242
23.3,8.0,2,2024-07-28T13:19:19.028000+00:00,9574,1242
22.9,9.0,10,2024-07-28T13:21:03.384000+00:00,9574,1242
22.6,10.0,63,2024-07-28T13:22:42.566000+00:00,9574,1242
23.2,10.0,1,2024-07-28T13:22:45.409000+00:00,9574,1242
23.1,11.0,44,2024-07-28T13:24:25.722000+00:00,9574,1242
22.6,11.0,11,2024-07-28T13:24:30.065000+00:00,9574,1242
22.6,11.0,81,2024-07-28T13:24:31.174000+00:00,9574,1242
23.1,11.0,77,2024-07-28T13:24:45.955000+00:00,9574,1242
22.9,12.0,16,2024-07-28T13:26:17.756000+00:00,9574,1242
23.3,12.0,31,2024-07-28T13:26:35.403000+00:00,9574,1242
23.0,12.0,18,2024-07-28T13:26:38.729000+00:00,9574,1242
23.0,13.0,14,2024-07-28T13:28:22.402000+00:00,9574,1242
22.6,15.0,4,2024-07-28T13:31:52.973000+00:00,9574,1242
23.4,15.0,22,2024-07-28T13:32:19.721000+00:00,9574,1242
23.6,17.0,20,2024-07-28T13:35:57.049000+00:00,9574,1242
23.0,20.0,55,2024-07-28T13:40:57.194000+00:00,9574,1242
23.2,20.0,27,2024-07-28T13:41:36.270000+00:00,9574,1242
22.6,21.0,11,2024-07-28T13:42:57.879000+00:00,9574,1242
22.3,21.0,3,2024-07-28T13:43:18.205000+00:00,9574,1242
23.1,23.0,23,2024-07-28T13:46:57.912000+00:00,9574,1242
23.6,24.0,2,2024-07-28T13:49:10.623000+00:00,9574,1242
23.3,25.0,16,2024-07-28T13:50:03.231000+00:00,9574,1242
22.7,26.0,44,2024-07-28T13:51:47.753000+00:00,9574,1242
22.9,28.0,1,2024-07-28T13:55:34.221000+00:00,9574,1242
23.0,28.0,55,2024-07-28T13:55:40.948000+00:00,9574,1242
22.8,28.0,10,2024-07-28T13:56:09.349000+00:00,9574,1242
22.6,29.0,4,2024-07-28T13:57:22.371000+00:00,9574,1242
24.1,30.0,81,2024-07-28T13:59:03.646000+00:00,9574,1242
23.5,30.0,31,2024-07-28T13:59:38.848000+00:00,9574,1242
22.9,35.0,77,2024-07-28T14:08:54.722000+00:00,9574,1242
22.6,42.0,11,2024-07-28T14:21:03.852000+00:00,9574,1242
,1.0,10,2024-08-23T10:31:10.483000+00:00,9575,1243
,1.0,20,2024-08-23T10:31:15.735000+00:00,9575,1243
,1.0,27,2024-08-23T10:32:42.445000+00:00,9575,1243
,1.0,97,2024-08-23T10:33:26.134000+00:00,9575,1243
,1.0,55,2024-08-23T10:33:53.350000+00:00,9575,1243
,1.0,24,2024-08-23T10:34:15.240000+00:00,9575,1243
26.0,2.0,55,2024-08-23T10:36:05.409000+00:00,9575,1243
,1.0,2,2024-08-23T10:41:30.039000+00:00,9575,1243
,1.0,16,2024-08-23T10:41:39.683000+00:00,9575,1243
,1.0,23,2024-08-23T10:42:18.292000+00:00,9575,1243
24.4,2.0,16,2024-08-23T10:43:54.669000+00:00,9575,1243
705.4,2.0,27,2024-08-23T10:46:29.368000+00:00,9575,1243
,1.0,63,2024-08-23T10:49:03.161000+00:00,9575,1243
,1.0,4,2024-08-23T10:50:52.113000+00:00,9575,1243
,1.0,81,2024-08-23T10:52:31.170000+00:00,9575,1243
36.7,2.0,4,2024-08-23T10:53:03.718000+00:00,9575,1243
,1.0,11,2024-08-23T10:54:31.697000+00:00,9575,1243
,1.0,18,2024-08-23T10:54:54.706000+00:00,9575,1243
,1.0,14,2024-08-23T10:55:44.600000+00:00,9575,1243
1418.5,2.0,20,2024-08-23T10:56:42.319000+00:00,9575,1243
1275.4,2.0,24,2024-08-23T10:57:20.771000+00:00,9575,1243
1322.0,2.0,97,2024-08-23T10:57:23.353000+00:00,9575,1243
,1.0,1,2024-08-23T10:58:31.629000+00:00,9575,1243
25.9,3.0,20,2024-08-23T10:58:46.071000+00:00,9575,1243
,1.0,31,2024-08-23T10:59:17.176000+00:00,9575,1243
,1.0,3,2024-08-23T11:00:11.761000+00:00,9575,1243
,1.0,44,2024-08-23T11:00:44.951000+00:00,9575,1243
353.8,5.0,63,2024-08-23T11:01:03.048000+00:00,9575,1243
,1.0,22,2024-08-23T11:02:03.607000+00:00,9575,1243
1110.5,2.0,23,2024-08-23T11:02:31.026000+00:00,9575,1243
482.3,7.0,27,2024-08-23T11:02:35.306000+00:00,9575,1243
1159.2,2.0,2,2024-08-23T11:02:41.830000+00:00,9575,1243
489.3,4.0,4,2024-08-23T11:04:13.895000+00:00,9575,1243
24.5,3.0,23,2024-08-23T11:04:31.785000+00:00,9575,1243
542.1,3.0,81,2024-08-23T11:04:39.431000+00:00,9575,1243
1813.4,3.0,10,2024-08-23T11:04:48.067000+00:00,9575,1243
29.2,3.0,2,2024-08-23T11:04:54.548000+00:00,9575,1243
283.1,4.0,20,2024-08-23T11:05:03.680000+00:00,9575,1243
515.7,3.0,11,2024-08-23T11:06:18.472000+00:00,9575,1243
202.4,3.0,3,2024-08-23T11:06:47.081000+00:00,9575,1243
1743.3,3.0,55,2024-08-23T11:06:49.054000+00:00,9575,1243
482.1,3.0,14,2024-08-23T11:06:55.033000+00:00,9575,1243
537.8,3.0,18,2024-08-23T11:07:08.509000+00:00,9575,1243
29.8,10.0,27,2024-08-23T11:07:46.522000+00:00,9575,1243
244.7,2.0,22,2024-08-23T11:07:51.861000+00:00,9575,1243
320.4,6.0,97,2024-08-23T11:09:12.641000+00:00,9575,1243
1190.4,6.0,16,2024-08-23T11:09:49.526000+00:00,9575,1243
409.9,6.0,24,2024-08-23T11:10:29.492000+00:00,9575,1243
523.4,7.0,4,2024-08-23T11:17:31.078000+00:00,9575,1243
681.4,4.0,81,2024-08-23T11:17:35.238000+00:00,9575,1243
739.5,8.0,63,2024-08-23T11:17:56.737000+00:00,9575,1243
369.7,6.0,14,2024-08-23T11:18:09.712000+00:00,9575,1243
465.9,6.0,18,2024-08-23T11:19:51.190000+00:00,9575,1243
939.5,5.0,1,2024-08-23T11:20:21.370000+00:00,9575,1243
662.7,6.0,23,2024-08-23T11:20:24.367000+00:00,9575,1243
542.8,7.0,16,2024-08-23T11:20:41.224000+00:00,9575,1243
419.5,7.0,55,2024-08-23T11:20:48.867000+00:00,9575,1243
358.3,8.0,3,2024-08-23T11:20:57.410000+00:00,9575,1243
554.5,8.0,20,2024-08-23T11:21:01.507000+00:00,9575,1243
862.8,5.0,44,2024-08-23T11:21:09.016000+00:00,9575,1243
737.9,11.0,27,2024-08-23T11:21:45.316000+00:00,9575,1243
787.7,6.0,2,2024-08-23T11:22:34.197000+00:00,9575,1243
775.3,5.0,11,2024-08-23T11:22:39.780000+00:00,9575,1243
394.5,7.0,22,2024-08-23T11:22:44.908000+00:00,9575,1243
657.7,9.0,31,2024-08-23T11:22:50.805000+00:00,9575,1243
487.0,9.0,24,2024-08-23T11:23:22.237000+00:00,9575,1243
471.4,10.0,97,2024-08-23T11:23:23.762000+00:00,9575,1243
896.7,6.0,10,2024-08-23T11:24:39.688000+00:00,9575,1243
24.8,10.0,16,2024-08-23T11:25:39.667000+00:00,9575,1243
,1.0,10,2024-08-23T14:00:02.995000+00:00,9576,1243
,1.0,2,2024-08-23T14:00:08.947000+00:00,9576,1243
,1.0,77,2024-08-23T14:00:11.171000+00:00,9576,1243
,1.0,63,2024-08-23T14:00:14.112000+00:00,9576,1243
,1.0,23,2024-08-23T14:00:20.299000+00:00,9576,1243
,1.0,11,2024-08-23T14:00:30.111000+00:00,9576,1243
,1.0,24,2024-08-23T14:00:31.431000+00:00,9576,1243
,1.0,31,2024-08-23T14:00:35.045000+00:00,9576,1243
,1.0,55,2024-08-23T14:00:36.482000+00:00,9576,1243
,1.0,1,2024-08-23T14:00:41.838000+00:00,9576,1243
,1.0,81,2024-08-23T14:00:45.392000+00:00,9576,1243
,1.0,44,2024-08-23T14:00:53.661000+00:00,9576,1243
,1.0,27,2024-08-23T14:01:11.099000+00:00,9576,1243
,1.0,4,2024-08-23T14:01:18.503000+00:00,9576,1243
,1.0,16,2024-08-23T14:01:24.468000+00:00,9576,1243
,1.0,14,2024-08-23T14:01:26.959000+00:00,9576,1243
,1.0,3,2024-08-23T14:01:32.249000+00:00,9576,1243
,1.0,22,2024-08-23T14:01:38.130000+00:00,9576,1243
,1.0,18,2024-08-23T14:01:40.424000+00:00,9576,1243
,1.0,20,2024-08-23T14:01:42.114000+00:00,9576,1243
32.1,3.0,63,2024-08-23T14:03:35.538000+00:00,9576,1243
126.8,2.0,81,2024-08-23T14:04:42.548000+00:00,9576,1243
49.4,4.0,11,2024-08-23T14:05:51.912000+00:00,9576,1243
23.3,4.0,1,2024-08-23T14:06:03.730000+00:00,9576,1243
25.0,4.0,44,2024-08-23T14:06:37.791000+00:00,9576,1243
22.9,5.0,4,2024-08-23T14:07:54.999000+00:00,9576,1243
24.1,6.0,55,2024-08-23T14:09:03.345000+00:00,9576,1243
67.6,6.0,27,2024-08-23T14:09:50.417000+00:00,9576,1243
23.3,6.0,16,2024-08-23T14:10:00.429000+00:00,9576,1243
35.2,8.0,63,2024-08-23T14:12:42.083000+00:00,9576,1243
29.2,7.0,44,2024-08-23T14:12:58.360000+00:00,9576,1243
661.2,7.0,1,2024-08-23T14:22:03.327000+00:00,9576,1243
702.3,8.0,77,2024-08-23T14:22:05.544000+00:00,9576,1243
576.4,8.0,4,2024-08-23T14:22:11.942000+00:00,9576,1243
427.4,10.0,11,2024-08-23T14:22:45.213000+00:00,9576,1243
715.4,8.0,2,2024-08-23T14:22:51.078000+00:00,9576,1243
621.9,9.0,23,2024-08-23T14:22:55.310000+00:00,9576,1243
534.0,10.0,24,2024-08-23T14:23:05.351000+00:00,9576,1243
502.7,9.0,81,2024-08-23T14:23:50.353000+00:00,9576,1243
543.2,10.0,18,2024-08-23T14:25:07.921000+00:00,9576,1243
509.5,10.0,20,2024-08-23T14:25:09.832000+00:00,9576,1243
722.8,10.0,10,2024-08-23T14:25:14.352000+00:00,9576,1243
,11.0,14,2024-08-23T14:25:20.435000+00:00,9576,1243
608.2,10.0,22,2024-08-23T14:25:27.115000+00:00,9576,1243
658.5,10.0,31,2024-08-23T14:25:31.032000+00:00,9576,1243
553.8,11.0,3,2024-08-23T14:25:59.453000+00:00,9576,1243
840.3,11.0,63,2024-08-23T14:26:07.128000+00:00,9576,1243
843.8,10.0,44,2024-08-23T14:26:32.951000+00:00,9576,1243
637.7,10.0,16,2024-08-23T14:26:46.841000+00:00,9576,1243
17.8,12.0,23,2024-08-23T14:28:02.868000+00:00,9576,1243
19.5,13.0,24,2024-08-23T14:28:22.188000+00:00,9576,1243
340.9,10.0,1,2024-08-23T14:31:52.271000+00:00,9576,1243
332.9,13.0,4,2024-08-23T14:35:13.100000+00:00,9576,1243
353.9,14.0,81,2024-08-23T14:37:10.744000+00:00,9576,1243
401.2,14.0,63,2024-08-23T14:37:25.183000+00:00,9576,1243
359.7,14.0,2,2024-08-23T14:37:47.231000+00:00,9576,1243
351.1,15.0,23,2024-08-23T14:38:44.912000+00:00,9576,1243
517.8,13.0,44,2024-08-23T14:39:31.443000+00:00,9576,1243
389.7,16.0,24,2024-08-23T14:39:35.212000+00:00,9576,1243
297.1,16.0,20,2024-08-23T14:40:19.075000+00:00,9576,1243
383.1,16.0,77,2024-08-23T14:40:29.638000+00:00,9576,1243
303.6,16.0,31,2024-08-23T14:40:31.406000+00:00,9576,1243
298.7,17.0,10,2024-08-23T14:41:20.363000+00:00,9576,1243
22.8,17.0,23,2024-08-23T14:41:41.306000+00:00,9576,1243
391.2,16.0,18,2024-08-23T14:41:43.955000+00:00,9576,1243
441.9,15.0,16,2024-08-23T14:41:50.846000+00:00,9576,1243
434.6,16.0,22,2024-08-23T14:42:30.094000+00:00,9576,1243
21.0,18.0,24,2024-08-23T14:42:49.736000+00:00,9576,1243
534.4,16.0,3,2024-08-23T14:42:51.517000+00:00,9576,1243
22.8,18.0,2,2024-08-23T14:43:21.837000+00:00,9576,1243
819.5,15.0,11,2024-08-23T14:44:22.069000+00:00,9576,1243
20.9,19.0,77,2024-08-23T14:44:47.166000+00:00,9576,1243
590.0,17.0,14,2024-08-23T14:44:58.817000+00:00,9576,1243
21.9,21.0,1,2024-08-23T14:46:30.678000+00:00,9576,1243
23.3,21.0,44,2024-08-23T14:50:14.550000+00:00,9576,1243
32.3,25.0,4,2024-08-23T14:50:56.759000+00:00,9576,1243
23.0,26.0,81,2024-08-23T14:52:52.978000+00:00,9576,1243
21.3,28.0,18,2024-08-23T14:57:41.552000+00:00,9576,1243
27.8,27.0,44,2024-08-23T14:58:24.931000+00:00,9576,1243
231.9,28.0,63,2024-08-23T14:59:37.061000+00:00,9576,1243
21.8,28.0,14,2024-08-23T14:59:40.064000+00:00,9576,1243
,1.0,27,2024-08-24T09:31:45.842000+00:00,9577,1243
,1.0,20,2024-08-24T09:32:00.906000+00:00,9577,1243
,1.0,77,2024-08-24T09:32:27.247000+00:00,9577,1243
,1.0,24,2024-08-24T09:34:09.258000+00:00,9577,1243
,1.0,81,2024-08-24T09:34:35.157000+00:00,9577,1243
,1.0,55,2024-08-24T09:34:42.307000+00:00,9577,1243
,1.0,3,2024-08-24T09:35:01.721000+00:00,9577,1243
,1.0,22,2024-08-24T09:36:43.012000+00:00,9577,1243
,1.0,14,2024-08-24T09:36:52.407000+00:00,9577,1243
33.3,2.0,55,2024-08-24T09:37:02.227000+00:00,9577,1243
,1.0,18,2024-08-24T09:37:12.282000+00:00,9577,1243
214.7,2.0,20,2024-08-24T09:37:17.858000+00:00,9577,1243
300.1,2.0,27,2024-08-24T09:38:26.470000+00:00,9577,1243
,1.0,63,2024-08-24T09:39:23.415000+00:00,9577,1243
,1.0,2,2024-08-24T09:39:28.991000+00:00,9577,1243
174.1,2.0,3,2024-08-24T09:39:36.438000+00:00,9577,1243
359.0,2.0,77,2024-08-24T09:40:13.290000+00:00,9577,1243
,1.0,23,2024-08-24T09:40:32.575000+00:00,9577,1243
,1.0,4,2024-08-24T09:41:05.158000+00:00,9577,1243
,1.0,10,2024-08-24T09:42:34.639000+00:00,9577,1243
403.8,2.0,24,2024-08-24T09:42:42.777000+00:00,9577,1243
,1.0,31,2024-08-24T09:42:47.730000+00:00,9577,1243
284.6,2.0,22,2024-08-24T09:43:03.718000+00:00,9577,1243
274.8,3.0,55,2024-08-24T09:43:16.344000+00:00,9577,1243
,1.0,16,2024-08-24T09:43:32.307000+00:00,9577,1243
3258.6,7.0,20,2024-08-24T10:28:02.036000+00:00,9577,1243
2841.6,3.0,27,2024-08-24T10:28:04.857000+00:00,9577,1243
3129.4,3.0,24,2024-08-24T10:28:08.317000+00:00,9577,1243
3236.5,5.0,77,2024-08-24T10:28:10.735000+00:00,9577,1243
,3.0,10,2024-08-24T10:28:13.674000+00:00,9577,1243
,2.0,31,2024-08-24T10:28:17.185000+00:00,9577,1243
,4.0,4,2024-08-24T10:28:18.227000+00:00,9577,1243
2978.1,4.0,55,2024-08-24T10:28:19.722000+00:00,9577,1243
,1.0,44,2024-08-24T10:28:20.933000+00:00,9577,1243
,5.0,63,2024-08-24T10:28:22.982000+00:00,9577,1243
,8.0,81,2024-08-24T10:28:25.009000+00:00,9577,1243
,1.0,1,2024-08-24T10:28:25.665000+00:00,9577,1243
,2.0,16,2024-08-24T10:28:27.174000+00:00,9577,1243
,1.0,11,2024-08-24T10:28:32.417000+00:00,9577,1243
,6.0,18,2024-08-24T10:28:35.949000+00:00,9577,1243
,4.0,23,2024-08-24T10:28:37.661000+00:00,9577,1243
3023.1,3.0,22,2024-08-24T10:28:42.191000+00:00,9577,1243
3125.3,6.0,3,2024-08-24T10:28:47.602000+00:00,9577,1243
,1.0,27,2024-08-24T13:00:02.566000+00:00,9578,1243
,1.0,24,2024-08-24T13:00:07.963000+00:00,9578,1243
,1.0,77,2024-08-24T13:00:46.774000+00:00,9578,1243
,1.0,10,2024-08-24T13:00:53.427000+00:00,9578,1243
,1.0,31,2024-08-24T13:00:56.468000+00:00,9578,1243
,1.0,23,2024-08-24T13:01:02.295000+00:00,9578,1243
,1.0,18,2024-08-24T13:01:07.431000+00:00,9578,1243
,1.0,20,2024-08-24T13:01:11.738000+00:00,9578,1243
,1.0,14,2024-08-24T13:01:28.349000+00:00,9578,1243
,1.0,55,2024-08-24T13:01:45.137000+00:00,9578,1243
,1.0,11,2024-08-24T13:01:49.269000+00:00,9578,1243
,1.0,16,2024-08-24T13:01:55.185000+00:00,9578,1243
,1.0,81,2024-08-24T13:02:02.907000+00:00,9578,1243
,1.0,63,2024-08-24T13:03:09.095000+00:00,9578,1243
,1.0,44,2024-08-24T13:03:17.166000+00:00,9578,1243
,1.0,22,2024-08-24T13:03:22.475000+00:00,9578,1243
,1.0,3,2024-08-24T13:03:31.093000+00:00,9578,1243
,1.0,4,2024-08-24T13:03:41.746000+00:00,9578,1243
16.2,4.0,23,2024-08-24T13:05:55.548000+00:00,9578,1243
57.2,4.0,77,2024-08-24T13:05:58.751000+00:00,9578,1243
,1.0,1,2024-08-24T13:06:39.014000+00:00,9578,1243
59.8,4.0,20,2024-08-24T13:06:56.170000+00:00,9578,1243
28.6,4.0,11,2024-08-24T13:06:57.997000+00:00,9578,1243
30.3,4.0,16,2024-08-24T13:07:06.406000+00:00,9578,1243
70.4,4.0,55,2024-08-24T13:07:34.025000+00:00,9578,1243
148.8,4.0,10,2024-08-24T13:07:44.624000+00:00,9578,1243
197.5,4.0,24,2024-08-24T13:07:47.424000+00:00,9578,1243
150.3,4.0,31,2024-08-24T13:07:49.873000+00:00,9578,1243
28.8,4.0,63,2024-08-24T13:08:03.042000+00:00,9578,1243
34.9,4.0,44,2024-08-24T13:08:15.784000+00:00,9578,1243
89.2,6.0,27,2024-08-24T13:08:20.677000+00:00,9578,1243
166.4,6.0,18,2024-08-24T13:11:10.461000+00:00,9578,1243
189.7,4.0,1,2024-08-24T13:14:03.931000+00:00,9578,1243
114.3,7.0,24,2024-08-24T13:14:06.167000+00:00,9578,1243
228.5,7.0,77,2024-08-24T13:14:08.034000+00:00,9578,1243
173.6,7.0,20,2024-08-24T13:14:10.193000+00:00,9578,1243
352.1,5.0,81,2024-08-24T13:14:12.177000+00:00,9578,1243
95.5,9.0,27,2024-08-24T13:14:13.435000+00:00,9578,1243
371.1,4.0,4,2024-08-24T13:14:18.246000+00:00,9578,1243
247.0,7.0,23,2024-08-24T13:14:22.743000+00:00,9578,1243
157.6,7.0,22,2024-08-24T13:14:53.977000+00:00,9578,1243
158.1,7.0,3,2024-08-24T13:15:00.110000+00:00,9578,1243
471.0,5.0,14,2024-08-24T13:15:10.243000+00:00,9578,1243
202.1,7.0,55,2024-08-24T13:15:15.884000+00:00,9578,1243
238.7,7.0,16,2024-08-24T13:15:30.712000+00:00,9578,1243
193.2,7.0,63,2024-08-24T13:15:40.113000+00:00,9578,1243
343.0,5.0,44,2024-08-24T13:15:49.111000+00:00,9578,1243
211.8,7.0,31,2024-08-24T13:15:52.026000+00:00,9578,1243
354.9,6.0,11,2024-08-24T13:15:56.765000+00:00,9578,1243
240.9,7.0,10,2024-08-24T13:16:10.451000+00:00,9578,1243
308.6,10.0,55,2024-08-24T13:25:03.787000+00:00,9578,1243
300.4,10.0,16,2024-08-24T13:25:08.714000+00:00,9578,1243
563.0,8.0,81,2024-08-24T13:28:17.490000+00:00,9578,1243
562.0,12.0,27,2024-08-24T13:28:19.746000+00:00,9578,1243
550.1,10.0,23,2024-08-24T13:28:23.247000+00:00,9578,1243
574.9,10.0,20,2024-08-24T13:28:26.314000+00:00,9578,1243
697.1,6.0,1,2024-08-24T13:28:36.655000+00:00,9578,1243
686.7,6.0,4,2024-08-24T13:29:00.751000+00:00,9578,1243
598.4,11.0,18,2024-08-24T13:29:05.578000+00:00,9578,1243
588.0,9.0,10,2024-08-24T13:29:17.243000+00:00,9578,1243
527.7,9.0,11,2024-08-24T13:29:22.525000+00:00,9578,1243
584.9,8.0,14,2024-08-24T13:29:34.486000+00:00,9578,1243
622.5,10.0,22,2024-08-24T13:29:46.490000+00:00,9578,1243
572.9,10.0,63,2024-08-24T13:29:56.980000+00:00,9578,1243
584.8,8.0,44,2024-08-24T13:30:03.618000+00:00,9578,1243
47.9,13.0,55,2024-08-24T13:30:13.271000+00:00,9578,1243
54.5,13.0,16,2024-08-24T13:30:31.697000+00:00,9578,1243
218.7,15.0,27,2024-08-24T13:36:15.404000+00:00,9578,1243
183.8,13.0,20,2024-08-24T13:36:16.569000+00:00,9578,1243
166.9,12.0,10,2024-08-24T13:36:25.232000+00:00,9578,1243
145.4,13.0,22,2024-08-24T13:36:29.877000+00:00,9578,1243
176.3,12.0,11,2024-08-24T13:36:41.095000+00:00,9578,1243
247.6,13.0,23,2024-08-24T13:37:01.880000+00:00,9578,1243
193.5,11.0,14,2024-08-24T13:37:10.336000+00:00,9578,1243
160.8,16.0,55,2024-08-24T13:37:14.347000+00:00,9578,1243
235.8,14.0,18,2024-08-24T13:37:25.752000+00:00,9578,1243
189.5,11.0,44,2024-08-24T13:37:34.505000+00:00,9578,1243
178.6,16.0,16,2024-08-24T13:37:41.138000+00:00,9578,1243
943.1,11.0,81,2024-08-24T13:48:18.444000+00:00,9578,1243
910.8,9.0,1,2024-08-24T13:48:27.438000+00:00,9578,1243
910.9,9.0,4,2024-08-24T13:48:35.765000+00:00,9578,1243
382.4,19.0,16,2024-08-24T13:48:43.765000+00:00,9578,1243
480.3,15.0,10,2024-08-24T13:48:58.132000+00:00,9578,1243
899.1,13.0,63,2024-08-24T13:49:26.061000+00:00,9578,1243
670.1,17.0,18,2024-08-24T13:53:11.485000+00:00,9578,1243
728.4,14.0,14,2024-08-24T13:53:55.091000+00:00,9578,1243
189.3,18.0,10,2024-08-24T13:56:17.526000+00:00,9578,1243
230.6,12.0,1,2024-08-24T13:56:25.609000+00:00,9578,1243
232.2,12.0,4,2024-08-24T13:56:36.838000+00:00,9578,1243
936.2,15.0,11,2024-08-24T13:56:47.728000+00:00,9578,1243
928.2,16.0,23,2024-08-24T13:56:55.836000+00:00,9578,1243
245.6,22.0,16,2024-08-24T13:56:59.995000+00:00,9578,1243
276.8,14.0,81,2024-08-24T13:57:08.160000+00:00,9578,1243
256.3,16.0,63,2024-08-24T13:57:50.088000+00:00,9578,1243
21.2,12.0,23,2024-08-25T13:19:18.319000+00:00,9582,1243
21.6,14.0,27,2024-08-25T13:21:48.477000+00:00,9582,1243
21.2,14.0,22,2024-08-25T13:21:48.821000+00:00,9582,1243
21.0,15.0,77,2024-08-25T13:23:11.905000+00:00,9582,1243
21.2,18.0,24,2024-08-25T13:27:15.008000+00:00,9582,1243
22.0,22.0,2,2024-08-25T13:32:23.447000+00:00,9582,1243
21.1,23.0,44,2024-08-25T13:33:18.033000+00:00,9582,1243
20.8,24.0,16,2024-08-25T13:34:18.648000+00:00,9582,1243
21.8,25.0,63,2024-08-25T13:35:34.224000+00:00,9582,1243
20.7,27.0,1,2024-08-25T13:38:00.708000+00:00,9582,1243
21.5,28.0,4,2024-08-25T13:39:10.796000+00:00,9582,1243
22.9,29.0,11,2024-08-25T13:40:46.942000+00:00,9582,1243
20.9,29.0,3,2024-08-25T13:41:13.508000+00:00,9582,1243
20.8,30.0,55,2024-08-25T13:42:03.037000+00:00,9582,1243
21.3,30.0,18,2024-08-25T13:42:27.754000+00:00,9582,1243
21.0,30.0,31,2024-08-25T13:42:38.935000+00:00,9582,1243
21.4,40.0,20,2024-08-25T13:55:32.659000+00:00,9582,1243
21.2,43.0,77,2024-08-25T13:59:34.144000+00:00,9582,1243
21.0,48.0,44,2024-08-25T14:05:02.172000+00:00,9582,1243
22.0,51.0,24,2024-08-25T14:10:20.051000+00:00,9582,1243
21.1,54.0,63,2024-08-25T14:12:24.747000+00:00,9582,1243
21.0,54.0,23,2024-08-25T14:13:22.343000+00:00,9582,1243
,1.0,14,2024-08-30T11:30:02.797000+00:00,9583,1244
,1.0,18,2024-08-30T11:30:06.479000+00:00,9583,1244
,1.0,31,2024-08-30T11:30:08.147000+00:00,9583,1244
,1.0,10,2024-08-30T11:30:10.118000+00:00,9583,1244
,1.0,27,2024-08-30T11:30:11.629000+00:00,9583,1244
,1.0,22,2024-08-30T11:30:14.549000+00:00,9583,1244
,1.0,12,2024-08-30T11:30:17.248000+00:00,9583,1244
,1.0,55,2024-08-30T11:30:19.125000+00:00,9583,1244
,1.0,44,2024-08-30T11:30:21.072000+00:00,9583,1244
,1.0,1,2024-08-30T11:30:23.820000+00:00,9583,1244
,1.0,4,2024-08-30T11:30:29.149000+00:00,9583,1244
,1.0,77,2024-08-30T11:30:31.821000+00:00,9583,1244
,1.0,16,2024-08-30T11:30:38.154000+00:00,9583,1244
,1.0,43,2024-08-30T11:30:41.143000+00:00,9583,1244
,1.0,11,2024-08-30T11:30:52.840000+00:00,9583,1244
,1.0,24,2024-08-30T11:30:59.830000+00:00,9583,1244
,1.0,81,2024-08-30T11:31:10.882000+00:00,9583,1244
,1.0,20,2024-08-30T11:31:39.572000+00:00,9583,1244
,1.0,3,2024-08-30T11:33:42.116000+00:00,9583,1244
41.4,2.0,81,2024-08-30T11:34:17.140000+00:00,9583,1244
54.4,3.0,14,2024-08-30T11:34:26.992000+00:00,9583,1244
,1.0,23,2024-08-30T11:35:16.643000+00:00,9583,1244
38.0,4.0,12,2024-08-30T11:36:32.637000+00:00,9583,1244
127.5,5.0,27,2024-08-30T11:38:40.907000+00:00,9583,1244
,6.0,1,2024-08-30T11:53:02.969000+00:00,9583,1244
1159.0,3.0,18,2024-08-30T11:53:07.624000+00:00,9583,1244
,5.0,3,2024-08-30T11:53:12.927000+00:00,9583,1244
915.2,5.0,14,2024-08-30T11:53:17.170000+00:00,9583,1244
,6.0,11,2024-08-30T11:53:25.336000+00:00,9583,1244
,6.0,20,2024-08-30T11:53:33.930000+00:00,9583,1244
1052.3,3.0,81,2024-08-30T11:53:41.839000+00:00,9583,1244
,7.0,55,2024-08-30T11:53:43.673000+00:00,9583,1244
1150.4,3.0,31,2024-08-30T11:53:45.805000+00:00,9583,1244
,4.0,23,2024-08-30T11:53:49.137000+00:00,9583,1244
,6.0,43,2024-08-30T11:53:56.031000+00:00,9583,1244
,7.0,22,2024-08-30T11:53:57.871000+00:00,9583,1244
,7.0,10,2024-08-30T11:53:59.262000+00:00,9583,1244
,7.0,4,2024-08-30T11:54:00.895000+00:00,9583,1244
,7.0,77,2024-08-30T11:54:08.828000+00:00,9583,1244
,6.0,24,2024-08-30T11:54:14.142000+00:00,9583,1244
,6.0,16,2024-08-30T11:54:15.758000+00:00,9583,1244
1070.1,6.0,27,2024-08-30T11:54:23.892000+00:00,9583,1244
,6.0,44,2024-08-30T11:54:27.883000+00:00,9583,1244
26.3,9.0,1,2024-08-30T11:59:09.955000+00:00,9583,1244
28.8,7.0,23,2024-08-30T11:59:14.720000+00:00,9583,1244
32.8,8.0,3,2024-08-30T11:59:25.257000+00:00,9583,1244
27.3,9.0,43,2024-08-30T11:59:31.349000+00:00,9583,1244
40.0,10.0,10,2024-08-30T11:59:38.645000+00:00,9583,1244
29.1,9.0,24,2024-08-30T12:00:11.482000+00:00,9583,1244
36.9,12.0,4,2024-08-30T12:03:15.448000+00:00,9583,1244
27.4,12.0,43,2024-08-30T12:05:29.061000+00:00,9583,1244
18.9,13.0,77,2024-08-30T12:05:39.834000+00:00,9583,1244
32.3,10.0,81,2024-08-30T12:06:02.863000+00:00,9583,1244
18.9,11.0,23,2024-08-30T12:06:53.505000+00:00,9583,1244
47.7,12.0,24,2024-08-30T12:07:03.913000+00:00,9583,1244
210.8,13.0,55,2024-08-30T12:07:33.507000+00:00,9583,1244
182.8,12.0,16,2024-08-30T12:07:42.249000+00:00,9583,1244
310.9,12.0,22,2024-08-30T12:07:48.312000+00:00,9583,1244
251.2,12.0,27,2024-08-30T12:09:02.244000+00:00,9583,1244
447.2,11.0,20,2024-08-30T12:10:11.186000+00:00,9583,1244
466.5,11.0,3,2024-08-30T12:12:03.973000+00:00,9583,1244
20.0,16.0,55,2024-08-30T12:13:46.104000+00:00,9583,1244
35.3,15.0,16,2024-08-30T12:13:56.397000+00:00,9583,1244
300.2,12.0,81,2024-08-30T12:14:23.594000+00:00,9583,1244
417.8,15.0,4,2024-08-30T12:15:13.432000+00:00,9583,1244
346.6,12.0,18,2024-08-30T12:15:20.756000+00:00,9583,1244
396.9,12.0,31,2024-08-30T12:15:24.948000+00:00,9583,1244
672.1,12.0,11,2024-08-30T12:16:02.485000+00:00,9583,1244
352.7,15.0,43,2024-08-30T12:16:27.530000+00:00,9583,1244
401.6,14.0,44,2024-08-30T12:17:06.708000+00:00,9583,1244
326.5,14.0,23,2024-08-30T12:17:25.277000+00:00,9583,1244
671.1,13.0,14,2024-08-30T12:18:51.886000+00:00,9583,1244
946.4,12.0,1,2024-08-30T12:20:08.001000+00:00,9583,1244
578.4,16.0,77,2024-08-30T12:20:15.019000+00:00,9583,1244
28.9,18.0,4,2024-08-30T12:20:30.567000+00:00,9583,1244
250.5,14.0,3,2024-08-30T12:21:29.238000+00:00,9583,1244
31.4,15.0,31,2024-08-30T12:21:30.812000+00:00,9583,1244
577.9,15.0,24,2024-08-30T12:22:11.325000+00:00,9583,1244
316.7,17.0,27,2024-08-30T12:22:45.996000+00:00,9583,1244
25.7,17.0,81,2024-08-30T12:23:29.089000+00:00,9583,1244
812.4,16.0,10,2024-08-30T12:23:56.388000+00:00,9583,1244
295.0,18.0,22,2024-08-30T12:24:12.826000+00:00,9583,1244
317.6,18.0,16,2024-08-30T12:24:36.839000+00:00,9583,1244
40.8,16.0,14,2024-08-30T12:25:06.626000+00:00,9583,1244
32.7,19.0,44,2024-08-30T12:25:16.047000+00:00,9583,1244
223.5,17.0,20,2024-08-30T12:25:22.662000+00:00,9583,1244
27.1,15.0,1,2024-08-30T12:26:06.285000+00:00,9583,1244
334.6,20.0,55,2024-08-30T12:26:43.654000+00:00,9583,1244
,1.0,31,2024-08-30T15:00:13.350000+00:00,9584,1244
,1.0,22,2024-08-30T15:00:18.281000+00:00,9584,1244
,1.0,43,2024-08-30T15:00:23.945000+00:00,9584,1244
,1.0,10,2024-08-30T15:00:32.287000+00:00,9584,1244
,1.0,20,2024-08-30T15:00:34.911000+00:00,9584,1244
,1.0,24,2024-08-30T15:00:40.943000+00:00,9584,1244
,1.0,77,2024-08-30T15:00:42.537000+00:00,9584,1244
,1.0,18,2024-08-30T15:00:46.134000+00:00,9584,1244
,1.0,55,2024-08-30T15:00:52.352000+00:00,9584,1244
,1.0,23,2024-08-30T15:00:59.706000+00:00,9584,1244
,1.0,27,2024-08-30T15:01:01.821000+00:00,9584,1244
,1.0,16,2024-08-30T15:01:08.219000+00:00,9584,1244
,1.0,44,2024-08-30T15:01:09.812000+00:00,9584,1244
,1.0,14,2024-08-30T15:01:33.703000+00:00,9584,1244
,1.0,81,2024-08-30T15:01:41.138000+00:00,9584,1244
,1.0,4,2024-08-30T15:03:52.744000+00:00,9584,1244
,1.0,1,2024-08-30T15:04:31.291000+00:00,9584,1244
,1.0,3,2024-08-30T15:05:47.132000+00:00,9584,1244
32.7,4.0,22,2024-08-30T15:06:30.520000+00:00,9584,1244
28.8,4.0,31,2024-08-30T15:06:33.776000+00:00,9584,1244
30.2,4.0,27,2024-08-30T15:07:06.275000+00:00,9584,1244
28.3,6.0,16,2024-08-30T15:11:21.722000+00:00,9584,1244
23.7,4.0,3,2024-08-30T15:11:41.023000+00:00,9584,1244
33.4,8.0,55,2024-08-30T15:14:25.714000+00:00,9584,1244
22.0,8.0,31,2024-08-30T15:14:28.498000+00:00,9584,1244
599.5,4.0,44,2024-08-30T15:16:18.539000+00:00,9584,1244
581.3,4.0,81,2024-08-30T15:16:39.083000+00:00,9584,1244
451.0,4.0,4,2024-08-30T15:16:52.510000+00:00,9584,1244
303.2,7.0,18,2024-08-30T15:17:00.650000+00:00,9584,1244
497.9,7.0,20,2024-08-30T15:20:21.365000+00:00,9584,1244
503.2,7.0,27,2024-08-30T15:20:29.714000+00:00,9584,1244
325.8,9.0,24,2024-08-30T15:20:55.385000+00:00,9584,1244
18.9,7.0,81,2024-08-30T15:22:16.728000+00:00,9584,1244
,1.0,63,2024-08-30T15:22:22.933000+00:00,9584,1244
566.7,8.0,77,2024-08-30T15:22:27.907000+00:00,9584,1244
612.0,7.0,14,2024-08-30T15:22:35.924000+00:00,9584,1244
33.6,7.0,4,2024-08-30T15:22:43.933000+00:00,9584,1244
35.2,7.0,44,2024-08-30T15:23:01.552000+00:00,9584,1244
21.4,10.0,18,2024-08-30T15:23:05.054000+00:00,9584,1244
,1.0,11,2024-08-30T15:23:07.140000+00:00,9584,1244
384.3,7.0,3,2024-08-30T15:23:13.831000+00:00,9584,1244
420.0,9.0,16,2024-08-30T15:23:25.370000+00:00,9584,1244
572.7,6.0,1,2024-08-30T15:23:31.856000+00:00,9584,1244
337.9,10.0,55,2024-08-30T15:23:34.019000+00:00,9584,1244
464.8,9.0,23,2024-08-30T15:23:39.325000+00:00,9584,1244
700.0,7.0,43,2024-08-30T15:23:42.663000+00:00,9584,1244
352.2,11.0,10,2024-08-30T15:24:34.684000+00:00,9584,1244
68.3,10.0,20,2024-08-30T15:27:08.940000+00:00,9584,1244
35.9,12.0,24,2024-08-30T15:27:14.829000+00:00,9584,1244
697.9,9.0,22,2024-08-30T15:27:39.273000+00:00,9584,1244
92.5,10.0,27,2024-08-30T15:27:56.412000+00:00,9584,1244
18.8,10.0,3,2024-08-30T15:28:59.874000+00:00,9584,1244
21.0,13.0,18,2024-08-30T15:29:05.796000+00:00,9584,1244
48.3,10.0,14,2024-08-30T15:29:14.392000+00:00,9584,1244
30.2,12.0,16,2024-08-30T15:29:33.811000+00:00,9584,1244
33.4,13.0,55,2024-08-30T15:29:46.429000+00:00,9584,1244
30.5,10.0,44,2024-08-30T15:29:51.114000+00:00,9584,1244
629.8,11.0,31,2024-08-30T15:29:56.493000+00:00,9584,1244
851.1,4.0,11,2024-08-30T15:42:04.248000+00:00,9584,1244
,7.0,63,2024-08-30T15:42:06.115000+00:00,9584,1244
890.5,10.0,81,2024-08-30T15:42:12.954000+00:00,9584,1244
1372.7,12.0,31,2024-08-30T15:42:19.501000+00:00,9584,1244
962.5,12.0,27,2024-08-30T15:42:26.497000+00:00,9584,1244
888.0,10.0,4,2024-08-30T15:42:28.861000+00:00,9584,1244
1711.9,10.0,1,2024-08-30T15:42:31.115000+00:00,9584,1244
1592.1,11.0,22,2024-08-30T15:42:33.483000+00:00,9584,1244
847.7,11.0,14,2024-08-30T15:42:34.160000+00:00,9584,1244
802.0,10.0,43,2024-08-30T15:42:44.179000+00:00,9584,1244
825.9,13.0,16,2024-08-30T15:42:49.593000+00:00,9584,1244
818.8,14.0,55,2024-08-30T15:42:51.877000+00:00,9584,1244
809.3,12.0,23,2024-08-30T15:42:53.985000+00:00,9584,1244
856.8,14.0,18,2024-08-30T15:43:01.419000+00:00,9584,1244
987.5,14.0,24,2024-08-30T15:43:06.879000+00:00,9584,1244
1814.4,13.0,77,2024-08-30T15:43:15.966000+00:00,9584,1244
838.2,11.0,44,2024-08-30T15:43:19.093000+00:00,9584,1244
1485.0,14.0,10,2024-08-30T15:43:28.400000+00:00,9584,1244
895.4,11.0,3,2024-08-30T15:43:36.685000+00:00,9584,1244
24.7,13.0,23,2024-08-30T15:44:58.001000+00:00,9584,1244
25.5,15.0,24,2024-08-30T15:45:12.815000+00:00,9584,1244
26.3,14.0,77,2024-08-30T15:45:38.690000+00:00,9584,1244
27.3,15.0,31,2024-08-30T15:47:31.087000+00:00,9584,1244
183.4,13.0,43,2024-08-30T15:51:15.920000+00:00,9584,1244
329.7,7.0,11,2024-08-30T15:52:15.044000+00:00,9584,1244
280.4,14.0,22,2024-08-30T15:52:27.897000+00:00,9584,1244
25.7,15.0,63,2024-08-30T15:53:55.325000+00:00,9584,1244
280.0,18.0,10,2024-08-30T15:54:40.932000+00:00,9584,1244
24.8,19.0,3,2024-08-30T15:55:58.100000+00:00,9584,1244
256.9,18.0,31,2024-08-30T15:56:21.465000+00:00,9584,1244
27.4,23.0,18,2024-08-30T15:56:59.757000+00:00,9584,1244
25.4,22.0,27,2024-08-30T15:57:22.732000+00:00,9584,1244
19.9,20.0,3,2024-08-30T15:57:44.708000+00:00,9584,1244
26.7,24.0,55,2024-08-30T15:57:53.907000+00:00,9584,1244
25.4,21.0,14,2024-08-30T15:58:08.323000+00:00,9584,1244
24.4,22.0,81,2024-08-30T15:59:46.444000+00:00,9584,1244
,1.0,77,2024-08-31T10:30:10.531000+00:00,9585,1244
,1.0,24,2024-08-31T10:30:16.706000+00:00,9585,1244
,1.0,14,2024-08-31T10:30:52.737000+00:00,9585,1244
,1.0,18,2024-08-31T10:31:05.486000+00:00,9585,1244
,1.0,3,2024-08-31T10:31:17.046000+00:00,9585,1244
27.5,2.0,77,2024-08-31T10:32:29.088000+00:00,9585,1244
,1.0,20,2024-08-31T10:32:52.346000+00:00,9585,1244
31.4,2.0,24,2024-08-31T10:33:00.334000+00:00,9585,1244
,1.0,1,2024-08-31T10:34:04.156000+00:00,9585,1244
,1.0,11,2024-08-31T10:34:50.121000+00:00,9585,1244
25.7,3.0,77,2024-08-31T10:34:52.456000+00:00,9585,1244
31.2,3.0,14,2024-08-31T10:35:21.879000+00:00,9585,1244
29.0,3.0,18,2024-08-31T10:35:36.341000+00:00,9585,1244
30.0,4.0,14,2024-08-31T10:37:46.880000+00:00,9585,1244
26.5,4.0,18,2024-08-31T10:37:55.625000+00:00,9585,1244
,1.0,55,2024-08-31T10:39:02.200000+00:00,9585,1244
,1.0,31,2024-08-31T10:39:07.475000+00:00,9585,1244
,1.0,10,2024-08-31T10:39:10.432000+00:00,9585,1244
,1.0,16,2024-08-31T10:39:17.946000+00:00,9585,1244
,1.0,63,2024-08-31T10:39:26.771000+00:00,9585,1244
,1.0,44,2024-08-31T10:39:36.527000+00:00,9585,1244
,1.0,22,2024-08-31T10:39:46.352000+00:00,9585,1244
,1.0,81,2024-08-31T10:39:52.756000+00:00,9585,1244
87.2,4.0,20,2024-08-31T10:40:05.067000+00:00,9585,1244
27.0,4.0,1,2024-08-31T10:40:12.180000+00:00,9585,1244
,1.0,4,2024-08-31T10:44:11.498000+00:00,9585,1244
,1.0,43,2024-08-31T10:44:28.573000+00:00,9585,1244
281.7,5.0,18,2024-08-31T10:44:31.502000+00:00,9585,1244
,1.0,27,2024-08-31T10:44:37.936000+00:00,9585,1244
19.8,4.0,31,2024-08-31T10:44:51.587000+00:00,9585,1244
312.4,5.0,14,2024-08-31T10:44:56.089000+00:00,9585,1244
20.4,4.0,55,2024-08-31T10:45:19.396000+00:00,9585,1244
26.1,4.0,63,2024-08-31T10:45:37.171000+00:00,9585,1244
21.0,4.0,44,2024-08-31T10:45:51.097000+00:00,9585,1244
847.3,2.0,3,2024-08-31T10:47:27.846000+00:00,9585,1244
378.2,2.0,22,2024-08-31T10:47:57.232000+00:00,9585,1244
766.0,3.0,24,2024-08-31T10:48:01.268000+00:00,9585,1244
503.6,4.0,11,2024-08-31T10:48:42.303000+00:00,9585,1244
24.7,6.0,16,2024-08-31T10:49:08.409000+00:00,9585,1244
787.1,4.0,77,2024-08-31T10:49:57.329000+00:00,9585,1244
26.4,4.0,4,2024-08-31T10:50:11.945000+00:00,9585,1244
329.4,7.0,20,2024-08-31T10:50:25.701000+00:00,9585,1244
,1.0,23,2024-08-31T10:51:12.831000+00:00,9585,1244
58.0,8.0,18,2024-08-31T10:51:22.970000+00:00,9585,1244
382.5,7.0,1,2024-08-31T10:51:37.721000+00:00,9585,1244
68.0,4.0,27,2024-08-31T10:51:38.397000+00:00,9585,1244
35.0,8.0,14,2024-08-31T10:51:44.924000+00:00,9585,1244
286.4,4.0,43,2024-08-31T10:54:33.588000+00:00,9585,1244
18.9,7.0,77,2024-08-31T10:55:33.967000+00:00,9585,1244
664.8,4.0,81,2024-08-31T10:56:09.970000+00:00,9585,1244
53.4,10.0,14,2024-08-31T10:56:18.916000+00:00,9585,1244
19.6,4.0,23,2024-08-31T10:56:46.482000+00:00,9585,1244
335.9,7.0,44,2024-08-31T10:57:21.794000+00:00,9585,1244
404.2,7.0,63,2024-08-31T10:57:56.076000+00:00,9585,1244
55.1,11.0,18,2024-08-31T10:58:12.331000+00:00,9585,1244
502.7,7.0,31,2024-08-31T10:58:37.025000+00:00,9585,1244
31.2,9.0,24,2024-08-31T10:59:04.381000+00:00,9585,1244
354.5,7.0,11,2024-08-31T10:59:29.163000+00:00,9585,1244
434.0,5.0,3,2024-08-31T10:59:41.942000+00:00,9585,1244
31.0,7.0,43,2024-08-31T11:00:14.848000+00:00,9585,1244
25.8,10.0,77,2024-08-31T11:01:20.270000+00:00,9585,1244
32.2,8.0,43,2024-08-31T11:02:49.878000+00:00,9585,1244
756.4,7.0,55,2024-08-31T11:03:41.418000+00:00,9585,1244
562.8,9.0,16,2024-08-31T11:03:50.269000+00:00,9585,1244
18.8,10.0,31,2024-08-31T11:04:14.708000+00:00,9585,1244
823.5,7.0,10,2024-08-31T11:04:20.582000+00:00,9585,1244
31.3,10.0,55,2024-08-31T11:09:47.548000+00:00,9585,1244
23.9,12.0,16,2024-08-31T11:10:08.481000+00:00,9585,1244
361.5,9.0,43,2024-08-31T11:10:39.058000+00:00,9585,1244
633.8,13.0,14,2024-08-31T11:11:44.750000+00:00,9585,1244
504.2,14.0,18,2024-08-31T11:11:49.904000+00:00,9585,1244
654.2,7.0,81,2024-08-31T11:12:03.580000+00:00,9585,1244
458.1,8.0,3,2024-08-31T11:12:09.301000+00:00,9585,1244
1005.6,7.0,4,2024-08-31T11:12:16.561000+00:00,9585,1244
625.3,7.0,23,2024-08-31T11:12:20.633000+00:00,9585,1244
923.9,8.0,22,2024-08-31T11:14:28.831000+00:00,9585,1244
20.1,10.0,3,2024-08-31T11:16:18.027000+00:00,9585,1244
323.2,16.0,63,2024-08-31T11:16:28.034000+00:00,9585,1244
581.2,12.0,44,2024-08-31T11:16:35.778000+00:00,9585,1244
938.0,10.0,24,2024-08-31T11:16:41.761000+00:00,9585,1244
803.4,11.0,77,2024-08-31T11:16:43.493000+00:00,9585,1244
530.8,18.0,1,2024-08-31T11:16:45.587000+00:00,9585,1244
27.6,10.0,4,2024-08-31T11:18:16.069000+00:00,9585,1244
587.1,13.0,31,2024-08-31T11:18:52.216000+00:00,9585,1244
998.7,15.0,20,2024-08-31T11:19:01.406000+00:00,9585,1244
907.3,12.0,27,2024-08-31T11:19:21.049000+00:00,9585,1244
26.4,11.0,81,2024-08-31T11:19:24.222000+00:00,9585,1244
286.8,13.0,10,2024-08-31T11:19:36.027000+00:00,9585,1244
271.1,13.0,55,2024-08-31T11:19:53.228000+00:00,9585,1244
262.0,15.0,16,2024-08-31T11:20:04.046000+00:00,9585,1244
247.4,17.0,18,2024-08-31T11:20:58.069000+00:00,9585,1244
251.9,16.0,14,2024-08-31T11:20:59.784000+00:00,9585,1244
308.8,12.0,43,2024-08-31T11:21:09.730000+00:00,9585,1244
430.9,17.0,11,2024-08-31T11:21:17.687000+00:00,9585,1244
32.3,19.0,63,2024-08-31T11:22:51.106000+00:00,9585,1244
28.4,14.0,77,2024-08-31T11:22:55.211000+00:00,9585,1244
35.0,15.0,44,2024-08-31T11:23:09.296000+00:00,9585,1244
142.5,13.0,3,2024-08-31T11:23:52.562000+00:00,9585,1244
363.5,10.0,23,2024-08-31T11:23:56.827000+00:00,9585,1244
18.9,15.0,55,2024-08-31T11:24:08.398000+00:00,9585,1244
60.3,19.0,18,2024-08-31T11:25:42.493000+00:00,9585,1244
20.9,14.0,3,2024-08-31T11:25:52.083000+00:00,9585,1244
88.7,18.0,20,2024-08-31T11:26:14.432000+00:00,9585,1244
402.9,11.0,22,2024-08-31T11:26:31.527000+00:00,9585,1244
91.8,15.0,27,2024-08-31T11:26:52.578000+00:00,9585,1244
279.7,21.0,1,2024-08-31T11:27:03.256000+00:00,9585,1244
18.8,17.0,10,2024-08-31T11:27:22.856000+00:00,9585,1244
213.9,16.0,31,2024-08-31T11:27:29.591000+00:00,9585,1244
67.7,19.0,14,2024-08-31T11:27:36.738000+00:00,9585,1244
27.0,19.0,16,2024-08-31T11:27:49.298000+00:00,9585,1244
25.2,16.0,24,2024-08-31T11:28:23.846000+00:00,9585,1244
316.5,13.0,4,2024-08-31T11:28:49.835000+00:00,9585,1244
32.9,22.0,63,2024-08-31T11:29:04.547000+00:00,9585,1244
382.3,13.0,81,2024-08-31T11:29:06.080000+00:00,9585,1244
33.2,18.0,44,2024-08-31T11:29:11.378000+00:00,9585,1244
35.4,13.0,23,2024-08-31T11:29:12.435000+00:00,9585,1244
219.9,15.0,43,2024-08-31T11:29:40.474000+00:00,9585,1244
,1.0,24,2024-08-31T14:00:32.296000+00:00,9586,1244
,1.0,31,2024-08-31T14:00:41.043000+00:00,9586,1244
,1.0,10,2024-08-31T14:00:45.315000+00:00,9586,1244
,1.0,20,2024-08-31T14:00:48.165000+00:00,9586,1244
,1.0,27,2024-08-31T14:00:54.027000+00:00,9586,1244
,1.0,55,2024-08-31T14:00:55.660000+00:00,9586,1244
,1.0,16,2024-08-31T14:00:58.855000+00:00,9586,1244
,1.0,11,2024-08-31T14:03:05.116000+00:00,9586,1244
,1.0,1,2024-08-31T14:03:10.666000+00:00,9586,1244
,1.0,4,2024-08-31T14:03:14.228000+00:00,9586,1244
,1.0,81,2024-08-31T14:03:18.192000+00:00,9586,1244
,1.0,3,2024-08-31T14:03:30.900000+00:00,9586,1244
,1.0,22,2024-08-31T14:03:38.143000+00:00,9586,1244
,1.0,23,2024-08-31T14:03:46.887000+00:00,9586,1244
,1.0,43,2024-08-31T14:03:54.337000+00:00,9586,1244
,1.0,18,2024-08-31T14:06:08.369000+00:00,9586,1244
,1.0,14,2024-08-31T14:06:12.203000+00:00,9586,1244
,1.0,77,2024-08-31T14:06:16.470000+00:00,9586,1244
,1.0,63,2024-08-31T14:06:27.139000+00:00,9586,1244
,1.0,44,2024-08-31T14:06:40.325000+00:00,9586,1244
120.0,4.0,24,2024-08-31T14:07:17.247000+00:00,9586,1244
102.6,4.0,55,2024-08-31T14:07:44.070000+00:00,9586,1244
113.7,4.0,16,2024-08-31T14:07:49.354000+00:00,9586,1244
134.1,4.0,10,2024-08-31T14:07:52.563000+00:00,9586,1244
153.8,4.0,31,2024-08-31T14:08:07.551000+00:00,9586,1244
175.0,4.0,23,2024-08-31T14:11:45.169000+00:00,9586,1244
310.7,4.0,11,2024-08-31T14:13:08.345000+00:00,9586,1244
302.9,4.0,43,2024-08-31T14:14:03.648000+00:00,9586,1244
511.5,4.0,20,2024-08-31T14:14:06.593000+00:00,9586,1244
510.1,4.0,27,2024-08-31T14:14:09.880000+00:00,9586,1244
139.1,7.0,24,2024-08-31T14:14:16.045000+00:00,9586,1244
193.6,4.0,77,2024-08-31T14:14:21.180000+00:00,9586,1244
204.1,4.0,18,2024-08-31T14:14:26.759000+00:00,9586,1244
346.9,4.0,22,2024-08-31T14:14:34.400000+00:00,9586,1244
362.1,4.0,3,2024-08-31T14:14:45.329000+00:00,9586,1244
273.7,5.0,81,2024-08-31T14:14:50.587000+00:00,9586,1244
402.9,4.0,1,2024-08-31T14:14:57.036000+00:00,9586,1244
216.9,4.0,63,2024-08-31T14:15:04.505000+00:00,9586,1244
210.0,4.0,44,2024-08-31T14:15:19.604000+00:00,9586,1244
259.2,4.0,14,2024-08-31T14:15:24.359000+00:00,9586,1244
154.8,7.0,10,2024-08-31T14:15:36.314000+00:00,9586,1244
156.7,7.0,31,2024-08-31T14:15:40.086000+00:00,9586,1244
974.7,7.0,55,2024-08-31T14:29:10.981000+00:00,9586,1244
975.6,7.0,16,2024-08-31T14:29:15.349000+00:00,9586,1244
615.2,9.0,10,2024-08-31T14:29:18.537000+00:00,9586,1244
615.3,9.0,31,2024-08-31T14:29:20.766000+00:00,9586,1244
584.3,7.0,3,2024-08-31T14:29:33.061000+00:00,9586,1244
719.8,6.0,20,2024-08-31T14:29:39.728000+00:00,9586,1244
640.1,7.0,27,2024-08-31T14:29:48.661000+00:00,9586,1244
727.6,7.0,11,2024-08-31T14:30:13.743000+00:00,9586,1244
614.4,7.0,1,2024-08-31T14:30:18.796000+00:00,9586,1244
631.7,8.0,81,2024-08-31T14:30:27.795000+00:00,9586,1244
1341.2,4.0,4,2024-08-31T14:30:38.004000+00:00,9586,1244
950.9,7.0,23,2024-08-31T14:32:24.743000+00:00,9586,1244
760.9,7.0,63,2024-08-31T14:32:52.885000+00:00,9586,1244
848.4,6.0,14,2024-08-31T14:32:57.012000+00:00,9586,1244
767.4,7.0,44,2024-08-31T14:33:04.225000+00:00,9586,1244
27.2,10.0,55,2024-08-31T14:34:29.482000+00:00,9586,1244
31.8,10.0,16,2024-08-31T14:34:38.142000+00:00,9586,1244
190.7,13.0,31,2024-08-31T14:39:08.249000+00:00,9586,1244
196.5,13.0,10,2024-08-31T14:39:11.933000+00:00,9586,1244
272.2,9.0,20,2024-08-31T14:39:14.867000+00:00,9586,1244
279.4,10.0,27,2024-08-31T14:39:20.825000+00:00,9586,1244
251.1,11.0,81,2024-08-31T14:39:34.538000+00:00,9586,1244
285.3,10.0,11,2024-08-31T14:39:48.499000+00:00,9586,1244
270.1,10.0,1,2024-08-31T14:39:49.489000+00:00,9586,1244
321.2,10.0,3,2024-08-31T14:39:55.115000+00:00,9586,1244
213.3,10.0,23,2024-08-31T14:40:43.138000+00:00,9586,1244
184.1,9.0,14,2024-08-31T14:40:47.686000+00:00,9586,1244
92.3,13.0,16,2024-08-31T14:40:55.258000+00:00,9586,1244
235.3,10.0,63,2024-08-31T14:41:44.740000+00:00,9586,1244
232.9,10.0,44,2024-08-31T14:41:51.417000+00:00,9586,1244
402.8,13.0,23,2024-08-31T14:52:17.468000+00:00,9586,1244
482.9,13.0,27,2024-08-31T14:52:19.869000+00:00,9586,1244
464.1,13.0,11,2024-08-31T14:52:25.492000+00:00,9586,1244
482.5,14.0,81,2024-08-31T14:52:29.006000+00:00,9586,1244
1028.7,7.0,4,2024-08-31T14:52:41.390000+00:00,9586,1244
809.8,13.0,55,2024-08-31T14:52:43.387000+00:00,9586,1244
484.0,13.0,1,2024-08-31T14:52:48.824000+00:00,9586,1244
435.9,16.0,16,2024-08-31T14:53:11.142000+00:00,9586,1244
409.3,13.0,63,2024-08-31T14:53:25.866000+00:00,9586,1244
412.6,13.0,44,2024-08-31T14:53:37.570000+00:00,9586,1244
187.9,16.0,11,2024-08-31T15:00:24.457000+00:00,9586,1244
155.2,16.0,1,2024-08-31T15:00:26.983000+00:00,9586,1244
207.2,16.0,27,2024-08-31T15:00:31.169000+00:00,9586,1244
217.0,16.0,23,2024-08-31T15:00:35.880000+00:00,9586,1244
188.1,10.0,4,2024-08-31T15:00:54.839000+00:00,9586,1244
207.4,17.0,81,2024-08-31T15:01:01.510000+00:00,9586,1244
198.9,16.0,55,2024-08-31T15:01:08.377000+00:00,9586,1244
195.8,19.0,16,2024-08-31T15:01:16.010000+00:00,9586,1244
205.7,16.0,63,2024-08-31T15:01:48.659000+00:00,9586,1244
205.3,16.0,44,2024-08-31T15:01:54.421000+00:00,9586,1244
38.8,5.0,27,2024-09-01T13:11:37.491000+00:00,9590,1244
24.3,10.0,10,2024-09-01T13:18:33.172000+00:00,9590,1244
32.6,11.0,63,2024-09-01T13:19:55.341000+00:00,9590,1244
30.3,11.0,3,2024-09-01T13:20:02.519000+00:00,9590,1244
24.8,12.0,14,2024-09-01T13:21:19.343000+00:00,9590,1244
24.1,14.0,4,2024-09-01T13:23:51.408000+00:00,9590,1244
25.6,14.0,20,2024-09-01T13:24:14.191000+00:00,9590,1244
24.5,15.0,16,2024-09-01T13:25:17.176000+00:00,9590,1244
24.4,15.0,44,2024-09-01T13:25:23.746000+00:00,9590,1244
27.1,15.0,24,2024-09-01T13:25:55.958000+00:00,9590,1244
23.7,16.0,81,2024-09-01T13:26:37.919000+00:00,9590,1244
25.1,16.0,43,2024-09-01T13:27:16.390000+00:00,9590,1244
24.8,17.0,23,2024-09-01T13:28:30.112000+00:00,9590,1244
24.3,19.0,55,2024-09-01T13:31:02.505000+00:00,9590,1244
24.9,19.0,18,2024-09-01T13:31:32.794000+00:00,9590,1244
28.1,22.0,1,2024-09-01T13:35:25.550000+00:00,9590,1244
24.7,23.0,11,2024-09-01T13:36:51.246000+00:00,9590,1244
24.2,30.0,10,2024-09-01T13:47:30.599000+00:00,9590,1244
24.1,31.0,31,2024-09-01T13:48:44.910000+00:00,9590,1244
24.8,32.0,4,2024-09-01T13:49:24.643000+00:00,9590,1244
36.5,32.0,27,2024-09-01T13:50:42.556000+00:00,9590,1244
26.2,33.0,63,2024-09-01T13:51:18.271000+00:00,9590,1244
24.4,33.0,77,2024-09-01T13:51:49.466000+00:00,9590,1244
24.0,35.0,11,2024-09-01T13:54:02.598000+00:00,9590,1244
24.5,35.0,14,2024-09-01T13:54:20.055000+00:00,9590,1244
24.2,36.0,18,2024-09-01T13:56:01.044000+00:00,9590,1244
24.1,37.0,44,2024-09-01T13:56:35.902000+00:00,9590,1244
24.6,38.0,81,2024-09-01T13:57:41.127000+00:00,9590,1244
24.1,41.0,1,2024-09-01T14:02:19.148000+00:00,9590,1244
25.2,50.0,18,2024-09-01T14:16:07.298000+00:00,9590,1244
,1.0,23,2024-09-13T09:30:03.288000+00:00,9591,1245
,1.0,18,2024-09-13T09:30:07.857000+00:00,9591,1245
,1.0,81,2024-09-13T09:30:11.323000+00:00,9591,1245
,1.0,31,2024-09-13T09:30:15.390000+00:00,9591,1245
,1.0,3,2024-09-13T09:30:20.610000+00:00,9591,1245
,1.0,22,2024-09-13T09:30:22.614000+00:00,9591,1245
,1.0,16,2024-09-13T09:30:28.856000+00:00,9591,1245
,1.0,10,2024-09-13T09:30:29.841000+00:00,9591,1245
,1.0,1,2024-09-13T09:30:31.403000+00:00,9591,1245
,1.0,63,2024-09-13T09:30:36.844000+00:00,9591,1245
,1.0,24,2024-09-13T09:30:41.889000+00:00,9591,1245
,1.0,11,2024-09-13T09:30:47.945000+00:00,9591,1245
,1.0,55,2024-09-13T09:31:01.263000+00:00,9591,1245
,1.0,77,2024-09-13T09:31:07.750000+00:00,9591,1245
,1.0,4,2024-09-13T09:31:10.208000+00:00,9591,1245
,1.0,50,2024-09-13T09:31:25.037000+00:00,9591,1245
,1.0,44,2024-09-13T09:31:33.565000+00:00,9591,1245
,1.0,14,2024-09-13T09:31:47.611000+00:00,9591,1245
,1.0,27,2024-09-13T09:32:10.430000+00:00,9591,1245
24.0,2.0,1,2024-09-13T09:33:12.498000+00:00,9591,1245
,1.0,43,2024-09-13T09:33:59.597000+00:00,9591,1245
218.8,2.0,4,2024-09-13T09:36:55.698000+00:00,9591,1245
418.8,2.0,23,2024-09-13T09:39:32.975000+00:00,9591,1245
842.4,2.0,31,2024-09-13T09:47:03.132000+00:00,9591,1245
,7.0,16,2024-09-13T09:47:06.865000+00:00,9591,1245
,7.0,55,2024-09-13T09:47:09.100000+00:00,9591,1245
,6.0,27,2024-09-13T09:47:11.545000+00:00,9591,1245
,7.0,63,2024-09-13T09:47:13.835000+00:00,9591,1245
,7.0,10,2024-09-13T09:47:18.524000+00:00,9591,1245
,7.0,3,2024-09-13T09:47:26.033000+00:00,9591,1245
905.5,7.0,1,2024-09-13T09:47:54.075000+00:00,9591,1245
922.7,4.0,23,2024-09-13T09:47:56.921000+00:00,9591,1245
,7.0,50,2024-09-13T09:48:00.250000+00:00,9591,1245
,6.0,44,2024-09-13T09:48:02.428000+00:00,9591,1245
,7.0,77,2024-09-13T09:48:05.430000+00:00,9591,1245
,5.0,43,2024-09-13T09:49:37.129000+00:00,9591,1245
,7.0,22,2024-09-13T09:49:46.863000+00:00,9591,1245
,7.0,24,2024-09-13T09:50:47.409000+00:00,9591,1245
1151.9,5.0,4,2024-09-13T09:52:28.766000+00:00,9591,1245
,7.0,14,2024-09-13T09:53:35.776000+00:00,9591,1245
,7.0,11,2024-09-13T09:54:26.255000+00:00,9591,1245
,7.0,81,2024-09-13T09:55:30.018000+00:00,9591,1245
,7.0,18,2024-09-13T10:04:03.881000+00:00,9591,1245
,9.0,43,2024-09-13T10:04:10.125000+00:00,9591,1245
650.4,9.0,27,2024-09-13T10:04:13.212000+00:00,9591,1245
1903.2,9.0,23,2024-09-13T10:04:17.466000+00:00,9591,1245
,9.0,14,2024-09-13T10:04:18.984000+00:00,9591,1245
,12.0,3,2024-09-13T10:04:26.237000+00:00,9591,1245
,9.0,11,2024-09-13T10:04:32.912000+00:00,9591,1245
,11.0,22,2024-09-13T10:04:49.170000+00:00,9591,1245
,12.0,50,2024-09-13T10:04:51.126000+00:00,9591,1245
,12.0,55,2024-09-13T10:04:54.612000+00:00,9591,1245
,8.0,81,2024-09-13T10:05:02.671000+00:00,9591,1245
1916.2,8.0,4,2024-09-13T10:05:13.232000+00:00,9591,1245
621.2,11.0,10,2024-09-13T10:05:44.998000+00:00,9591,1245
,10.0,24,2024-09-13T10:06:47.642000+00:00,9591,1245
2075.6,12.0,1,2024-09-13T10:07:24.111000+00:00,9591,1245
,10.0,44,2024-09-13T10:07:45.037000+00:00,9591,1245
851.5,10.0,77,2024-09-13T10:08:32.733000+00:00,9591,1245
,12.0,63,2024-09-13T10:19:02.976000+00:00,9591,1245
,16.0,3,2024-09-13T10:19:05.814000+00:00,9591,1245
,15.0,55,2024-09-13T10:19:07.486000+00:00,9591,1245
530.0,12.0,14,2024-09-13T10:19:10.253000+00:00,9591,1245
2754.7,11.0,4,2024-09-13T10:19:11.682000+00:00,9591,1245
,11.0,18,2024-09-13T10:19:15.165000+00:00,9591,1245
1432.7,14.0,10,2024-09-13T10:19:16.537000+00:00,9591,1245
,16.0,50,2024-09-13T10:19:18.940000+00:00,9591,1245
,11.0,81,2024-09-13T10:19:20.450000+00:00,9591,1245
,14.0,22,2024-09-13T10:19:23.192000+00:00,9591,1245
2813.9,13.0,23,2024-09-13T10:19:28.943000+00:00,9591,1245
,13.0,24,2024-09-13T10:19:32.009000+00:00,9591,1245
1512.7,12.0,77,2024-09-13T10:19:33.943000+00:00,9591,1245
1573.6,13.0,27,2024-09-13T10:19:36.811000+00:00,9591,1245
2858.4,15.0,1,2024-09-13T10:20:26.901000+00:00,9591,1245
,13.0,44,2024-09-13T10:20:57.250000+00:00,9591,1245
,12.0,11,2024-09-13T10:21:43.237000+00:00,9591,1245
20.2,13.0,81,2024-09-13T10:23:46.565000+00:00,9591,1245
,1.0,1,2024-09-13T13:00:03.388000+00:00,9592,1245
,1.0,24,2024-09-13T13:00:06.998000+00:00,9592,1245
,1.0,77,2024-09-13T13:00:09.044000+00:00,9592,1245
,1.0,50,2024-09-13T13:00:12.221000+00:00,9592,1245
,1.0,81,2024-09-13T13:00:16.190000+00:00,9592,1245
,1.0,22,2024-09-13T13:00:20.579000+00:00,9592,1245
,1.0,3,2024-09-13T13:00:27.728000+00:00,9592,1245
,1.0,16,2024-09-13T13:00:31.489000+00:00,9592,1245
,1.0,4,2024-09-13T13:00:44.220000+00:00,9592,1245
,1.0,44,2024-09-13T13:00:49.273000+00:00,9592,1245
,1.0,55,2024-09-13T13:00:51.802000+00:00,9592,1245
,1.0,18,2024-09-13T13:00:55.409000+00:00,9592,1245
,1.0,11,2024-09-13T13:01:02.769000+00:00,9592,1245
,1.0,14,2024-09-13T13:01:10.587000+00:00,9592,1245
,1.0,27,2024-09-13T13:01:43.947000+00:00,9592,1245
24.0,2.0,1,2024-09-13T13:02:27.571000+00:00,9592,1245
,1.0,23,2024-09-13T13:03:57.345000+00:00,9592,1245
145.4,2.0,44,2024-09-13T13:05:36.988000+00:00,9592,1245
,1.0,31,2024-09-13T13:05:48.696000+00:00,9592,1245
,1.0,43,2024-09-13T13:12:54.209000+00:00,9592,1245
,1.0,10,2024-09-13T13:14:53.185000+00:00,9592,1245
457.6,6.0,22,2024-09-13T13:18:57.926000+00:00,9592,1245
489.2,7.0,4,2024-09-13T13:21:34.362000+00:00,9592,1245
439.0,8.0,77,2024-09-13T13:21:39.076000+00:00,9592,1245
521.0,7.0,81,2024-09-13T13:21:53.270000+00:00,9592,1245
219.7,8.0,23,2024-09-13T13:21:56.695000+00:00,9592,1245
378.2,8.0,55,2024-09-13T13:22:00.354000+00:00,9592,1245
398.0,8.0,3,2024-09-13T13:22:04.500000+00:00,9592,1245
602.3,6.0,27,2024-09-13T13:22:08.680000+00:00,9592,1245
439.9,8.0,1,2024-09-13T13:22:21.706000+00:00,9592,1245
557.5,7.0,50,2024-09-13T13:22:38.813000+00:00,9592,1245
430.4,7.0,44,2024-09-13T13:23:16.309000+00:00,9592,1245
454.3,8.0,14,2024-09-13T13:23:36.098000+00:00,9592,1245
,1.0,63,2024-09-13T13:25:32.107000+00:00,9592,1245
37.4,7.0,43,2024-09-13T13:25:37.634000+00:00,9592,1245
311.9,8.0,31,2024-09-13T13:25:39.799000+00:00,9592,1245
462.1,10.0,24,2024-09-13T13:26:41.126000+00:00,9592,1245
601.2,9.0,18,2024-09-13T13:28:05.215000+00:00,9592,1245
67.0,7.0,10,2024-09-13T13:28:14.504000+00:00,9592,1245
648.4,9.0,11,2024-09-13T13:28:34.370000+00:00,9592,1245
23.9,11.0,55,2024-09-13T13:28:46.636000+00:00,9592,1245
30.9,11.0,3,2024-09-13T13:29:10.764000+00:00,9592,1245
23.7,11.0,81,2024-09-13T13:30:42.429000+00:00,9592,1245
28.5,10.0,44,2024-09-13T13:31:00.516000+00:00,9592,1245
1392.6,5.0,16,2024-09-13T13:32:37.799000+00:00,9592,1245
374.6,11.0,4,2024-09-13T13:35:40.315000+00:00,9592,1245
399.3,12.0,23,2024-09-13T13:37:12.708000+00:00,9592,1245
442.2,11.0,14,2024-09-13T13:37:16.566000+00:00,9592,1245
502.3,11.0,22,2024-09-13T13:38:03.464000+00:00,9592,1245
293.1,13.0,3,2024-09-13T13:38:20.486000+00:00,9592,1245
273.2,12.0,27,2024-09-13T13:39:10.421000+00:00,9592,1245
587.4,12.0,77,2024-09-13T13:39:20.774000+00:00,9592,1245
383.2,12.0,50,2024-09-13T13:39:25.386000+00:00,9592,1245
318.6,13.0,81,2024-09-13T13:40:11.865000+00:00,9592,1245
378.4,11.0,43,2024-09-13T13:40:21.469000+00:00,9592,1245
340.9,14.0,55,2024-09-13T13:41:26.645000+00:00,9592,1245
461.1,13.0,1,2024-09-13T13:41:34.153000+00:00,9592,1245
468.2,12.0,11,2024-09-13T13:42:07.690000+00:00,9592,1245
22.5,10.0,16,2024-09-13T13:43:07.799000+00:00,9592,1245
370.9,15.0,18,2024-09-13T13:46:30.891000+00:00,9592,1245
371.0,13.0,10,2024-09-13T13:46:36.666000+00:00,9592,1245
254.1,16.0,31,2024-09-13T13:47:11.781000+00:00,9592,1245
34.4,13.0,63,2024-09-13T13:48:25.772000+00:00,9592,1245
434.0,15.0,44,2024-09-13T13:48:52.852000+00:00,9592,1245
350.0,18.0,24,2024-09-13T13:49:41.988000+00:00,9592,1245
20.0,19.0,4,2024-09-13T13:50:55.942000+00:00,9592,1245
21.8,19.0,24,2024-09-13T13:52:22.069000+00:00,9592,1245
20.8,15.0,16,2024-09-13T13:53:12.770000+00:00,9592,1245
24.2,16.0,63,2024-09-13T13:55:17.062000+00:00,9592,1245
28.0,23.0,23,2024-09-13T13:58:20.324000+00:00,9592,1245
,1.0,11,2024-09-14T08:30:17.403000+00:00,9593,1245
,1.0,24,2024-09-14T08:30:21.597000+00:00,9593,1245
,1.0,22,2024-09-14T08:30:29.779000+00:00,9593,1245
,1.0,77,2024-09-14T08:30:47.643000+00:00,9593,1245
,1.0,1,2024-09-14T08:30:50.114000+00:00,9593,1245
,1.0,18,2024-09-14T08:32:53.089000+00:00,9593,1245
,1.0,14,2024-09-14T08:33:01.423000+00:00,9593,1245
23.0,2.0,24,2024-09-14T08:33:10.525000+00:00,9593,1245
28.1,2.0,22,2024-09-14T08:33:23.228000+00:00,9593,1245
43.7,2.0,77,2024-09-14T08:33:55.733000+00:00,9593,1245
23.7,2.0,18,2024-09-14T08:35:24.875000+00:00,9593,1245
26.5,2.0,14,2024-09-14T08:35:36.155000+00:00,9593,1245
22.4,3.0,24,2024-09-14T08:35:53.649000+00:00,9593,1245
28.3,3.0,22,2024-09-14T08:36:13.681000+00:00,9593,1245
21.6,3.0,77,2024-09-14T08:36:37.051000+00:00,9593,1245
21.7,3.0,18,2024-09-14T08:37:49.933000+00:00,9593,1245
21.9,3.0,14,2024-09-14T08:38:00.761000+00:00,9593,1245
,1.0,3,2024-09-14T08:39:06.386000+00:00,9593,1245
24.5,2.0,3,2024-09-14T08:41:41.184000+00:00,9593,1245
232.4,4.0,24,2024-09-14T08:42:07.237000+00:00,9593,1245
205.6,4.0,77,2024-09-14T08:42:09.673000+00:00,9593,1245
,1.0,4,2024-09-14T08:42:17.775000+00:00,9593,1245
,1.0,31,2024-09-14T08:42:30.686000+00:00,9593,1245
,1.0,55,2024-09-14T08:42:37.510000+00:00,9593,1245
,1.0,16,2024-09-14T08:42:48.623000+00:00,9593,1245
,1.0,10,2024-09-14T08:43:12.029000+00:00,9593,1245
,1.0,81,2024-09-14T08:43:57.234000+00:00,9593,1245
25.8,3.0,3,2024-09-14T08:44:13.507000+00:00,9593,1245
,2.0,81,2024-09-14T08:54:03.606000+00:00,9593,1245
,1.0,63,2024-09-14T08:54:07.336000+00:00,9593,1245
856.8,4.0,18,2024-09-14T08:54:11.562000+00:00,9593,1245
,1.0,44,2024-09-14T08:54:19.534000+00:00,9593,1245
,3.0,4,2024-09-14T08:54:25.525000+00:00,9593,1245
1290.1,2.0,1,2024-09-14T08:54:29.337000+00:00,9593,1245
,3.0,55,2024-09-14T08:54:32.294000+00:00,9593,1245
873.6,4.0,14,2024-09-14T08:54:40.124000+00:00,9593,1245
1341.6,2.0,11,2024-09-14T08:54:48.623000+00:00,9593,1245
,3.0,16,2024-09-14T08:54:55.532000+00:00,9593,1245
,2.0,10,2024-09-14T08:54:58.014000+00:00,9593,1245
678.3,4.0,3,2024-09-14T08:55:06.286000+00:00,9593,1245
1016.9,6.0,24,2024-09-14T08:55:11.959000+00:00,9593,1245
990.3,6.0,77,2024-09-14T08:55:14.583000+00:00,9593,1245
1011.7,4.0,22,2024-09-14T08:55:27.489000+00:00,9593,1245
,1.0,23,2024-09-14T08:55:38.646000+00:00,9593,1245
,1.0,43,2024-09-14T08:55:45.163000+00:00,9593,1245
,1.0,27,2024-09-14T08:57:41.803000+00:00,9593,1245
,1.0,50,2024-09-14T09:00:00.446000+00:00,9593,1245
221.3,4.0,4,2024-09-14T09:00:12.575000+00:00,9593,1245
691.6,6.0,4,2024-09-14T09:08:02.912000+00:00,9593,1245
,6.0,10,2024-09-14T09:08:08.226000+00:00,9593,1245
,4.0,27,2024-09-14T09:08:14.948000+00:00,9593,1245
1472.1,8.0,3,2024-09-14T09:08:19.822000+00:00,9593,1245
1777.6,10.0,77,2024-09-14T09:08:21.643000+00:00,9593,1245
1811.6,10.0,24,2024-09-14T09:08:26.395000+00:00,9593,1245
,5.0,43,2024-09-14T09:08:33.591000+00:00,9593,1245
1801.5,8.0,22,2024-09-14T09:08:37.270000+00:00,9593,1245
,5.0,44,2024-09-14T09:08:51.715000+00:00,9593,1245
,6.0,63,2024-09-14T09:08:56.031000+00:00,9593,1245
1744.9,9.0,18,2024-09-14T09:08:59.651000+00:00,9593,1245
,5.0,23,2024-09-14T09:09:18.856000+00:00,9593,1245
,7.0,16,2024-09-14T09:09:31.273000+00:00,9593,1245
,7.0,55,2024-09-14T09:09:34.685000+00:00,9593,1245
2303.7,6.0,1,2024-09-14T09:11:22.827000+00:00,9593,1245
2356.7,6.0,11,2024-09-14T09:11:43.380000+00:00,9593,1245
,7.0,81,2024-09-14T09:12:37.413000+00:00,9593,1245
2024.6,8.0,14,2024-09-14T09:13:50.756000+00:00,9593,1245
20.6,10.0,63,2024-09-14T09:17:13.723000+00:00,9593,1245
173.0,8.0,43,2024-09-14T09:17:20.856000+00:00,9593,1245
22.6,9.0,44,2024-09-14T09:17:52.595000+00:00,9593,1245
208.5,12.0,18,2024-09-14T09:18:16.608000+00:00,9593,1245
251.1,11.0,3,2024-09-14T09:18:20.248000+00:00,9593,1245
180.3,10.0,16,2024-09-14T09:18:29.681000+00:00,9593,1245
184.7,10.0,55,2024-09-14T09:18:36.218000+00:00,9593,1245
116.3,9.0,1,2024-09-14T09:18:52.050000+00:00,9593,1245
276.6,11.0,22,2024-09-14T09:19:32.093000+00:00,9593,1245
270.3,8.0,23,2024-09-14T09:19:48.939000+00:00,9593,1245
389.9,9.0,10,2024-09-14T09:20:25.043000+00:00,9593,1245
22.4,11.0,81,2024-09-14T09:20:53.913000+00:00,9593,1245
185.6,15.0,24,2024-09-14T09:21:46.318000+00:00,9593,1245
453.2,13.0,77,2024-09-14T09:21:49.028000+00:00,9593,1245
365.9,8.0,27,2024-09-14T09:21:56.830000+00:00,9593,1245
401.2,10.0,4,2024-09-14T09:22:19.285000+00:00,9593,1245
153.5,11.0,14,2024-09-14T09:22:24.942000+00:00,9593,1245
16.7,13.0,16,2024-09-14T09:24:58.586000+00:00,9593,1245
336.8,12.0,81,2024-09-14T09:28:43.039000+00:00,9593,1245
130.5,13.0,43,2024-09-14T09:29:08.758000+00:00,9593,1245
78.7,12.0,23,2024-09-14T09:29:11.469000+00:00,9593,1245
,1.0,27,2024-09-14T12:00:03.160000+00:00,9594,1245
,1.0,24,2024-09-14T12:00:06.777000+00:00,9594,1245
,1.0,77,2024-09-14T12:00:08.321000+00:00,9594,1245
,1.0,10,2024-09-14T12:00:15.473000+00:00,9594,1245
,1.0,31,2024-09-14T12:00:18.840000+00:00,9594,1245
,1.0,3,2024-09-14T12:00:22.382000+00:00,9594,1245
,1.0,63,2024-09-14T12:00:24.030000+00:00,9594,1245
,1.0,22,2024-09-14T12:00:28.882000+00:00,9594,1245
,1.0,23,2024-09-14T12:00:32.669000+00:00,9594,1245
,1.0,44,2024-09-14T12:00:38.591000+00:00,9594,1245
,1.0,43,2024-09-14T12:00:51.574000+00:00,9594,1245
,1.0,50,2024-09-14T12:01:06.527000+00:00,9594,1245
,1.0,14,2024-09-14T12:01:15.585000+00:00,9594,1245
,1.0,1,2024-09-14T12:01:25.007000+00:00,9594,1245
,1.0,18,2024-09-14T12:01:32.370000+00:00,9594,1245
,1.0,11,2024-09-14T12:01:47.815000+00:00,9594,1245
,1.0,16,2024-09-14T12:01:54.407000+00:00,9594,1245
,1.0,55,2024-09-14T12:01:56.458000+00:00,9594,1245
,1.0,81,2024-09-14T12:02:06.647000+00:00,9594,1245
,1.0,4,2024-09-14T12:02:14.147000+00:00,9594,1245
22.3,4.0,31,2024-09-14T12:06:40.418000+00:00,9594,1245
51.4,4.0,10,2024-09-14T12:07:06.138000+00:00,9594,1245
20.8,5.0,63,2024-09-14T12:08:47.541000+00:00,9594,1245
21.8,5.0,44,2024-09-14T12:09:24.883000+00:00,9594,1245
24.5,6.0,3,2024-09-14T12:11:00.200000+00:00,9594,1245
57.9,6.0,22,2024-09-14T12:11:39.756000+00:00,9594,1245
97.4,6.0,24,2024-09-14T12:11:45.588000+00:00,9594,1245
213.9,5.0,77,2024-09-14T12:11:49.374000+00:00,9594,1245
258.2,5.0,14,2024-09-14T12:13:28.921000+00:00,9594,1245
190.5,6.0,23,2024-09-14T12:13:54.207000+00:00,9594,1245
174.9,6.0,43,2024-09-14T12:13:57.277000+00:00,9594,1245
86.5,7.0,31,2024-09-14T12:13:59.248000+00:00,9594,1245
246.4,6.0,27,2024-09-14T12:14:03.035000+00:00,9594,1245
177.2,6.0,50,2024-09-14T12:14:09.316000+00:00,9594,1245
181.0,6.0,1,2024-09-14T12:14:21.830000+00:00,9594,1245
185.1,6.0,18,2024-09-14T12:14:39.408000+00:00,9594,1245
119.4,7.0,10,2024-09-14T12:14:54.780000+00:00,9594,1245
155.7,6.0,81,2024-09-14T12:15:04.589000+00:00,9594,1245
158.7,6.0,4,2024-09-14T12:15:08.731000+00:00,9594,1245
646.8,7.0,16,2024-09-14T12:25:03.578000+00:00,9594,1245
190.8,10.0,55,2024-09-14T12:25:06.991000+00:00,9594,1245
310.9,9.0,23,2024-09-14T12:25:09.679000+00:00,9594,1245
311.1,9.0,43,2024-09-14T12:25:14.492000+00:00,9594,1245
470.7,9.0,63,2024-09-14T12:25:17.775000+00:00,9594,1245
251.1,9.0,81,2024-09-14T12:25:20.948000+00:00,9594,1245
225.2,11.0,44,2024-09-14T12:25:26.252000+00:00,9594,1245
316.9,9.0,27,2024-09-14T12:25:29.696000+00:00,9594,1245
312.7,9.0,50,2024-09-14T12:25:34.107000+00:00,9594,1245
362.7,8.0,14,2024-09-14T12:25:39.410000+00:00,9594,1245
233.6,11.0,22,2024-09-14T12:25:51.871000+00:00,9594,1245
345.6,9.0,1,2024-09-14T12:26:12.139000+00:00,9594,1245
756.5,7.0,11,2024-09-14T12:26:25.045000+00:00,9594,1245
399.6,10.0,10,2024-09-14T12:27:38.507000+00:00,9594,1245
412.4,9.0,18,2024-09-14T12:27:49.854000+00:00,9594,1245
22.6,13.0,55,2024-09-14T12:31:13.901000+00:00,9594,1245
57.8,10.0,16,2024-09-14T12:31:37.174000+00:00,9594,1245
141.3,13.0,10,2024-09-14T12:35:38.720000+00:00,9594,1245
286.7,12.0,23,2024-09-14T12:35:42.312000+00:00,9594,1245
284.7,12.0,63,2024-09-14T12:35:43.736000+00:00,9594,1245
222.7,14.0,22,2024-09-14T12:35:46.920000+00:00,9594,1245
258.7,14.0,44,2024-09-14T12:35:49.147000+00:00,9594,1245
263.2,12.0,27,2024-09-14T12:35:52.128000+00:00,9594,1245
133.2,12.0,18,2024-09-14T12:36:00.326000+00:00,9594,1245
303.0,12.0,43,2024-09-14T12:36:09.858000+00:00,9594,1245
274.8,12.0,50,2024-09-14T12:36:16.572000+00:00,9594,1245
268.9,11.0,14,2024-09-14T12:36:29.028000+00:00,9594,1245
316.9,12.0,81,2024-09-14T12:36:44.570000+00:00,9594,1245
283.7,12.0,1,2024-09-14T12:37:01.303000+00:00,9594,1245
437.1,15.0,63,2024-09-14T12:48:58.214000+00:00,9594,1245
424.4,17.0,44,2024-09-14T12:49:01.696000+00:00,9594,1245
491.5,14.0,81,2024-09-14T12:49:06.112000+00:00,9594,1245
446.1,15.0,16,2024-09-14T12:49:08.855000+00:00,9594,1245
457.1,18.0,55,2024-09-14T12:49:10.790000+00:00,9594,1245
405.8,14.0,14,2024-09-14T12:49:18.990000+00:00,9594,1245
414.4,15.0,1,2024-09-14T12:49:30.241000+00:00,9594,1245
472.8,15.0,23,2024-09-14T12:49:37.493000+00:00,9594,1245
453.8,15.0,43,2024-09-14T12:49:42.043000+00:00,9594,1245
1048.1,10.0,11,2024-09-14T12:49:51.761000+00:00,9594,1245
101.5,18.0,63,2024-09-14T12:56:26.586000+00:00,9594,1245
102.6,20.0,44,2024-09-14T12:56:30.936000+00:00,9594,1245
95.0,17.0,81,2024-09-14T12:56:34.331000+00:00,9594,1245
74.3,18.0,23,2024-09-14T12:56:35.456000+00:00,9594,1245
85.8,21.0,55,2024-09-14T12:56:37.549000+00:00,9594,1245
100.7,18.0,16,2024-09-14T12:56:42.066000+00:00,9594,1245
101.5,17.0,14,2024-09-14T12:56:54.757000+00:00,9594,1245
88.1,18.0,43,2024-09-14T12:56:59.042000+00:00,9594,1245
133.7,18.0,1,2024-09-14T12:57:31.143000+00:00,9594,1245
113.2,13.0,11,2024-09-14T12:57:38.240000+00:00,9594,1245
21.1,1.0,18,2024-09-15T11:06:42.160000+00:00,9598,1245
20.5,10.0,43,2024-09-15T11:23:01.011000+00:00,9598,1245
20.0,11.0,14,2024-09-15T11:24:48.471000+00:00,9598,1245
20.0,11.0,77,2024-09-15T11:25:22.131000+00:00,9598,1245
21.1,12.0,1,2024-09-15T11:26:32.458000+00:00,9598,1245
19.9,12.0,63,2024-09-15T11:26:35.450000+00:00,9598,1245
21.2,12.0,44,2024-09-15T11:26:55.973000+00:00,9598,1245
20.9,12.0,22,2024-09-15T11:27:15.657000+00:00,9598,1245
20.6,13.0,11,2024-09-15T11:28:13.148000+00:00,9598,1245
21.2,14.0,50,2024-09-15T11:30:31.510000+00:00,9598,1245
20.1,15.0,81,2024-09-15T11:31:49.530000+00:00,9598,1245
21.6,15.0,27,2024-09-15T11:32:19.677000+00:00,9598,1245
20.6,16.0,16,2024-09-15T11:33:34.615000+00:00,9598,1245
21.4,17.0,55,2024-09-15T11:35:33.370000+00:00,9598,1245
20.2,22.0,18,2024-09-15T11:45:38.278000+00:00,9598,1245
20.2,31.0,23,2024-09-15T12:01:15.716000+00:00,9598,1245
20.5,34.0,24,2024-09-15T12:07:33.526000+00:00,9598,1245
19.7,37.0,4,2024-09-15T12:12:01.387000+00:00,9598,1245
20.7,49.0,1,2024-09-15T12:33:34.735000+00:00,9598,1245
21.9,49.0,3,2024-09-15T12:34:35.128000+00:00,9598,1245
20.6,49.0,31,2024-09-15T12:35:03.839000+00:00,9598,1245
20.2,50.0,10,2024-09-15T12:36:40.927000+00:00,9598,1245
,1.0,3,2024-09-20T09:30:03.623000+00:00,9599,1246
,1.0,24,2024-09-20T09:30:08.484000+00:00,9599,1246
,1.0,77,2024-09-20T09:30:12.806000+00:00,9599,1246
,1.0,63,2024-09-20T09:30:15.674000+00:00,9599,1246
,1.0,22,2024-09-20T09:30:19.506000+00:00,9599,1246
,1.0,44,2024-09-20T09:30:21.636000+00:00,9599,1246
,1.0,16,2024-09-20T09:30:26.710000+00:00,9599,1246
,1.0,11,2024-09-20T09:30:36.774000+00:00,9599,1246
,1.0,31,2024-09-20T09:30:46.813000+00:00,9599,1246
,1.0,55,2024-09-20T09:30:56.647000+00:00,9599,1246
,1.0,10,2024-09-20T09:31:10.638000+00:00,9599,1246
,1.0,1,2024-09-20T09:31:11.896000+00:00,9599,1246
,1.0,14,2024-09-20T09:31:14.052000+00:00,9599,1246
,1.0,18,2024-09-20T09:31:16.748000+00:00,9599,1246
,1.0,20,2024-09-20T09:31:19.058000+00:00,9599,1246
,1.0,4,2024-09-20T09:31:27.995000+00:00,9599,1246
,1.0,27,2024-09-20T09:32:26.329000+00:00,9599,1246
,1.0,43,2024-09-20T09:33:52.471000+00:00,9599,1246
,1.0,23,2024-09-20T09:34:26.059000+00:00,9599,1246
42.3,6.0,55,2024-09-20T09:41:33.408000+00:00,9599,1246
,1.0,81,2024-09-20T09:42:03.839000+00:00,9599,1246
39.5,6.0,27,2024-09-20T09:42:51.084000+00:00,9599,1246
860.2,3.0,3,2024-09-20T09:47:58.339000+00:00,9599,1246
502.9,8.0,4,2024-09-20T09:54:01.453000+00:00,9599,1246
534.9,8.0,1,2024-09-20T09:55:10.119000+00:00,9599,1246
599.8,8.0,44,2024-09-20T09:55:16.557000+00:00,9599,1246
704.2,8.0,20,2024-09-20T09:58:00.322000+00:00,9599,1246
492.2,11.0,77,2024-09-20T09:58:09.844000+00:00,9599,1246
372.9,10.0,23,2024-09-20T09:58:19.640000+00:00,9599,1246
641.5,10.0,24,2024-09-20T09:58:28.570000+00:00,9599,1246
611.8,9.0,27,2024-09-20T09:58:40.120000+00:00,9599,1246
413.4,10.0,43,2024-09-20T09:58:45.404000+00:00,9599,1246
349.4,12.0,16,2024-09-20T09:59:03.170000+00:00,9599,1246
461.2,11.0,22,2024-09-20T09:59:09.155000+00:00,9599,1246
644.1,10.0,63,2024-09-20T09:59:16.008000+00:00,9599,1246
376.3,12.0,55,2024-09-20T09:59:40.947000+00:00,9599,1246
540.6,11.0,14,2024-09-20T09:59:43.359000+00:00,9599,1246
729.9,9.0,11,2024-09-20T09:59:57.980000+00:00,9599,1246
33.3,11.0,4,2024-09-20T10:00:45.897000+00:00,9599,1246
337.8,8.0,81,2024-09-20T10:01:07.314000+00:00,9599,1246
603.1,12.0,10,2024-09-20T10:03:50.182000+00:00,9599,1246
40.4,12.0,27,2024-09-20T10:05:14.990000+00:00,9599,1246
35.0,15.0,16,2024-09-20T10:05:59.125000+00:00,9599,1246
625.8,13.0,31,2024-09-20T10:06:07.562000+00:00,9599,1246
33.1,15.0,55,2024-09-20T10:06:17.806000+00:00,9599,1246
424.6,11.0,1,2024-09-20T10:08:37.791000+00:00,9599,1246
1180.8,10.0,18,2024-09-20T10:08:47.856000+00:00,9599,1246
483.8,10.0,3,2024-09-20T10:09:30.440000+00:00,9599,1246
380.2,13.0,63,2024-09-20T10:11:26.642000+00:00,9599,1246
459.4,13.0,44,2024-09-20T10:13:26.370000+00:00,9599,1246
35.2,14.0,81,2024-09-20T10:13:27.746000+00:00,9599,1246
422.9,14.0,4,2024-09-20T10:13:35.708000+00:00,9599,1246
319.3,16.0,22,2024-09-20T10:15:27.916000+00:00,9599,1246
386.0,16.0,43,2024-09-20T10:17:39.124000+00:00,9599,1246
406.2,15.0,27,2024-09-20T10:17:50.810000+00:00,9599,1246
422.6,16.0,23,2024-09-20T10:17:57.326000+00:00,9599,1246
430.5,16.0,24,2024-09-20T10:18:04.151000+00:00,9599,1246
467.5,17.0,77,2024-09-20T10:18:16.690000+00:00,9599,1246
315.6,14.0,1,2024-09-20T10:19:09.644000+00:00,9599,1246
331.8,18.0,14,2024-09-20T10:19:38.566000+00:00,9599,1246
463.3,15.0,11,2024-09-20T10:20:15.392000+00:00,9599,1246
575.3,14.0,20,2024-09-20T10:20:58.322000+00:00,9599,1246
291.2,20.0,55,2024-09-20T10:21:19.126000+00:00,9599,1246
312.2,20.0,16,2024-09-20T10:21:30.714000+00:00,9599,1246
55.9,19.0,81,2024-09-20T10:22:30.153000+00:00,9599,1246
216.4,15.0,3,2024-09-20T10:23:06.746000+00:00,9599,1246
,1.0,24,2024-09-20T13:00:03.914000+00:00,9600,1246
,1.0,31,2024-09-20T13:00:05.036000+00:00,9600,1246
,1.0,77,2024-09-20T13:00:05.558000+00:00,9600,1246
,1.0,22,2024-09-20T13:00:08.205000+00:00,9600,1246
,1.0,10,2024-09-20T13:00:10.463000+00:00,9600,1246
,1.0,63,2024-09-20T13:00:14.253000+00:00,9600,1246
,1.0,3,2024-09-20T13:00:19.397000+00:00,9600,1246
,1.0,23,2024-09-20T13:00:23.953000+00:00,9600,1246
,1.0,43,2024-09-20T13:00:31.303000+00:00,9600,1246
,1.0,4,2024-09-20T13:00:37.038000+00:00,9600,1246
,1.0,1,2024-09-20T13:00:51.927000+00:00,9600,1246
,1.0,81,2024-09-20T13:00:56.974000+00:00,9600,1246
,1.0,16,2024-09-20T13:01:00.206000+00:00,9600,1246
,1.0,18,2024-09-20T13:01:03.576000+00:00,9600,1246
,1.0,11,2024-09-20T13:01:11.233000+00:00,9600,1246
,1.0,44,2024-09-20T13:01:20.673000+00:00,9600,1246
,1.0,14,2024-09-20T13:01:22.872000+00:00,9600,1246
,1.0,20,2024-09-20T13:01:27.309000+00:00,9600,1246
,1.0,27,2024-09-20T13:01:28.446000+00:00,9600,1246
,1.0,55,2024-09-20T13:01:32.329000+00:00,9600,1246
34.2,6.0,63,2024-09-20T13:11:55.686000+00:00,9600,1246
286.8,4.0,11,2024-09-20T13:12:22.636000+00:00,9600,1246
33.1,7.0,16,2024-09-20T13:14:19.866000+00:00,9600,1246
379.5,6.0,44,2024-09-20T13:18:24.855000+00:00,9600,1246
284.0,8.0,23,2024-09-20T13:19:37.624000+00:00,9600,1246
344.0,8.0,43,2024-09-20T13:20:17.740000+00:00,9600,1246
410.0,8.0,77,2024-09-20T13:20:47.678000+00:00,9600,1246
251.7,9.0,63,2024-09-20T13:21:45.203000+00:00,9600,1246
444.0,8.0,10,2024-09-20T13:22:09.940000+00:00,9600,1246
416.8,8.0,81,2024-09-20T13:22:29.512000+00:00,9600,1246
449.3,8.0,4,2024-09-20T13:22:41.926000+00:00,9600,1246
424.2,8.0,27,2024-09-20T13:22:45.518000+00:00,9600,1246
581.3,7.0,1,2024-09-20T13:22:57.793000+00:00,9600,1246
615.3,7.0,3,2024-09-20T13:23:13.311000+00:00,9600,1246
419.5,9.0,22,2024-09-20T13:23:19.576000+00:00,9600,1246
224.4,10.0,16,2024-09-20T13:23:52.148000+00:00,9600,1246
408.1,8.0,20,2024-09-20T13:23:58.117000+00:00,9600,1246
558.1,8.0,31,2024-09-20T13:24:24.584000+00:00,9600,1246
600.2,9.0,24,2024-09-20T13:25:49.087000+00:00,9600,1246
363.3,10.0,18,2024-09-20T13:26:00.021000+00:00,9600,1246
296.8,9.0,11,2024-09-20T13:26:33.353000+00:00,9600,1246
524.9,9.0,14,2024-09-20T13:26:39.236000+00:00,9600,1246
311.3,11.0,55,2024-09-20T13:27:15.161000+00:00,9600,1246
32.4,11.0,81,2024-09-20T13:28:52.194000+00:00,9600,1246
35.1,11.0,10,2024-09-20T13:28:57.488000+00:00,9600,1246
33.6,12.0,63,2024-09-20T13:29:08.084000+00:00,9600,1246
24.5,11.0,27,2024-09-20T13:29:23.538000+00:00,9600,1246
214.1,11.0,43,2024-09-20T13:29:46.150000+00:00,9600,1246
278.6,11.0,23,2024-09-20T13:30:18.843000+00:00,9600,1246
34.6,13.0,16,2024-09-20T13:30:21.675000+00:00,9600,1246
378.5,9.0,44,2024-09-20T13:30:27.313000+00:00,9600,1246
38.9,12.0,24,2024-09-20T13:32:43.935000+00:00,9600,1246
38.3,12.0,11,2024-09-20T13:33:09.669000+00:00,9600,1246
54.9,12.0,14,2024-09-20T13:33:35.871000+00:00,9600,1246
32.1,14.0,55,2024-09-20T13:33:57.638000+00:00,9600,1246
350.5,11.0,4,2024-09-20T13:34:16.552000+00:00,9600,1246
263.2,12.0,1,2024-09-20T13:37:15.868000+00:00,9600,1246
339.2,14.0,63,2024-09-20T13:38:36.745000+00:00,9600,1246
363.2,12.0,3,2024-09-20T13:39:23.364000+00:00,9600,1246
329.2,14.0,81,2024-09-20T13:40:13.513000+00:00,9600,1246
435.4,13.0,27,2024-09-20T13:40:31.461000+00:00,9600,1246
336.4,14.0,10,2024-09-20T13:40:36.296000+00:00,9600,1246
346.5,15.0,22,2024-09-20T13:40:56.481000+00:00,9600,1246
506.8,14.0,77,2024-09-20T13:41:05.228000+00:00,9600,1246
278.7,14.0,31,2024-09-20T13:41:26.891000+00:00,9600,1246
336.9,14.0,23,2024-09-20T13:41:40.701000+00:00,9600,1246
338.6,16.0,16,2024-09-20T13:41:48.011000+00:00,9600,1246
337.2,12.0,44,2024-09-20T13:41:52.131000+00:00,9600,1246
50.5,15.0,4,2024-09-20T13:41:54.250000+00:00,9600,1246
395.3,14.0,43,2024-09-20T13:42:09.165000+00:00,9600,1246
348.2,14.0,20,2024-09-20T13:42:16.262000+00:00,9600,1246
29.6,15.0,77,2024-09-20T13:43:34.109000+00:00,9600,1246
30.1,16.0,81,2024-09-20T13:44:13.542000+00:00,9600,1246
347.6,15.0,24,2024-09-20T13:44:18.647000+00:00,9600,1246
30.1,15.0,43,2024-09-20T13:44:30.398000+00:00,9600,1246
311.5,15.0,14,2024-09-20T13:44:50.897000+00:00,9600,1246
288.8,17.0,55,2024-09-20T13:44:57.497000+00:00,9600,1246
430.9,15.0,11,2024-09-20T13:45:58.348000+00:00,9600,1246
315.6,14.0,1,2024-09-20T13:46:17.736000+00:00,9600,1246
30.0,16.0,24,2024-09-20T13:46:33.718000+00:00,9600,1246
531.7,17.0,18,2024-09-20T13:49:28.095000+00:00,9600,1246
52.7,20.0,81,2024-09-20T13:51:39.121000+00:00,9600,1246
30.5,24.0,4,2024-09-20T13:57:26.377000+00:00,9600,1246
29.3,24.0,23,2024-09-20T13:58:58.766000+00:00,9600,1246
,1.0,14,2024-09-21T09:32:22.304000+00:00,9601,1246
,1.0,18,2024-09-21T09:32:24.991000+00:00,9601,1246
31.9,2.0,14,2024-09-21T09:34:53.544000+00:00,9601,1246
31.7,2.0,18,2024-09-21T09:35:03.032000+00:00,9601,1246
30.2,3.0,14,2024-09-21T09:37:22.028000+00:00,9601,1246
29.9,3.0,18,2024-09-21T09:37:37.634000+00:00,9601,1246
,1.0,31,2024-09-21T09:42:09.083000+00:00,9601,1246
,1.0,77,2024-09-21T09:42:15.197000+00:00,9601,1246
,1.0,10,2024-09-21T09:42:24.247000+00:00,9601,1246
319.2,4.0,18,2024-09-21T09:42:26.878000+00:00,9601,1246
345.2,4.0,14,2024-09-21T09:42:37.079000+00:00,9601,1246
,1.0,55,2024-09-21T09:42:40.311000+00:00,9601,1246
,1.0,16,2024-09-21T09:42:48.831000+00:00,9601,1246
,1.0,24,2024-09-21T09:42:55.337000+00:00,9601,1246
,1.0,22,2024-09-21T09:43:02.190000+00:00,9601,1246
,1.0,81,2024-09-21T09:43:08.350000+00:00,9601,1246
,1.0,11,2024-09-21T09:43:15.299000+00:00,9601,1246
,1.0,44,2024-09-21T09:43:39.567000+00:00,9601,1246
,1.0,63,2024-09-21T09:44:00.715000+00:00,9601,1246
,1.0,1,2024-09-21T09:45:59.998000+00:00,9601,1246
,1.0,4,2024-09-21T09:46:07.155000+00:00,9601,1246
,1.0,27,2024-09-21T09:46:09.973000+00:00,9601,1246
,1.0,23,2024-09-21T09:46:39.996000+00:00,9601,1246
,1.0,3,2024-09-21T09:47:54.998000+00:00,9601,1246
,1.0,20,2024-09-21T09:48:28.497000+00:00,9601,1246
,1.0,43,2024-09-21T09:50:49.606000+00:00,9601,1246
432.8,4.0,77,2024-09-21T09:55:11.909000+00:00,9601,1246
76.8,6.0,44,2024-09-21T09:56:08.889000+00:00,9601,1246
24.3,6.0,1,2024-09-21T09:56:25.148000+00:00,9601,1246
90.8,4.0,20,2024-09-21T09:56:28.585000+00:00,9601,1246
38.4,7.0,24,2024-09-21T09:56:50.089000+00:00,9601,1246
299.9,9.0,18,2024-09-21T09:57:42.029000+00:00,9601,1246
134.5,4.0,43,2024-09-21T09:58:55.620000+00:00,9601,1246
391.9,9.0,14,2024-09-21T09:59:03.214000+00:00,9601,1246
302.2,8.0,55,2024-09-21T10:02:27.994000+00:00,9601,1246
30.0,10.0,24,2024-09-21T10:03:17.038000+00:00,9601,1246
26.9,9.0,3,2024-09-21T10:04:20.969000+00:00,9601,1246
291.2,9.0,63,2024-09-21T10:06:13.695000+00:00,9601,1246
704.5,5.0,23,2024-09-21T10:06:49.605000+00:00,9601,1246
592.2,8.0,81,2024-09-21T10:06:56.334000+00:00,9601,1246
328.9,9.0,44,2024-09-21T10:07:06.250000+00:00,9601,1246
29.5,10.0,77,2024-09-21T10:07:22.908000+00:00,9601,1246
902.4,6.0,11,2024-09-21T10:08:13.295000+00:00,9601,1246
446.7,10.0,16,2024-09-21T10:08:35.145000+00:00,9601,1246
544.8,9.0,1,2024-09-21T10:10:44.472000+00:00,9601,1246
385.6,7.0,43,2024-09-21T10:10:53.645000+00:00,9601,1246
720.4,8.0,4,2024-09-21T10:11:55.032000+00:00,9601,1246
675.5,10.0,22,2024-09-21T10:13:27.335000+00:00,9601,1246
328.9,14.0,14,2024-09-21T10:13:47.957000+00:00,9601,1246
281.8,15.0,18,2024-09-21T10:14:07.671000+00:00,9601,1246
604.8,11.0,24,2024-09-21T10:15:15.090000+00:00,9601,1246
220.0,14.0,55,2024-09-21T10:17:05.291000+00:00,9601,1246
211.8,13.0,16,2024-09-21T10:17:12.835000+00:00,9601,1246
287.1,11.0,81,2024-09-21T10:17:30.385000+00:00,9601,1246
698.0,10.0,3,2024-09-21T10:17:52.760000+00:00,9601,1246
1208.7,7.0,27,2024-09-21T10:18:05.342000+00:00,9601,1246
325.3,8.0,23,2024-09-21T10:18:14.409000+00:00,9601,1246
991.5,7.0,20,2024-09-21T10:18:19.404000+00:00,9601,1246
37.4,11.0,4,2024-09-21T10:18:35.132000+00:00,9601,1246
129.4,10.0,43,2024-09-21T10:18:45.651000+00:00,9601,1246
799.2,13.0,31,2024-09-21T10:18:55.504000+00:00,9601,1246
615.8,11.0,77,2024-09-21T10:19:37.564000+00:00,9601,1246
601.9,15.0,10,2024-09-21T10:19:50.019000+00:00,9601,1246
479.7,9.0,11,2024-09-21T10:21:17.451000+00:00,9601,1246
38.8,14.0,24,2024-09-21T10:22:31.774000+00:00,9601,1246
470.4,12.0,1,2024-09-21T10:23:57.615000+00:00,9601,1246
32.8,16.0,31,2024-09-21T10:25:46.407000+00:00,9601,1246
106.1,10.0,27,2024-09-21T10:25:55.885000+00:00,9601,1246
91.1,10.0,20,2024-09-21T10:26:14.570000+00:00,9601,1246
31.5,14.0,77,2024-09-21T10:26:27.664000+00:00,9601,1246
76.0,17.0,16,2024-09-21T10:26:40.277000+00:00,9601,1246
421.6,13.0,22,2024-09-21T10:26:44.172000+00:00,9601,1246
260.2,17.0,55,2024-09-21T10:27:16.809000+00:00,9601,1246
364.0,16.0,63,2024-09-21T10:27:45.827000+00:00,9601,1246
253.3,11.0,23,2024-09-21T10:28:17.746000+00:00,9601,1246
332.5,14.0,81,2024-09-21T10:29:02.970000+00:00,9601,1246
51.2,17.0,24,2024-09-21T10:29:21.051000+00:00,9601,1246
304.4,14.0,4,2024-09-21T10:29:29.705000+00:00,9601,1246
303.6,17.0,44,2024-09-21T10:29:38.362000+00:00,9601,1246
325.6,13.0,43,2024-09-21T10:29:56.209000+00:00,9601,1246
,1.0,31,2024-09-21T13:00:03.672000+00:00,9602,1246
,1.0,24,2024-09-21T13:00:08.703000+00:00,9602,1246
,1.0,10,2024-09-21T13:00:18.296000+00:00,9602,1246
,1.0,77,2024-09-21T13:00:24.713000+00:00,9602,1246
,1.0,16,2024-09-21T13:00:35.952000+00:00,9602,1246
,1.0,55,2024-09-21T13:00:40.811000+00:00,9602,1246
,1.0,11,2024-09-21T13:01:00.612000+00:00,9602,1246
,1.0,4,2024-09-21T13:01:38.693000+00:00,9602,1246
,1.0,81,2024-09-21T13:01:46.274000+00:00,9602,1246
,1.0,23,2024-09-21T13:03:03.676000+00:00,9602,1246
,1.0,43,2024-09-21T13:03:14.144000+00:00,9602,1246
,1.0,44,2024-09-21T13:04:19.863000+00:00,9602,1246
,1.0,63,2024-09-21T13:04:27.315000+00:00,9602,1246
,1.0,18,2024-09-21T13:04:53.756000+00:00,9602,1246
,1.0,3,2024-09-21T13:04:57.409000+00:00,9602,1246
,1.0,22,2024-09-21T13:05:01.837000+00:00,9602,1246
,1.0,14,2024-09-21T13:05:08.896000+00:00,9602,1246
,1.0,20,2024-09-21T13:05:20.403000+00:00,9602,1246
,1.0,1,2024-09-21T13:05:30.678000+00:00,9602,1246
,1.0,27,2024-09-21T13:05:42.480000+00:00,9602,1246
32.2,4.0,31,2024-09-21T13:06:07.035000+00:00,9602,1246
31.0,4.0,24,2024-09-21T13:06:16.040000+00:00,9602,1246
35.9,4.0,77,2024-09-21T13:06:25.837000+00:00,9602,1246
72.9,4.0,10,2024-09-21T13:06:56.057000+00:00,9602,1246
135.3,4.0,23,2024-09-21T13:10:55.952000+00:00,9602,1246
224.3,4.0,4,2024-09-21T13:11:11.073000+00:00,9602,1246
211.3,4.0,81,2024-09-21T13:11:16.550000+00:00,9602,1246
194.7,4.0,44,2024-09-21T13:13:08.548000+00:00,9602,1246
182.1,4.0,63,2024-09-21T13:13:15.114000+00:00,9602,1246
203.2,6.0,11,2024-09-21T13:13:23.417000+00:00,9602,1246
141.8,4.0,1,2024-09-21T13:13:27.990000+00:00,9602,1246
180.5,4.0,3,2024-09-21T13:13:39.858000+00:00,9602,1246
174.1,4.0,14,2024-09-21T13:13:49.956000+00:00,9602,1246
180.5,4.0,20,2024-09-21T13:13:57.688000+00:00,9602,1246
198.7,4.0,22,2024-09-21T13:14:09.104000+00:00,9602,1246
328.2,4.0,43,2024-09-21T13:14:24.003000+00:00,9602,1246
204.7,4.0,27,2024-09-21T13:14:33.323000+00:00,9602,1246
255.8,4.0,18,2024-09-21T13:14:37.026000+00:00,9602,1246
185.3,7.0,31,2024-09-21T13:14:40.641000+00:00,9602,1246
167.6,7.0,77,2024-09-21T13:14:45.715000+00:00,9602,1246
193.0,7.0,24,2024-09-21T13:14:57.916000+00:00,9602,1246
175.1,7.0,10,2024-09-21T13:15:16.776000+00:00,9602,1246
180.4,7.0,55,2024-09-21T13:15:20.573000+00:00,9602,1246
216.8,7.0,16,2024-09-21T13:15:26.208000+00:00,9602,1246
363.5,9.0,11,2024-09-21T13:25:04.090000+00:00,9602,1246
359.8,7.0,1,2024-09-21T13:25:09.309000+00:00,9602,1246
531.5,7.0,23,2024-09-21T13:25:13.419000+00:00,9602,1246
304.8,7.0,43,2024-09-21T13:25:17.308000+00:00,9602,1246
336.8,7.0,20,2024-09-21T13:25:22.249000+00:00,9602,1246
334.8,7.0,27,2024-09-21T13:25:48.141000+00:00,9602,1246
558.5,7.0,4,2024-09-21T13:25:59.649000+00:00,9602,1246
404.4,9.0,16,2024-09-21T13:26:05.520000+00:00,9602,1246
293.0,10.0,55,2024-09-21T13:26:08.202000+00:00,9602,1246
570.5,7.0,81,2024-09-21T13:26:21.966000+00:00,9602,1246
391.1,7.0,22,2024-09-21T13:26:29.640000+00:00,9602,1246
351.1,10.0,31,2024-09-21T13:26:36.847000+00:00,9602,1246
435.8,7.0,14,2024-09-21T13:26:59.126000+00:00,9602,1246
619.4,7.0,44,2024-09-21T13:28:59.024000+00:00,9602,1246
611.1,7.0,63,2024-09-21T13:29:07.126000+00:00,9602,1246
175.7,10.0,1,2024-09-21T13:33:21.025000+00:00,9602,1246
198.8,10.0,81,2024-09-21T13:35:25.782000+00:00,9602,1246
177.1,13.0,31,2024-09-21T13:35:28.235000+00:00,9602,1246
243.8,12.0,16,2024-09-21T13:35:44.199000+00:00,9602,1246
226.6,13.0,55,2024-09-21T13:35:46.796000+00:00,9602,1246
192.9,10.0,14,2024-09-21T13:35:55.604000+00:00,9602,1246
300.6,10.0,20,2024-09-21T13:36:07.009000+00:00,9602,1246
332.1,10.0,23,2024-09-21T13:36:10.754000+00:00,9602,1246
315.0,10.0,43,2024-09-21T13:36:18.742000+00:00,9602,1246
246.4,10.0,22,2024-09-21T13:36:27.572000+00:00,9602,1246
395.5,12.0,11,2024-09-21T13:36:53.161000+00:00,9602,1246
355.7,10.0,27,2024-09-21T13:37:05.952000+00:00,9602,1246
337.8,10.0,4,2024-09-21T13:37:16.384000+00:00,9602,1246
176.0,10.0,44,2024-09-21T13:37:23.748000+00:00,9602,1246
174.3,10.0,63,2024-09-21T13:37:39.487000+00:00,9602,1246
321.8,13.0,27,2024-09-21T13:48:02.962000+00:00,9602,1246
430.7,13.0,81,2024-09-21T13:48:08.765000+00:00,9602,1246
573.3,13.0,1,2024-09-21T13:48:15.327000+00:00,9602,1246
433.5,12.0,4,2024-09-21T13:48:28.261000+00:00,9602,1246
431.2,12.0,44,2024-09-21T13:48:36.269000+00:00,9602,1246
384.7,13.0,22,2024-09-21T13:48:52.631000+00:00,9602,1246
352.3,13.0,63,2024-09-21T13:49:02.409000+00:00,9602,1246
437.1,13.0,14,2024-09-21T13:49:13.332000+00:00,9602,1246
481.8,15.0,16,2024-09-21T13:49:25.284000+00:00,9602,1246
472.1,16.0,55,2024-09-21T13:49:29.401000+00:00,9602,1246
1811.7,16.0,81,2024-09-21T14:11:09.811000+00:00,9602,1246
1801.3,14.0,4,2024-09-21T14:11:16.525000+00:00,9602,1246
1722.5,16.0,27,2024-09-21T14:11:23.735000+00:00,9602,1246
1787.4,15.0,14,2024-09-21T14:11:43.643000+00:00,9602,1246
1832.7,17.0,16,2024-09-21T14:11:55.897000+00:00,9602,1246
1840.1,14.0,44,2024-09-21T14:12:04.937000+00:00,9602,1246
1742.3,15.0,63,2024-09-21T14:12:12.489000+00:00,9602,1246
1805.9,15.0,22,2024-09-21T14:12:34.110000+00:00,9602,1246
2035.6,16.0,1,2024-09-21T14:12:37.567000+00:00,9602,1246
30.3,10.0,3,2024-09-22T12:21:17.341000+00:00,9606,1246
29.1,11.0,23,2024-09-22T12:22:52.705000+00:00,9606,1246
29.3,13.0,55,2024-09-22T12:26:07.271000+00:00,9606,1246
29.2,17.0,44,2024-09-22T12:32:24.811000+00:00,9606,1246
29.2,25.0,14,2024-09-22T12:45:51.540000+00:00,9606,1246
29.8,26.0,18,2024-09-22T12:48:02.117000+00:00,9606,1246
28.7,27.0,63,2024-09-22T12:48:51.363000+00:00,9606,1246
28.9,28.0,11,2024-09-22T12:50:55.951000+00:00,9606,1246
29.7,28.0,20,2024-09-22T12:51:17.715000+00:00,9606,1246
29.6,29.0,1,2024-09-22T12:51:58.937000+00:00,9606,1246
29.8,29.0,27,2024-09-22T12:52:30.694000+00:00,9606,1246
29.7,29.0,43,2024-09-22T12:52:32.748000+00:00,9606,1246
29.6,29.0,31,2024-09-22T12:52:52.879000+00:00,9606,1246
29.0,30.0,4,2024-09-22T12:53:14.632000+00:00,9606,1246
29.6,33.0,22,2024-09-22T12:59:24.565000+00:00,9606,1246
30.4,33.0,77,2024-09-22T12:59:53.659000+00:00,9606,1246
29.3,34.0,24,2024-09-22T13:01:31.680000+00:00,9606,1246
29.0,36.0,16,2024-09-22T13:03:59.209000+00:00,9606,1246
31.5,37.0,10,2024-09-22T13:06:36.761000+00:00,9606,1246
29.1,38.0,81,2024-09-22T13:06:52.128000+00:00,9606,1246
29.0,46.0,3,2024-09-22T13:21:28.626000+00:00,9606,1246
31.2,49.0,20,2024-09-22T13:27:24.320000+00:00,9606,1246
29.6,58.0,3,2024-09-22T13:41:28.946000+00:00,9606,1246
,1.0,4,2024-10-18T17:30:04.719000+00:00,9607,1247
,1.0,14,2024-10-18T17:30:06.091000+00:00,9607,1247
,1.0,18,2024-10-18T17:30:08.173000+00:00,9607,1247
,1.0,27,2024-10-18T17:30:10.619000+00:00,9607,1247
,1.0,31,2024-10-18T17:30:10.709000+00:00,9607,1247
,1.0,77,2024-10-18T17:30:12.592000+00:00,9607,1247
,1.0,16,2024-10-18T17:30:18.575000+00:00,9607,1247
,1.0,10,2024-10-18T17:30:19.940000+00:00,9607,1247
,1.0,20,2024-10-18T17:30:22.089000+00:00,9607,1247
,1.0,23,2024-10-18T17:30:29.821000+00:00,9607,1247
,1.0,55,2024-10-18T17:30:31.857000+00:00,9607,1247
,1.0,11,2024-10-18T17:30:38.930000+00:00,9607,1247
,1.0,81,2024-10-18T17:30:45.240000+00:00,9607,1247
,1.0,44,2024-10-18T17:30:55.118000+00:00,9607,1247
,1.0,43,2024-10-18T17:31:02.329000+00:00,9607,1247
,1.0,1,2024-10-18T17:31:08.060000+00:00,9607,1247
,1.0,63,2024-10-18T17:31:16.361000+00:00,9607,1247
,1.0,30,2024-10-18T17:31:45.943000+00:00,9607,1247
,1.0,22,2024-10-18T17:32:22.334000+00:00,9607,1247
28.5,2.0,14,2024-10-18T17:32:41.172000+00:00,9607,1247
25.2,2.0,18,2024-10-18T17:32:48.887000+00:00,9607,1247
,1.0,24,2024-10-18T17:33:40.056000+00:00,9607,1247
35.4,6.0,77,2024-10-18T17:40:48.578000+00:00,9607,1247
36.1,6.0,81,2024-10-18T17:42:07.409000+00:00,9607,1247
36.2,7.0,4,2024-10-18T17:42:39.429000+00:00,9607,1247
53.1,7.0,14,2024-10-18T17:43:31.822000+00:00,9607,1247
36.3,7.0,24,2024-10-18T17:47:39.499000+00:00,9607,1247
287.2,7.0,44,2024-10-18T17:49:07.430000+00:00,9607,1247
242.3,10.0,43,2024-10-18T17:52:58.419000+00:00,9607,1247
611.8,8.0,27,2024-10-18T17:54:20.927000+00:00,9607,1247
489.8,8.0,20,2024-10-18T17:54:30.981000+00:00,9607,1247
712.2,8.0,10,2024-10-18T17:56:48.990000+00:00,9607,1247
617.6,8.0,1,2024-10-18T17:56:50.878000+00:00,9607,1247
566.0,9.0,18,2024-10-18T17:56:58.047000+00:00,9607,1247
530.5,9.0,22,2024-10-18T17:57:09.648000+00:00,9607,1247
547.2,10.0,31,2024-10-18T17:57:13.769000+00:00,9607,1247
408.1,11.0,23,2024-10-18T17:57:26.133000+00:00,9607,1247
548.6,10.0,55,2024-10-18T17:57:44.118000+00:00,9607,1247
556.5,10.0,11,2024-10-18T17:58:13.978000+00:00,9607,1247
395.2,12.0,77,2024-10-18T17:59:00.454000+00:00,9607,1247
521.5,11.0,81,2024-10-18T18:00:35.030000+00:00,9607,1247
500.0,12.0,16,2024-10-18T18:00:48.632000+00:00,9607,1247
241.9,14.0,30,2024-10-18T18:01:23.821000+00:00,9607,1247
502.6,12.0,14,2024-10-18T18:01:37.053000+00:00,9607,1247
511.3,10.0,24,2024-10-18T18:01:54.325000+00:00,9607,1247
648.6,11.0,63,2024-10-18T18:03:29.912000+00:00,9607,1247
567.6,10.0,44,2024-10-18T18:03:44.921000+00:00,9607,1247
28.9,13.0,11,2024-10-18T18:04:42.665000+00:00,9607,1247
782.6,12.0,4,2024-10-18T18:04:52.858000+00:00,9607,1247
84.7,17.0,22,2024-10-18T18:11:55.963000+00:00,9607,1247
388.5,18.0,23,2024-10-18T18:15:28.216000+00:00,9607,1247
500.4,19.0,43,2024-10-18T18:16:08.812000+00:00,9607,1247
510.5,14.0,1,2024-10-18T18:18:02.621000+00:00,9607,1247
370.3,15.0,44,2024-10-18T18:18:18.900000+00:00,9607,1247
463.1,16.0,11,2024-10-18T18:18:24.319000+00:00,9607,1247
223.5,20.0,16,2024-10-18T18:18:36.485000+00:00,9607,1247
325.0,18.0,18,2024-10-18T18:18:41.137000+00:00,9607,1247
341.8,21.0,30,2024-10-18T18:18:46.515000+00:00,9607,1247
445.3,18.0,55,2024-10-18T18:18:53.633000+00:00,9607,1247
280.1,19.0,14,2024-10-18T18:18:57.637000+00:00,9607,1247
578.6,17.0,31,2024-10-18T18:19:16.787000+00:00,9607,1247
408.6,17.0,10,2024-10-18T18:19:29.191000+00:00,9607,1247
27.1,21.0,63,2024-10-18T18:20:22.635000+00:00,9607,1247
463.1,19.0,27,2024-10-18T18:21:39.525000+00:00,9607,1247
381.5,19.0,20,2024-10-18T18:21:50.385000+00:00,9607,1247
529.0,18.0,22,2024-10-18T18:22:20.803000+00:00,9607,1247
509.6,21.0,77,2024-10-18T18:22:42.702000+00:00,9607,1247
331.6,22.0,81,2024-10-18T18:24:45.051000+00:00,9607,1247
18.6,24.0,30,2024-10-18T18:25:18.369000+00:00,9607,1247
36.2,21.0,55,2024-10-18T18:25:43.500000+00:00,9607,1247
364.4,21.0,4,2024-10-18T18:26:13.339000+00:00,9607,1247
37.6,23.0,23,2024-10-18T18:26:30.367000+00:00,9607,1247
44.9,24.0,43,2024-10-18T18:27:10.753000+00:00,9607,1247
43.9,24.0,23,2024-10-18T18:29:08.726000+00:00,9607,1247
252.6,22.0,14,2024-10-18T18:29:29.728000+00:00,9607,1247
45.0,25.0,43,2024-10-18T18:29:48.020000+00:00,9607,1247
,1.0,1,2024-10-18T21:30:03.966000+00:00,9612,1247
,1.0,27,2024-10-18T21:30:09.656000+00:00,9612,1247
,1.0,24,2024-10-18T21:30:16.199000+00:00,9612,1247
,1.0,11,2024-10-18T21:30:25.442000+00:00,9612,1247
,1.0,77,2024-10-18T21:30:30.587000+00:00,9612,1247
,1.0,20,2024-10-18T21:30:38.867000+00:00,9612,1247
,1.0,10,2024-10-18T21:30:49.309000+00:00,9612,1247
,1.0,30,2024-10-18T21:30:59.473000+00:00,9612,1247
,1.0,22,2024-10-18T21:31:09.780000+00:00,9612,1247
,1.0,31,2024-10-18T21:31:14.641000+00:00,9612,1247
,1.0,23,2024-10-18T21:31:29.949000+00:00,9612,1247
,1.0,43,2024-10-18T21:31:40.735000+00:00,9612,1247
,1.0,4,2024-10-18T21:31:50.595000+00:00,9612,1247
,1.0,81,2024-10-18T21:32:02.960000+00:00,9612,1247
,1.0,55,2024-10-18T21:32:11.895000+00:00,9612,1247
,1.0,16,2024-10-18T21:32:20.490000+00:00,9612,1247
,1.0,14,2024-10-18T21:32:37.176000+00:00,9612,1247
,1.0,18,2024-10-18T21:32:44.775000+00:00,9612,1247
,1.0,63,2024-10-18T21:32:57.086000+00:00,9612,1247
,1.0,44,2024-10-18T21:33:08.394000+00:00,9612,1247
19.5,4.0,43,2024-10-18T21:37:45.530000+00:00,9612,1247
53.6,4.0,23,2024-10-18T21:38:07.504000+00:00,9612,1247
142.4,4.0,27,2024-10-18T21:38:17.090000+00:00,9612,1247
109.6,4.0,20,2024-10-18T21:38:20.082000+00:00,9612,1247
105.2,4.0,10,2024-10-18T21:38:35.187000+00:00,9612,1247
110.4,4.0,30,2024-10-18T21:38:41.517000+00:00,9612,1247
144.2,4.0,77,2024-10-18T21:38:45.573000+00:00,9612,1247
155.1,4.0,24,2024-10-18T21:38:54.951000+00:00,9612,1247
50.3,4.0,16,2024-10-18T21:39:02.278000+00:00,9612,1247
121.6,4.0,31,2024-10-18T21:39:04.609000+00:00,9612,1247
153.1,4.0,22,2024-10-18T21:39:27.724000+00:00,9612,1247
304.6,7.0,27,2024-10-18T21:49:03.844000+00:00,9612,1247
304.4,7.0,20,2024-10-18T21:49:10.160000+00:00,9612,1247
235.5,7.0,63,2024-10-18T21:49:18.779000+00:00,9612,1247
379.4,6.0,44,2024-10-18T21:49:30.033000+00:00,9612,1247
368.6,7.0,4,2024-10-18T21:49:41.020000+00:00,9612,1247
350.8,7.0,55,2024-10-18T21:49:48.011000+00:00,9612,1247
295.5,7.0,16,2024-10-18T21:50:00.679000+00:00,9612,1247
402.1,7.0,43,2024-10-18T21:50:06.719000+00:00,9612,1247
661.4,7.0,1,2024-10-18T21:52:37.037000+00:00,9612,1247
711.5,7.0,11,2024-10-18T21:53:55.262000+00:00,9612,1247
651.3,7.0,10,2024-10-18T21:55:11.793000+00:00,9612,1247
609.8,7.0,22,2024-10-18T21:55:24.362000+00:00,9612,1247
663.7,7.0,30,2024-10-18T21:55:33.052000+00:00,9612,1247
34.0,10.0,63,2024-10-18T21:55:45.004000+00:00,9612,1247
672.8,7.0,14,2024-10-18T21:55:55.251000+00:00,9612,1247
657.6,7.0,18,2024-10-18T21:56:01.093000+00:00,9612,1247
57.5,9.0,44,2024-10-18T21:56:17.094000+00:00,9612,1247
92.9,10.0,20,2024-10-18T21:56:24.815000+00:00,9612,1247
117.5,10.0,27,2024-10-18T21:56:41.421000+00:00,9612,1247
179.6,10.0,43,2024-10-18T21:58:50.068000+00:00,9612,1247
371.2,12.0,63,2024-10-18T22:06:06.202000+00:00,9612,1247
337.9,11.0,43,2024-10-18T22:06:14.836000+00:00,9612,1247
493.6,10.0,44,2024-10-18T22:06:42.312000+00:00,9612,1247
894.4,10.0,55,2024-10-18T22:10:23.887000+00:00,9612,1247
681.1,12.0,4,2024-10-18T22:10:33.859000+00:00,9612,1247
898.7,10.0,16,2024-10-18T22:10:41.982000+00:00,9612,1247
647.6,12.0,20,2024-10-18T22:10:57.356000+00:00,9612,1247
611.1,10.0,22,2024-10-18T22:11:17.356000+00:00,9612,1247
809.5,10.0,1,2024-10-18T22:11:38.480000+00:00,9612,1247
677.4,12.0,27,2024-10-18T22:11:43.035000+00:00,9612,1247
89.0,13.0,43,2024-10-18T22:11:50.860000+00:00,9612,1247
,1.0,23,2024-10-19T22:00:04.258000+00:00,9608,1247
,1.0,24,2024-10-19T22:00:09.294000+00:00,9608,1247
,1.0,10,2024-10-19T22:00:20.299000+00:00,9608,1247
,1.0,31,2024-10-19T22:00:23.899000+00:00,9608,1247
,1.0,77,2024-10-19T22:00:26.992000+00:00,9608,1247
,1.0,30,2024-10-19T22:00:41.512000+00:00,9608,1247
,1.0,14,2024-10-19T22:00:42.894000+00:00,9608,1247
,1.0,22,2024-10-19T22:00:51.247000+00:00,9608,1247
,1.0,4,2024-10-19T22:01:04.795000+00:00,9608,1247
,1.0,43,2024-10-19T22:01:06.526000+00:00,9608,1247
,1.0,55,2024-10-19T22:01:14.114000+00:00,9608,1247
,1.0,16,2024-10-19T22:01:21.276000+00:00,9608,1247
,1.0,18,2024-10-19T22:01:25.045000+00:00,9608,1247
,1.0,81,2024-10-19T22:01:33.931000+00:00,9608,1247
,1.0,1,2024-10-19T22:03:53.209000+00:00,9608,1247
,1.0,11,2024-10-19T22:04:01.954000+00:00,9608,1247
67.9,3.0,23,2024-10-19T22:04:52.428000+00:00,9608,1247
142.3,2.0,43,2024-10-19T22:05:14.415000+00:00,9608,1247
,1.0,27,2024-10-19T22:05:21.412000+00:00,9608,1247
,1.0,20,2024-10-19T22:05:31.707000+00:00,9608,1247
,1.0,63,2024-10-19T22:05:35.767000+00:00,9608,1247
,1.0,44,2024-10-19T22:05:55.157000+00:00,9608,1247
25.8,4.0,24,2024-10-19T22:06:08.870000+00:00,9608,1247
28.8,4.0,10,2024-10-19T22:06:13.261000+00:00,9608,1247
30.5,4.0,31,2024-10-19T22:06:20.155000+00:00,9608,1247
121.6,3.0,30,2024-10-19T22:06:24.162000+00:00,9608,1247
123.7,3.0,22,2024-10-19T22:06:33.629000+00:00,9608,1247
39.4,4.0,77,2024-10-19T22:06:39.734000+00:00,9608,1247
56.2,4.0,14,2024-10-19T22:06:53.249000+00:00,9608,1247
107.7,3.0,18,2024-10-19T22:07:00.905000+00:00,9608,1247
112.4,4.0,55,2024-10-19T22:08:39.437000+00:00,9608,1247
121.7,4.0,16,2024-10-19T22:08:50.757000+00:00,9608,1247
123.4,4.0,81,2024-10-19T22:09:06.276000+00:00,9608,1247
168.9,4.0,4,2024-10-19T22:09:24.370000+00:00,9608,1247
210.1,4.0,1,2024-10-19T22:12:49.014000+00:00,9608,1247
99.4,4.0,63,2024-10-19T22:12:54.757000+00:00,9608,1247
100.4,4.0,44,2024-10-19T22:13:06.288000+00:00,9608,1247
98.2,7.0,31,2024-10-19T22:13:31.553000+00:00,9608,1247
193.8,6.0,23,2024-10-19T22:13:39.369000+00:00,9608,1247
177.1,5.0,43,2024-10-19T22:13:48.348000+00:00,9608,1247
128.1,6.0,22,2024-10-19T22:14:16.431000+00:00,9608,1247
137.0,6.0,30,2024-10-19T22:14:18.918000+00:00,9608,1247
123.9,7.0,14,2024-10-19T22:14:31.144000+00:00,9608,1247
181.9,7.0,24,2024-10-19T22:14:40.535000+00:00,9608,1247
228.5,4.0,27,2024-10-19T22:14:56.531000+00:00,9608,1247
198.0,7.0,10,2024-10-19T22:15:10.714000+00:00,9608,1247
172.5,7.0,77,2024-10-19T22:15:13.477000+00:00,9608,1247
157.1,6.0,18,2024-10-19T22:15:17.023000+00:00,9608,1247
253.1,4.0,20,2024-10-19T22:15:25.664000+00:00,9608,1247
364.5,4.0,11,2024-10-19T22:15:40.537000+00:00,9608,1247
438.0,7.0,1,2024-10-19T22:25:41.354000+00:00,9608,1247
270.6,7.0,11,2024-10-19T22:25:59.524000+00:00,9608,1247
444.5,9.0,55,2024-10-19T22:26:09.446000+00:00,9608,1247
316.9,10.0,10,2024-10-19T22:26:21.315000+00:00,9608,1247
340.7,10.0,16,2024-10-19T22:26:28.801000+00:00,9608,1247
387.7,9.0,30,2024-10-19T22:26:34.192000+00:00,9608,1247
323.0,9.0,18,2024-10-19T22:26:43.435000+00:00,9608,1247
456.3,10.0,31,2024-10-19T22:26:50.301000+00:00,9608,1247
408.4,10.0,14,2024-10-19T22:27:12.614000+00:00,9608,1247
461.1,9.0,22,2024-10-19T22:27:28.970000+00:00,9608,1247
415.6,7.0,27,2024-10-19T22:27:44.637000+00:00,9608,1247
402.9,7.0,20,2024-10-19T22:27:51.397000+00:00,9608,1247
536.9,9.0,4,2024-10-19T22:28:07.618000+00:00,9608,1247
443.6,10.0,81,2024-10-19T22:28:14.954000+00:00,9608,1247
578.0,7.0,63,2024-10-19T22:28:30.795000+00:00,9608,1247
29.3,10.0,30,2024-10-19T22:29:16.637000+00:00,9608,1247
202.2,10.0,1,2024-10-19T22:34:24.522000+00:00,9608,1247
179.8,13.0,16,2024-10-19T22:35:10.308000+00:00,9608,1247
235.6,10.0,11,2024-10-19T22:35:28.658000+00:00,9608,1247
147.2,12.0,22,2024-10-19T22:35:40.678000+00:00,9608,1247
222.2,13.0,10,2024-10-19T22:35:51.811000+00:00,9608,1247
236.4,12.0,55,2024-10-19T22:35:56.542000+00:00,9608,1247
201.8,13.0,31,2024-10-19T22:36:05.503000+00:00,9608,1247
176.9,10.0,27,2024-10-19T22:36:26.549000+00:00,9608,1247
183.0,10.0,20,2024-10-19T22:36:33.575000+00:00,9608,1247
165.0,13.0,81,2024-10-19T22:36:41.532000+00:00,9608,1247
241.8,13.0,14,2024-10-19T22:37:00.570000+00:00,9608,1247
279.5,12.0,18,2024-10-19T22:37:07.987000+00:00,9608,1247
199.8,10.0,63,2024-10-19T22:37:30.158000+00:00,9608,1247
367.4,11.0,30,2024-10-19T22:37:32.352000+00:00,9608,1247
350.4,13.0,20,2024-10-19T22:48:06.229000+00:00,9608,1247
515.5,11.0,63,2024-10-19T22:48:18.308000+00:00,9608,1247
892.3,12.0,4,2024-10-19T22:48:30.949000+00:00,9608,1247
479.9,15.0,81,2024-10-19T22:48:37.596000+00:00,9608,1247
413.6,15.0,55,2024-10-19T22:48:43.753000+00:00,9608,1247
491.4,16.0,16,2024-10-19T22:48:52.708000+00:00,9608,1247
450.9,16.0,10,2024-10-19T22:49:08.832000+00:00,9608,1247
571.6,13.0,1,2024-10-19T22:49:30.178000+00:00,9608,1247
521.5,13.0,11,2024-10-19T22:49:41.296000+00:00,9608,1247
616.5,16.0,14,2024-10-19T22:53:15.827000+00:00,9608,1247
149.3,14.0,63,2024-10-19T22:56:27.611000+00:00,9608,1247
177.4,16.0,20,2024-10-19T22:56:32.604000+00:00,9608,1247
114.7,19.0,10,2024-10-19T22:56:40.065000+00:00,9608,1247
137.2,16.0,1,2024-10-19T22:57:06.616000+00:00,9608,1247
198.9,15.0,4,2024-10-19T22:57:22.357000+00:00,9608,1247
183.8,18.0,55,2024-10-19T22:57:26.313000+00:00,9608,1247
188.9,19.0,16,2024-10-19T22:57:34.131000+00:00,9608,1247
211.6,18.0,81,2024-10-19T22:57:44.981000+00:00,9608,1247
181.5,16.0,11,2024-10-19T22:58:03.538000+00:00,9608,1247
34.9,3.0,23,2024-10-20T19:10:15.423000+00:00,9617,1247
24.4,13.0,24,2024-10-20T19:28:47.759000+00:00,9617,1247
24.4,15.0,77,2024-10-20T19:32:04.604000+00:00,9617,1247
23.9,17.0,20,2024-10-20T19:35:15.366000+00:00,9617,1247
28.2,18.0,10,2024-10-20T19:36:58.450000+00:00,9617,1247
24.1,18.0,22,2024-10-20T19:37:00.531000+00:00,9617,1247
23.9,21.0,55,2024-10-20T19:41:37.892000+00:00,9617,1247
24.2,25.0,1,2024-10-20T19:48:17.296000+00:00,9617,1247
23.8,26.0,16,2024-10-20T19:49:45.215000+00:00,9617,1247
23.5,26.0,11,2024-10-20T19:50:21.610000+00:00,9617,1247
24.2,26.0,14,2024-10-20T19:50:40.041000+00:00,9617,1247
24.5,27.0,27,2024-10-20T19:52:06.021000+00:00,9617,1247
26.3,27.0,18,2024-10-20T19:52:32.990000+00:00,9617,1247
23.7,31.0,4,2024-10-20T19:58:17.192000+00:00,9617,1247
24.1,31.0,31,2024-10-20T19:59:12.033000+00:00,9617,1247
24.1,32.0,81,2024-10-20T20:00:02.922000+00:00,9617,1247
24.3,33.0,23,2024-10-20T20:02:42.744000+00:00,9617,1247
24.8,35.0,24,2024-10-20T20:06:24.964000+00:00,9617,1247
23.8,36.0,30,2024-10-20T20:07:16.829000+00:00,9617,1247
24.0,38.0,20,2024-10-20T20:10:43.383000+00:00,9617,1247
23.9,39.0,43,2024-10-20T20:12:21.060000+00:00,9617,1247
29.3,40.0,63,2024-10-20T20:13:46.532000+00:00,9617,1247
26.1,51.0,31,2024-10-20T20:32:58.842000+00:00,9617,1247
,1.0,34,2024-10-25T18:30:03.626000+00:00,9618,1248
,1.0,38,2024-10-25T18:30:06.224000+00:00,9618,1248
,1.0,22,2024-10-25T18:30:09.585000+00:00,9618,1248
,1.0,97,2024-10-25T18:30:10.562000+00:00,9618,1248
,1.0,31,2024-10-25T18:30:14.305000+00:00,9618,1248
,1.0,81,2024-10-25T18:30:21.445000+00:00,9618,1248
,1.0,10,2024-10-25T18:30:25.168000+00:00,9618,1248
,1.0,55,2024-10-25T18:30:27.635000+00:00,9618,1248
,1.0,29,2024-10-25T18:30:41.030000+00:00,9618,1248
,1.0,77,2024-10-25T18:30:44.338000+00:00,9618,1248
,1.0,12,2024-10-25T18:30:44.394000+00:00,9618,1248
,1.0,18,2024-10-25T18:30:52.806000+00:00,9618,1248
,1.0,20,2024-10-25T18:31:04.666000+00:00,9618,1248
,1.0,30,2024-10-25T18:31:06.719000+00:00,9618,1248
,1.0,1,2024-10-25T18:31:11.609000+00:00,9618,1248
,1.0,11,2024-10-25T18:31:18.904000+00:00,9618,1248
,1.0,63,2024-10-25T18:31:26.746000+00:00,9618,1248
53.4,2.0,97,2024-10-25T18:32:53.136000+00:00,9618,1248
64.1,2.0,10,2024-10-25T18:33:05.349000+00:00,9618,1248
,1.0,27,2024-10-25T18:33:13.230000+00:00,9618,1248
,4.0,31,2024-10-25T18:40:13.575000+00:00,9618,1248
,3.0,30,2024-10-25T18:40:15.878000+00:00,9618,1248
,3.0,20,2024-10-25T18:40:16.512000+00:00,9618,1248
,2.0,27,2024-10-25T18:40:18.377000+00:00,9618,1248
,4.0,55,2024-10-25T18:40:19.193000+00:00,9618,1248
,3.0,63,2024-10-25T18:40:21.654000+00:00,9618,1248
,3.0,11,2024-10-25T18:40:24.179000+00:00,9618,1248
,3.0,18,2024-10-25T18:40:27.474000+00:00,9618,1248
509.8,3.0,97,2024-10-25T18:40:29.525000+00:00,9618,1248
,4.0,81,2024-10-25T18:40:35.015000+00:00,9618,1248
,4.0,22,2024-10-25T18:40:44.160000+00:00,9618,1248
,1.0,23,2024-10-25T18:40:51.082000+00:00,9618,1248
432.4,3.0,34,2024-10-25T18:40:52.120000+00:00,9618,1248
,3.0,12,2024-10-25T18:40:57.562000+00:00,9618,1248
,1.0,43,2024-10-25T18:41:03.897000+00:00,9618,1248
,4.0,77,2024-10-25T18:41:08.153000+00:00,9618,1248
,4.0,29,2024-10-25T18:41:39.328000+00:00,9618,1248
602.0,3.0,10,2024-10-25T18:42:03.258000+00:00,9618,1248
,4.0,38,2024-10-25T18:46:29.248000+00:00,9618,1248
48.4,7.0,77,2024-10-25T18:46:52.500000+00:00,9618,1248
,4.0,1,2024-10-25T18:47:47.763000+00:00,9618,1248
19.5,8.0,20,2024-10-25T18:48:41.275000+00:00,9618,1248
25.5,9.0,55,2024-10-25T18:48:50.762000+00:00,9618,1248
431.4,4.0,97,2024-10-25T18:49:39.636000+00:00,9618,1248
915.3,9.0,20,2024-10-25T19:06:02.759000+00:00,9618,1248
1305.4,5.0,18,2024-10-25T19:06:07.407000+00:00,9618,1248
2055.5,10.0,10,2024-10-25T19:06:16.841000+00:00,9618,1248
1307.8,5.0,34,2024-10-25T19:06:17.957000+00:00,9618,1248
,11.0,30,2024-10-25T19:06:22.022000+00:00,9618,1248
,11.0,22,2024-10-25T19:06:29.330000+00:00,9618,1248
1087.4,12.0,55,2024-10-25T19:06:32.745000+00:00,9618,1248
870.9,10.0,11,2024-10-25T19:06:37.426000+00:00,9618,1248
,7.0,1,2024-10-25T19:06:39.186000+00:00,9618,1248
,11.0,81,2024-10-25T19:06:42.947000+00:00,9618,1248
1079.9,8.0,12,2024-10-25T19:06:46.526000+00:00,9618,1248
1459.8,6.0,97,2024-10-25T19:06:48.022000+00:00,9618,1248
,10.0,63,2024-10-25T19:06:49.584000+00:00,9618,1248
1250.3,11.0,77,2024-10-25T19:06:54.363000+00:00,9618,1248
940.9,9.0,27,2024-10-25T19:07:02.832000+00:00,9618,1248
980.9,11.0,31,2024-10-25T19:07:12.704000+00:00,9618,1248
,8.0,43,2024-10-25T19:07:28.355000+00:00,9618,1248
28.0,13.0,10,2024-10-25T19:11:40.644000+00:00,9618,1248
28.0,15.0,55,2024-10-25T19:12:10.079000+00:00,9618,1248
31.0,14.0,22,2024-10-25T19:12:10.635000+00:00,9618,1248
17.5,12.0,27,2024-10-25T19:12:37.461000+00:00,9618,1248
,11.0,29,2024-10-25T19:16:07.961000+00:00,9618,1248
144.7,16.0,30,2024-10-25T19:16:27.732000+00:00,9618,1248
305.4,10.0,1,2024-10-25T19:16:35.678000+00:00,9618,1248
208.8,12.0,12,2024-10-25T19:16:37.041000+00:00,9618,1248
306.0,13.0,63,2024-10-25T19:16:51.417000+00:00,9618,1248
357.9,14.0,81,2024-10-25T19:17:45.339000+00:00,9618,1248
336.7,15.0,20,2024-10-25T19:21:32.600000+00:00,9618,1248
279.3,17.0,22,2024-10-25T19:21:35.427000+00:00,9618,1248
274.4,12.0,18,2024-10-25T19:21:38.320000+00:00,9618,1248
271.3,12.0,34,2024-10-25T19:21:44.715000+00:00,9618,1248
259.3,18.0,55,2024-10-25T19:21:45.883000+00:00,9618,1248
198.3,14.0,97,2024-10-25T19:22:19.998000+00:00,9618,1248
301.3,14.0,43,2024-10-25T19:22:32.390000+00:00,9618,1248
364.0,16.0,11,2024-10-25T19:22:42.130000+00:00,9618,1248
360.4,17.0,77,2024-10-25T19:22:46.524000+00:00,9618,1248
395.7,17.0,31,2024-10-25T19:24:20.992000+00:00,9618,1248
560.3,16.0,10,2024-10-25T19:25:49.975000+00:00,9618,1248
31.6,22.0,30,2024-10-25T19:27:04.495000+00:00,9618,1248
624.1,15.0,27,2024-10-25T19:28:08.104000+00:00,9618,1248
268.4,17.0,12,2024-10-25T19:29:22.027000+00:00,9618,1248
,1.0,4,2024-10-25T22:00:09.667000+00:00,9619,1248
,1.0,14,2024-10-25T22:00:19.675000+00:00,9619,1248
,1.0,24,2024-10-25T22:00:26.484000+00:00,9619,1248
,1.0,10,2024-10-25T22:00:28.427000+00:00,9619,1248
,1.0,31,2024-10-25T22:00:30.627000+00:00,9619,1248
,1.0,44,2024-10-25T22:00:38.260000+00:00,9619,1248
,1.0,77,2024-10-25T22:00:43.938000+00:00,9619,1248
,1.0,11,2024-10-25T22:00:48.499000+00:00,9619,1248
,1.0,81,2024-10-25T22:01:14.321000+00:00,9619,1248
,1.0,22,2024-10-25T22:01:19.507000+00:00,9619,1248
,1.0,18,2024-10-25T22:03:11.886000+00:00,9619,1248
,1.0,55,2024-10-25T22:03:21.851000+00:00,9619,1248
,1.0,20,2024-10-25T22:03:52.635000+00:00,9619,1248
,1.0,43,2024-10-25T22:04:01.505000+00:00,9619,1248
,1.0,27,2024-10-25T22:04:03.538000+00:00,9619,1248
,1.0,63,2024-10-25T22:06:04.215000+00:00,9619,1248
,1.0,1,2024-10-25T22:06:38.716000+00:00,9619,1248
,1.0,30,2024-10-25T22:06:46.720000+00:00,9619,1248
198.7,6.0,14,2024-10-25T22:11:18.169000+00:00,9619,1248
1683.6,7.0,14,2024-10-25T22:36:03.487000+00:00,9619,1248
1449.5,6.0,20,2024-10-25T22:36:07.762000+00:00,9619,1248
1509.3,6.0,18,2024-10-25T22:36:13.055000+00:00,9619,1248
1717.5,6.0,4,2024-10-25T22:36:14.233000+00:00,9619,1248
1430.7,6.0,43,2024-10-25T22:36:19.700000+00:00,9619,1248
1685.0,6.0,24,2024-10-25T22:36:24.735000+00:00,9619,1248
1579.9,7.0,77,2024-10-25T22:36:29.408000+00:00,9619,1248
,1.0,16,2024-10-25T22:36:33.185000+00:00,9619,1248
1498.4,6.0,55,2024-10-25T22:36:38.853000+00:00,9619,1248
1638.2,6.0,81,2024-10-25T22:36:41.786000+00:00,9619,1248
1498.5,6.0,27,2024-10-25T22:37:08.550000+00:00,9619,1248
1663.1,6.0,22,2024-10-25T22:37:14.687000+00:00,9619,1248
1598.2,7.0,44,2024-10-25T22:37:15.987000+00:00,9619,1248
,5.0,30,2024-10-25T22:37:38.015000+00:00,9619,1248
1742.9,6.0,31,2024-10-25T22:37:45.948000+00:00,9619,1248
1709.9,6.0,11,2024-10-25T22:37:48.137000+00:00,9619,1248
1752.7,6.0,10,2024-10-25T22:38:08.375000+00:00,9619,1248
1802.7,3.0,1,2024-10-25T22:39:53.191000+00:00,9619,1248
128.2,6.0,16,2024-10-25T22:46:57.172000+00:00,9619,1248
256.0,11.0,20,2024-10-25T22:48:31.794000+00:00,9619,1248
303.2,12.0,14,2024-10-25T22:48:33.416000+00:00,9619,1248
274.2,11.0,4,2024-10-25T22:48:44.370000+00:00,9619,1248
319.5,11.0,18,2024-10-25T22:49:48.676000+00:00,9619,1248
327.9,11.0,24,2024-10-25T22:50:02.127000+00:00,9619,1248
291.0,11.0,55,2024-10-25T22:50:15.908000+00:00,9619,1248
330.2,11.0,27,2024-10-25T22:50:36.692000+00:00,9619,1248
329.3,11.0,22,2024-10-25T22:50:43.761000+00:00,9619,1248
299.2,10.0,30,2024-10-25T22:50:47.783000+00:00,9619,1248
377.7,11.0,43,2024-10-25T22:51:05.297000+00:00,9619,1248
336.3,11.0,31,2024-10-25T22:51:26.765000+00:00,9619,1248
366.1,11.0,10,2024-10-25T22:52:04.784000+00:00,9619,1248
397.3,13.0,77,2024-10-25T22:52:58.644000+00:00,9619,1248
352.6,13.0,44,2024-10-25T22:53:05.766000+00:00,9619,1248
476.6,11.0,11,2024-10-25T22:53:32.760000+00:00,9619,1248
512.2,11.0,81,2024-10-25T22:53:34.640000+00:00,9619,1248
321.8,11.0,16,2024-10-25T23:00:02.077000+00:00,9619,1248
121.8,21.0,4,2024-10-25T23:04:33.724000+00:00,9619,1248
220.4,21.0,14,2024-10-25T23:04:55.603000+00:00,9619,1248
276.0,21.0,24,2024-10-25T23:08:50.343000+00:00,9619,1248
267.5,21.0,43,2024-10-25T23:09:28.006000+00:00,9619,1248
301.5,21.0,22,2024-10-25T23:09:35.747000+00:00,9619,1248
262.6,23.0,20,2024-10-25T23:09:38.085000+00:00,9619,1248
332.1,20.0,30,2024-10-25T23:10:14.666000+00:00,9619,1248
310.6,21.0,31,2024-10-25T23:10:31.854000+00:00,9619,1248
241.0,23.0,44,2024-10-25T23:11:11.986000+00:00,9619,1248
265.6,23.0,55,2024-10-25T23:11:23.209000+00:00,9619,1248
279.5,23.0,77,2024-10-25T23:11:40.203000+00:00,9619,1248
285.5,23.0,27,2024-10-25T23:12:04.344000+00:00,9619,1248
330.1,23.0,18,2024-10-25T23:12:07.908000+00:00,9619,1248
308.8,21.0,81,2024-10-25T23:12:45.911000+00:00,9619,1248
366.4,22.0,11,2024-10-25T23:15:14.707000+00:00,9619,1248
173.9,20.0,16,2024-10-25T23:15:34.410000+00:00,9619,1248
585.8,21.0,10,2024-10-25T23:15:47.876000+00:00,9619,1248
23.0,31.0,24,2024-10-25T23:23:21.625000+00:00,9619,1248
359.5,31.0,4,2024-10-25T23:24:13.406000+00:00,9619,1248
416.5,30.0,14,2024-10-25T23:24:32.224000+00:00,9619,1248
156.1,33.0,44,2024-10-25T23:27:39.044000+00:00,9619,1248
28.7,29.0,16,2024-10-25T23:28:36.694000+00:00,9619,1248
,1.0,63,2024-10-26T17:30:15.057000+00:00,9620,1248
,1.0,77,2024-10-26T17:30:22.624000+00:00,9620,1248
,1.0,14,2024-10-26T17:30:48.832000+00:00,9620,1248
,1.0,18,2024-10-26T17:30:59.653000+00:00,9620,1248
,1.0,1,2024-10-26T17:31:03.400000+00:00,9620,1248
34.6,2.0,77,2024-10-26T17:32:39.107000+00:00,9620,1248
26.0,2.0,14,2024-10-26T17:32:50.627000+00:00,9620,1248
22.9,2.0,18,2024-10-26T17:33:07.871000+00:00,9620,1248
,1.0,24,2024-10-26T17:33:14.901000+00:00,9620,1248
,1.0,10,2024-10-26T17:33:17.706000+00:00,9620,1248
25.1,2.0,24,2024-10-26T17:35:25.809000+00:00,9620,1248
,1.0,44,2024-10-26T17:36:28.274000+00:00,9620,1248
,1.0,31,2024-10-26T17:36:47.164000+00:00,9620,1248
282.8,2.0,63,2024-10-26T17:37:04.935000+00:00,9620,1248
348.6,3.0,77,2024-10-26T17:40:06.111000+00:00,9620,1248
341.6,3.0,18,2024-10-26T17:40:31.081000+00:00,9620,1248
384.7,3.0,14,2024-10-26T17:40:46.225000+00:00,9620,1248
,1.0,16,2024-10-26T17:41:19.189000+00:00,9620,1248
,1.0,55,2024-10-26T17:42:28.787000+00:00,9620,1248
55.4,5.0,63,2024-10-26T17:42:49.111000+00:00,9620,1248
312.7,6.0,1,2024-10-26T17:43:58.028000+00:00,9620,1248
,1.0,27,2024-10-26T17:44:11.586000+00:00,9620,1248
,1.0,4,2024-10-26T17:44:52.303000+00:00,9620,1248
,1.0,81,2024-10-26T17:44:59.753000+00:00,9620,1248
,1.0,22,2024-10-26T17:46:29.152000+00:00,9620,1248
19.5,4.0,55,2024-10-26T17:47:40.407000+00:00,9620,1248
,1.0,30,2024-10-26T17:47:48.607000+00:00,9620,1248
,1.0,20,2024-10-26T17:47:56.653000+00:00,9620,1248
19.7,5.0,16,2024-10-26T17:48:02.927000+00:00,9620,1248
,1.0,43,2024-10-26T17:48:26.147000+00:00,9620,1248
,1.0,23,2024-10-26T17:48:38.336000+00:00,9620,1248
66.6,4.0,27,2024-10-26T17:50:03.599000+00:00,9620,1248
,1.0,11,2024-10-26T17:50:17.009000+00:00,9620,1248
875.3,3.0,24,2024-10-26T17:51:42.279000+00:00,9620,1248
27.3,5.0,4,2024-10-26T17:51:57.862000+00:00,9620,1248
327.6,7.0,44,2024-10-26T17:51:58.984000+00:00,9620,1248
37.8,4.0,22,2024-10-26T17:52:02.334000+00:00,9620,1248
18.1,7.0,55,2024-10-26T17:53:29.414000+00:00,9620,1248
336.7,4.0,81,2024-10-26T17:55:24.845000+00:00,9620,1248
498.5,8.0,63,2024-10-26T17:55:56.272000+00:00,9620,1248
534.6,8.0,31,2024-10-26T17:57:07.457000+00:00,9620,1248
500.7,8.0,14,2024-10-26T17:57:12.609000+00:00,9620,1248
721.0,8.0,18,2024-10-26T18:00:39.646000+00:00,9620,1248
25.3,9.0,24,2024-10-26T18:02:16.567000+00:00,9620,1248
359.8,10.0,16,2024-10-26T18:02:31.426000+00:00,9620,1248
355.1,7.0,22,2024-10-26T18:02:59.647000+00:00,9620,1248
214.8,8.0,30,2024-10-26T18:03:15.884000+00:00,9620,1248
19.4,11.0,20,2024-10-26T18:03:25.849000+00:00,9620,1248
1146.6,8.0,10,2024-10-26T18:03:51.691000+00:00,9620,1248
19.9,12.0,16,2024-10-26T18:05:54.538000+00:00,9620,1248
458.8,10.0,55,2024-10-26T18:06:19.023000+00:00,9620,1248
461.0,9.0,43,2024-10-26T18:08:40.516000+00:00,9620,1248
442.0,10.0,23,2024-10-26T18:10:50.877000+00:00,9620,1248
718.0,17.0,1,2024-10-26T18:11:20.441000+00:00,9620,1248
466.7,10.0,24,2024-10-26T18:11:38.924000+00:00,9620,1248
619.7,8.0,11,2024-10-26T18:11:46.488000+00:00,9620,1248
913.6,15.0,77,2024-10-26T18:12:28.485000+00:00,9620,1248
777.0,10.0,4,2024-10-26T18:12:34.153000+00:00,9620,1248
604.3,9.0,81,2024-10-26T18:13:21.392000+00:00,9620,1248
288.4,17.0,63,2024-10-26T18:13:22.772000+00:00,9620,1248
780.2,13.0,44,2024-10-26T18:13:31.916000+00:00,9620,1248
471.0,11.0,22,2024-10-26T18:16:54.231000+00:00,9620,1248
232.7,12.0,43,2024-10-26T18:17:09.847000+00:00,9620,1248
229.5,17.0,18,2024-10-26T18:17:13.108000+00:00,9620,1248
285.8,14.0,30,2024-10-26T18:17:17.627000+00:00,9620,1248
38.8,13.0,24,2024-10-26T18:17:22.862000+00:00,9620,1248
17.1,18.0,77,2024-10-26T18:17:28.787000+00:00,9620,1248
407.7,15.0,16,2024-10-26T18:17:36.577000+00:00,9620,1248
395.8,13.0,55,2024-10-26T18:17:47.456000+00:00,9620,1248
33.7,16.0,44,2024-10-26T18:19:28.835000+00:00,9620,1248
196.9,11.0,11,2024-10-26T18:19:42.073000+00:00,9620,1248
473.2,18.0,14,2024-10-26T18:20:06.967000+00:00,9620,1248
899.0,12.0,20,2024-10-26T18:20:15.628000+00:00,9620,1248
1066.2,13.0,27,2024-10-26T18:20:23.481000+00:00,9620,1248
305.2,13.0,23,2024-10-26T18:20:43.499000+00:00,9620,1248
326.8,20.0,1,2024-10-26T18:21:17.637000+00:00,9620,1248
566.8,14.0,10,2024-10-26T18:22:16.931000+00:00,9620,1248
1011.3,13.0,31,2024-10-26T18:22:20.047000+00:00,9620,1248
33.8,14.0,22,2024-10-26T18:22:30.410000+00:00,9620,1248
26.9,20.0,18,2024-10-26T18:22:34.339000+00:00,9620,1248
17.1,18.0,16,2024-10-26T18:22:52.090000+00:00,9620,1248
21.9,21.0,77,2024-10-26T18:23:04.278000+00:00,9620,1248
21.5,16.0,55,2024-10-26T18:23:13.625000+00:00,9620,1248
19.7,23.0,63,2024-10-26T18:23:38.260000+00:00,9620,1248
27.2,14.0,11,2024-10-26T18:24:53.461000+00:00,9620,1248
29.1,22.0,1,2024-10-26T18:24:59.049000+00:00,9620,1248
22.9,22.0,77,2024-10-26T18:25:22.830000+00:00,9620,1248
24.9,19.0,30,2024-10-26T18:25:53.735000+00:00,9620,1248
32.0,16.0,23,2024-10-26T18:26:03.994000+00:00,9620,1248
48.0,21.0,14,2024-10-26T18:26:04.019000+00:00,9620,1248
340.7,15.0,43,2024-10-26T18:27:10.694000+00:00,9620,1248
28.4,17.0,10,2024-10-26T18:27:38.417000+00:00,9620,1248
22.5,20.0,30,2024-10-26T18:27:46.305000+00:00,9620,1248
18.4,17.0,23,2024-10-26T18:28:15.768000+00:00,9620,1248
19.4,26.0,63,2024-10-26T18:28:59.927000+00:00,9620,1248
372.0,16.0,4,2024-10-26T18:29:05.029000+00:00,9620,1248
408.2,16.0,24,2024-10-26T18:29:27.755000+00:00,9620,1248
150.9,23.0,77,2024-10-26T18:29:30.220000+00:00,9620,1248
314.4,16.0,81,2024-10-26T18:29:33.149000+00:00,9620,1248
18.0,21.0,30,2024-10-26T18:29:35.107000+00:00,9620,1248
46.9,18.0,22,2024-10-26T18:29:44.904000+00:00,9620,1248
53.3,16.0,43,2024-10-26T18:29:46.984000+00:00,9620,1248
336.7,19.0,44,2024-10-26T18:29:49.636000+00:00,9620,1248
,1.0,77,2024-10-26T21:00:34.742000+00:00,9621,1248
,1.0,24,2024-10-26T21:00:37.846000+00:00,9621,1248
,1.0,31,2024-10-26T21:00:43.022000+00:00,9621,1248
,1.0,18,2024-10-26T21:00:46.323000+00:00,9621,1248
,1.0,10,2024-10-26T21:00:54.261000+00:00,9621,1248
,1.0,14,2024-10-26T21:01:10.361000+00:00,9621,1248
,1.0,16,2024-10-26T21:01:22.631000+00:00,9621,1248
,1.0,55,2024-10-26T21:01:28.589000+00:00,9621,1248
,1.0,11,2024-10-26T21:01:52.981000+00:00,9621,1248
,1.0,4,2024-10-26T21:02:12.372000+00:00,9621,1248
,1.0,63,2024-10-26T21:02:45.271000+00:00,9621,1248
,1.0,44,2024-10-26T21:02:51.537000+00:00,9621,1248
,1.0,81,2024-10-26T21:03:15.763000+00:00,9621,1248
,1.0,43,2024-10-26T21:03:44.962000+00:00,9621,1248
,1.0,23,2024-10-26T21:03:52.357000+00:00,9621,1248
,1.0,1,2024-10-26T21:04:25.041000+00:00,9621,1248
22.7,4.0,18,2024-10-26T21:05:51.986000+00:00,9621,1248
27.1,4.0,14,2024-10-26T21:06:18.622000+00:00,9621,1248
,1.0,20,2024-10-26T21:06:20.773000+00:00,9621,1248
26.0,4.0,16,2024-10-26T21:06:35.147000+00:00,9621,1248
23.4,4.0,55,2024-10-26T21:06:42.082000+00:00,9621,1248
,1.0,22,2024-10-26T21:06:48.872000+00:00,9621,1248
,1.0,27,2024-10-26T21:06:57.672000+00:00,9621,1248
137.7,4.0,77,2024-10-26T21:07:12.661000+00:00,9621,1248
,1.0,30,2024-10-26T21:07:22.844000+00:00,9621,1248
151.6,4.0,24,2024-10-26T21:07:32.722000+00:00,9621,1248
118.8,4.0,10,2024-10-26T21:07:46.046000+00:00,9621,1248
144.4,4.0,31,2024-10-26T21:07:49.209000+00:00,9621,1248
130.1,4.0,63,2024-10-26T21:09:18.224000+00:00,9621,1248
121.3,4.0,44,2024-10-26T21:09:23.337000+00:00,9621,1248
161.6,4.0,81,2024-10-26T21:10:25.074000+00:00,9621,1248
233.0,4.0,4,2024-10-26T21:10:46.974000+00:00,9621,1248
191.4,4.0,43,2024-10-26T21:11:26.173000+00:00,9621,1248
191.6,4.0,23,2024-10-26T21:11:35.025000+00:00,9621,1248
251.6,4.0,1,2024-10-26T21:13:11.603000+00:00,9621,1248
159.4,7.0,11,2024-10-26T21:13:37.685000+00:00,9621,1248
152.6,7.0,16,2024-10-26T21:13:43.299000+00:00,9621,1248
128.6,4.0,22,2024-10-26T21:13:45.575000+00:00,9621,1248
167.5,4.0,20,2024-10-26T21:13:47.234000+00:00,9621,1248
115.2,7.0,24,2024-10-26T21:13:56.085000+00:00,9621,1248
138.2,4.0,30,2024-10-26T21:14:12.536000+00:00,9621,1248
170.9,7.0,55,2024-10-26T21:14:14.885000+00:00,9621,1248
164.7,4.0,27,2024-10-26T21:14:23.338000+00:00,9621,1248
166.9,7.0,77,2024-10-26T21:14:33.899000+00:00,9621,1248
249.4,7.0,18,2024-10-26T21:14:38.011000+00:00,9621,1248
234.6,7.0,14,2024-10-26T21:14:52.369000+00:00,9621,1248
71.3,7.0,63,2024-10-26T21:15:05.077000+00:00,9621,1248
151.7,7.0,31,2024-10-26T21:15:11.242000+00:00,9621,1248
86.5,7.0,44,2024-10-26T21:15:22.485000+00:00,9621,1248
190.8,7.0,10,2024-10-26T21:15:37.363000+00:00,9621,1248
544.0,7.0,23,2024-10-26T21:25:17.419000+00:00,9621,1248
479.2,7.0,1,2024-10-26T21:25:43.267000+00:00,9621,1248
465.0,10.0,16,2024-10-26T21:26:11.076000+00:00,9621,1248
441.2,10.0,55,2024-10-26T21:26:20.587000+00:00,9621,1248
595.0,7.0,20,2024-10-26T21:28:35.230000+00:00,9621,1248
569.6,7.0,27,2024-10-26T21:28:38.113000+00:00,9621,1248
569.7,10.0,77,2024-10-26T21:28:42.137000+00:00,9621,1248
614.1,7.0,22,2024-10-26T21:28:48.544000+00:00,9621,1248
691.1,8.0,10,2024-10-26T21:28:54.459000+00:00,9621,1248
571.8,10.0,18,2024-10-26T21:29:06.547000+00:00,9621,1248
663.9,9.0,14,2024-10-26T21:29:28.677000+00:00,9621,1248
649.2,7.0,30,2024-10-26T21:29:38.145000+00:00,9621,1248
884.4,7.0,4,2024-10-26T21:29:59.544000+00:00,9621,1248
697.8,9.0,63,2024-10-26T21:30:06.628000+00:00,9621,1248
698.8,9.0,44,2024-10-26T21:30:17.457000+00:00,9621,1248
238.5,10.0,23,2024-10-26T21:33:41.178000+00:00,9621,1248
271.6,10.0,1,2024-10-26T21:34:49.713000+00:00,9621,1248
283.7,13.0,16,2024-10-26T21:35:15.679000+00:00,9621,1248
269.8,13.0,55,2024-10-26T21:35:22.667000+00:00,9621,1248
224.7,10.0,20,2024-10-26T21:36:43.928000+00:00,9621,1248
212.9,10.0,27,2024-10-26T21:36:46.178000+00:00,9621,1248
196.9,10.0,22,2024-10-26T21:36:52.398000+00:00,9621,1248
216.8,13.0,77,2024-10-26T21:36:58.747000+00:00,9621,1248
212.2,11.0,10,2024-10-26T21:37:14.299000+00:00,9621,1248
185.5,10.0,30,2024-10-26T21:37:21.817000+00:00,9621,1248
215.5,12.0,14,2024-10-26T21:37:38.816000+00:00,9621,1248
233.5,13.0,18,2024-10-26T21:37:43.639000+00:00,9621,1248
197.3,12.0,63,2024-10-26T21:38:01.186000+00:00,9621,1248
200.9,12.0,44,2024-10-26T21:38:09.113000+00:00,9621,1248
1221.1,13.0,20,2024-10-26T21:53:20.310000+00:00,9621,1248
1211.0,13.0,27,2024-10-26T21:53:24.235000+00:00,9621,1248
859.3,13.0,1,2024-10-26T21:53:40.789000+00:00,9621,1248
1167.7,10.0,4,2024-10-26T21:53:56.464000+00:00,9621,1248
957.8,13.0,23,2024-10-26T21:54:05.772000+00:00,9621,1248
1232.1,13.0,10,2024-10-26T21:54:14.280000+00:00,9621,1248
885.1,16.0,16,2024-10-26T21:54:24.020000+00:00,9621,1248
1419.3,16.0,55,2024-10-26T21:54:32.352000+00:00,9621,1248
1218.8,14.0,63,2024-10-26T21:55:02.648000+00:00,9621,1248
1221.1,14.0,44,2024-10-26T21:55:09.219000+00:00,9621,1248
203.7,16.0,20,2024-10-26T22:01:26.294000+00:00,9621,1248
204.5,16.0,27,2024-10-26T22:01:28.935000+00:00,9621,1248
179.5,16.0,23,2024-10-26T22:01:33.172000+00:00,9621,1248
177.2,16.0,10,2024-10-26T22:01:55.783000+00:00,9621,1248
182.1,19.0,16,2024-10-26T22:02:05.507000+00:00,9621,1248
178.1,19.0,55,2024-10-26T22:02:11.879000+00:00,9621,1248
255.0,16.0,1,2024-10-26T22:02:24.301000+00:00,9621,1248
246.4,13.0,4,2024-10-26T22:02:27.172000+00:00,9621,1248
216.5,17.0,63,2024-10-26T22:03:07.029000+00:00,9621,1248
220.1,17.0,44,2024-10-26T22:03:16.973000+00:00,9621,1248
27.7,20.0,11,2024-10-27T20:36:23.336000+00:00,9625,1248
43.7,26.0,1,2024-10-27T20:44:27.853000+00:00,9625,1248
22.5,26.0,18,2024-10-27T20:44:40.117000+00:00,9625,1248
22.5,28.0,44,2024-10-27T20:47:06.135000+00:00,9625,1248
23.2,28.0,10,2024-10-27T20:47:19.832000+00:00,9625,1248
23.0,29.0,27,2024-10-27T20:48:39.546000+00:00,9625,1248
22.1,30.0,4,2024-10-27T20:49:37.650000+00:00,9625,1248
23.3,30.0,20,2024-10-27T20:50:00.714000+00:00,9625,1248
22.8,31.0,16,2024-10-27T20:50:53.944000+00:00,9625,1248
22.4,31.0,63,2024-10-27T20:51:07.569000+00:00,9625,1248
22.2,32.0,55,2024-10-27T20:52:06.323000+00:00,9625,1248
21.8,39.0,81,2024-10-27T21:02:31.923000+00:00,9625,1248
22.5,39.0,30,2024-10-27T21:02:38.313000+00:00,9625,1248
22.9,43.0,24,2024-10-27T21:08:33.292000+00:00,9625,1248
22.1,43.0,11,2024-10-27T21:08:36.612000+00:00,9625,1248
23.8,47.0,43,2024-10-27T21:13:46.967000+00:00,9625,1248
23.2,48.0,31,2024-10-27T21:15:22.916000+00:00,9625,1248
22.5,49.0,77,2024-10-27T21:16:39.185000+00:00,9625,1248
30.2,65.0,30,2024-10-27T21:38:46.077000+00:00,9625,1248
22.6,69.0,16,2024-10-27T21:42:27.842000+00:00,9625,1248
21.9,68.0,11,2024-10-27T21:43:03.974000+00:00,9625,1248
,1.0,77,2024-11-01T14:30:04.245000+00:00,9626,1249
,1.0,10,2024-11-01T14:30:15.347000+00:00,9626,1249
,1.0,24,2024-11-01T14:30:20.719000+00:00,9626,1249
,1.0,31,2024-11-01T14:30:24.556000+00:00,9626,1249
,1.0,18,2024-11-01T14:30:29.567000+00:00,9626,1249
,1.0,14,2024-11-01T14:30:34.886000+00:00,9626,1249
,1.0,50,2024-11-01T14:30:46.234000+00:00,9626,1249
,1.0,81,2024-11-01T14:31:00.151000+00:00,9626,1249
,1.0,44,2024-11-01T14:31:04.355000+00:00,9626,1249
,1.0,11,2024-11-01T14:31:06.434000+00:00,9626,1249
,1.0,16,2024-11-01T14:31:16.231000+00:00,9626,1249
,1.0,4,2024-11-01T14:31:24.246000+00:00,9626,1249
,1.0,55,2024-11-01T14:31:26.902000+00:00,9626,1249
,1.0,63,2024-11-01T14:32:17.121000+00:00,9626,1249
,1.0,27,2024-11-01T14:32:37.126000+00:00,9626,1249
25.8,2.0,18,2024-11-01T14:32:39.292000+00:00,9626,1249
28.9,2.0,14,2024-11-01T14:32:51.745000+00:00,9626,1249
,1.0,1,2024-11-01T14:33:07.411000+00:00,9626,1249
,1.0,22,2024-11-01T14:33:18.649000+00:00,9626,1249
,1.0,30,2024-11-01T14:33:24.456000+00:00,9626,1249
,1.0,43,2024-11-01T14:33:35.361000+00:00,9626,1249
,1.0,23,2024-11-01T14:33:49.722000+00:00,9626,1249
32.5,2.0,23,2024-11-01T14:35:57.164000+00:00,9626,1249
29.2,4.0,11,2024-11-01T14:36:00.708000+00:00,9626,1249
30.6,5.0,14,2024-11-01T14:37:50.891000+00:00,9626,1249
31.7,5.0,18,2024-11-01T14:37:57.893000+00:00,9626,1249
82.6,6.0,50,2024-11-01T14:39:54.503000+00:00,9626,1249
51.4,6.0,27,2024-11-01T14:40:59.846000+00:00,9626,1249
35.2,7.0,11,2024-11-01T14:41:14.147000+00:00,9626,1249
25.4,6.0,1,2024-11-01T14:41:29.604000+00:00,9626,1249
19.8,6.0,43,2024-11-01T14:42:12.904000+00:00,9626,1249
18.6,8.0,16,2024-11-01T14:43:18.926000+00:00,9626,1249
30.7,9.0,55,2024-11-01T14:44:36.183000+00:00,9626,1249
18.5,8.0,23,2024-11-01T14:45:52.874000+00:00,9626,1249
18.2,9.0,22,2024-11-01T14:47:01.407000+00:00,9626,1249
34.1,9.0,30,2024-11-01T14:47:11.852000+00:00,9626,1249
18.0,9.0,43,2024-11-01T14:47:42.888000+00:00,9626,1249
696.2,6.0,77,2024-11-01T14:49:06.142000+00:00,9626,1249
731.9,8.0,81,2024-11-01T14:53:51.967000+00:00,9626,1249
635.6,9.0,4,2024-11-01T14:54:10.447000+00:00,9626,1249
600.7,9.0,50,2024-11-01T14:54:36.026000+00:00,9626,1249
429.2,10.0,1,2024-11-01T14:54:41.427000+00:00,9626,1249
489.8,10.0,44,2024-11-01T14:55:06.568000+00:00,9626,1249
226.0,12.0,43,2024-11-01T14:56:15.013000+00:00,9626,1249
750.7,9.0,14,2024-11-01T14:56:37.826000+00:00,9626,1249
302.9,12.0,30,2024-11-01T14:56:42.385000+00:00,9626,1249
644.0,10.0,18,2024-11-01T14:56:52.865000+00:00,9626,1249
420.7,11.0,22,2024-11-01T14:57:11.768000+00:00,9626,1249
421.6,12.0,27,2024-11-01T14:57:46.968000+00:00,9626,1249
454.2,11.0,23,2024-11-01T14:58:05.229000+00:00,9626,1249
18.1,11.0,81,2024-11-01T14:58:56.435000+00:00,9626,1249
1054.6,8.0,10,2024-11-01T14:59:27.081000+00:00,9626,1249
33.7,13.0,77,2024-11-01T14:59:29.054000+00:00,9626,1249
644.1,12.0,11,2024-11-01T15:00:14.675000+00:00,9626,1249
80.6,12.0,50,2024-11-01T15:00:48.966000+00:00,9626,1249
890.3,11.0,31,2024-11-01T15:01:50.374000+00:00,9626,1249
665.2,13.0,16,2024-11-01T15:02:28.755000+00:00,9626,1249
981.2,11.0,24,2024-11-01T15:03:22.929000+00:00,9626,1249
758.5,13.0,55,2024-11-01T15:03:58.905000+00:00,9626,1249
18.2,18.0,30,2024-11-01T15:05:14.228000+00:00,9626,1249
1278.5,9.0,63,2024-11-01T15:06:35.532000+00:00,9626,1249
26.2,19.0,4,2024-11-01T15:09:27.009000+00:00,9626,1249
22.1,20.0,23,2024-11-01T15:10:12.499000+00:00,9626,1249
478.2,16.0,44,2024-11-01T15:13:46.653000+00:00,9626,1249
362.9,12.0,63,2024-11-01T15:16:54.168000+00:00,9626,1249
442.5,23.0,43,2024-11-01T15:18:03.536000+00:00,9626,1249
248.3,22.0,16,2024-11-01T15:18:35.914000+00:00,9626,1249
313.9,19.0,24,2024-11-01T15:19:22.084000+00:00,9626,1249
224.0,23.0,50,2024-11-01T15:19:36.631000+00:00,9626,1249
488.9,21.0,23,2024-11-01T15:19:42.802000+00:00,9626,1249
137.0,23.0,55,2024-11-01T15:19:52.397000+00:00,9626,1249
818.1,19.0,30,2024-11-01T15:20:36.851000+00:00,9626,1249
363.6,23.0,81,2024-11-01T15:20:40.211000+00:00,9626,1249
385.7,22.0,18,2024-11-01T15:21:10.590000+00:00,9626,1249
598.3,22.0,77,2024-11-01T15:21:17.532000+00:00,9626,1249
751.9,20.0,27,2024-11-01T15:21:32.382000+00:00,9626,1249
429.1,23.0,4,2024-11-01T15:21:44.049000+00:00,9626,1249
456.5,20.0,31,2024-11-01T15:21:47.055000+00:00,9626,1249
269.3,21.0,10,2024-11-01T15:22:00.834000+00:00,9626,1249
512.2,21.0,14,2024-11-01T15:22:16.470000+00:00,9626,1249
20.3,26.0,43,2024-11-01T15:23:22.047000+00:00,9626,1249
578.9,23.0,11,2024-11-01T15:24:13.390000+00:00,9626,1249
926.5,20.0,22,2024-11-01T15:24:33.014000+00:00,9626,1249
40.1,22.0,24,2024-11-01T15:24:48.533000+00:00,9626,1249
24.0,24.0,23,2024-11-01T15:24:51.139000+00:00,9626,1249
34.8,26.0,55,2024-11-01T15:25:24.013000+00:00,9626,1249
28.3,22.0,30,2024-11-01T15:25:25.779000+00:00,9626,1249
18.1,26.0,81,2024-11-01T15:25:36.059000+00:00,9626,1249
620.7,26.0,1,2024-11-01T15:25:40.568000+00:00,9626,1249
90.3,26.0,50,2024-11-01T15:25:46.178000+00:00,9626,1249
18.2,25.0,77,2024-11-01T15:26:26.612000+00:00,9626,1249
26.3,26.0,4,2024-11-01T15:27:00.916000+00:00,9626,1249
20.6,23.0,31,2024-11-01T15:27:13.817000+00:00,9626,1249
26.5,28.0,43,2024-11-01T15:27:18.873000+00:00,9626,1249
31.9,24.0,10,2024-11-01T15:27:28.059000+00:00,9626,1249
90.9,23.0,27,2024-11-01T15:27:54.087000+00:00,9626,1249
25.0,28.0,1,2024-11-01T15:28:55.375000+00:00,9626,1249
25.8,26.0,23,2024-11-01T15:28:57.333000+00:00,9626,1249
123.1,24.0,14,2024-11-01T15:29:07.797000+00:00,9626,1249
31.5,26.0,11,2024-11-01T15:29:15.267000+00:00,9626,1249
18.5,29.0,43,2024-11-01T15:29:24.585000+00:00,9626,1249
27.6,23.0,22,2024-11-01T15:29:39.460000+00:00,9626,1249
,1.0,16,2024-11-01T18:30:03.227000+00:00,9626,1249
,1.0,16,2024-11-01T18:30:03.227000+00:00,9631,1249
,1.0,55,2024-11-01T18:30:06.316000+00:00,9626,1249
,1.0,55,2024-11-01T18:30:06.316000+00:00,9631,1249
,1.0,18,2024-11-01T18:30:11.809000+00:00,9626,1249
,1.0,18,2024-11-01T18:30:11.809000+00:00,9631,1249
,1.0,24,2024-11-01T18:30:16.360000+00:00,9626,1249
,1.0,24,2024-11-01T18:30:16.360000+00:00,9631,1249
,1.0,77,2024-11-01T18:30:19.172000+00:00,9626,1249
,1.0,77,2024-11-01T18:30:19.172000+00:00,9631,1249
,1.0,10,2024-11-01T18:30:27.203000+00:00,9626,1249
,1.0,10,2024-11-01T18:30:27.203000+00:00,9631,1249
,1.0,14,2024-11-01T18:30:34.011000+00:00,9626,1249
,1.0,14,2024-11-01T18:30:34.011000+00:00,9631,1249
,1.0,31,2024-11-01T18:30:37.016000+00:00,9626,1249
,1.0,31,2024-11-01T18:30:37.016000+00:00,9631,1249
,1.0,11,2024-11-01T18:30:43.593000+00:00,9626,1249
,1.0,11,2024-11-01T18:30:43.593000+00:00,9631,1249
,1.0,23,2024-11-01T18:30:50.155000+00:00,9626,1249
,1.0,23,2024-11-01T18:30:50.155000+00:00,9631,1249
,1.0,43,2024-11-01T18:30:54.051000+00:00,9626,1249
,1.0,43,2024-11-01T18:30:54.051000+00:00,9631,1249
,1.0,63,2024-11-01T18:31:13.230000+00:00,9626,1249
,1.0,63,2024-11-01T18:31:13.230000+00:00,9631,1249
,1.0,44,2024-11-01T18:31:18.352000+00:00,9626,1249
,1.0,44,2024-11-01T18:31:18.352000+00:00,9631,1249
,1.0,4,2024-11-01T18:31:28.688000+00:00,9626,1249
,1.0,4,2024-11-01T18:31:28.688000+00:00,9631,1249
,1.0,30,2024-11-01T18:31:37.502000+00:00,9626,1249
,1.0,30,2024-11-01T18:31:37.502000+00:00,9631,1249
,1.0,22,2024-11-01T18:31:47.519000+00:00,9626,1249
,1.0,22,2024-11-01T18:31:47.519000+00:00,9631,1249
,1.0,81,2024-11-01T18:31:50.093000+00:00,9626,1249
,1.0,81,2024-11-01T18:31:50.093000+00:00,9631,1249
,1.0,27,2024-11-01T18:32:22.133000+00:00,9626,1249
,1.0,27,2024-11-01T18:32:22.133000+00:00,9631,1249
,1.0,50,2024-11-01T18:32:24.800000+00:00,9626,1249
,1.0,50,2024-11-01T18:32:24.800000+00:00,9631,1249
,1.0,1,2024-11-01T18:33:17.939000+00:00,9626,1249
,1.0,1,2024-11-01T18:33:17.939000+00:00,9631,1249
141.1,4.0,63,2024-11-01T18:38:10.856000+00:00,9626,1249
141.1,4.0,63,2024-11-01T18:38:10.856000+00:00,9631,1249
104.4,4.0,30,2024-11-01T18:38:16.888000+00:00,9626,1249
104.4,4.0,30,2024-11-01T18:38:16.888000+00:00,9631,1249
126.6,4.0,44,2024-11-01T18:38:18.566000+00:00,9626,1249
126.6,4.0,44,2024-11-01T18:38:18.566000+00:00,9631,1249
177.8,4.0,11,2024-11-01T18:38:20.378000+00:00,9626,1249
177.8,4.0,11,2024-11-01T18:38:20.378000+00:00,9631,1249
78.3,4.0,27,2024-11-01T18:38:21.717000+00:00,9626,1249
78.3,4.0,27,2024-11-01T18:38:21.717000+00:00,9631,1249
96.2,4.0,22,2024-11-01T18:38:24.418000+00:00,9626,1249
96.2,4.0,22,2024-11-01T18:38:24.418000+00:00,9631,1249
197.4,4.0,14,2024-11-01T18:38:26.718000+00:00,9626,1249
197.4,4.0,14,2024-11-01T18:38:26.718000+00:00,9631,1249
226.3,4.0,18,2024-11-01T18:38:27.465000+00:00,9626,1249
226.3,4.0,18,2024-11-01T18:38:27.465000+00:00,9631,1249
75.3,4.0,50,2024-11-01T18:38:30.299000+00:00,9626,1249
75.3,4.0,50,2024-11-01T18:38:30.299000+00:00,9631,1249
224.5,4.0,10,2024-11-01T18:38:43.542000+00:00,9626,1249
224.5,4.0,10,2024-11-01T18:38:43.542000+00:00,9631,1249
209.5,4.0,31,2024-11-01T18:38:50.076000+00:00,9626,1249
209.5,4.0,31,2024-11-01T18:38:50.076000+00:00,9631,1249
255.9,4.0,77,2024-11-01T18:39:03.221000+00:00,9626,1249
255.9,4.0,77,2024-11-01T18:39:03.221000+00:00,9631,1249
175.3,4.0,4,2024-11-01T18:39:18.776000+00:00,9626,1249
175.3,4.0,4,2024-11-01T18:39:18.776000+00:00,9631,1249
218.1,4.0,23,2024-11-01T18:39:24.213000+00:00,9626,1249
218.1,4.0,23,2024-11-01T18:39:24.213000+00:00,9631,1249
210.0,4.0,43,2024-11-01T18:39:35.476000+00:00,9626,1249
210.0,4.0,43,2024-11-01T18:39:35.476000+00:00,9631,1249
305.7,4.0,24,2024-11-01T18:39:50.574000+00:00,9626,1249
305.7,4.0,24,2024-11-01T18:39:50.574000+00:00,9631,1249
188.2,4.0,81,2024-11-01T18:39:59.425000+00:00,9626,1249
188.2,4.0,81,2024-11-01T18:39:59.425000+00:00,9631,1249
395.0,7.0,63,2024-11-01T18:49:03.506000+00:00,9626,1249
395.0,7.0,63,2024-11-01T18:49:03.506000+00:00,9631,1249
288.0,7.0,77,2024-11-01T18:49:08.421000+00:00,9626,1249
288.0,7.0,77,2024-11-01T18:49:08.421000+00:00,9631,1249
310.1,7.0,10,2024-11-01T18:49:16.886000+00:00,9626,1249
310.1,7.0,10,2024-11-01T18:49:16.886000+00:00,9631,1249
303.1,7.0,4,2024-11-01T18:49:26.321000+00:00,9626,1249
303.1,7.0,4,2024-11-01T18:49:26.321000+00:00,9631,1249
405.8,7.0,44,2024-11-01T18:49:31.221000+00:00,9626,1249
405.8,7.0,44,2024-11-01T18:49:31.221000+00:00,9631,1249
367.2,10.0,16,2024-11-01T18:49:33.761000+00:00,9626,1249
367.2,10.0,16,2024-11-01T18:49:33.761000+00:00,9631,1249
350.5,10.0,55,2024-11-01T18:49:37.514000+00:00,9626,1249
350.5,10.0,55,2024-11-01T18:49:37.514000+00:00,9631,1249
439.6,5.0,81,2024-11-01T18:49:45.590000+00:00,9626,1249
439.6,5.0,81,2024-11-01T18:49:45.590000+00:00,9631,1249
574.0,7.0,1,2024-11-01T18:51:46.322000+00:00,9626,1249
574.0,7.0,1,2024-11-01T18:51:46.322000+00:00,9631,1249
536.5,7.0,11,2024-11-01T18:51:49.579000+00:00,9626,1249
536.5,7.0,11,2024-11-01T18:51:49.579000+00:00,9631,1249
477.0,7.0,23,2024-11-01T18:52:31.848000+00:00,9626,1249
477.0,7.0,23,2024-11-01T18:52:31.848000+00:00,9631,1249
484.9,7.0,43,2024-11-01T18:52:42.707000+00:00,9626,1249
484.9,7.0,43,2024-11-01T18:52:42.707000+00:00,9631,1249
859.6,6.0,27,2024-11-01T18:55:55.835000+00:00,9626,1249
859.6,6.0,27,2024-11-01T18:55:55.835000+00:00,9631,1249
724.9,7.0,50,2024-11-01T18:55:57.746000+00:00,9626,1249
724.9,7.0,50,2024-11-01T18:55:57.746000+00:00,9631,1249
179.7,10.0,63,2024-11-01T18:56:02.933000+00:00,9626,1249
179.7,10.0,63,2024-11-01T18:56:02.933000+00:00,9631,1249
900.5,6.0,30,2024-11-01T18:56:06.822000+00:00,9626,1249
900.5,6.0,30,2024-11-01T18:56:06.822000+00:00,9631,1249
163.5,10.0,10,2024-11-01T18:56:16.122000+00:00,9626,1249
163.5,10.0,10,2024-11-01T18:56:16.122000+00:00,9631,1249
123.6,8.0,81,2024-11-01T18:56:21.381000+00:00,9626,1249
123.6,8.0,81,2024-11-01T18:56:21.381000+00:00,9631,1249
148.4,13.0,16,2024-11-01T18:56:26.662000+00:00,9626,1249
148.4,13.0,16,2024-11-01T18:56:26.662000+00:00,9631,1249
204.1,10.0,77,2024-11-01T18:56:32.003000+00:00,9626,1249
204.1,10.0,77,2024-11-01T18:56:32.003000+00:00,9631,1249
90.9,11.0,44,2024-11-01T18:56:40.239000+00:00,9626,1249
90.9,11.0,44,2024-11-01T18:56:40.239000+00:00,9631,1249
101.6,10.0,11,2024-11-01T18:57:47.774000+00:00,9626,1249
101.6,10.0,11,2024-11-01T18:57:47.774000+00:00,9631,1249
303.6,11.0,81,2024-11-01T19:06:04.456000+00:00,9626,1249
303.6,11.0,81,2024-11-01T19:06:04.456000+00:00,9631,1249
750.3,10.0,4,2024-11-01T19:06:16.545000+00:00,9626,1249
750.3,10.0,4,2024-11-01T19:06:16.545000+00:00,9631,1249
612.0,10.0,23,2024-11-01T19:06:53.426000+00:00,9626,1249
612.0,10.0,23,2024-11-01T19:06:53.426000+00:00,9631,1249
541.7,13.0,10,2024-11-01T19:09:59.376000+00:00,9626,1249
541.7,13.0,10,2024-11-01T19:09:59.376000+00:00,9631,1249
589.9,10.0,50,2024-11-01T19:10:04.173000+00:00,9626,1249
589.9,10.0,50,2024-11-01T19:10:04.173000+00:00,9631,1249
570.7,9.0,30,2024-11-01T19:10:07.895000+00:00,9626,1249
570.7,9.0,30,2024-11-01T19:10:07.895000+00:00,9631,1249
969.0,13.0,55,2024-11-01T19:10:12.452000+00:00,9626,1249
969.0,13.0,55,2024-11-01T19:10:12.452000+00:00,9631,1249
544.6,16.0,16,2024-11-01T19:10:21.342000+00:00,9626,1249
544.6,16.0,16,2024-11-01T19:10:21.342000+00:00,9631,1249
18.8,14.0,81,2024-11-01T19:10:36.897000+00:00,9626,1249
18.8,14.0,81,2024-11-01T19:10:36.897000+00:00,9631,1249
32.7,13.0,4,2024-11-01T19:10:56.802000+00:00,9626,1249
32.7,13.0,4,2024-11-01T19:10:56.802000+00:00,9631,1249
905.1,10.0,1,2024-11-01T19:11:04.884000+00:00,9626,1249
905.1,10.0,1,2024-11-01T19:11:04.884000+00:00,9631,1249
679.1,13.0,63,2024-11-01T19:11:45.139000+00:00,9626,1249
679.1,13.0,63,2024-11-01T19:11:45.139000+00:00,9631,1249
46.4,1.0,236,2024-11-03T08:53:29.822000+00:00,9627,1249
,1.0,23,2024-11-03T10:30:04.154000+00:00,9627,1249
,1.0,4,2024-11-03T10:30:07.798000+00:00,9627,1249
,1.0,10,2024-11-03T10:30:14.610000+00:00,9627,1249
,1.0,31,2024-11-03T10:30:19.067000+00:00,9627,1249
,1.0,30,2024-11-03T10:30:24.256000+00:00,9627,1249
,1.0,22,2024-11-03T10:30:32.076000+00:00,9627,1249
,1.0,24,2024-11-03T10:30:37.482000+00:00,9627,1249
,1.0,77,2024-11-03T10:30:39.728000+00:00,9627,1249
,1.0,16,2024-11-03T10:30:44.155000+00:00,9627,1249
,1.0,55,2024-11-03T10:30:46.827000+00:00,9627,1249
,1.0,14,2024-11-03T10:30:53.427000+00:00,9627,1249
,1.0,18,2024-11-03T10:30:58.913000+00:00,9627,1249
,1.0,63,2024-11-03T10:31:01.536000+00:00,9627,1249
,1.0,44,2024-11-03T10:31:05.165000+00:00,9627,1249
,1.0,27,2024-11-03T10:31:07.954000+00:00,9627,1249
,1.0,81,2024-11-03T10:31:10.247000+00:00,9627,1249
,1.0,1,2024-11-03T10:31:12.249000+00:00,9627,1249
,1.0,43,2024-11-03T10:31:16.190000+00:00,9627,1249
,1.0,11,2024-11-03T10:31:19.554000+00:00,9627,1249
,1.0,50,2024-11-03T10:31:22.073000+00:00,9627,1249
25.2,3.0,77,2024-11-03T10:34:42.135000+00:00,9627,1249
,7.0,10,2024-11-03T10:47:04.588000+00:00,9627,1249
,7.0,4,2024-11-03T10:47:10.810000+00:00,9627,1249
,6.0,27,2024-11-03T10:47:15.135000+00:00,9627,1249
,6.0,30,2024-11-03T10:47:20.195000+00:00,9627,1249
,7.0,31,2024-11-03T10:47:25.292000+00:00,9627,1249
,6.0,24,2024-11-03T10:47:31.609000+00:00,9627,1249
796.6,6.0,77,2024-11-03T10:47:33.341000+00:00,9627,1249
,6.0,81,2024-11-03T10:47:36.125000+00:00,9627,1249
,6.0,55,2024-11-03T10:47:40.006000+00:00,9627,1249
,7.0,16,2024-11-03T10:47:46.805000+00:00,9627,1249
,6.0,44,2024-11-03T10:47:56.122000+00:00,9627,1249
,7.0,22,2024-11-03T10:48:04.421000+00:00,9627,1249
,7.0,23,2024-11-03T10:48:07.758000+00:00,9627,1249
,6.0,50,2024-11-03T10:48:10.919000+00:00,9627,1249
,6.0,63,2024-11-03T10:48:12.485000+00:00,9627,1249
,6.0,1,2024-11-03T10:48:16.566000+00:00,9627,1249
,6.0,11,2024-11-03T10:48:21.093000+00:00,9627,1249
,6.0,14,2024-11-03T10:49:41.466000+00:00,9627,1249
,6.0,18,2024-11-03T10:49:44.762000+00:00,9627,1249
330.8,12.0,55,2024-11-03T11:03:02.669000+00:00,9627,1249
418.3,12.0,16,2024-11-03T11:03:07.557000+00:00,9627,1249
297.1,13.0,22,2024-11-03T11:03:13.583000+00:00,9627,1249
268.9,13.0,30,2024-11-03T11:03:18.731000+00:00,9627,1249
291.5,12.0,63,2024-11-03T11:03:21.250000+00:00,9627,1249
312.5,11.0,18,2024-11-03T11:03:25.647000+00:00,9627,1249
270.4,13.0,77,2024-11-03T11:03:27.170000+00:00,9627,1249
309.7,13.0,23,2024-11-03T11:03:29.392000+00:00,9627,1249
323.9,11.0,14,2024-11-03T11:03:30.588000+00:00,9627,1249
388.6,11.0,11,2024-11-03T11:03:37.359000+00:00,9627,1249
290.2,14.0,31,2024-11-03T11:03:41.789000+00:00,9627,1249
304.2,14.0,4,2024-11-03T11:03:47.772000+00:00,9627,1249
321.5,14.0,10,2024-11-03T11:04:03.185000+00:00,9627,1249
305.9,12.0,1,2024-11-03T11:04:05.585000+00:00,9627,1249
478.3,11.0,81,2024-11-03T11:04:22.272000+00:00,9627,1249
26.8,16.0,22,2024-11-03T11:08:34.505000+00:00,9627,1249
28.0,15.0,63,2024-11-03T11:08:41.516000+00:00,9627,1249
27.6,16.0,30,2024-11-03T11:08:48.058000+00:00,9627,1249
25.8,14.0,18,2024-11-03T11:08:55.890000+00:00,9627,1249
25.2,16.0,77,2024-11-03T11:09:00.093000+00:00,9627,1249
26.2,14.0,14,2024-11-03T11:09:12.708000+00:00,9627,1249
26.0,16.0,23,2024-11-03T11:09:16.045000+00:00,9627,1249
30.2,14.0,11,2024-11-03T11:09:30.138000+00:00,9627,1249
29.3,17.0,31,2024-11-03T11:09:32.362000+00:00,9627,1249
32.5,17.0,4,2024-11-03T11:09:38.359000+00:00,9627,1249
27.1,17.0,10,2024-11-03T11:09:49.735000+00:00,9627,1249
25.7,16.0,55,2024-11-03T11:09:53.373000+00:00,9627,1249
25.1,15.0,1,2024-11-03T11:09:56.090000+00:00,9627,1249
27.1,16.0,16,2024-11-03T11:10:13.996000+00:00,9627,1249
657.4,19.0,4,2024-11-03T11:20:03.189000+00:00,9627,1249
720.0,19.0,22,2024-11-03T11:20:07.732000+00:00,9627,1249
680.5,18.0,23,2024-11-03T11:20:10.569000+00:00,9627,1249
712.5,19.0,30,2024-11-03T11:20:12.976000+00:00,9627,1249
1433.5,16.0,81,2024-11-03T11:20:17.487000+00:00,9627,1249
698.3,16.0,14,2024-11-03T11:20:24.750000+00:00,9627,1249
711.7,19.0,77,2024-11-03T11:20:26.589000+00:00,9627,1249
740.3,18.0,63,2024-11-03T11:20:33.825000+00:00,9627,1249
731.0,17.0,18,2024-11-03T11:20:41.153000+00:00,9627,1249
683.4,19.0,10,2024-11-03T11:20:45.975000+00:00,9627,1249
704.8,19.0,31,2024-11-03T11:20:47.877000+00:00,9627,1249
678.9,17.0,1,2024-11-03T11:20:50.129000+00:00,9627,1249
713.1,16.0,11,2024-11-03T11:20:52.950000+00:00,9627,1249
675.6,18.0,16,2024-11-03T11:21:02.532000+00:00,9627,1249
1680.6,22.0,31,2024-11-03T11:37:03.919000+00:00,9627,1249
1697.3,22.0,23,2024-11-03T11:37:07.628000+00:00,9627,1249
2445.8,20.0,81,2024-11-03T11:37:10.058000+00:00,9627,1249
1689.3,23.0,4,2024-11-03T11:37:15.359000+00:00,9627,1249
1743.1,23.0,30,2024-11-03T11:37:23.614000+00:00,9627,1249
1720.6,19.0,14,2024-11-03T11:37:27.017000+00:00,9627,1249
1764.7,23.0,22,2024-11-03T11:37:32.366000+00:00,9627,1249
1687.5,21.0,16,2024-11-03T11:37:54.434000+00:00,9627,1249
1812.9,21.0,63,2024-11-03T11:38:26.408000+00:00,9627,1249
2748.9,24.0,63,2024-11-03T11:54:02.652000+00:00,9627,1249
2704.7,27.0,4,2024-11-03T11:54:10.545000+00:00,9627,1249
2725.1,26.0,23,2024-11-03T11:54:15.064000+00:00,9627,1249
3477.0,24.0,81,2024-11-03T11:54:20.966000+00:00,9627,1249
2718.5,26.0,31,2024-11-03T11:54:21.596000+00:00,9627,1249
2680.2,24.0,16,2024-11-03T11:54:27.053000+00:00,9627,1249
2786.6,26.0,22,2024-11-03T11:54:34.546000+00:00,9627,1249
2788.9,26.0,30,2024-11-03T11:54:49.477000+00:00,9627,1249
3541.5,28.0,31,2024-11-03T12:08:04.563000+00:00,9627,1249
3545.5,30.0,4,2024-11-03T12:08:11.382000+00:00,9627,1249
4309.8,26.0,81,2024-11-03T12:08:13.758000+00:00,9627,1249
3508.2,26.0,16,2024-11-03T12:08:15.103000+00:00,9627,1249
3649.9,28.0,30,2024-11-03T12:09:10.351000+00:00,9627,1249
3668.7,28.0,22,2024-11-03T12:09:16.421000+00:00,9627,1249
3696.5,27.0,63,2024-11-03T12:09:50.018000+00:00,9627,1249
24.5,24.0,16,2024-11-03T16:24:31.631000+00:00,9636,1249
25.3,25.0,27,2024-11-03T16:26:10.413000+00:00,9636,1249
25.2,26.0,43,2024-11-03T16:27:49.196000+00:00,9636,1249
26.0,27.0,81,2024-11-03T16:29:04.218000+00:00,9636,1249
25.1,27.0,14,2024-11-03T16:29:06.838000+00:00,9636,1249
25.2,27.0,44,2024-11-03T16:29:21.075000+00:00,9636,1249
25.9,27.0,55,2024-11-03T16:29:28.104000+00:00,9636,1249
35.7,27.0,50,2024-11-03T16:29:29.277000+00:00,9636,1249
26.6,27.0,11,2024-11-03T16:29:31.909000+00:00,9636,1249
25.2,27.0,24,2024-11-03T16:29:58.131000+00:00,9636,1249
25.6,28.0,63,2024-11-03T16:30:26.235000+00:00,9636,1249
24.7,28.0,4,2024-11-03T16:30:26.835000+00:00,9636,1249
25.4,28.0,22,2024-11-03T16:30:42.947000+00:00,9636,1249
28.1,28.0,30,2024-11-03T16:31:04.276000+00:00,9636,1249
27.0,28.0,24,2024-11-03T16:32:05.918000+00:00,9636,1249
58.9,27.0,27,2024-11-03T16:32:21.001000+00:00,9636,1249
25.2,30.0,43,2024-11-03T16:35:28.479000+00:00,9636,1249
28.5,29.0,27,2024-11-03T16:36:46.859000+00:00,9636,1249
1283.1,31.0,24,2024-11-03T17:00:06.199000+00:00,9636,1249
1408.6,32.0,31,2024-11-03T17:02:07.040000+00:00,9636,1249
1409.3,32.0,1,2024-11-03T17:02:09.788000+00:00,9636,1249
1407.5,32.0,10,2024-11-03T17:02:13.315000+00:00,9636,1249
1415.3,32.0,4,2024-11-03T17:02:22.123000+00:00,9636,1249
1415.8,32.0,63,2024-11-03T17:02:27.963000+00:00,9636,1249
1419.0,32.0,22,2024-11-03T17:02:32.857000+00:00,9636,1249
1420.2,32.0,16,2024-11-03T17:02:36.466000+00:00,9636,1249
1420.2,32.0,81,2024-11-03T17:02:39.343000+00:00,9636,1249
1422.8,32.0,14,2024-11-03T17:02:44.066000+00:00,9636,1249
1422.7,32.0,30,2024-11-03T17:02:46.841000+00:00,9636,1249
1425.7,32.0,44,2024-11-03T17:02:51.473000+00:00,9636,1249
1422.0,32.0,77,2024-11-03T17:02:53.242000+00:00,9636,1249
1424.6,32.0,55,2024-11-03T17:02:57.164000+00:00,9636,1249
1425.2,32.0,11,2024-11-03T17:02:59.628000+00:00,9636,1249
1424.7,32.0,50,2024-11-03T17:03:01.408000+00:00,9636,1249
68.5,32.0,24,2024-11-03T17:03:04.663000+00:00,9636,1249
,1.0,81,2024-11-22T02:30:05.285000+00:00,9637,1250
,1.0,24,2024-11-22T02:30:08.171000+00:00,9637,1250
,1.0,31,2024-11-22T02:30:11.187000+00:00,9637,1250
,1.0,10,2024-11-22T02:30:12.939000+00:00,9637,1250
,1.0,22,2024-11-22T02:30:16.534000+00:00,9637,1250
,1.0,77,2024-11-22T02:30:22.508000+00:00,9637,1250
,1.0,43,2024-11-22T02:30:31.845000+00:00,9637,1250
,1.0,20,2024-11-22T02:30:33.965000+00:00,9637,1250
,1.0,30,2024-11-22T02:30:37.003000+00:00,9637,1250
,1.0,16,2024-11-22T02:30:42.116000+00:00,9637,1250
,1.0,55,2024-11-22T02:30:48.222000+00:00,9637,1250
,1.0,4,2024-11-22T02:31:08.252000+00:00,9637,1250
,1.0,11,2024-11-22T02:31:31.514000+00:00,9637,1250
,1.0,1,2024-11-22T02:31:44.504000+00:00,9637,1250
,1.0,63,2024-11-22T02:31:52.779000+00:00,9637,1250
,1.0,44,2024-11-22T02:32:04.692000+00:00,9637,1250
,1.0,18,2024-11-22T02:32:58.966000+00:00,9637,1250
,1.0,27,2024-11-22T02:33:18.366000+00:00,9637,1250
,1.0,14,2024-11-22T02:33:23.747000+00:00,9637,1250
,1.0,23,2024-11-22T02:34:08.904000+00:00,9637,1250
282.5,2.0,81,2024-11-22T02:36:59.267000+00:00,9637,1250
23.8,3.0,81,2024-11-22T02:39:39.761000+00:00,9637,1250
472.4,2.0,31,2024-11-22T02:40:24.396000+00:00,9637,1250
505.1,2.0,10,2024-11-22T02:40:46.968000+00:00,9637,1250
34.6,7.0,20,2024-11-22T02:42:41.442000+00:00,9637,1250
33.4,10.0,43,2024-11-22T02:48:13.153000+00:00,9637,1250
32.8,9.0,27,2024-11-22T02:48:48.757000+00:00,9637,1250
404.0,7.0,14,2024-11-22T02:51:01.416000+00:00,9637,1250
591.5,7.0,18,2024-11-22T02:54:15.688000+00:00,9637,1250
595.7,10.0,4,2024-11-22T02:57:14.563000+00:00,9637,1250
768.9,9.0,24,2024-11-22T02:59:01.516000+00:00,9637,1250
671.3,11.0,77,2024-11-22T03:00:12.156000+00:00,9637,1250
728.6,10.0,20,2024-11-22T03:00:27.844000+00:00,9637,1250
605.7,10.0,27,2024-11-22T03:00:47.390000+00:00,9637,1250
661.1,11.0,43,2024-11-22T03:01:16.198000+00:00,9637,1250
566.9,13.0,16,2024-11-22T03:02:21.012000+00:00,9637,1250
468.0,14.0,22,2024-11-22T03:03:20.336000+00:00,9637,1250
835.4,10.0,23,2024-11-22T03:04:28.968000+00:00,9637,1250
552.4,14.0,44,2024-11-22T03:04:40.429000+00:00,9637,1250
555.0,14.0,63,2024-11-22T03:05:13.521000+00:00,9637,1250
408.5,16.0,30,2024-11-22T03:05:42.777000+00:00,9637,1250
749.8,11.0,81,2024-11-22T03:06:38.686000+00:00,9637,1250
620.8,15.0,55,2024-11-22T03:07:12.447000+00:00,9637,1250
674.0,12.0,31,2024-11-22T03:09:17.312000+00:00,9637,1250
773.3,12.0,10,2024-11-22T03:11:43.390000+00:00,9637,1250
372.0,15.0,4,2024-11-22T03:12:00.322000+00:00,9637,1250
862.1,15.0,1,2024-11-22T03:12:43.108000+00:00,9637,1250
24.4,15.0,23,2024-11-22T03:13:29.326000+00:00,9637,1250
23.9,17.0,27,2024-11-22T03:13:55.445000+00:00,9637,1250
995.4,15.0,11,2024-11-22T03:14:05.212000+00:00,9637,1250
544.4,17.0,14,2024-11-22T03:17:40.130000+00:00,9637,1250
417.3,17.0,18,2024-11-22T03:18:16.386000+00:00,9637,1250
24.9,20.0,43,2024-11-22T03:18:20.662000+00:00,9637,1250
29.8,22.0,63,2024-11-22T03:19:04.460000+00:00,9637,1250
30.3,18.0,81,2024-11-22T03:20:01.018000+00:00,9637,1250
326.0,18.0,20,2024-11-22T03:21:54.114000+00:00,9637,1250
382.4,18.0,27,2024-11-22T03:22:15.758000+00:00,9637,1250
406.1,18.0,24,2024-11-22T03:23:09.856000+00:00,9637,1250
257.3,23.0,30,2024-11-22T03:23:14.434000+00:00,9637,1250
443.6,20.0,77,2024-11-22T03:23:48.900000+00:00,9637,1250
25.8,20.0,31,2024-11-22T03:23:50.426000+00:00,9637,1250
428.2,21.0,44,2024-11-22T03:23:56.336000+00:00,9637,1250
318.7,22.0,16,2024-11-22T03:24:40.819000+00:00,9637,1250
257.5,22.0,55,2024-11-22T03:24:57.715000+00:00,9637,1250
21.8,23.0,4,2024-11-22T03:26:21.261000+00:00,9637,1250
765.8,20.0,22,2024-11-22T03:27:35.615000+00:00,9637,1250
,1.0,10,2024-11-22T06:00:21.091000+00:00,9638,1250
,1.0,31,2024-11-22T06:00:24.125000+00:00,9638,1250
,1.0,77,2024-11-22T06:00:29.369000+00:00,9638,1250
,1.0,43,2024-11-22T06:00:41.410000+00:00,9638,1250
,1.0,24,2024-11-22T06:00:48.862000+00:00,9638,1250
,1.0,20,2024-11-22T06:00:55.576000+00:00,9638,1250
,1.0,16,2024-11-22T06:01:07.858000+00:00,9638,1250
,1.0,4,2024-11-22T06:01:19.378000+00:00,9638,1250
,1.0,63,2024-11-22T06:01:20.302000+00:00,9638,1250
,1.0,18,2024-11-22T06:01:24.572000+00:00,9638,1250
,1.0,81,2024-11-22T06:01:30.550000+00:00,9638,1250
,1.0,55,2024-11-22T06:01:36.256000+00:00,9638,1250
,1.0,44,2024-11-22T06:01:43.956000+00:00,9638,1250
,1.0,14,2024-11-22T06:01:46.966000+00:00,9638,1250
,1.0,1,2024-11-22T06:01:50.116000+00:00,9638,1250
,1.0,27,2024-11-22T06:01:56.482000+00:00,9638,1250
,1.0,23,2024-11-22T06:04:02.257000+00:00,9638,1250
,1.0,22,2024-11-22T06:04:08.526000+00:00,9638,1250
,1.0,11,2024-11-22T06:04:21.620000+00:00,9638,1250
,1.0,30,2024-11-22T06:04:44.920000+00:00,9638,1250
29.6,6.0,22,2024-11-22T06:14:03.867000+00:00,9638,1250
169.8,9.0,43,2024-11-22T06:17:37.582000+00:00,9638,1250
355.5,8.0,18,2024-11-22T06:19:37.723000+00:00,9638,1250
560.3,7.0,14,2024-11-22T06:21:59.711000+00:00,9638,1250
451.7,9.0,77,2024-11-22T06:22:26.132000+00:00,9638,1250
394.9,9.0,63,2024-11-22T06:22:28.561000+00:00,9638,1250
263.2,10.0,24,2024-11-22T06:22:33.129000+00:00,9638,1250
297.5,11.0,10,2024-11-22T06:23:19.195000+00:00,9638,1250
615.4,9.0,31,2024-11-22T06:25:17.640000+00:00,9638,1250
522.0,9.0,44,2024-11-22T06:25:33.821000+00:00,9638,1250
773.9,7.0,27,2024-11-22T06:25:52.415000+00:00,9638,1250
736.6,8.0,4,2024-11-22T06:26:07.536000+00:00,9638,1250
357.6,12.0,16,2024-11-22T06:26:18.884000+00:00,9638,1250
290.7,12.0,55,2024-11-22T06:26:29.697000+00:00,9638,1250
623.7,9.0,81,2024-11-22T06:26:43.420000+00:00,9638,1250
531.6,9.0,11,2024-11-22T06:27:41.179000+00:00,9638,1250
1217.6,5.0,20,2024-11-22T06:28:50.512000+00:00,9638,1250
564.5,9.0,22,2024-11-22T06:29:01.845000+00:00,9638,1250
600.0,9.0,30,2024-11-22T06:29:40.184000+00:00,9638,1250
27.1,10.0,4,2024-11-22T06:29:52.497000+00:00,9638,1250
753.5,11.0,1,2024-11-22T06:32:37.311000+00:00,9638,1250
29.6,12.0,22,2024-11-22T06:35:09.611000+00:00,9638,1250
1556.7,4.0,23,2024-11-22T06:35:16.476000+00:00,9638,1250
544.2,15.0,18,2024-11-22T06:41:09.960000+00:00,9638,1250
1980.3,10.0,20,2024-11-22T06:41:33.118000+00:00,9638,1250
472.9,18.0,43,2024-11-22T06:41:39.226000+00:00,9638,1250
398.1,18.0,10,2024-11-22T06:42:33.832000+00:00,9638,1250
444.8,17.0,24,2024-11-22T06:43:06.743000+00:00,9638,1250
1636.2,17.0,63,2024-11-22T06:43:09.917000+00:00,9638,1250
840.9,14.0,4,2024-11-22T06:43:26.186000+00:00,9638,1250
1635.9,15.0,81,2024-11-22T06:43:35.500000+00:00,9638,1250
1413.1,14.0,1,2024-11-22T06:43:37.011000+00:00,9638,1250
1329.4,18.0,55,2024-11-22T06:43:48.428000+00:00,9638,1250
1867.3,13.0,27,2024-11-22T06:44:05.839000+00:00,9638,1250
1765.2,17.0,77,2024-11-22T06:44:19.699000+00:00,9638,1250
1534.5,14.0,11,2024-11-22T06:44:24.126000+00:00,9638,1250
505.5,15.0,31,2024-11-22T06:44:34.244000+00:00,9638,1250
22.4,18.0,24,2024-11-22T06:45:16.742000+00:00,9638,1250
657.5,13.0,22,2024-11-22T06:45:37.483000+00:00,9638,1250
1568.1,14.0,30,2024-11-22T06:45:48.178000+00:00,9638,1250
21.3,18.0,77,2024-11-22T06:46:25.073000+00:00,9638,1250
2033.2,16.0,14,2024-11-22T06:46:32.616000+00:00,9638,1250
1572.6,19.0,16,2024-11-22T06:46:33.924000+00:00,9638,1250
1846.5,16.0,44,2024-11-22T06:47:38.301000+00:00,9638,1250
271.9,14.0,20,2024-11-22T06:53:01.316000+00:00,9638,1250
23.7,24.0,18,2024-11-22T06:56:54.750000+00:00,9638,1250
20.9,24.0,81,2024-11-22T06:58:48.533000+00:00,9638,1250
21.6,23.0,4,2024-11-22T06:59:04.623000+00:00,9638,1250
21.7,28.0,43,2024-11-22T06:59:13.262000+00:00,9638,1250
,1.0,24,2024-11-23T02:30:16.388000+00:00,9639,1250
,1.0,11,2024-11-23T02:31:32.063000+00:00,9639,1250
,1.0,44,2024-11-23T02:32:01.716000+00:00,9639,1250
,1.0,18,2024-11-23T02:32:12.973000+00:00,9639,1250
,1.0,14,2024-11-23T02:32:29.345000+00:00,9639,1250
33.7,2.0,24,2024-11-23T02:32:57.741000+00:00,9639,1250
31.3,2.0,44,2024-11-23T02:34:26.221000+00:00,9639,1250
23.2,2.0,18,2024-11-23T02:34:39.930000+00:00,9639,1250
28.9,2.0,14,2024-11-23T02:34:52.784000+00:00,9639,1250
,1.0,30,2024-11-23T02:35:06.234000+00:00,9639,1250
,1.0,63,2024-11-23T02:36:13.075000+00:00,9639,1250
22.4,3.0,18,2024-11-23T02:37:01.098000+00:00,9639,1250
25.4,3.0,14,2024-11-23T02:37:14.157000+00:00,9639,1250
25.7,2.0,30,2024-11-23T02:37:36.146000+00:00,9639,1250
38.6,2.0,63,2024-11-23T02:39:00.574000+00:00,9639,1250
,1.0,22,2024-11-23T02:39:26.030000+00:00,9639,1250
24.7,2.0,22,2024-11-23T02:41:50.823000+00:00,9639,1250
,1.0,1,2024-11-23T02:45:34.937000+00:00,9639,1250
534.5,4.0,11,2024-11-23T02:46:00.250000+00:00,9639,1250
357.2,3.0,22,2024-11-23T02:49:42.824000+00:00,9639,1250
,1.0,4,2024-11-23T02:49:53.045000+00:00,9639,1250
,1.0,81,2024-11-23T02:51:49.952000+00:00,9639,1250
1029.7,3.0,24,2024-11-23T02:52:10.549000+00:00,9639,1250
829.7,4.0,18,2024-11-23T02:52:45.938000+00:00,9639,1250
802.1,3.0,30,2024-11-23T02:53:00.233000+00:00,9639,1250
,1.0,77,2024-11-23T02:53:17.678000+00:00,9639,1250
,1.0,16,2024-11-23T02:55:04.455000+00:00,9639,1250
,1.0,20,2024-11-23T02:55:14.834000+00:00,9639,1250
1149.9,3.0,44,2024-11-23T02:55:30.577000+00:00,9639,1250
,1.0,27,2024-11-23T02:55:41.750000+00:00,9639,1250
,1.0,55,2024-11-23T02:55:53.789000+00:00,9639,1250
894.7,3.0,63,2024-11-23T02:56:02.173000+00:00,9639,1250
1075.2,4.0,14,2024-11-23T02:57:08.158000+00:00,9639,1250
,1.0,43,2024-11-23T02:57:51.911000+00:00,9639,1250
,1.0,10,2024-11-23T02:57:53.368000+00:00,9639,1250
,1.0,31,2024-11-23T02:57:56.251000+00:00,9639,1250
,1.0,23,2024-11-23T02:58:27.069000+00:00,9639,1250
23.8,7.0,16,2024-11-23T03:06:10.510000+00:00,9639,1250
33.7,7.0,20,2024-11-23T03:06:58.080000+00:00,9639,1250
21.8,11.0,24,2024-11-23T03:07:43.037000+00:00,9639,1250
27.7,7.0,55,2024-11-23T03:07:57.061000+00:00,9639,1250
23.2,9.0,77,2024-11-23T03:08:13.555000+00:00,9639,1250
27.5,10.0,27,2024-11-23T03:12:29.622000+00:00,9639,1250
231.0,11.0,63,2024-11-23T03:15:09.707000+00:00,9639,1250
772.7,11.0,1,2024-11-23T03:15:50.720000+00:00,9639,1250
665.9,15.0,11,2024-11-23T03:15:52.183000+00:00,9639,1250
890.6,8.0,4,2024-11-23T03:17:06.864000+00:00,9639,1250
775.1,8.0,81,2024-11-23T03:17:21.787000+00:00,9639,1250
317.6,9.0,43,2024-11-23T03:17:35.106000+00:00,9639,1250
286.2,12.0,44,2024-11-23T03:18:05.240000+00:00,9639,1250
202.1,10.0,23,2024-11-23T03:18:09.483000+00:00,9639,1250
228.3,11.0,55,2024-11-23T03:18:38.146000+00:00,9639,1250
595.5,8.0,20,2024-11-23T03:18:44.484000+00:00,9639,1250
24.4,9.0,4,2024-11-23T03:19:15.887000+00:00,9639,1250
503.4,13.0,30,2024-11-23T03:19:30.484000+00:00,9639,1250
292.3,10.0,10,2024-11-23T03:19:34.019000+00:00,9639,1250
759.9,12.0,18,2024-11-23T03:19:54.172000+00:00,9639,1250
515.4,12.0,14,2024-11-23T03:20:04.234000+00:00,9639,1250
405.5,11.0,16,2024-11-23T03:20:06.511000+00:00,9639,1250
357.0,11.0,27,2024-11-23T03:20:09.999000+00:00,9639,1250
618.3,10.0,77,2024-11-23T03:20:21.838000+00:00,9639,1250
638.7,12.0,24,2024-11-23T03:20:27.385000+00:00,9639,1250
337.4,10.0,31,2024-11-23T03:20:36.379000+00:00,9639,1250
660.6,14.0,22,2024-11-23T03:21:14.047000+00:00,9639,1250
1214.1,11.0,20,2024-11-23T03:29:03.060000+00:00,9639,1250
894.2,13.0,27,2024-11-23T03:29:07.305000+00:00,9639,1250
1145.3,12.0,77,2024-11-23T03:29:08.895000+00:00,9639,1250
1164.3,14.0,24,2024-11-23T03:29:12.874000+00:00,9639,1250
1087.5,16.0,30,2024-11-23T03:29:14.703000+00:00,9639,1250
1142.4,16.0,22,2024-11-23T03:29:15.803000+00:00,9639,1250
861.4,12.0,31,2024-11-23T03:29:20.480000+00:00,9639,1250
1031.0,13.0,43,2024-11-23T03:29:28.425000+00:00,9639,1250
888.9,13.0,10,2024-11-23T03:29:30.708000+00:00,9639,1250
887.5,13.0,23,2024-11-23T03:29:34.899000+00:00,9639,1250
1511.1,12.0,81,2024-11-23T03:29:37.755000+00:00,9639,1250
982.4,13.0,16,2024-11-23T03:29:43.334000+00:00,9639,1250
896.3,14.0,55,2024-11-23T03:29:46.186000+00:00,9639,1250
990.3,15.0,44,2024-11-23T03:29:49.339000+00:00,9639,1250
1101.9,14.0,14,2024-11-23T03:29:50.681000+00:00,9639,1250
660.8,12.0,4,2024-11-23T03:29:52.461000+00:00,9639,1250
1616.1,15.0,1,2024-11-23T03:29:54.269000+00:00,9639,1250
1117.0,16.0,63,2024-11-23T03:29:55.704000+00:00,9639,1250
,1.0,63,2024-11-23T06:00:03.167000+00:00,9640,1250
,1.0,30,2024-11-23T06:00:06.472000+00:00,9640,1250
,1.0,23,2024-11-23T06:00:09.758000+00:00,9640,1250
,1.0,10,2024-11-23T06:00:11.856000+00:00,9640,1250
,1.0,31,2024-11-23T06:00:15.627000+00:00,9640,1250
,1.0,77,2024-11-23T06:00:17.755000+00:00,9640,1250
,1.0,24,2024-11-23T06:00:24.111000+00:00,9640,1250
,1.0,22,2024-11-23T06:00:26.957000+00:00,9640,1250
,1.0,43,2024-11-23T06:00:33.753000+00:00,9640,1250
,1.0,14,2024-11-23T06:00:45.924000+00:00,9640,1250
,1.0,11,2024-11-23T06:01:12.905000+00:00,9640,1250
,1.0,81,2024-11-23T06:01:35.052000+00:00,9640,1250
,1.0,4,2024-11-23T06:03:25.026000+00:00,9640,1250
,1.0,1,2024-11-23T06:03:26.228000+00:00,9640,1250
,1.0,44,2024-11-23T06:03:31.191000+00:00,9640,1250
95.8,2.0,63,2024-11-23T06:03:38.300000+00:00,9640,1250
,1.0,16,2024-11-23T06:04:42.588000+00:00,9640,1250
,1.0,55,2024-11-23T06:04:44.154000+00:00,9640,1250
134.8,5.0,10,2024-11-23T06:09:36.130000+00:00,9640,1250
,1.0,20,2024-11-23T06:09:42.411000+00:00,9640,1250
137.5,5.0,31,2024-11-23T06:09:43.841000+00:00,9640,1250
,1.0,27,2024-11-23T06:09:51.545000+00:00,9640,1250
141.5,6.0,77,2024-11-23T06:11:36.028000+00:00,9640,1250
136.6,6.0,24,2024-11-23T06:11:38.543000+00:00,9640,1250
134.1,7.0,23,2024-11-23T06:13:06.092000+00:00,9640,1250
121.8,7.0,43,2024-11-23T06:13:10.077000+00:00,9640,1250
145.6,7.0,30,2024-11-23T06:13:12.902000+00:00,9640,1250
124.0,7.0,22,2024-11-23T06:13:15.358000+00:00,9640,1250
130.0,7.0,14,2024-11-23T06:13:22.329000+00:00,9640,1250
23.3,6.0,55,2024-11-23T06:14:23.767000+00:00,9640,1250
161.9,6.0,4,2024-11-23T06:15:03.329000+00:00,9640,1250
183.6,7.0,81,2024-11-23T06:15:22.570000+00:00,9640,1250
,1.0,18,2024-11-23T06:15:26.602000+00:00,9640,1250
455.1,9.0,1,2024-11-23T06:25:02.459000+00:00,9640,1250
304.5,11.0,63,2024-11-23T06:25:06.856000+00:00,9640,1250
343.5,6.0,20,2024-11-23T06:25:09.712000+00:00,9640,1250
260.6,11.0,24,2024-11-23T06:25:13.614000+00:00,9640,1250
281.8,11.0,30,2024-11-23T06:25:15.810000+00:00,9640,1250
371.2,6.0,27,2024-11-23T06:25:21.917000+00:00,9640,1250
314.6,11.0,43,2024-11-23T06:25:27.666000+00:00,9640,1250
290.9,11.0,22,2024-11-23T06:25:30.732000+00:00,9640,1250
343.8,10.0,44,2024-11-23T06:25:39.450000+00:00,9640,1250
348.9,9.0,55,2024-11-23T06:25:43.190000+00:00,9640,1250
400.0,9.0,16,2024-11-23T06:25:47.533000+00:00,9640,1250
331.0,11.0,31,2024-11-23T06:25:52.189000+00:00,9640,1250
349.8,11.0,10,2024-11-23T06:26:12.652000+00:00,9640,1250
469.8,8.0,4,2024-11-23T06:26:37.006000+00:00,9640,1250
431.3,9.0,81,2024-11-23T06:26:41.194000+00:00,9640,1250
22.4,11.0,55,2024-11-23T06:29:32.333000+00:00,9640,1250
53.1,11.0,16,2024-11-23T06:30:07.828000+00:00,9640,1250
65.6,14.0,63,2024-11-23T06:31:19.270000+00:00,9640,1250
38.7,13.0,44,2024-11-23T06:31:27.433000+00:00,9640,1250
166.5,11.0,4,2024-11-23T06:34:26.410000+00:00,9640,1250
297.4,14.0,24,2024-11-23T06:35:23.560000+00:00,9640,1250
187.6,15.0,30,2024-11-23T06:35:28.635000+00:00,9640,1250
182.2,15.0,22,2024-11-23T06:35:30.681000+00:00,9640,1250
170.1,15.0,31,2024-11-23T06:35:33.962000+00:00,9640,1250
157.6,15.0,10,2024-11-23T06:35:37.575000+00:00,9640,1250
301.1,14.0,43,2024-11-23T06:35:42.161000+00:00,9640,1250
252.3,12.0,81,2024-11-23T06:36:14.846000+00:00,9640,1250
283.0,10.0,20,2024-11-23T06:36:54.239000+00:00,9640,1250
392.2,9.0,27,2024-11-23T06:37:05.028000+00:00,9640,1250
2030.2,15.0,1,2024-11-23T07:09:02.546000+00:00,9640,1250
1644.4,15.0,81,2024-11-23T07:09:08.566000+00:00,9640,1250
1784.9,14.0,4,2024-11-23T07:09:17.361000+00:00,9640,1250
1702.7,17.0,16,2024-11-23T07:09:24.755000+00:00,9640,1250
1559.4,19.0,10,2024-11-23T07:09:25.644000+00:00,9640,1250
1577.9,19.0,22,2024-11-23T07:09:30.343000+00:00,9640,1250
1602.9,18.0,55,2024-11-23T07:09:34.144000+00:00,9640,1250
1631.6,19.0,44,2024-11-23T07:09:49.143000+00:00,9640,1250
1629.7,12.0,27,2024-11-23T07:09:58.717000+00:00,9640,1250
1716.6,20.0,63,2024-11-23T07:10:56.107000+00:00,9640,1250
122.4,18.0,81,2024-11-23T07:16:12.814000+00:00,9640,1250
123.8,17.0,4,2024-11-23T07:16:18.612000+00:00,9640,1250
117.8,20.0,16,2024-11-23T07:16:24.401000+00:00,9640,1250
105.5,21.0,55,2024-11-23T07:16:30.746000+00:00,9640,1250
121.3,22.0,10,2024-11-23T07:16:35.507000+00:00,9640,1250
115.9,22.0,22,2024-11-23T07:16:39.771000+00:00,9640,1250
186.3,15.0,27,2024-11-23T07:18:07.837000+00:00,9640,1250
187.8,22.0,44,2024-11-23T07:18:13.425000+00:00,9640,1250
179.2,19.0,1,2024-11-23T07:18:41.441000+00:00,9640,1250
172.7,23.0,63,2024-11-23T07:18:59.766000+00:00,9640,1250
21.4,4.0,14,2024-11-24T06:10:57.558000+00:00,9644,1250
21.3,9.0,16,2024-11-24T06:19:06.103000+00:00,9644,1250
21.1,9.0,4,2024-11-24T06:19:07.454000+00:00,9644,1250
22.0,9.0,23,2024-11-24T06:19:18.738000+00:00,9644,1250
34.8,9.0,18,2024-11-24T06:19:32.958000+00:00,9644,1250
21.0,10.0,55,2024-11-24T06:20:42.682000+00:00,9644,1250
21.1,10.0,22,2024-11-24T06:20:51.180000+00:00,9644,1250
22.1,10.0,10,2024-11-24T06:20:51.632000+00:00,9644,1250
27.7,10.0,81,2024-11-24T06:20:58.443000+00:00,9644,1250
20.6,11.0,1,2024-11-24T06:22:21.252000+00:00,9644,1250
15.7,11.0,31,2024-11-24T06:22:29.432000+00:00,9644,1250
22.9,11.0,24,2024-11-24T06:22:38.005000+00:00,9644,1250
21.0,11.0,30,2024-11-24T06:22:39.235000+00:00,9644,1250
21.0,12.0,63,2024-11-24T06:23:51.460000+00:00,9644,1250
21.1,12.0,31,2024-11-24T06:24:29.702000+00:00,9644,1250
21.0,13.0,44,2024-11-24T06:25:45.795000+00:00,9644,1250
21.5,14.0,27,2024-11-24T06:27:37.671000+00:00,9644,1250
21.1,16.0,43,2024-11-24T06:31:11.804000+00:00,9644,1250
21.2,17.0,11,2024-11-24T06:32:42.344000+00:00,9644,1250
21.9,17.0,20,2024-11-24T06:32:53.883000+00:00,9644,1250
21.6,17.0,77,2024-11-24T06:32:56.630000+00:00,9644,1250
21.4,24.0,14,2024-11-24T06:44:31.415000+00:00,9644,1250
21.0,25.0,81,2024-11-24T06:45:59.641000+00:00,9644,1250
21.2,26.0,43,2024-11-24T06:47:56.658000+00:00,9644,1250
22.2,27.0,1,2024-11-24T06:48:53.278000+00:00,9644,1250
21.3,27.0,44,2024-11-24T06:48:56.296000+00:00,9644,1250
20.8,28.0,55,2024-11-24T06:50:36.165000+00:00,9644,1250
21.5,28.0,18,2024-11-24T06:51:18.045000+00:00,9644,1250
21.2,29.0,22,2024-11-24T06:52:35.716000+00:00,9644,1250
20.6,30.0,4,2024-11-24T06:54:01.935000+00:00,9644,1250
21.5,31.0,16,2024-11-24T06:55:28.138000+00:00,9644,1250
20.9,32.0,63,2024-11-24T06:56:48.229000+00:00,9644,1250
21.0,32.0,11,2024-11-24T06:57:40.712000+00:00,9644,1250
21.7,33.0,27,2024-11-24T06:59:11.824000+00:00,9644,1250
21.7,34.0,24,2024-11-24T07:01:07.357000+00:00,9644,1250
22.8,35.0,77,2024-11-24T07:03:11.850000+00:00,9644,1250
20.6,38.0,30,2024-11-24T07:07:50.118000+00:00,9644,1250
21.8,45.0,31,2024-11-24T07:19:22.107000+00:00,9644,1250
21.0,48.0,4,2024-11-24T07:23:20.710000+00:00,9644,1250
,1.0,31,2024-11-29T13:30:15.255000+00:00,9644,1250
,1.0,31,2024-11-29T13:30:15.255000+00:00,9645,1251
,1.0,10,2024-11-29T13:30:23.282000+00:00,9644,1250
,1.0,10,2024-11-29T13:30:23.282000+00:00,9645,1251
,1.0,77,2024-11-29T13:30:28.106000+00:00,9644,1250
,1.0,77,2024-11-29T13:30:28.106000+00:00,9645,1251
,1.0,22,2024-11-29T13:30:37.413000+00:00,9644,1250
,1.0,22,2024-11-29T13:30:37.413000+00:00,9645,1251
,1.0,55,2024-11-29T13:30:53.660000+00:00,9644,1250
,1.0,55,2024-11-29T13:30:53.660000+00:00,9645,1251
,1.0,16,2024-11-29T13:31:00.158000+00:00,9644,1250
,1.0,16,2024-11-29T13:31:00.158000+00:00,9645,1251
,1.0,20,2024-11-29T13:31:01.477000+00:00,9644,1250
,1.0,20,2024-11-29T13:31:01.477000+00:00,9645,1251
,1.0,1,2024-11-29T13:31:19.397000+00:00,9644,1250
,1.0,1,2024-11-29T13:31:19.397000+00:00,9645,1251
,1.0,30,2024-11-29T13:31:22.896000+00:00,9644,1250
,1.0,30,2024-11-29T13:31:22.896000+00:00,9645,1251
,1.0,11,2024-11-29T13:31:29.197000+00:00,9644,1250
,1.0,11,2024-11-29T13:31:29.197000+00:00,9645,1251
,1.0,27,2024-11-29T13:32:07.501000+00:00,9644,1250
,1.0,27,2024-11-29T13:32:07.501000+00:00,9645,1251
,1.0,81,2024-11-29T13:32:46.671000+00:00,9644,1250
,1.0,81,2024-11-29T13:32:46.671000+00:00,9645,1251
,1.0,63,2024-11-29T13:33:09.914000+00:00,9644,1250
,1.0,63,2024-11-29T13:33:09.914000+00:00,9645,1251
,1.0,23,2024-11-29T13:33:15.275000+00:00,9644,1250
,1.0,23,2024-11-29T13:33:15.275000+00:00,9645,1251
,1.0,18,2024-11-29T13:33:22.982000+00:00,9644,1250
,1.0,18,2024-11-29T13:33:22.982000+00:00,9645,1251
,1.0,44,2024-11-29T13:33:32.454000+00:00,9644,1250
,1.0,44,2024-11-29T13:33:32.454000+00:00,9645,1251
,1.0,4,2024-11-29T13:33:36.923000+00:00,9644,1250
,1.0,4,2024-11-29T13:33:36.923000+00:00,9645,1251
,1.0,14,2024-11-29T13:33:44.641000+00:00,9644,1250
,1.0,14,2024-11-29T13:33:44.641000+00:00,9645,1251
,1.0,24,2024-11-29T13:34:16.170000+00:00,9644,1250
,1.0,24,2024-11-29T13:34:16.170000+00:00,9645,1251
,1.0,43,2024-11-29T13:34:24.678000+00:00,9644,1250
,1.0,43,2024-11-29T13:34:24.678000+00:00,9645,1251
49.5,4.0,10,2024-11-29T13:36:23.268000+00:00,9644,1250
49.5,4.0,10,2024-11-29T13:36:23.268000+00:00,9645,1251
29.4,6.0,1,2024-11-29T13:40:44.604000+00:00,9644,1250
29.4,6.0,1,2024-11-29T13:40:44.604000+00:00,9645,1251
35.3,6.0,30,2024-11-29T13:40:59.732000+00:00,9644,1250
35.3,6.0,30,2024-11-29T13:40:59.732000+00:00,9645,1251
32.6,6.0,11,2024-11-29T13:41:09.096000+00:00,9644,1250
32.6,6.0,11,2024-11-29T13:41:09.096000+00:00,9645,1251
35.8,9.0,22,2024-11-29T13:45:31.620000+00:00,9644,1250
35.8,9.0,22,2024-11-29T13:45:31.620000+00:00,9645,1251
36.7,11.0,16,2024-11-29T13:49:03.898000+00:00,9644,1250
36.7,11.0,16,2024-11-29T13:49:03.898000+00:00,9645,1251
32.1,12.0,55,2024-11-29T13:50:20.472000+00:00,9644,1250
32.1,12.0,55,2024-11-29T13:50:20.472000+00:00,9645,1251
679.9,8.0,77,2024-11-29T13:53:45.844000+00:00,9644,1250
679.9,8.0,77,2024-11-29T13:53:45.844000+00:00,9645,1251
508.8,9.0,1,2024-11-29T13:54:03.920000+00:00,9644,1250
508.8,9.0,1,2024-11-29T13:54:03.920000+00:00,9645,1251
606.2,8.0,27,2024-11-29T13:54:19.079000+00:00,9644,1250
606.2,8.0,27,2024-11-29T13:54:19.079000+00:00,9645,1251
189.9,11.0,43,2024-11-29T13:54:54.286000+00:00,9644,1250
189.9,11.0,43,2024-11-29T13:54:54.286000+00:00,9645,1251
366.5,10.0,24,2024-11-29T13:56:13.305000+00:00,9644,1250
366.5,10.0,24,2024-11-29T13:56:13.305000+00:00,9645,1251
605.1,8.0,4,2024-11-29T13:56:29.259000+00:00,9644,1250
605.1,8.0,4,2024-11-29T13:56:29.259000+00:00,9645,1251
586.4,9.0,20,2024-11-29T13:56:38.080000+00:00,9644,1250
586.4,9.0,20,2024-11-29T13:56:38.080000+00:00,9645,1251
417.3,10.0,63,2024-11-29T13:56:54.888000+00:00,9644,1250
417.3,10.0,63,2024-11-29T13:56:54.888000+00:00,9645,1251
400.7,11.0,23,2024-11-29T13:57:15.210000+00:00,9644,1250
400.7,11.0,23,2024-11-29T13:57:15.210000+00:00,9645,1251
416.5,12.0,22,2024-11-29T13:57:34.295000+00:00,9644,1250
416.5,12.0,22,2024-11-29T13:57:34.295000+00:00,9645,1251
422.9,12.0,16,2024-11-29T13:57:50.256000+00:00,9644,1250
422.9,12.0,16,2024-11-29T13:57:50.256000+00:00,9645,1251
461.9,11.0,11,2024-11-29T13:57:59.251000+00:00,9644,1250
461.9,11.0,11,2024-11-29T13:57:59.251000+00:00,9645,1251
265.4,13.0,30,2024-11-29T13:58:08.444000+00:00,9645,1251
798.1,8.0,81,2024-11-29T13:58:15.355000+00:00,9645,1251
580.9,10.0,18,2024-11-29T13:59:03.552000+00:00,9645,1251
467.4,13.0,55,2024-11-29T13:59:50.287000+00:00,9645,1251
596.6,10.0,14,2024-11-29T13:59:50.359000+00:00,9645,1251
487.7,11.0,44,2024-11-29T14:00:37.515000+00:00,9644,1250
487.7,11.0,44,2024-11-29T14:00:37.515000+00:00,9645,1251
717.7,12.0,10,2024-11-29T14:02:27.977000+00:00,9644,1250
717.7,12.0,10,2024-11-29T14:02:27.977000+00:00,9645,1251
32.6,13.0,77,2024-11-29T14:02:33.887000+00:00,9644,1250
32.6,13.0,77,2024-11-29T14:02:33.887000+00:00,9645,1251
32.4,20.0,23,2024-11-29T14:11:04.304000+00:00,9644,1250
32.4,20.0,23,2024-11-29T14:11:04.304000+00:00,9645,1251
1518.4,10.0,31,2024-11-29T14:11:38.629000+00:00,9644,1250
1518.4,10.0,31,2024-11-29T14:11:38.629000+00:00,9645,1251
32.9,22.0,16,2024-11-29T14:14:02.140000+00:00,9645,1251
410.8,21.0,43,2024-11-29T14:16:30.671000+00:00,9644,1250
410.8,21.0,43,2024-11-29T14:16:30.671000+00:00,9645,1251
31.7,23.0,55,2024-11-29T14:16:42.184000+00:00,9644,1250
31.7,23.0,55,2024-11-29T14:16:42.184000+00:00,9645,1251
357.9,21.0,23,2024-11-29T14:18:25.842000+00:00,9644,1250
357.9,21.0,23,2024-11-29T14:18:25.842000+00:00,9645,1251
555.5,19.0,24,2024-11-29T14:18:52.850000+00:00,9644,1250
555.5,19.0,24,2024-11-29T14:18:52.850000+00:00,9645,1251
304.9,21.0,77,2024-11-29T14:19:27.461000+00:00,9644,1250
304.9,21.0,77,2024-11-29T14:19:27.461000+00:00,9645,1251
477.1,20.0,27,2024-11-29T14:20:11.188000+00:00,9644,1250
477.1,20.0,27,2024-11-29T14:20:11.188000+00:00,9645,1251
419.8,19.0,18,2024-11-29T14:20:17.608000+00:00,9644,1250
419.8,19.0,18,2024-11-29T14:20:17.608000+00:00,9645,1251
353.3,20.0,20,2024-11-29T14:20:20.314000+00:00,9644,1250
353.3,20.0,20,2024-11-29T14:20:20.314000+00:00,9645,1251
347.1,19.0,14,2024-11-29T14:20:27.440000+00:00,9644,1250
347.1,19.0,14,2024-11-29T14:20:27.440000+00:00,9645,1251
519.5,21.0,1,2024-11-29T14:20:32.480000+00:00,9644,1250
519.5,21.0,1,2024-11-29T14:20:32.480000+00:00,9645,1251
298.4,23.0,16,2024-11-29T14:20:42.721000+00:00,9644,1250
298.4,23.0,16,2024-11-29T14:20:42.721000+00:00,9645,1251
345.1,22.0,63,2024-11-29T14:20:45.942000+00:00,9644,1250
345.1,22.0,63,2024-11-29T14:20:45.942000+00:00,9645,1251
577.4,18.0,4,2024-11-29T14:20:54.930000+00:00,9644,1250
577.4,18.0,4,2024-11-29T14:20:54.930000+00:00,9645,1251
617.5,21.0,22,2024-11-29T14:21:07.033000+00:00,9644,1250
617.5,21.0,22,2024-11-29T14:21:07.033000+00:00,9645,1251
588.0,22.0,30,2024-11-29T14:21:12.762000+00:00,9644,1250
588.0,22.0,30,2024-11-29T14:21:12.762000+00:00,9645,1251
489.8,21.0,11,2024-11-29T14:21:16.663000+00:00,9644,1250
489.8,21.0,11,2024-11-29T14:21:16.663000+00:00,9645,1251
177.4,24.0,55,2024-11-29T14:21:19.522000+00:00,9644,1250
177.4,24.0,55,2024-11-29T14:21:19.522000+00:00,9645,1251
35.5,24.0,43,2024-11-29T14:22:16.030000+00:00,9644,1250
35.5,24.0,43,2024-11-29T14:22:16.030000+00:00,9645,1251
368.0,20.0,81,2024-11-29T14:22:21.144000+00:00,9644,1250
368.0,20.0,81,2024-11-29T14:22:21.144000+00:00,9645,1251
436.3,21.0,44,2024-11-29T14:22:33+00:00,9644,1250
436.3,21.0,44,2024-11-29T14:22:33+00:00,9645,1251
48.1,17.0,31,2024-11-29T14:24:04.236000+00:00,9644,1250
48.1,17.0,31,2024-11-29T14:24:04.236000+00:00,9645,1251
33.4,24.0,23,2024-11-29T14:24:07.997000+00:00,9644,1250
33.4,24.0,23,2024-11-29T14:24:07.997000+00:00,9645,1251
36.6,22.0,24,2024-11-29T14:24:59.118000+00:00,9644,1250
36.6,22.0,24,2024-11-29T14:24:59.118000+00:00,9645,1251
278.2,24.0,10,2024-11-29T14:25:07.003000+00:00,9644,1250
278.2,24.0,10,2024-11-29T14:25:07.003000+00:00,9645,1251
33.5,26.0,16,2024-11-29T14:26:29.494000+00:00,9644,1250
33.5,26.0,16,2024-11-29T14:26:29.494000+00:00,9645,1251
95.4,23.0,27,2024-11-29T14:26:40.214000+00:00,9644,1250
95.4,23.0,27,2024-11-29T14:26:40.214000+00:00,9645,1251
36.5,24.0,22,2024-11-29T14:26:58.981000+00:00,9644,1250
36.5,24.0,22,2024-11-29T14:26:58.981000+00:00,9645,1251
31.6,27.0,55,2024-11-29T14:27:08.627000+00:00,9644,1250
31.6,27.0,55,2024-11-29T14:27:08.627000+00:00,9645,1251
31.8,23.0,81,2024-11-29T14:27:53.305000+00:00,9644,1250
31.8,23.0,81,2024-11-29T14:27:53.305000+00:00,9645,1251
48.2,19.0,31,2024-11-29T14:27:58.738000+00:00,9644,1250
48.2,19.0,31,2024-11-29T14:27:58.738000+00:00,9645,1251
43.4,27.0,43,2024-11-29T14:27:59.940000+00:00,9644,1250
43.4,27.0,43,2024-11-29T14:27:59.940000+00:00,9645,1251
141.9,24.0,1,2024-11-29T14:28:16.446000+00:00,9645,1251
126.2,24.0,11,2024-11-29T14:28:46.859000+00:00,9645,1251
185.8,22.0,14,2024-11-29T14:28:51.621000+00:00,9645,1251
212.0,22.0,18,2024-11-29T14:29:13.540000+00:00,9645,1251
96.5,24.0,44,2024-11-29T14:29:43.952000+00:00,9645,1251
196.2,25.0,63,2024-11-29T14:29:47.848000+00:00,9645,1251
148.9,22.0,4,2024-11-29T14:29:51.537000+00:00,9645,1251
35.6,27.0,23,2024-11-29T14:29:54.890000+00:00,9645,1251
,1.0,20,2024-11-29T17:30:03.016000+00:00,9650,1251
,1.0,18,2024-11-29T17:30:11.008000+00:00,9650,1251
,1.0,24,2024-11-29T17:30:19.404000+00:00,9650,1251
,1.0,77,2024-11-29T17:30:31.571000+00:00,9650,1251
,1.0,55,2024-11-29T17:30:35.440000+00:00,9650,1251
,1.0,16,2024-11-29T17:30:43.715000+00:00,9650,1251
,1.0,43,2024-11-29T17:30:54.546000+00:00,9650,1251
,1.0,23,2024-11-29T17:31:11.217000+00:00,9650,1251
,1.0,1,2024-11-29T17:31:23.143000+00:00,9650,1251
,1.0,27,2024-11-29T17:31:45.107000+00:00,9650,1251
,1.0,10,2024-11-29T17:31:53.949000+00:00,9650,1251
,1.0,31,2024-11-29T17:31:59.901000+00:00,9650,1251
,1.0,11,2024-11-29T17:32:14.405000+00:00,9650,1251
,1.0,4,2024-11-29T17:32:28.854000+00:00,9650,1251
,1.0,30,2024-11-29T17:32:36.008000+00:00,9650,1251
,1.0,81,2024-11-29T17:32:46.274000+00:00,9650,1251
,1.0,22,2024-11-29T17:32:53.434000+00:00,9650,1251
,1.0,63,2024-11-29T17:33:08.150000+00:00,9650,1251
,1.0,44,2024-11-29T17:33:16.133000+00:00,9650,1251
,1.0,14,2024-11-29T17:33:53.556000+00:00,9650,1251
26.7,6.0,20,2024-11-29T17:38:55.429000+00:00,9650,1251
153.2,4.0,27,2024-11-29T17:39:02.485000+00:00,9650,1251
22.7,6.0,77,2024-11-29T17:39:16.181000+00:00,9650,1251
69.7,6.0,24,2024-11-29T17:39:40.391000+00:00,9650,1251
308.1,7.0,27,2024-11-29T17:49:03.227000+00:00,9650,1251
317.8,9.0,20,2024-11-29T17:49:04.991000+00:00,9650,1251
262.4,9.0,1,2024-11-29T17:49:13.526000+00:00,9650,1251
304.9,9.0,55,2024-11-29T17:49:18.848000+00:00,9650,1251
408.7,8.0,16,2024-11-29T17:49:28.879000+00:00,9650,1251
310.8,8.0,30,2024-11-29T17:49:36.165000+00:00,9650,1251
364.4,9.0,18,2024-11-29T17:49:48.800000+00:00,9650,1251
354.0,7.0,14,2024-11-29T17:50:07.194000+00:00,9650,1251
411.1,8.0,4,2024-11-29T17:50:36.849000+00:00,9650,1251
367.6,9.0,23,2024-11-29T17:50:52.553000+00:00,9650,1251
453.5,8.0,10,2024-11-29T17:51:05.135000+00:00,9650,1251
488.3,7.0,81,2024-11-29T17:51:13.884000+00:00,9650,1251
489.0,7.0,63,2024-11-29T17:51:37.905000+00:00,9650,1251
414.6,8.0,44,2024-11-29T17:51:42.228000+00:00,9650,1251
497.5,9.0,77,2024-11-29T17:52:44.679000+00:00,9650,1251
154.4,10.0,27,2024-11-29T17:56:14.860000+00:00,9650,1251
138.9,12.0,20,2024-11-29T17:56:16.861000+00:00,9650,1251
32.4,11.0,10,2024-11-29T17:56:31.775000+00:00,9650,1251
310.3,15.0,30,2024-11-29T18:06:14.596000+00:00,9650,1251
293.4,14.0,10,2024-11-29T18:06:23.227000+00:00,9650,1251
362.7,16.0,1,2024-11-29T18:06:31.083000+00:00,9650,1251
526.7,14.0,55,2024-11-29T18:06:33.432000+00:00,9650,1251
506.6,11.0,63,2024-11-29T18:06:34.763000+00:00,9650,1251
528.8,13.0,16,2024-11-29T18:06:42.677000+00:00,9650,1251
325.1,14.0,44,2024-11-29T18:06:45.120000+00:00,9650,1251
560.0,13.0,4,2024-11-29T18:07:39.489000+00:00,9650,1251
501.1,12.0,81,2024-11-29T18:07:45.199000+00:00,9650,1251
572.5,13.0,27,2024-11-29T18:10:40.166000+00:00,9650,1251
35.5,18.0,30,2024-11-29T18:11:33.570000+00:00,9650,1251
32.2,17.0,10,2024-11-29T18:11:47.140000+00:00,9650,1251
28.4,10.0,24,2024-11-30T14:18:50.932000+00:00,9654,1251
38.2,14.0,11,2024-11-30T14:24:37.561000+00:00,9654,1251
,1.0,63,2024-11-30T18:00:02.829000+00:00,9646,1251
,1.0,20,2024-11-30T18:00:10.081000+00:00,9646,1251
,1.0,24,2024-11-30T18:00:15.077000+00:00,9646,1251
,1.0,77,2024-11-30T18:00:22.156000+00:00,9646,1251
,1.0,11,2024-11-30T18:00:29.472000+00:00,9646,1251
,1.0,27,2024-11-30T18:00:30.874000+00:00,9646,1251
,1.0,18,2024-11-30T18:00:38.140000+00:00,9646,1251
,1.0,22,2024-11-30T18:00:46.951000+00:00,9646,1251
,1.0,14,2024-11-30T18:00:58.038000+00:00,9646,1251
,1.0,30,2024-11-30T18:01:04.231000+00:00,9646,1251
,1.0,43,2024-11-30T18:01:17.811000+00:00,9646,1251
,1.0,31,2024-11-30T18:01:27.621000+00:00,9646,1251
,1.0,10,2024-11-30T18:01:37.621000+00:00,9646,1251
,1.0,23,2024-11-30T18:01:44.418000+00:00,9646,1251
,1.0,55,2024-11-30T18:01:45.731000+00:00,9646,1251
,1.0,16,2024-11-30T18:01:53.490000+00:00,9646,1251
,1.0,4,2024-11-30T18:02:10.173000+00:00,9646,1251
,1.0,44,2024-11-30T18:02:17.767000+00:00,9646,1251
,1.0,1,2024-11-30T18:02:27.246000+00:00,9646,1251
42.5,2.0,63,2024-11-30T18:02:31.790000+00:00,9646,1251
,1.0,81,2024-11-30T18:02:51.644000+00:00,9646,1251
31.6,3.0,10,2024-11-30T18:05:04.709000+00:00,9646,1251
28.8,3.0,55,2024-11-30T18:05:11.047000+00:00,9646,1251
61.1,3.0,31,2024-11-30T18:05:30.503000+00:00,9646,1251
29.0,4.0,18,2024-11-30T18:06:01.281000+00:00,9646,1251
32.5,4.0,14,2024-11-30T18:06:13.543000+00:00,9646,1251
179.2,5.0,27,2024-11-30T18:09:50.852000+00:00,9646,1251
88.0,6.0,20,2024-11-30T18:09:54.470000+00:00,9646,1251
30.2,6.0,16,2024-11-30T18:10:11.296000+00:00,9646,1251
156.4,4.0,81,2024-11-30T18:10:19.565000+00:00,9646,1251
205.6,4.0,1,2024-11-30T18:10:24.022000+00:00,9646,1251
38.8,6.0,55,2024-11-30T18:10:27.433000+00:00,9646,1251
138.4,6.0,24,2024-11-30T18:10:34.354000+00:00,9646,1251
126.7,6.0,77,2024-11-30T18:10:37.956000+00:00,9646,1251
109.1,6.0,63,2024-11-30T18:10:40.532000+00:00,9646,1251
144.9,5.0,44,2024-11-30T18:10:50.233000+00:00,9646,1251
100.1,6.0,4,2024-11-30T18:11:49.231000+00:00,9646,1251
251.0,6.0,43,2024-11-30T18:13:20.609000+00:00,9646,1251
227.7,6.0,23,2024-11-30T18:13:26.992000+00:00,9646,1251
114.9,7.0,31,2024-11-30T18:13:32.048000+00:00,9646,1251
216.9,7.0,11,2024-11-30T18:13:43.483000+00:00,9646,1251
204.4,7.0,30,2024-11-30T18:13:54.438000+00:00,9646,1251
214.0,7.0,22,2024-11-30T18:14:01.683000+00:00,9646,1251
171.0,7.0,10,2024-11-30T18:14:19.885000+00:00,9646,1251
265.8,7.0,14,2024-11-30T18:15:21.622000+00:00,9646,1251
286.0,7.0,18,2024-11-30T18:15:27.391000+00:00,9646,1251
251.7,12.0,63,2024-11-30T18:25:03.277000+00:00,9646,1251
265.5,12.0,55,2024-11-30T18:25:06.504000+00:00,9646,1251
382.2,9.0,81,2024-11-30T18:25:14.754000+00:00,9646,1251
316.4,12.0,16,2024-11-30T18:25:23.787000+00:00,9646,1251
276.6,11.0,44,2024-11-30T18:25:31.490000+00:00,9646,1251
364.4,12.0,20,2024-11-30T18:25:35.677000+00:00,9646,1251
327.1,12.0,24,2024-11-30T18:25:45.064000+00:00,9646,1251
321.9,12.0,77,2024-11-30T18:25:47.261000+00:00,9646,1251
536.3,8.0,1,2024-11-30T18:25:59.186000+00:00,9646,1251
359.3,11.0,11,2024-11-30T18:26:15.586000+00:00,9646,1251
503.9,10.0,4,2024-11-30T18:26:29.095000+00:00,9646,1251
338.2,11.0,10,2024-11-30T18:26:42.296000+00:00,9646,1251
410.1,11.0,22,2024-11-30T18:27:39.424000+00:00,9646,1251
548.3,9.0,14,2024-11-30T18:27:59.350000+00:00,9646,1251
540.8,9.0,18,2024-11-30T18:28:06.366000+00:00,9646,1251
152.4,15.0,63,2024-11-30T18:31:57.097000+00:00,9646,1251
142.7,15.0,55,2024-11-30T18:32:02.647000+00:00,9646,1251
123.8,14.0,44,2024-11-30T18:32:08.411000+00:00,9646,1251
142.8,15.0,16,2024-11-30T18:32:17.877000+00:00,9646,1251
142.0,11.0,1,2024-11-30T18:32:49.021000+00:00,9646,1251
158.6,13.0,4,2024-11-30T18:33:34.639000+00:00,9646,1251
205.0,16.0,20,2024-11-30T18:35:14.462000+00:00,9646,1251
212.6,16.0,24,2024-11-30T18:35:19.741000+00:00,9646,1251
147.3,15.0,10,2024-11-30T18:35:29.980000+00:00,9646,1251
208.8,16.0,77,2024-11-30T18:35:32.346000+00:00,9646,1251
258.8,14.0,22,2024-11-30T18:36:33.788000+00:00,9646,1251
242.9,12.0,18,2024-11-30T18:36:54.330000+00:00,9646,1251
24.5,18.0,63,2024-11-30T18:37:02.904000+00:00,9646,1251
368.9,11.0,14,2024-11-30T18:37:11.835000+00:00,9646,1251
30.0,17.0,44,2024-11-30T18:37:21.987000+00:00,9646,1251
407.1,14.0,11,2024-11-30T18:37:41.219000+00:00,9646,1251
385.1,20.0,20,2024-11-30T18:48:02.181000+00:00,9646,1251
358.1,21.0,63,2024-11-30T18:48:09.555000+00:00,9646,1251
800.8,15.0,81,2024-11-30T18:48:17.210000+00:00,9646,1251
355.7,20.0,44,2024-11-30T18:48:25.959000+00:00,9646,1251
373.8,21.0,55,2024-11-30T18:48:29.947000+00:00,9646,1251
390.4,21.0,16,2024-11-30T18:48:36.934000+00:00,9646,1251
462.2,16.0,11,2024-11-30T18:48:47.013000+00:00,9646,1251
398.1,14.0,14,2024-11-30T18:49:07.175000+00:00,9646,1251
697.2,16.0,4,2024-11-30T18:49:40.380000+00:00,9646,1251
576.1,17.0,1,2024-11-30T18:52:07.469000+00:00,9646,1251
96.1,18.0,4,2024-11-30T18:54:05.859000+00:00,9646,1251
165.6,23.0,20,2024-11-30T18:55:20.182000+00:00,9646,1251
76.9,19.0,81,2024-11-30T18:55:46.379000+00:00,9646,1251
98.5,25.0,63,2024-11-30T18:55:59.924000+00:00,9646,1251
166.6,19.0,11,2024-11-30T18:56:06.676000+00:00,9646,1251
92.0,24.0,44,2024-11-30T18:56:15.249000+00:00,9646,1251
228.9,24.0,55,2024-11-30T18:56:57.934000+00:00,9646,1251
230.3,24.0,16,2024-11-30T18:57:01.234000+00:00,9646,1251
212.8,17.0,14,2024-11-30T18:57:17.990000+00:00,9646,1251
29.7,1.0,18,2024-12-01T16:06:15.984000+00:00,9655,1251
32.9,1.0,27,2024-12-01T16:06:47.675000+00:00,9655,1251
41.6,7.0,18,2024-12-01T16:18:02.013000+00:00,9655,1251
32.3,23.0,63,2024-12-01T16:40:26.258000+00:00,9655,1251
29.0,24.0,77,2024-12-01T16:42:26.285000+00:00,9655,1251
28.5,27.0,20,2024-12-01T16:46:33.321000+00:00,9655,1251
28.3,31.0,27,2024-12-01T16:52:37.389000+00:00,9655,1251
27.8,34.0,81,2024-12-01T16:55:56.582000+00:00,9655,1251
36.1,34.0,55,2024-12-01T16:56:29.491000+00:00,9655,1251
28.3,35.0,1,2024-12-01T16:57:12.609000+00:00,9655,1251
37.9,34.0,44,2024-12-01T16:57:15.033000+00:00,9655,1251
28.0,35.0,4,2024-12-01T16:57:16.206000+00:00,9655,1251
28.4,35.0,16,2024-12-01T16:57:32.593000+00:00,9655,1251
28.0,35.0,11,2024-12-01T16:57:58.652000+00:00,9655,1251
28.7,35.0,10,2024-12-01T16:58:20.107000+00:00,9655,1251
27.8,35.0,63,2024-12-01T16:58:28.223000+00:00,9655,1251
28.6,35.0,14,2024-12-01T16:58:30.387000+00:00,9655,1251
29.0,35.0,24,2024-12-01T16:58:33.627000+00:00,9655,1251
29.0,35.0,22,2024-12-01T16:58:53.413000+00:00,9655,1251
29.1,35.0,23,2024-12-01T16:58:55.760000+00:00,9655,1251
45.0,35.0,30,2024-12-01T16:59:14.267000+00:00,9655,1251
23.8,36.0,1,2024-12-01T16:59:57.391000+00:00,9655,1251
23.4,35.0,44,2024-12-01T16:59:58.493000+00:00,9655,1251
25.5,36.0,4,2024-12-01T17:00:03.433000+00:00,9655,1251
28.9,35.0,77,2024-12-01T17:00:05.354000+00:00,9655,1251
25.6,36.0,16,2024-12-01T17:00:06.458000+00:00,9655,1251
22.8,36.0,81,2024-12-01T17:00:07.448000+00:00,9655,1251
22.7,36.0,11,2024-12-01T17:00:16.876000+00:00,9655,1251
22.7,36.0,10,2024-12-01T17:00:36.113000+00:00,9655,1251
22.7,36.0,63,2024-12-01T17:00:45.252000+00:00,9655,1251
22.7,36.0,55,2024-12-01T17:00:47.867000+00:00,9655,1251
23.2,36.0,24,2024-12-01T17:00:53.207000+00:00,9655,1251
28.5,36.0,14,2024-12-01T17:00:56.594000+00:00,9655,1251
22.6,36.0,20,2024-12-01T17:00:56.690000+00:00,9655,1251
22.7,36.0,22,2024-12-01T17:01:10.357000+00:00,9655,1251
22.7,36.0,23,2024-12-01T17:01:11.986000+00:00,9655,1251
23.8,36.0,27,2024-12-01T17:01:14.642000+00:00,9655,1251
22.7,36.0,30,2024-12-01T17:01:31.396000+00:00,9655,1251
22.7,37.0,1,2024-12-01T17:02:44.854000+00:00,9655,1251
26.8,36.0,44,2024-12-01T17:02:50.788000+00:00,9655,1251
28.7,37.0,4,2024-12-01T17:02:53.341000+00:00,9655,1251
28.1,36.0,77,2024-12-01T17:02:54.439000+00:00,9655,1251
28.9,37.0,16,2024-12-01T17:02:56.722000+00:00,9655,1251
29.3,37.0,81,2024-12-01T17:02:58.699000+00:00,9655,1251
29.4,37.0,11,2024-12-01T17:03:00.768000+00:00,9655,1251
30.4,37.0,10,2024-12-01T17:03:04.251000+00:00,9655,1251
34.0,37.0,63,2024-12-01T17:03:08.929000+00:00,9655,1251
34.3,37.0,55,2024-12-01T17:03:10.610000+00:00,9655,1251
34.8,37.0,24,2024-12-01T17:03:12.770000+00:00,9655,1251
32.8,37.0,14,2024-12-01T17:03:15.314000+00:00,9655,1251
33.3,37.0,20,2024-12-01T17:03:16.452000+00:00,9655,1251
35.8,37.0,22,2024-12-01T17:03:21.452000+00:00,9655,1251
36.5,37.0,23,2024-12-01T17:03:23.176000+00:00,9655,1251
37.6,37.0,27,2024-12-01T17:03:26.493000+00:00,9655,1251
26.7,37.0,30,2024-12-01T17:03:31.230000+00:00,9655,1251
29.2,40.0,22,2024-12-01T17:09:51.725000+00:00,9655,1251
34.6,40.0,30,2024-12-01T17:09:59.735000+00:00,9655,1251
36.0,45.0,4,2024-12-01T17:18:36.422000+00:00,9655,1251
22.7,47.0,44,2024-12-01T17:21:28.004000+00:00,9655,1251
39.6,55.0,23,2024-12-01T17:33:23.771000+00:00,9655,1251
,,31,2024-12-01T17:37:58.773000+00:00,9655,1251
,,43,2024-12-01T17:37:58.782000+00:00,9655,1251
,1.0,14,2024-12-06T09:30:03.754000+00:00,9461,1252
,1.0,34,2024-12-06T09:30:07.954000+00:00,9461,1252
,1.0,20,2024-12-06T09:30:09.415000+00:00,9461,1252
,1.0,43,2024-12-06T09:30:19.134000+00:00,9461,1252
,1.0,28,2024-12-06T09:30:22.650000+00:00,9461,1252
,1.0,24,2024-12-06T09:30:28.689000+00:00,9461,1252
,1.0,10,2024-12-06T09:30:41.062000+00:00,9461,1252
,1.0,40,2024-12-06T09:30:46.379000+00:00,9461,1252
,1.0,77,2024-12-06T09:30:48.879000+00:00,9461,1252
,1.0,39,2024-12-06T09:30:52.676000+00:00,9461,1252
,1.0,61,2024-12-06T09:30:56.287000+00:00,9461,1252
,1.0,37,2024-12-06T09:31:04.653000+00:00,9461,1252
,1.0,27,2024-12-06T09:31:09.020000+00:00,9461,1252
,1.0,30,2024-12-06T09:31:14.118000+00:00,9461,1252
,1.0,4,2024-12-06T09:31:31.662000+00:00,9461,1252
,1.0,44,2024-12-06T09:31:53.440000+00:00,9461,1252
,1.0,63,2024-12-06T09:32:10.635000+00:00,9461,1252
,1.0,11,2024-12-06T09:32:39.266000+00:00,9461,1252
48.3,2.0,61,2024-12-06T09:34:00.754000+00:00,9461,1252
,1.0,46,2024-12-06T09:34:13.066000+00:00,9461,1252
45.1,3.0,40,2024-12-06T09:35:21.987000+00:00,9461,1252
208.3,2.0,30,2024-12-06T09:36:46.334000+00:00,9461,1252
28.2,4.0,44,2024-12-06T09:38:32.305000+00:00,9461,1252
303.4,3.0,14,2024-12-06T09:38:46.790000+00:00,9461,1252
426.4,2.0,43,2024-12-06T09:39:42.108000+00:00,9461,1252
427.5,3.0,34,2024-12-06T09:41:00.698000+00:00,9461,1252
510.5,2.0,28,2024-12-06T09:41:04.944000+00:00,9461,1252
512.4,2.0,10,2024-12-06T09:41:12.623000+00:00,9461,1252
50.4,6.0,27,2024-12-06T09:41:31.917000+00:00,9461,1252
23.7,7.0,4,2024-12-06T09:43:18.817000+00:00,9461,1252
284.1,5.0,40,2024-12-06T09:43:38.885000+00:00,9461,1252
41.3,3.0,28,2024-12-06T09:43:51.876000+00:00,9461,1252
26.5,7.0,63,2024-12-06T09:44:51.935000+00:00,9461,1252
785.6,2.0,24,2024-12-06T09:45:37.073000+00:00,9461,1252
26.9,4.0,28,2024-12-06T09:46:15.007000+00:00,9461,1252
670.4,4.0,39,2024-12-06T09:47:47.340000+00:00,9461,1252
55.9,7.0,40,2024-12-06T09:48:05.885000+00:00,9461,1252
427.5,5.0,14,2024-12-06T09:49:41.644000+00:00,9461,1252
31.8,5.0,24,2024-12-06T09:51:40.861000+00:00,9461,1252
414.9,5.0,28,2024-12-06T09:55:01.828000+00:00,9461,1252
230.7,10.0,30,2024-12-06T09:55:35.160000+00:00,9461,1252
679.6,5.0,34,2024-12-06T09:55:40.428000+00:00,9461,1252
705.6,8.0,37,2024-12-06T09:56:55.800000+00:00,9461,1252
441.7,10.0,63,2024-12-06T09:57:38.687000+00:00,9461,1252
689.5,9.0,20,2024-12-06T09:57:46.895000+00:00,9461,1252
459.8,10.0,11,2024-12-06T09:58:00.932000+00:00,9461,1252
594.3,10.0,4,2024-12-06T09:58:28.505000+00:00,9461,1252
701.4,9.0,27,2024-12-06T09:58:31.865000+00:00,9461,1252
546.0,9.0,46,2024-12-06T09:58:35.185000+00:00,9461,1252
440.8,9.0,40,2024-12-06T09:58:48.332000+00:00,9461,1252
885.6,8.0,77,2024-12-06T09:59:00.364000+00:00,9461,1252
,1.0,16,2024-12-06T10:00:24.110000+00:00,9461,1252
456.1,10.0,43,2024-12-06T10:01:16.373000+00:00,9461,1252
425.1,12.0,44,2024-12-06T10:01:36.810000+00:00,9461,1252
360.0,6.0,28,2024-12-06T10:03:03.087000+00:00,9461,1252
26.3,13.0,63,2024-12-06T10:04:06.720000+00:00,9461,1252
34.5,13.0,11,2024-12-06T10:04:24.061000+00:00,9461,1252
41.3,12.0,20,2024-12-06T10:04:43.132000+00:00,9461,1252
16.3,11.0,77,2024-12-06T10:05:09.058000+00:00,9461,1252
72.2,12.0,27,2024-12-06T10:05:36.099000+00:00,9461,1252
40.5,13.0,14,2024-12-06T10:05:49.211000+00:00,9461,1252
29.2,15.0,44,2024-12-06T10:08:21.153000+00:00,9461,1252
845.1,13.0,61,2024-12-06T10:08:27.512000+00:00,9461,1252
133.2,13.0,43,2024-12-06T10:08:48.965000+00:00,9461,1252
175.8,16.0,30,2024-12-06T10:09:43.812000+00:00,9461,1252
314.7,7.0,28,2024-12-06T10:10:16.263000+00:00,9461,1252
503.5,15.0,10,2024-12-06T10:14:55.426000+00:00,9461,1252
354.0,16.0,63,2024-12-06T10:15:41.329000+00:00,9461,1252
510.4,15.0,4,2024-12-06T10:16:47.825000+00:00,9461,1252
413.1,16.0,11,2024-12-06T10:16:53.485000+00:00,9461,1252
22.2,10.0,16,2024-12-06T10:17:19.212000+00:00,9461,1252
427.9,15.0,46,2024-12-06T10:17:25.117000+00:00,9461,1252
439.1,15.0,20,2024-12-06T10:17:36.850000+00:00,9461,1252
525.7,14.0,37,2024-12-06T10:17:41.883000+00:00,9461,1252
319.6,15.0,43,2024-12-06T10:17:46.184000+00:00,9461,1252
775.0,14.0,39,2024-12-06T10:17:54.526000+00:00,9461,1252
427.6,14.0,77,2024-12-06T10:18:26.071000+00:00,9461,1252
191.4,19.0,30,2024-12-06T10:18:33.950000+00:00,9461,1252
498.8,16.0,24,2024-12-06T10:18:45.250000+00:00,9461,1252
261.7,17.0,40,2024-12-06T10:18:52.357000+00:00,9461,1252
301.0,18.0,44,2024-12-06T10:19:05.514000+00:00,9461,1252
514.3,15.0,27,2024-12-06T10:19:34.786000+00:00,9461,1252
437.8,17.0,14,2024-12-06T10:20:16.530000+00:00,9461,1252
378.0,16.0,34,2024-12-06T10:20:56.696000+00:00,9461,1252
27.6,18.0,10,2024-12-06T10:21:15.321000+00:00,9461,1252
31.3,14.0,28,2024-12-06T10:22:06.052000+00:00,9461,1252
249.7,19.0,61,2024-12-06T10:24:21.935000+00:00,9461,1252
30.9,19.0,24,2024-12-06T10:24:54.790000+00:00,9461,1252
33.6,20.0,40,2024-12-06T10:25:21.890000+00:00,9461,1252
22.0,24.0,30,2024-12-06T10:27:17.305000+00:00,9461,1252
16.1,21.0,10,2024-12-06T10:27:35.906000+00:00,9461,1252
,1.0,22,2024-12-06T13:00:03.469000+00:00,9656,1252
,1.0,24,2024-12-06T13:00:06.576000+00:00,9656,1252
,1.0,20,2024-12-06T13:00:09.482000+00:00,9656,1252
,1.0,18,2024-12-06T13:00:14.229000+00:00,9656,1252
,1.0,61,2024-12-06T13:00:16.781000+00:00,9656,1252
,1.0,30,2024-12-06T13:00:23.856000+00:00,9656,1252
,1.0,43,2024-12-06T13:00:34.681000+00:00,9656,1252
,1.0,23,2024-12-06T13:00:38.655000+00:00,9656,1252
,1.0,81,2024-12-06T13:00:47.343000+00:00,9656,1252
,1.0,55,2024-12-06T13:00:50.030000+00:00,9656,1252
,1.0,10,2024-12-06T13:01:03.247000+00:00,9656,1252
,1.0,77,2024-12-06T13:01:06.210000+00:00,9656,1252
,1.0,16,2024-12-06T13:01:16.320000+00:00,9656,1252
,1.0,27,2024-12-06T13:01:19.986000+00:00,9656,1252
,1.0,4,2024-12-06T13:01:39.592000+00:00,9656,1252
,1.0,1,2024-12-06T13:01:46.069000+00:00,9656,1252
,1.0,11,2024-12-06T13:01:57.161000+00:00,9656,1252
,1.0,44,2024-12-06T13:02:04.392000+00:00,9656,1252
,1.0,14,2024-12-06T13:02:05.441000+00:00,9656,1252
,1.0,63,2024-12-06T13:02:18.414000+00:00,9656,1252
26.3,4.0,61,2024-12-06T13:06:44.567000+00:00,9656,1252
27.2,4.0,10,2024-12-06T13:07:31.618000+00:00,9656,1252
23.7,4.0,1,2024-12-06T13:07:50.198000+00:00,9656,1252
26.4,4.0,44,2024-12-06T13:08:42.618000+00:00,9656,1252
29.9,5.0,23,2024-12-06T13:08:47.059000+00:00,9656,1252
24.9,5.0,11,2024-12-06T13:09:55.490000+00:00,9656,1252
98.6,6.0,27,2024-12-06T13:12:38.404000+00:00,9656,1252
22.7,7.0,1,2024-12-06T13:13:34.838000+00:00,9656,1252
393.6,8.0,43,2024-12-06T13:19:43.357000+00:00,9656,1252
860.2,5.0,24,2024-12-06T13:21:51.685000+00:00,9656,1252
444.9,10.0,11,2024-12-06T13:26:48.215000+00:00,9656,1252
441.1,11.0,81,2024-12-06T13:27:14.620000+00:00,9656,1252
796.3,8.0,20,2024-12-06T13:27:17.256000+00:00,9656,1252
527.8,10.0,1,2024-12-06T13:27:22.770000+00:00,9656,1252
827.9,8.0,77,2024-12-06T13:27:25.990000+00:00,9656,1252
673.9,9.0,4,2024-12-06T13:27:36.068000+00:00,9656,1252
404.0,11.0,55,2024-12-06T13:27:40.281000+00:00,9656,1252
706.2,8.0,14,2024-12-06T13:27:52.225000+00:00,9656,1252
609.0,10.0,30,2024-12-06T13:27:56.186000+00:00,9656,1252
380.1,12.0,18,2024-12-06T13:28:03.454000+00:00,9656,1252
583.3,10.0,61,2024-12-06T13:28:11.916000+00:00,9656,1252
700.3,9.0,23,2024-12-06T13:28:19.692000+00:00,9656,1252
429.8,12.0,22,2024-12-06T13:28:38.556000+00:00,9656,1252
446.7,11.0,16,2024-12-06T13:28:47.663000+00:00,9656,1252
220.0,7.0,24,2024-12-06T13:28:53.511000+00:00,9656,1252
287.0,12.0,44,2024-12-06T13:29:14.073000+00:00,9656,1252
632.0,10.0,10,2024-12-06T13:29:53.767000+00:00,9656,1252
546.3,11.0,63,2024-12-06T13:31:22.287000+00:00,9656,1252
521.0,12.0,27,2024-12-06T13:32:03.356000+00:00,9656,1252
27.2,13.0,11,2024-12-06T13:32:50.002000+00:00,9656,1252
24.1,14.0,81,2024-12-06T13:33:08.501000+00:00,9656,1252
20.7,11.0,77,2024-12-06T13:33:45.469000+00:00,9656,1252
25.5,12.0,4,2024-12-06T13:33:59.549000+00:00,9656,1252
38.1,11.0,20,2024-12-06T13:34:13.926000+00:00,9656,1252
27.4,14.0,55,2024-12-06T13:34:29.800000+00:00,9656,1252
16.8,15.0,18,2024-12-06T13:34:55.151000+00:00,9656,1252
33.7,10.0,24,2024-12-06T13:36:08.866000+00:00,9656,1252
30.3,15.0,44,2024-12-06T13:36:42.559000+00:00,9656,1252
29.6,16.0,22,2024-12-06T13:37:53.887000+00:00,9656,1252
16.2,15.0,27,2024-12-06T13:37:58.053000+00:00,9656,1252
304.9,13.0,30,2024-12-06T13:38:49.731000+00:00,9656,1252
351.4,12.0,23,2024-12-06T13:40:11.571000+00:00,9656,1252
22.1,13.0,23,2024-12-06T13:42:07.668000+00:00,9656,1252
564.9,13.0,1,2024-12-06T13:42:35.551000+00:00,9656,1252
323.0,16.0,16,2024-12-06T13:44:18.997000+00:00,9656,1252
380.6,17.0,81,2024-12-06T13:44:56.430000+00:00,9656,1252
305.8,14.0,14,2024-12-06T13:44:59.735000+00:00,9656,1252
310.3,17.0,55,2024-12-06T13:45:02.162000+00:00,9656,1252
462.4,14.0,4,2024-12-06T13:45:27.009000+00:00,9656,1252
239.6,16.0,10,2024-12-06T13:45:37.570000+00:00,9656,1252
435.3,16.0,11,2024-12-06T13:45:40.697000+00:00,9656,1252
330.1,18.0,18,2024-12-06T13:45:43.894000+00:00,9656,1252
321.1,16.0,61,2024-12-06T13:45:46.642000+00:00,9656,1252
407.8,14.0,77,2024-12-06T13:45:51.067000+00:00,9656,1252
389.4,14.0,20,2024-12-06T13:46:01.769000+00:00,9656,1252
296.1,13.0,24,2024-12-06T13:46:22.117000+00:00,9656,1252
316.5,18.0,44,2024-12-06T13:46:57.486000+00:00,9656,1252
648.0,14.0,63,2024-12-06T13:47:45.171000+00:00,9656,1252
296.5,18.0,27,2024-12-06T13:47:53.427000+00:00,9656,1252
22.1,15.0,77,2024-12-06T13:47:54.267000+00:00,9656,1252
256.1,16.0,30,2024-12-06T13:48:09.728000+00:00,9656,1252
331.6,19.0,22,2024-12-06T13:48:42.051000+00:00,9656,1252
345.7,15.0,23,2024-12-06T13:52:08.030000+00:00,9656,1252
22.0,24.0,61,2024-12-06T13:58:21.751000+00:00,9656,1252
21.4,26.0,81,2024-12-06T13:58:47.935000+00:00,9656,1252
22.2,23.0,14,2024-12-06T13:59:07.315000+00:00,9656,1252
21.9,23.0,4,2024-12-06T13:59:20.727000+00:00,9656,1252
,1.0,14,2024-12-07T10:31:50.739000+00:00,9657,1252
,1.0,18,2024-12-07T10:31:52.645000+00:00,9657,1252
27.6,2.0,14,2024-12-07T10:34:06.647000+00:00,9657,1252
23.5,2.0,18,2024-12-07T10:34:12.896000+00:00,9657,1252
,1.0,10,2024-12-07T10:35:45.443000+00:00,9657,1252
,1.0,61,2024-12-07T10:36:37.919000+00:00,9657,1252
275.1,3.0,18,2024-12-07T10:40:43.043000+00:00,9657,1252
354.8,3.0,14,2024-12-07T10:41:54.674000+00:00,9657,1252
,1.0,24,2024-12-07T10:45:06.180000+00:00,9657,1252
,1.0,16,2024-12-07T10:45:25.759000+00:00,9657,1252
,1.0,20,2024-12-07T10:45:28.417000+00:00,9657,1252
,1.0,27,2024-12-07T10:45:39.217000+00:00,9657,1252
,1.0,77,2024-12-07T10:45:54.362000+00:00,9657,1252
,1.0,63,2024-12-07T10:46:12.255000+00:00,9657,1252
,1.0,4,2024-12-07T10:46:55.160000+00:00,9657,1252
,1.0,81,2024-12-07T10:47:03.262000+00:00,9657,1252
,1.0,22,2024-12-07T10:47:51.959000+00:00,9657,1252
,1.0,44,2024-12-07T10:47:57.232000+00:00,9657,1252
28.5,6.0,14,2024-12-07T10:48:04.926000+00:00,9657,1252
,1.0,55,2024-12-07T10:48:13.609000+00:00,9657,1252
,1.0,30,2024-12-07T10:48:25.428000+00:00,9657,1252
436.0,4.0,10,2024-12-07T10:48:39.961000+00:00,9657,1252
412.3,4.0,61,2024-12-07T10:49:05.691000+00:00,9657,1252
,1.0,1,2024-12-07T10:49:47.685000+00:00,9657,1252
,1.0,11,2024-12-07T10:50:11.418000+00:00,9657,1252
20.3,4.0,24,2024-12-07T10:51:11.179000+00:00,9657,1252
16.2,4.0,77,2024-12-07T10:51:46.063000+00:00,9657,1252
34.7,4.0,20,2024-12-07T10:51:51.950000+00:00,9657,1252
,1.0,23,2024-12-07T10:52:07.910000+00:00,9657,1252
56.1,4.0,27,2024-12-07T10:52:29.268000+00:00,9657,1252
280.0,2.0,63,2024-12-07T10:52:56.962000+00:00,9657,1252
247.4,2.0,44,2024-12-07T10:54:22.619000+00:00,9657,1252
,1.0,43,2024-12-07T10:55:42.514000+00:00,9657,1252
222.0,4.0,4,2024-12-07T10:56:00.049000+00:00,9657,1252
28.4,4.0,11,2024-12-07T10:56:17.712000+00:00,9657,1252
281.8,4.0,81,2024-12-07T10:57:12.823000+00:00,9657,1252
26.9,7.0,24,2024-12-07T10:57:15.943000+00:00,9657,1252
22.8,7.0,77,2024-12-07T10:57:39.011000+00:00,9657,1252
394.4,7.0,10,2024-12-07T11:01:00.631000+00:00,9657,1252
28.8,7.0,55,2024-12-07T11:01:17.063000+00:00,9657,1252
41.2,5.0,44,2024-12-07T11:01:38.143000+00:00,9657,1252
465.8,7.0,61,2024-12-07T11:02:20.024000+00:00,9657,1252
711.2,9.0,18,2024-12-07T11:03:54.066000+00:00,9657,1252
461.5,7.0,16,2024-12-07T11:04:16.724000+00:00,9657,1252
635.7,9.0,14,2024-12-07T11:04:26.698000+00:00,9657,1252
322.1,4.0,43,2024-12-07T11:06:34.963000+00:00,9657,1252
338.8,7.0,23,2024-12-07T11:09:18.613000+00:00,9657,1252
401.9,10.0,61,2024-12-07T11:14:25.890000+00:00,9657,1252
484.2,10.0,10,2024-12-07T11:14:35.783000+00:00,9657,1252
341.3,10.0,63,2024-12-07T11:15:04.703000+00:00,9657,1252
636.5,8.0,81,2024-12-07T11:15:15.333000+00:00,9657,1252
246.4,7.0,43,2024-12-07T11:15:44.014000+00:00,9657,1252
1203.4,6.0,20,2024-12-07T11:15:46.733000+00:00,9657,1252
741.1,8.0,4,2024-12-07T11:15:56.712000+00:00,9657,1252
1082.3,7.0,27,2024-12-07T11:15:59.027000+00:00,9657,1252
1005.8,8.0,24,2024-12-07T11:16:07.309000+00:00,9657,1252
536.1,10.0,1,2024-12-07T11:16:13.200000+00:00,9657,1252
1012.3,8.0,77,2024-12-07T11:16:18.727000+00:00,9657,1252
559.5,11.0,30,2024-12-07T11:16:45.142000+00:00,9657,1252
701.9,10.0,22,2024-12-07T11:16:52.361000+00:00,9657,1252
281.8,11.0,44,2024-12-07T11:17:57.066000+00:00,9657,1252
252.6,13.0,16,2024-12-07T11:18:19.547000+00:00,9657,1252
362.3,14.0,55,2024-12-07T11:18:33.967000+00:00,9657,1252
648.2,10.0,11,2024-12-07T11:18:56.451000+00:00,9657,1252
446.8,14.0,18,2024-12-07T11:20:35.212000+00:00,9657,1252
414.2,14.0,14,2024-12-07T11:20:45.365000+00:00,9657,1252
16.1,11.0,81,2024-12-07T11:21:04.321000+00:00,9657,1252
416.7,10.0,23,2024-12-07T11:21:37.775000+00:00,9657,1252
32.7,11.0,4,2024-12-07T11:22:22.328000+00:00,9657,1252
29.4,9.0,20,2024-12-07T11:22:27.022000+00:00,9657,1252
16.1,13.0,1,2024-12-07T11:22:53.660000+00:00,9657,1252
36.8,11.0,24,2024-12-07T11:23:00.943000+00:00,9657,1252
29.2,11.0,77,2024-12-07T11:23:16.159000+00:00,9657,1252
40.3,14.0,30,2024-12-07T11:23:21.760000+00:00,9657,1252
113.3,10.0,27,2024-12-07T11:23:52.777000+00:00,9657,1252
178.2,10.0,43,2024-12-07T11:24:03.323000+00:00,9657,1252
27.5,14.0,44,2024-12-07T11:24:54.772000+00:00,9657,1252
28.9,13.0,11,2024-12-07T11:25:14.596000+00:00,9657,1252
299.6,13.0,10,2024-12-07T11:25:34.787000+00:00,9657,1252
356.4,13.0,61,2024-12-07T11:25:39.240000+00:00,9657,1252
116.6,15.0,1,2024-12-07T11:28:35.179000+00:00,9657,1252
170.9,14.0,81,2024-12-07T11:29:11.092000+00:00,9657,1252
143.9,13.0,23,2024-12-07T11:29:24.453000+00:00,9657,1252
166.6,16.0,63,2024-12-07T11:29:27.035000+00:00,9657,1252
214.0,13.0,4,2024-12-07T11:29:40.998000+00:00,9657,1252
25.0,13.0,43,2024-12-07T11:29:46.467000+00:00,9657,1252
,1.0,18,2024-12-07T14:01:02.092000+00:00,9657,1252
,1.0,18,2024-12-07T14:01:02.092000+00:00,9658,1252
,1.0,14,2024-12-07T14:01:38.630000+00:00,9657,1252
,1.0,14,2024-12-07T14:01:38.630000+00:00,9658,1252
,1.0,63,2024-12-07T14:02:41.735000+00:00,9657,1252
,1.0,63,2024-12-07T14:02:41.735000+00:00,9658,1252
,1.0,44,2024-12-07T14:02:45.075000+00:00,9657,1252
,1.0,44,2024-12-07T14:02:45.075000+00:00,9658,1252
,1.0,11,2024-12-07T14:03:47.876000+00:00,9657,1252
,1.0,11,2024-12-07T14:03:47.876000+00:00,9658,1252
,1.0,43,2024-12-07T14:04:06.325000+00:00,9657,1252
,1.0,43,2024-12-07T14:04:06.325000+00:00,9658,1252
,1.0,23,2024-12-07T14:04:11.226000+00:00,9657,1252
,1.0,23,2024-12-07T14:04:11.226000+00:00,9658,1252
,1.0,22,2024-12-07T14:04:20.561000+00:00,9657,1252
,1.0,22,2024-12-07T14:04:20.561000+00:00,9658,1252
,1.0,1,2024-12-07T14:04:25.466000+00:00,9657,1252
,1.0,1,2024-12-07T14:04:25.466000+00:00,9658,1252
,1.0,24,2024-12-07T14:04:27.887000+00:00,9657,1252
,1.0,24,2024-12-07T14:04:27.887000+00:00,9658,1252
,1.0,16,2024-12-07T14:04:30.753000+00:00,9657,1252
,1.0,16,2024-12-07T14:04:30.753000+00:00,9658,1252
,1.0,55,2024-12-07T14:04:34.326000+00:00,9657,1252
,1.0,55,2024-12-07T14:04:34.326000+00:00,9658,1252
,1.0,30,2024-12-07T14:04:43.841000+00:00,9657,1252
,1.0,30,2024-12-07T14:04:43.841000+00:00,9658,1252
,1.0,77,2024-12-07T14:04:50.818000+00:00,9657,1252
,1.0,77,2024-12-07T14:04:50.818000+00:00,9658,1252
,1.0,20,2024-12-07T14:04:55.041000+00:00,9657,1252
,1.0,20,2024-12-07T14:04:55.041000+00:00,9658,1252
,1.0,4,2024-12-07T14:05:03.741000+00:00,9657,1252
,1.0,4,2024-12-07T14:05:03.741000+00:00,9658,1252
,1.0,81,2024-12-07T14:05:10.694000+00:00,9657,1252
,1.0,81,2024-12-07T14:05:10.694000+00:00,9658,1252
,1.0,61,2024-12-07T14:05:14.117000+00:00,9657,1252
,1.0,61,2024-12-07T14:05:14.117000+00:00,9658,1252
,1.0,10,2024-12-07T14:05:26.162000+00:00,9657,1252
,1.0,10,2024-12-07T14:05:26.162000+00:00,9658,1252
,1.0,27,2024-12-07T14:05:47.825000+00:00,9657,1252
,1.0,27,2024-12-07T14:05:47.825000+00:00,9658,1252
155.1,2.0,14,2024-12-07T14:05:55.639000+00:00,9657,1252
155.1,2.0,14,2024-12-07T14:05:55.639000+00:00,9658,1252
142.7,2.0,63,2024-12-07T14:07:00.467000+00:00,9657,1252
142.7,2.0,63,2024-12-07T14:07:00.467000+00:00,9658,1252
144.4,2.0,44,2024-12-07T14:07:04.967000+00:00,9657,1252
144.4,2.0,44,2024-12-07T14:07:04.967000+00:00,9658,1252
76.5,4.0,18,2024-12-07T14:07:24.121000+00:00,9657,1252
76.5,4.0,18,2024-12-07T14:07:24.121000+00:00,9658,1252
137.1,4.0,43,2024-12-07T14:11:17.090000+00:00,9657,1252
137.1,4.0,43,2024-12-07T14:11:17.090000+00:00,9658,1252
129.8,4.0,23,2024-12-07T14:11:25.096000+00:00,9657,1252
129.8,4.0,23,2024-12-07T14:11:25.096000+00:00,9658,1252
213.8,4.0,24,2024-12-07T14:13:32.273000+00:00,9658,1252
270.0,4.0,11,2024-12-07T14:13:35.480000+00:00,9658,1252
196.1,4.0,77,2024-12-07T14:13:38.930000+00:00,9658,1252
242.5,4.0,22,2024-12-07T14:13:43.762000+00:00,9658,1252
208.0,4.0,30,2024-12-07T14:13:47.026000+00:00,9658,1252
155.3,4.0,10,2024-12-07T14:13:54.218000+00:00,9658,1252
239.0,4.0,16,2024-12-07T14:14:01.098000+00:00,9658,1252
193.9,4.0,4,2024-12-07T14:14:10.753000+00:00,9658,1252
196.4,4.0,81,2024-12-07T14:14:24.899000+00:00,9658,1252
277.2,4.0,1,2024-12-07T14:14:31.408000+00:00,9658,1252
225.8,4.0,20,2024-12-07T14:14:37.895000+00:00,9658,1252
182.9,5.0,14,2024-12-07T14:14:44.817000+00:00,9658,1252
152.7,7.0,18,2024-12-07T14:14:51.469000+00:00,9658,1252
226.3,4.0,61,2024-12-07T14:14:58.909000+00:00,9658,1252
290.2,4.0,55,2024-12-07T14:15:07.239000+00:00,9657,1252
290.2,4.0,55,2024-12-07T14:15:07.239000+00:00,9658,1252
239.0,4.0,27,2024-12-07T14:15:12.183000+00:00,9657,1252
239.0,4.0,27,2024-12-07T14:15:12.183000+00:00,9658,1252
220.8,5.0,63,2024-12-07T14:15:49.624000+00:00,9657,1252
220.8,5.0,63,2024-12-07T14:15:49.624000+00:00,9658,1252
207.1,5.0,44,2024-12-07T14:15:51.330000+00:00,9657,1252
207.1,5.0,44,2024-12-07T14:15:51.330000+00:00,9658,1252
513.9,7.0,1,2024-12-07T14:28:51.341000+00:00,9658,1252
527.9,8.0,63,2024-12-07T14:29:55.701000+00:00,9658,1252
634.6,6.0,20,2024-12-07T14:29:58.101000+00:00,9658,1252
641.8,6.0,27,2024-12-07T14:30:00.214000+00:00,9658,1252
606.8,7.0,16,2024-12-07T14:30:04.762000+00:00,9658,1252
731.5,5.0,55,2024-12-07T14:30:06.236000+00:00,9657,1252
731.5,5.0,55,2024-12-07T14:30:06.236000+00:00,9658,1252
705.3,6.0,4,2024-12-07T14:30:10.143000+00:00,9657,1252
705.3,6.0,4,2024-12-07T14:30:10.143000+00:00,9658,1252
629.9,7.0,30,2024-12-07T14:30:14.257000+00:00,9657,1252
629.9,7.0,30,2024-12-07T14:30:14.257000+00:00,9658,1252
641.5,9.0,18,2024-12-07T14:30:21.983000+00:00,9657,1252
641.5,9.0,18,2024-12-07T14:30:21.983000+00:00,9658,1252
575.1,8.0,14,2024-12-07T14:30:34.357000+00:00,9657,1252
575.1,8.0,14,2024-12-07T14:30:34.357000+00:00,9658,1252
673.9,7.0,22,2024-12-07T14:30:42.946000+00:00,9657,1252
673.9,7.0,22,2024-12-07T14:30:42.946000+00:00,9658,1252
663.2,7.0,10,2024-12-07T14:30:55.558000+00:00,9657,1252
663.2,7.0,10,2024-12-07T14:30:55.558000+00:00,9658,1252
725.5,7.0,77,2024-12-07T14:31:03.823000+00:00,9657,1252
725.5,7.0,77,2024-12-07T14:31:03.823000+00:00,9658,1252
734.4,7.0,11,2024-12-07T14:31:15.514000+00:00,9657,1252
734.4,7.0,11,2024-12-07T14:31:15.514000+00:00,9658,1252
788.6,6.0,81,2024-12-07T14:31:56.642000+00:00,9657,1252
788.6,6.0,81,2024-12-07T14:31:56.642000+00:00,9658,1252
207.8,9.0,20,2024-12-07T14:38:38.356000+00:00,9657,1252
207.8,9.0,20,2024-12-07T14:38:38.356000+00:00,9658,1252
209.9,9.0,27,2024-12-07T14:38:41.768000+00:00,9657,1252
209.9,9.0,27,2024-12-07T14:38:41.768000+00:00,9658,1252
122.9,10.0,10,2024-12-07T14:38:49.572000+00:00,9657,1252
122.9,10.0,10,2024-12-07T14:38:49.572000+00:00,9658,1252
235.3,11.0,63,2024-12-07T14:38:56.652000+00:00,9657,1252
235.3,11.0,63,2024-12-07T14:38:56.652000+00:00,9658,1252
131.1,10.0,11,2024-12-07T14:39:06.425000+00:00,9657,1252
131.1,10.0,11,2024-12-07T14:39:06.425000+00:00,9658,1252
179.2,12.0,18,2024-12-07T14:39:15.143000+00:00,9657,1252
179.2,12.0,18,2024-12-07T14:39:15.143000+00:00,9658,1252
187.9,11.0,14,2024-12-07T14:39:27.784000+00:00,9657,1252
187.9,11.0,14,2024-12-07T14:39:27.784000+00:00,9658,1252
253.2,10.0,16,2024-12-07T14:39:31.649000+00:00,9657,1252
253.2,10.0,16,2024-12-07T14:39:31.649000+00:00,9658,1252
239.9,8.0,55,2024-12-07T14:39:35.252000+00:00,9657,1252
239.9,8.0,55,2024-12-07T14:39:35.252000+00:00,9658,1252
191.0,10.0,22,2024-12-07T14:39:48.091000+00:00,9657,1252
191.0,10.0,22,2024-12-07T14:39:48.091000+00:00,9658,1252
259.5,10.0,30,2024-12-07T14:40:06.391000+00:00,9657,1252
259.5,10.0,30,2024-12-07T14:40:06.391000+00:00,9658,1252
180.8,9.0,81,2024-12-07T14:40:12.679000+00:00,9657,1252
180.8,9.0,81,2024-12-07T14:40:12.679000+00:00,9658,1252
290.2,9.0,4,2024-12-07T14:40:29.022000+00:00,9657,1252
290.2,9.0,4,2024-12-07T14:40:29.022000+00:00,9658,1252
222.3,10.0,77,2024-12-07T14:40:35.611000+00:00,9657,1252
222.3,10.0,77,2024-12-07T14:40:35.611000+00:00,9658,1252
433.6,12.0,27,2024-12-07T14:51:03.661000+00:00,9657,1252
433.6,12.0,27,2024-12-07T14:51:03.661000+00:00,9658,1252
397.6,14.0,63,2024-12-07T14:51:07.579000+00:00,9657,1252
397.6,14.0,63,2024-12-07T14:51:07.579000+00:00,9658,1252
391.9,13.0,11,2024-12-07T14:51:12.638000+00:00,9657,1252
391.9,13.0,11,2024-12-07T14:51:12.638000+00:00,9658,1252
1035.4,10.0,1,2024-12-07T14:51:19.129000+00:00,9657,1252
1035.4,10.0,1,2024-12-07T14:51:19.129000+00:00,9658,1252
352.4,11.0,55,2024-12-07T14:51:22.116000+00:00,9657,1252
352.4,11.0,55,2024-12-07T14:51:22.116000+00:00,9658,1252
383.8,14.0,14,2024-12-07T14:51:32.333000+00:00,9657,1252
383.8,14.0,14,2024-12-07T14:51:32.333000+00:00,9658,1252
445.0,13.0,10,2024-12-07T14:51:41.274000+00:00,9657,1252
445.0,13.0,10,2024-12-07T14:51:41.274000+00:00,9658,1252
449.3,11.0,81,2024-12-07T14:52:04.541000+00:00,9657,1252
449.3,11.0,81,2024-12-07T14:52:04.541000+00:00,9658,1252
458.2,11.0,4,2024-12-07T14:52:16.911000+00:00,9657,1252
458.2,11.0,4,2024-12-07T14:52:16.911000+00:00,9658,1252
104.1,16.0,11,2024-12-07T14:58:02.904000+00:00,9658,1252
761.6,13.0,77,2024-12-07T14:58:52.261000+00:00,9658,1252
176.2,15.0,27,2024-12-07T14:58:55.047000+00:00,9658,1252
113.2,16.0,10,2024-12-07T14:59:02.130000+00:00,9658,1252
110.0,14.0,81,2024-12-07T14:59:05.520000+00:00,9658,1252
134.3,17.0,14,2024-12-07T14:59:18.845000+00:00,9658,1252
157.8,14.0,55,2024-12-07T14:59:28.966000+00:00,9658,1252
138.0,14.0,4,2024-12-07T14:59:44.463000+00:00,9658,1252
234.3,17.0,63,2024-12-07T15:00:08.119000+00:00,9657,1252
234.3,17.0,63,2024-12-07T15:00:08.119000+00:00,9658,1252
242.1,13.0,1,2024-12-07T15:00:29.116000+00:00,9657,1252
242.1,13.0,1,2024-12-07T15:00:29.116000+00:00,9658,1252
24.9,3.0,43,2024-12-08T13:09:54.559000+00:00,9662,1252
23.5,4.0,81,2024-12-08T13:10:50.662000+00:00,9662,1252
41.1,6.0,77,2024-12-08T13:14:05.121000+00:00,9662,1252
23.2,11.0,18,2024-12-08T13:21:14.591000+00:00,9662,1252
26.3,12.0,20,2024-12-08T13:22:46.769000+00:00,9662,1252
23.0,12.0,24,2024-12-08T13:22:49.616000+00:00,9662,1252
22.0,12.0,23,2024-12-08T13:22:50.053000+00:00,9662,1252
21.5,13.0,27,2024-12-08T13:24:07.798000+00:00,9662,1252
23.3,13.0,14,2024-12-08T13:24:13.722000+00:00,9662,1252
22.0,14.0,10,2024-12-08T13:25:33.875000+00:00,9662,1252
21.8,22.0,22,2024-12-08T13:38:02.507000+00:00,9662,1252
22.0,22.0,61,2024-12-08T13:38:04.908000+00:00,9662,1252
23.4,23.0,30,2024-12-08T13:39:28.498000+00:00,9662,1252
22.5,24.0,30,2024-12-08T13:41:24.066000+00:00,9662,1252
21.2,25.0,55,2024-12-08T13:41:44.806000+00:00,9662,1252
21.2,26.0,4,2024-12-08T13:43:10.977000+00:00,9662,1252
21.6,26.0,63,2024-12-08T13:43:33.898000+00:00,9662,1252
32.6,29.0,1,2024-12-08T13:48:20.009000+00:00,9662,1252
21.6,29.0,20,2024-12-08T13:48:41.051000+00:00,9662,1252
32.3,29.0,30,2024-12-08T13:49:25.507000+00:00,9662,1252
22.8,30.0,20,2024-12-08T13:50:44.134000+00:00,9662,1252
22.0,32.0,18,2024-12-08T13:53:10.989000+00:00,9662,1252
32.7,32.0,81,2024-12-08T13:53:15.464000+00:00,9662,1252
21.6,34.0,44,2024-12-08T13:55:40.057000+00:00,9662,1252
22.4,37.0,14,2024-12-08T14:00:33.594000+00:00,9662,1252
28.7,39.0,24,2024-12-08T14:03:51.327000+00:00,9662,1252
22.0,55.0,20,2024-12-08T14:28:28.639000+00:00,9662,1252
,1.0,12,2025-02-26T07:00:03.919000+00:00,9683,1253
,1.0,14,2025-02-26T07:00:14.061000+00:00,9683,1253
,1.0,27,2025-02-26T07:00:27.627000+00:00,9683,1253
,1.0,22,2025-02-26T07:00:40.874000+00:00,9683,1253
,1.0,44,2025-02-26T07:00:58.584000+00:00,9683,1253
,1.0,7,2025-02-26T07:01:12.698000+00:00,9683,1253
,1.0,30,2025-02-26T07:01:22.912000+00:00,9683,1253
,1.0,81,2025-02-26T07:01:35.760000+00:00,9683,1253
,1.0,87,2025-02-26T07:01:44.968000+00:00,9683,1253
35.0,2.0,7,2025-02-26T07:03:59.112000+00:00,9683,1253
,1.0,23,2025-02-26T07:07:11.719000+00:00,9683,1253
83.9,4.0,22,2025-02-26T07:07:58.994000+00:00,9683,1253
30.3,6.0,12,2025-02-26T07:09:28.294000+00:00,9683,1253
41.7,7.0,22,2025-02-26T07:14:35.992000+00:00,9683,1253
648.1,3.0,14,2025-02-26T07:14:56.343000+00:00,9683,1253
381.2,2.0,23,2025-02-26T07:15:37.110000+00:00,9683,1253
783.4,2.0,81,2025-02-26T07:16:33.245000+00:00,9683,1253
653.1,3.0,7,2025-02-26T07:16:56.440000+00:00,9683,1253
58.9,3.0,23,2025-02-26T07:18:32.369000+00:00,9683,1253
1018.5,2.0,87,2025-02-26T07:20:33.201000+00:00,9683,1253
82.2,4.0,23,2025-02-26T07:21:51.311000+00:00,9683,1253
282.5,3.0,81,2025-02-26T07:23:07.131000+00:00,9683,1253
30.0,4.0,81,2025-02-26T07:25:25.922000+00:00,9683,1253
1409.6,2.0,27,2025-02-26T07:25:49.658000+00:00,9683,1253
33.4,9.0,7,2025-02-26T07:29:08.610000+00:00,9683,1253
1260.1,6.0,44,2025-02-26T07:30:54.772000+00:00,9683,1253
37.2,5.0,27,2025-02-26T07:31:39.336000+00:00,9683,1253
1466.8,5.0,30,2025-02-26T07:32:36.834000+00:00,9683,1253
420.5,5.0,81,2025-02-26T07:34:17.588000+00:00,9683,1253
675.5,5.0,23,2025-02-26T07:34:58.538000+00:00,9683,1253
878.8,10.0,22,2025-02-26T07:35:02.465000+00:00,9683,1253
27.1,8.0,27,2025-02-26T07:37:39.239000+00:00,9683,1253
612.0,7.0,87,2025-02-26T07:38:57.049000+00:00,9683,1253
1278.1,5.0,14,2025-02-26T07:40:04.515000+00:00,9683,1253
35.4,11.0,44,2025-02-26T07:40:41.192000+00:00,9683,1253
1990.2,7.0,12,2025-02-26T07:44:37.662000+00:00,9683,1253
474.8,9.0,30,2025-02-26T07:47:00.850000+00:00,9683,1253
22.6,17.0,22,2025-02-26T07:48:50.595000+00:00,9683,1253
568.3,15.0,7,2025-02-26T07:48:58.115000+00:00,9683,1253
794.6,6.0,81,2025-02-26T07:49:24.142000+00:00,9683,1253
57.3,12.0,12,2025-02-26T07:54:31.714000+00:00,9683,1253
966.9,7.0,23,2025-02-26T07:54:34.005000+00:00,9683,1253
877.0,12.0,44,2025-02-26T07:57:08.293000+00:00,9683,1253
643.6,7.0,81,2025-02-26T08:02:08.338000+00:00,9683,1253
32.0,17.0,44,2025-02-26T08:08:11.035000+00:00,9683,1253
1466.6,12.0,87,2025-02-26T08:11:47.895000+00:00,9683,1253
827.7,8.0,81,2025-02-26T08:17:57.718000+00:00,9683,1253
1309.1,14.0,30,2025-02-26T08:19:15.240000+00:00,9683,1253
1614.1,17.0,27,2025-02-26T08:19:27.053000+00:00,9683,1253
33.8,17.0,30,2025-02-26T08:25:35.271000+00:00,9683,1253
26.4,22.0,27,2025-02-26T08:29:08.598000+00:00,9683,1253
1539.9,12.0,23,2025-02-26T08:29:11.259000+00:00,9683,1253
30.3,14.0,81,2025-02-26T08:29:14.839000+00:00,9683,1253
1744.5,24.0,22,2025-02-26T08:29:34.256000+00:00,9683,1253
811.9,22.0,44,2025-02-26T08:30:37.033000+00:00,9683,1253
1671.7,17.0,12,2025-02-26T08:31:33.436000+00:00,9683,1253
2432.0,14.0,14,2025-02-26T08:36:34.130000+00:00,9683,1253
557.3,15.0,81,2025-02-26T08:40:29.539000+00:00,9683,1253
21.2,30.0,22,2025-02-26T08:41:29.421000+00:00,9683,1253
38.0,27.0,44,2025-02-26T08:41:34.374000+00:00,9683,1253
32.8,23.0,12,2025-02-26T08:42:39.680000+00:00,9683,1253
2171.8,25.0,7,2025-02-26T08:42:55.784000+00:00,9683,1253
29.2,19.0,23,2025-02-26T08:43:12.609000+00:00,9683,1253
29.2,16.0,81,2025-02-26T08:43:15.442000+00:00,9683,1253
27.1,17.0,81,2025-02-26T08:45:40.332000+00:00,9683,1253
39.8,29.0,12,2025-02-26T08:53:42.703000+00:00,9683,1253
1227.8,27.0,87,2025-02-26T08:56:39.428000+00:00,9683,1253
883.3,27.0,30,2025-02-26T08:57:33.925000+00:00,9683,1253
700.1,18.0,81,2025-02-26T08:59:11.198000+00:00,9683,1253
1116.7,30.0,27,2025-02-26T09:01:01.437000+00:00,9683,1253
499.4,31.0,7,2025-02-26T09:02:57.067000+00:00,9683,1253
35.3,30.0,30,2025-02-26T09:03:35.430000+00:00,9683,1253
969.1,32.0,44,2025-02-26T09:06:37.211000+00:00,9683,1253
744.1,26.0,23,2025-02-26T09:07:05.919000+00:00,9683,1253
980.2,37.0,22,2025-02-26T09:09:09.719000+00:00,9683,1253
28.4,34.0,7,2025-02-26T09:09:10.863000+00:00,9683,1253
26.4,35.0,27,2025-02-26T09:10:27.194000+00:00,9683,1253
25.8,24.0,81,2025-02-26T09:10:30.019000+00:00,9683,1253
33.7,39.0,22,2025-02-26T09:13:28.710000+00:00,9683,1253
27.7,31.0,23,2025-02-26T09:17:12.142000+00:00,9683,1253
32.8,37.0,44,2025-02-26T09:17:37.248000+00:00,9683,1253
49.6,42.0,22,2025-02-26T09:20:09.888000+00:00,9683,1253
533.3,37.0,7,2025-02-26T09:23:59.939000+00:00,9683,1253
1217.8,35.0,12,2025-02-26T09:24:08.297000+00:00,9683,1253
29.9,38.0,12,2025-02-26T09:29:55.647000+00:00,9683,1253
28.3,40.0,7,2025-02-26T09:30:07.924000+00:00,9683,1253
1050.3,42.0,87,2025-02-26T09:38:39.168000+00:00,9683,1253
972.4,34.0,81,2025-02-26T09:42:38.443000+00:00,9683,1253
1304.9,43.0,27,2025-02-26T09:45:17.681000+00:00,9683,1253
3601.9,20.0,14,2025-02-26T09:47:28.832000+00:00,9683,1253
1690.8,40.0,30,2025-02-26T09:49:11.923000+00:00,9683,1253
198.2,22.0,14,2025-02-26T09:53:57.248000+00:00,9683,1253
1662.1,42.0,44,2025-02-26T09:54:03.647000+00:00,9683,1253
38.6,40.0,81,2025-02-26T09:54:14.887000+00:00,9683,1253
1139.8,43.0,7,2025-02-26T09:54:32.268000+00:00,9683,1253
27.8,48.0,27,2025-02-26T09:54:44.544000+00:00,9683,1253
1471.2,49.0,22,2025-02-26T09:56:07.241000+00:00,9683,1253
47.7,44.0,30,2025-02-26T09:57:50.761000+00:00,9683,1253
1710.2,40.0,23,2025-02-26T10:00:23.955000+00:00,9683,1253
212.5,45.0,7,2025-02-26T10:01:43.880000+00:00,9683,1253
674.7,51.0,12,2025-02-26T10:02:29.952000+00:00,9683,1253
37.3,55.0,22,2025-02-26T10:08:25.924000+00:00,9683,1253
37.9,54.0,12,2025-02-26T10:08:28.688000+00:00,9683,1253
443.7,30.0,14,2025-02-26T10:15:27.295000+00:00,9683,1253
1037.0,46.0,30,2025-02-26T10:19:55.813000+00:00,9683,1253
640.0,45.0,23,2025-02-26T10:20:10.611000+00:00,9683,1253
677.1,52.0,44,2025-02-26T10:22:03.573000+00:00,9683,1253
1223.3,57.0,87,2025-02-26T10:23:37.276000+00:00,9683,1253
571.5,53.0,7,2025-02-26T10:24:26.353000+00:00,9683,1253
34.6,49.0,30,2025-02-26T10:26:09.822000+00:00,9683,1253
481.4,62.0,22,2025-02-26T10:27:59.238000+00:00,9683,1253
1495.6,50.0,81,2025-02-26T10:35:02.259000+00:00,9683,1253
439.5,50.0,23,2025-02-26T10:35:26.853000+00:00,9683,1253
595.3,67.0,12,2025-02-26T10:39:39.635000+00:00,9683,1253
35.6,68.0,22,2025-02-26T10:40:01.354000+00:00,9683,1253
537.6,39.0,14,2025-02-26T10:40:27.308000+00:00,9683,1253
42.0,70.0,12,2025-02-26T10:45:55.567000+00:00,9683,1253
518.9,61.0,7,2025-02-26T10:46:47.022000+00:00,9683,1253
518.6,62.0,44,2025-02-26T10:47:31.663000+00:00,9683,1253
40.7,57.0,81,2025-02-26T10:48:40.571000+00:00,9683,1253
30.2,57.0,23,2025-02-26T10:49:03.575000+00:00,9683,1253
367.5,75.0,22,2025-02-26T10:57:28.917000+00:00,9683,1253
,1.0,6,2025-02-26T12:19:44.456000+00:00,9683,1253
,1.0,31,2025-02-26T12:20:22.523000+00:00,9683,1253
,1.0,1,2025-02-26T12:25:12.803000+00:00,9683,1253
,1.0,10,2025-02-26T12:27:46.994000+00:00,9683,1253
,1.0,5,2025-02-26T12:28:38.034000+00:00,9683,1253
,1.0,16,2025-02-26T12:30:00.537000+00:00,9683,1253
257.5,5.0,1,2025-02-26T12:37:22.045000+00:00,9683,1253
437.5,3.0,5,2025-02-26T12:39:36.403000+00:00,9683,1253
,1.0,18,2025-02-26T12:39:39.527000+00:00,9683,1253
1130.8,2.0,31,2025-02-26T12:41:31.175000+00:00,9683,1253
878.0,5.0,6,2025-02-26T12:41:38.451000+00:00,9683,1253
369.1,6.0,10,2025-02-26T12:42:11.726000+00:00,9683,1253
21.9,10.0,1,2025-02-26T12:47:17.882000+00:00,9683,1253
,1.0,63,2025-02-26T12:49:56.329000+00:00,9683,1253
444.0,5.0,5,2025-02-26T12:50:49.920000+00:00,9683,1253
731.5,6.0,16,2025-02-26T12:50:57.846000+00:00,9683,1253
,1.0,55,2025-02-26T12:55:31.342000+00:00,9683,1253
897.0,3.0,18,2025-02-26T12:57:57.814000+00:00,9683,1253
35.7,11.0,16,2025-02-26T12:59:43.597000+00:00,9683,1253
26.9,4.0,55,2025-02-26T13:01:09.167000+00:00,9683,1253
459.9,12.0,10,2025-02-26T13:01:18.614000+00:00,9683,1253
778.6,9.0,6,2025-02-26T13:02:02.602000+00:00,9683,1253
,1.0,4,2025-02-26T13:03:22.320000+00:00,9683,1253
549.0,7.0,5,2025-02-26T13:04:00.565000+00:00,9683,1253
30.6,15.0,10,2025-02-26T13:07:32.461000+00:00,9683,1253
231.4,6.0,55,2025-02-26T13:08:23.851000+00:00,9683,1253
619.1,12.0,31,2025-02-26T13:08:29.563000+00:00,9683,1253
539.0,12.0,16,2025-02-26T13:10:39.956000+00:00,9683,1253
863.1,5.0,63,2025-02-26T13:11:05.218000+00:00,9683,1253
114.5,13.0,6,2025-02-26T13:11:10.811000+00:00,9683,1253
385.9,8.0,18,2025-02-26T13:13:35.314000+00:00,9683,1253
422.8,3.0,4,2025-02-26T13:13:49.071000+00:00,9683,1253
362.7,9.0,5,2025-02-26T13:14:03.359000+00:00,9683,1253
32.2,8.0,63,2025-02-26T13:16:59.980000+00:00,9683,1253
33.1,17.0,16,2025-02-26T13:20:18.145000+00:00,9683,1253
38.3,18.0,6,2025-02-26T13:21:18.381000+00:00,9683,1253
22.8,13.0,55,2025-02-26T13:21:49.173000+00:00,9683,1253
605.3,18.0,10,2025-02-26T13:22:59.026000+00:00,9683,1253
453.8,11.0,5,2025-02-26T13:25:19.704000+00:00,9683,1253
29.7,21.0,10,2025-02-26T13:29:12.100000+00:00,9683,1253
1858.0,19.0,1,2025-02-26T13:32:41.677000+00:00,9683,1253
488.9,13.0,5,2025-02-26T13:37:21.619000+00:00,9683,1253
870.2,14.0,18,2025-02-26T13:38:46.844000+00:00,9683,1253
21.2,22.0,1,2025-02-26T13:38:52.840000+00:00,9683,1253
655.2,22.0,16,2025-02-26T13:39:49.408000+00:00,9683,1253
1564.7,5.0,4,2025-02-26T13:43:18.969000+00:00,9683,1253
919.2,27.0,31,2025-02-26T13:48:29.307000+00:00,9683,1253
462.5,15.0,5,2025-02-26T13:48:36.046000+00:00,9683,1253
788.2,28.0,6,2025-02-26T13:50:46.470000+00:00,9683,1253
38.4,28.0,16,2025-02-26T13:51:52.959000+00:00,9683,1253
402.3,7.0,4,2025-02-26T13:53:20.229000+00:00,9683,1253
1251.5,20.0,55,2025-02-26T13:54:25.053000+00:00,9683,1253
1498.1,23.0,10,2025-02-26T13:57:35.551000+00:00,9683,1253
602.8,17.0,5,2025-02-26T14:02:08.837000+00:00,9683,1253
47.9,34.0,6,2025-02-26T14:02:33.379000+00:00,9683,1253
668.8,21.0,18,2025-02-26T14:02:33.488000+00:00,9683,1253
1567.0,20.0,63,2025-02-26T14:02:35.904000+00:00,9683,1253
29.1,26.0,10,2025-02-26T14:03:33.966000+00:00,9683,1253
27.0,25.0,55,2025-02-26T14:03:36.361000+00:00,9683,1253
4019.1,27.0,10,2025-02-26T15:10:03.931000+00:00,9683,1253
5018.3,13.0,4,2025-02-26T15:10:16.212000+00:00,9683,1253
4122.1,35.0,6,2025-02-26T15:10:27.426000+00:00,9683,1253
4706.9,18.0,5,2025-02-26T15:10:32.951000+00:00,9683,1253
4540.4,32.0,1,2025-02-26T15:10:35.937000+00:00,9683,1253
4083.4,26.0,55,2025-02-26T15:11:12.710000+00:00,9683,1253
5916.1,37.0,31,2025-02-26T15:11:46.291000+00:00,9683,1253
5754.5,21.0,63,2025-02-26T15:12:23.465000+00:00,9683,1253
4517.7,33.0,16,2025-02-26T15:15:38.114000+00:00,9683,1253
25.9,23.0,63,2025-02-26T15:16:26.232000+00:00,9683,1253
21.6,37.0,1,2025-02-26T15:20:31.240000+00:00,9683,1253
45.0,41.0,6,2025-02-26T15:22:31.204000+00:00,9683,1253
35.6,26.0,63,2025-02-26T15:22:46.627000+00:00,9683,1253
32.3,38.0,16,2025-02-26T15:25:27.687000+00:00,9683,1253
467.4,31.0,55,2025-02-26T15:28:08.018000+00:00,9683,1253
649.7,19.0,4,2025-02-26T15:32:12.384000+00:00,9683,1253
28.5,34.0,55,2025-02-26T15:33:59.215000+00:00,9683,1253
544.4,47.0,31,2025-02-26T15:37:17.867000+00:00,9683,1253
25.6,22.0,4,2025-02-26T15:38:18.153000+00:00,9683,1253
22.3,37.0,55,2025-02-26T15:39:32.905000+00:00,9683,1253
654.3,40.0,10,2025-02-26T15:42:06.341000+00:00,9683,1253
568.5,43.0,16,2025-02-26T15:43:13.339000+00:00,9683,1253
616.0,48.0,6,2025-02-26T15:44:13.995000+00:00,9683,1253
960.3,31.0,5,2025-02-26T15:48:21.621000+00:00,9683,1253
24.1,34.0,4,2025-02-26T15:57:17.930000+00:00,9683,1253
30.1,53.0,16,2025-02-26T16:00:04.443000+00:00,9683,1253
1525.0,46.0,1,2025-02-26T16:00:16.998000+00:00,9683,1253
1152.0,38.0,63,2025-02-26T16:01:42.904000+00:00,9683,1253
21.1,49.0,1,2025-02-26T16:05:49.499000+00:00,9683,1253
27.4,65.0,31,2025-02-26T16:07:07.462000+00:00,9683,1253
30.9,41.0,63,2025-02-26T16:07:40.771000+00:00,9683,1253
558.0,35.0,4,2025-02-26T16:08:08.527000+00:00,9683,1253
8304.8,22.0,18,2025-02-26T16:09:49.444000+00:00,9683,1253
589.7,53.0,10,2025-02-26T16:12:56.910000+00:00,9683,1253
1171.9,46.0,55,2025-02-26T16:13:54.410000+00:00,9683,1253
1160.3,54.0,6,2025-02-26T16:14:38.296000+00:00,9683,1253
879.3,54.0,16,2025-02-26T16:17:11.257000+00:00,9683,1253
920.4,66.0,31,2025-02-26T16:24:30.434000+00:00,9683,1253
31.0,52.0,55,2025-02-26T16:25:22.277000+00:00,9683,1253
1078.7,44.0,5,2025-02-26T16:28:07.063000+00:00,9683,1253
521.5,28.0,18,2025-02-26T16:28:35.548000+00:00,9683,1253
329.1,61.0,6,2025-02-26T16:33:19.805000+00:00,9683,1253
451.9,53.0,63,2025-02-26T16:34:39.062000+00:00,9683,1253
34.0,51.0,4,2025-02-26T16:34:39.180000+00:00,9683,1253
583.9,61.0,1,2025-02-26T16:34:45.972000+00:00,9683,1253
22.3,49.0,5,2025-02-26T16:37:29.337000+00:00,9683,1253
21.1,63.0,1,2025-02-26T16:38:49.128000+00:00,9683,1253
29.9,56.0,63,2025-02-26T16:40:23.150000+00:00,9683,1253
556.2,66.0,10,2025-02-26T16:43:39.751000+00:00,9683,1253
28.5,67.0,10,2025-02-26T16:46:12.041000+00:00,9683,1253
379.7,61.0,55,2025-02-26T16:46:43.208000+00:00,9683,1253
25.6,69.0,6,2025-02-26T16:46:54.346000+00:00,9683,1253
375.0,51.0,5,2025-02-26T16:47:14.110000+00:00,9683,1253
25.4,68.0,10,2025-02-26T16:48:19.038000+00:00,9683,1253
25.6,62.0,55,2025-02-26T16:49:06.564000+00:00,9683,1253
25.6,70.0,6,2025-02-26T16:49:17.708000+00:00,9683,1253
630.0,34.0,18,2025-02-26T16:49:19.989000+00:00,9683,1253
1003.9,64.0,16,2025-02-26T16:50:29.147000+00:00,9683,1253
27.5,69.0,10,2025-02-26T16:50:29.341000+00:00,9683,1253
25.3,63.0,55,2025-02-26T16:51:24.238000+00:00,9683,1253
24.5,71.0,6,2025-02-26T16:51:36.978000+00:00,9683,1253
31.2,54.0,5,2025-02-26T16:53:11.539000+00:00,9683,1253
25.4,64.0,55,2025-02-26T16:53:47.890000+00:00,9683,1253
24.7,72.0,6,2025-02-26T16:53:59.061000+00:00,9683,1253
28.6,71.0,10,2025-02-26T16:54:12.029000+00:00,9683,1253
22.2,84.0,31,2025-02-26T16:54:18.531000+00:00,9683,1253
1155.5,52.0,4,2025-02-26T16:55:47.945000+00:00,9683,1253
24.9,65.0,55,2025-02-26T16:56:06.455000+00:00,9683,1253
24.3,73.0,6,2025-02-26T16:56:21.503000+00:00,9683,1253
37.4,72.0,10,2025-02-26T16:56:28.930000+00:00,9683,1253
26.5,85.0,31,2025-02-26T16:56:47.699000+00:00,9683,1253
38.8,66.0,55,2025-02-26T16:58:36.524000+00:00,9683,1253
24.4,74.0,6,2025-02-26T16:58:40.139000+00:00,9683,1253
26.8,86.0,31,2025-02-26T16:58:59.294000+00:00,9683,1253
,1.0,27,2025-02-27T07:00:03.247000+00:00,9684,1253
,1.0,63,2025-02-27T07:00:07.161000+00:00,9684,1253
,1.0,10,2025-02-27T07:01:06.975000+00:00,9684,1253
,1.0,14,2025-02-27T07:02:02.321000+00:00,9684,1253
,1.0,81,2025-02-27T07:02:26.126000+00:00,9684,1253
,1.0,31,2025-02-27T07:04:07.684000+00:00,9684,1253
,1.0,30,2025-02-27T07:04:17.773000+00:00,9684,1253
30.0,2.0,81,2025-02-27T07:04:54.395000+00:00,9684,1253
,1.0,44,2025-02-27T07:05:53.667000+00:00,9684,1253
,1.0,22,2025-02-27T07:06:22.990000+00:00,9684,1253
,1.0,55,2025-02-27T07:07:09.635000+00:00,9684,1253
42.7,4.0,31,2025-02-27T07:10:19.224000+00:00,9684,1253
585.9,2.0,10,2025-02-27T07:13:25.212000+00:00,9684,1253
862.0,3.0,81,2025-02-27T07:21:10.068000+00:00,9684,1253
583.3,4.0,22,2025-02-27T07:21:48.762000+00:00,9684,1253
773.8,3.0,55,2025-02-27T07:23:28.129000+00:00,9684,1253
783.0,7.0,63,2025-02-27T07:23:31.211000+00:00,9684,1253
754.7,5.0,30,2025-02-27T07:23:43.007000+00:00,9684,1253
544.8,6.0,44,2025-02-27T07:23:47.640000+00:00,9684,1253
521.5,7.0,31,2025-02-27T07:24:03.756000+00:00,9684,1253
1214.7,3.0,14,2025-02-27T07:26:07.773000+00:00,9684,1253
31.1,10.0,63,2025-02-27T07:29:17.548000+00:00,9684,1253
35.5,8.0,30,2025-02-27T07:29:56.638000+00:00,9684,1253
514.8,4.0,81,2025-02-27T07:31:37.186000+00:00,9684,1253
964.5,3.0,10,2025-02-27T07:31:41.857000+00:00,9684,1253
22.4,12.0,31,2025-02-27T07:33:03.002000+00:00,9684,1253
658.4,5.0,55,2025-02-27T07:38:19.725000+00:00,9684,1253
435.8,4.0,10,2025-02-27T07:40:45.192000+00:00,9684,1253
458.2,12.0,44,2025-02-27T07:42:43.802000+00:00,9684,1253
620.5,5.0,81,2025-02-27T07:44:03.429000+00:00,9684,1253
28.1,7.0,10,2025-02-27T07:46:31.324000+00:00,9684,1253
334.8,7.0,55,2025-02-27T07:47:23.971000+00:00,9684,1253
862.1,13.0,31,2025-02-27T07:49:24.142000+00:00,9684,1253
2272.3,8.0,27,2025-02-27T07:49:34.150000+00:00,9684,1253
21.8,13.0,27,2025-02-27T07:59:17.391000+00:00,9684,1253
688.4,22.0,63,2025-02-27T08:00:01.755000+00:00,9684,1253
470.8,12.0,55,2025-02-27T08:04:27.937000+00:00,9684,1253
1220.0,6.0,81,2025-02-27T08:06:18.416000+00:00,9684,1253
1726.3,10.0,14,2025-02-27T08:06:31.892000+00:00,9684,1253
32.5,26.0,63,2025-02-27T08:08:05.792000+00:00,9684,1253
2599.6,6.0,22,2025-02-27T08:08:58.793000+00:00,9684,1253
22.4,25.0,31,2025-02-27T08:09:16.221000+00:00,9684,1253
56.2,9.0,22,2025-02-27T08:16:06.108000+00:00,9684,1253
1451.9,17.0,44,2025-02-27T08:16:30.639000+00:00,9684,1253
1728.1,26.0,31,2025-02-27T08:40:06.730000+00:00,9684,1253
24.1,27.0,31,2025-02-27T08:42:41.321000+00:00,9684,1253
23.2,28.0,31,2025-02-27T08:45:18.160000+00:00,9684,1253
3212.4,29.0,63,2025-02-27T09:07:15.106000+00:00,9684,1253
3404.2,22.0,27,2025-02-27T09:11:37.002000+00:00,9684,1253
22.4,25.0,27,2025-02-27T09:17:07.171000+00:00,9684,1253
3350.1,12.0,22,2025-02-27T09:17:51.232000+00:00,9684,1253
26.1,26.0,27,2025-02-27T09:19:31.125000+00:00,9684,1253
4179.4,8.0,81,2025-02-27T09:19:47.901000+00:00,9684,1253
5901.1,16.0,30,2025-02-27T09:21:31.320000+00:00,9684,1253
5075.9,15.0,10,2025-02-27T09:24:40.097000+00:00,9684,1253
27.1,17.0,30,2025-02-27T09:24:49.549000+00:00,9684,1253
32.5,29.0,27,2025-02-27T09:25:38.278000+00:00,9684,1253
4250.1,15.0,14,2025-02-27T09:25:40.549000+00:00,9684,1253
2302.3,29.0,31,2025-02-27T09:25:53.585000+00:00,9684,1253
4045.9,18.0,44,2025-02-27T09:26:09.770000+00:00,9684,1253
4785.1,15.0,55,2025-02-27T09:30:02.513000+00:00,9684,1253
418.9,32.0,31,2025-02-27T09:38:07.906000+00:00,9684,1253
267.0,21.0,55,2025-02-27T09:44:58.257000+00:00,9684,1253
434.5,23.0,10,2025-02-27T09:45:20.909000+00:00,9684,1253
921.8,32.0,27,2025-02-27T09:46:45.587000+00:00,9684,1253
1005.1,43.0,63,2025-02-27T09:47:11.474000+00:00,9684,1253
389.6,26.0,44,2025-02-27T09:47:46.973000+00:00,9684,1253
195.7,36.0,31,2025-02-27T09:48:11.875000+00:00,9684,1253
561.6,25.0,14,2025-02-27T09:51:10.510000+00:00,9684,1253
28.7,26.0,10,2025-02-27T09:51:31.542000+00:00,9684,1253
774.5,21.0,81,2025-02-27T09:53:07.906000+00:00,9684,1253
37.6,46.0,63,2025-02-27T09:53:16.592000+00:00,9684,1253
531.7,28.0,22,2025-02-27T09:54:58.329000+00:00,9684,1253
22.2,37.0,27,2025-02-27T09:56:19.922000+00:00,9684,1253
63.6,25.0,81,2025-02-27T10:01:32.414000+00:00,9684,1253
650.8,27.0,55,2025-02-27T10:06:20.568000+00:00,9684,1253
770.8,31.0,44,2025-02-27T10:09:59.576000+00:00,9684,1253
22.0,51.0,31,2025-02-27T10:12:51.150000+00:00,9684,1253
905.2,33.0,22,2025-02-27T10:19:19.800000+00:00,9684,1253
594.7,57.0,63,2025-02-27T10:21:04.146000+00:00,9684,1253
654.4,31.0,81,2025-02-27T10:22:00.097000+00:00,9684,1253
782.9,46.0,27,2025-02-27T10:23:48.721000+00:00,9684,1253
561.9,32.0,55,2025-02-27T10:24:20.340000+00:00,9684,1253
726.4,52.0,31,2025-02-27T10:26:58.799000+00:00,9684,1253
30.8,61.0,63,2025-02-27T10:29:00.568000+00:00,9684,1253
228.2,33.0,81,2025-02-27T10:29:30.070000+00:00,9684,1253
1327.2,35.0,14,2025-02-27T10:29:42.924000+00:00,9684,1253
334.4,47.0,27,2025-02-27T10:31:17.333000+00:00,9684,1253
751.5,36.0,44,2025-02-27T10:31:31.146000+00:00,9684,1253
490.0,38.0,22,2025-02-27T10:36:20.179000+00:00,9684,1253
2286.6,32.0,10,2025-02-27T10:39:59.683000+00:00,9684,1253
279.7,37.0,81,2025-02-27T10:41:40.723000+00:00,9684,1253
421.7,49.0,27,2025-02-27T10:41:58.191000+00:00,9684,1253
34.3,41.0,22,2025-02-27T10:42:33.358000+00:00,9684,1253
638.6,39.0,55,2025-02-27T10:46:23.921000+00:00,9684,1253
29.2,35.0,10,2025-02-27T10:46:25.276000+00:00,9684,1253
367.2,41.0,14,2025-02-27T10:46:42.697000+00:00,9684,1253
21.2,44.0,22,2025-02-27T10:48:11.573000+00:00,9684,1253
42.7,41.0,81,2025-02-27T10:49:24.441000+00:00,9684,1253
21.8,45.0,22,2025-02-27T10:50:48.813000+00:00,9684,1253
21.9,54.0,27,2025-02-27T10:51:32.099000+00:00,9684,1253
494.5,44.0,44,2025-02-27T10:52:55.714000+00:00,9684,1253
22.8,46.0,22,2025-02-27T10:53:11.262000+00:00,9684,1253
22.3,68.0,31,2025-02-27T10:53:30.775000+00:00,9684,1253
603.8,71.0,63,2025-02-27T10:55:13.126000+00:00,9684,1253
,1.0,6,2025-02-27T12:03:33.265000+00:00,9684,1253
5329.2,45.0,55,2025-02-27T12:04:34.329000+00:00,9684,1253
,1.0,16,2025-02-27T12:13:19.007000+00:00,9684,1253
,1.0,87,2025-02-27T12:13:51.492000+00:00,9684,1253
,1.0,12,2025-02-27T12:14:57.116000+00:00,9684,1253
562.0,2.0,6,2025-02-27T12:15:12.148000+00:00,9684,1253
,1.0,7,2025-02-27T12:17:17.418000+00:00,9684,1253
348.6,50.0,55,2025-02-27T12:19:35.527000+00:00,9684,1253
20.1,4.0,12,2025-02-27T12:21:05.692000+00:00,9684,1253
9406.9,29.0,30,2025-02-27T12:21:09.675000+00:00,9684,1253
29.2,31.0,30,2025-02-27T12:24:57.421000+00:00,9684,1253
333.4,6.0,87,2025-02-27T12:27:29.989000+00:00,9684,1253
467.1,8.0,16,2025-02-27T12:33:35.344000+00:00,9684,1253
,1.0,5,2025-02-27T12:33:39.111000+00:00,9684,1253
510.3,55.0,55,2025-02-27T12:37:22.528000+00:00,9684,1253
,1.0,18,2025-02-27T12:38:29.696000+00:00,9684,1253
463.5,9.0,7,2025-02-27T12:39:49.237000+00:00,9684,1253
921.6,8.0,12,2025-02-27T12:43:50.920000+00:00,9684,1253
944.8,13.0,6,2025-02-27T12:49:17.008000+00:00,9684,1253
29.2,11.0,12,2025-02-27T12:49:54.999000+00:00,9684,1253
462.5,13.0,16,2025-02-27T12:50:34.552000+00:00,9684,1253
26.8,14.0,6,2025-02-27T12:51:54.298000+00:00,9684,1253
643.4,3.0,18,2025-02-27T12:52:39.636000+00:00,9684,1253
387.8,60.0,55,2025-02-27T12:52:46.118000+00:00,9684,1253
579.9,8.0,5,2025-02-27T12:56:04.674000+00:00,9684,1253
,1.0,4,2025-02-27T12:56:13.289000+00:00,9684,1253
30.4,51.0,30,2025-02-27T12:57:20.964000+00:00,9684,1253
573.9,15.0,7,2025-02-27T13:00:41.627000+00:00,9684,1253
454.4,13.0,12,2025-02-27T13:01:11.183000+00:00,9684,1253
337.2,64.0,55,2025-02-27T13:05:38.120000+00:00,9684,1253
163.6,13.0,5,2025-02-27T13:07:24.058000+00:00,9684,1253
339.7,5.0,4,2025-02-27T13:09:00.416000+00:00,9684,1253
410.9,19.0,16,2025-02-27T13:09:19.750000+00:00,9684,1253
19.1,18.0,12,2025-02-27T13:11:03.794000+00:00,9684,1253
1218.8,21.0,87,2025-02-27T13:11:55.153000+00:00,9684,1253
1057.5,5.0,18,2025-02-27T13:13:44.022000+00:00,9684,1253
33.7,20.0,12,2025-02-27T13:15:29.298000+00:00,9684,1253
575.9,18.0,7,2025-02-27T13:15:49.521000+00:00,9684,1253
31.9,31.0,6,2025-02-27T13:20:07.171000+00:00,9684,1253
470.5,23.0,12,2025-02-27T13:28:29.721000+00:00,9684,1253
861.0,8.0,4,2025-02-27T13:28:41.572000+00:00,9684,1253
464.3,21.0,7,2025-02-27T13:29:15.179000+00:00,9684,1253
697.3,24.0,16,2025-02-27T13:30:30.463000+00:00,9684,1253
1483.4,17.0,5,2025-02-27T13:39:49.064000+00:00,9684,1253
1513.2,69.0,55,2025-02-27T13:40:17.567000+00:00,9684,1253
570.5,10.0,4,2025-02-27T13:41:42.905000+00:00,9684,1253
780.5,24.0,12,2025-02-27T13:43:33.566000+00:00,9684,1253
26.7,11.0,4,2025-02-27T13:43:51.329000+00:00,9684,1253
1252.5,12.0,18,2025-02-27T13:47:08.060000+00:00,9684,1253
833.9,75.0,30,2025-02-27T13:49:53.376000+00:00,9684,1253
237.4,27.0,12,2025-02-27T13:52:32.003000+00:00,9684,1253
29.5,78.0,30,2025-02-27T13:56:05.525000+00:00,9684,1253
1540.4,23.0,7,2025-02-27T13:58:58.911000+00:00,9684,1253
29.5,56.0,6,2025-02-27T14:00:37.700000+00:00,9684,1253
2067.8,32.0,87,2025-02-27T14:04:20.400000+00:00,9684,1253
1219.9,20.0,5,2025-02-27T14:05:17.788000+00:00,9684,1253
569.6,79.0,55,2025-02-27T14:05:59.671000+00:00,9684,1253
641.6,17.0,18,2025-02-27T14:06:50.950000+00:00,9684,1253
2123.8,26.0,16,2025-02-27T14:10:19.412000+00:00,9684,1253
23.9,27.0,16,2025-02-27T14:12:45.228000+00:00,9684,1253
488.3,27.0,7,2025-02-27T14:14:20.950000+00:00,9684,1253
453.1,22.0,5,2025-02-27T14:16:31.997000+00:00,9684,1253
35.3,31.0,4,2025-02-27T14:16:46.787000+00:00,9684,1253
29.5,28.0,7,2025-02-27T14:17:20.274000+00:00,9684,1253
1243.6,79.0,30,2025-02-27T14:18:41.856000+00:00,9684,1253
21.7,23.0,5,2025-02-27T14:19:00.078000+00:00,9684,1253
1425.9,30.0,12,2025-02-27T14:22:06.107000+00:00,9684,1253
24.8,31.0,12,2025-02-27T14:24:50.338000+00:00,9684,1253
512.3,23.0,18,2025-02-27T14:26:51.393000+00:00,9684,1253
496.5,89.0,55,2025-02-27T14:31:19.973000+00:00,9684,1253
25.0,36.0,5,2025-02-27T14:40:42.437000+00:00,9684,1253
24.7,44.0,16,2025-02-27T14:40:47.640000+00:00,9684,1253
34.5,49.0,4,2025-02-27T14:45:40.847000+00:00,9684,1253
38.2,45.0,7,2025-02-27T14:46:34.382000+00:00,9684,1253
702.3,28.0,18,2025-02-27T14:47:27.757000+00:00,9684,1253
1309.8,83.0,30,2025-02-27T14:48:32.296000+00:00,9684,1253
1612.2,72.0,6,2025-02-27T14:53:05.051000+00:00,9684,1253
1240.3,51.0,87,2025-02-27T14:55:27.800000+00:00,9684,1253
541.8,99.0,55,2025-02-27T14:56:52.748000+00:00,9684,1253
25.7,51.0,12,2025-02-27T14:58:04.458000+00:00,9684,1253
246.0,77.0,6,2025-02-27T15:06:16.141000+00:00,9684,1253
24.7,62.0,16,2025-02-27T15:09:38.192000+00:00,9684,1253
34.4,60.0,7,2025-02-27T15:11:01.383000+00:00,9684,1253
40.6,56.0,5,2025-02-27T15:13:27.518000+00:00,9684,1253
704.2,38.0,18,2025-02-27T15:15:44.277000+00:00,9684,1253
1458.2,87.0,30,2025-02-27T15:20:32.886000+00:00,9684,1253
25.6,66.0,12,2025-02-27T15:22:12.127000+00:00,9684,1253
535.5,109.0,55,2025-02-27T15:22:15.565000+00:00,9684,1253
341.8,64.0,87,2025-02-27T15:22:18.706000+00:00,9684,1253
449.5,82.0,6,2025-02-27T15:23:05.246000+00:00,9684,1253
859.2,69.0,4,2025-02-27T15:31:04.260000+00:00,9684,1253
175.0,70.0,4,2025-02-27T15:35:46.091000+00:00,9684,1253
317.6,48.0,18,2025-02-27T15:37:38.634000+00:00,9684,1253
366.8,87.0,6,2025-02-27T15:38:07.620000+00:00,9684,1253
24.4,72.0,4,2025-02-27T15:39:24.256000+00:00,9684,1253
541.0,75.0,7,2025-02-27T15:44:08.045000+00:00,9684,1253
214.2,73.0,4,2025-02-27T15:44:33.352000+00:00,9684,1253
26.1,76.0,7,2025-02-27T15:46:35.685000+00:00,9684,1253
242.3,90.0,6,2025-02-27T15:47:04.625000+00:00,9684,1253
26.2,124.0,55,2025-02-27T15:47:15.273000+00:00,9684,1253
24.2,77.0,7,2025-02-27T15:48:38.813000+00:00,9684,1253
23.9,91.0,6,2025-02-27T15:49:24.396000+00:00,9684,1253
25.5,125.0,55,2025-02-27T15:49:45.058000+00:00,9684,1253
25.6,78.0,7,2025-02-27T15:50:40.508000+00:00,9684,1253
24.4,92.0,6,2025-02-27T15:51:34.411000+00:00,9684,1253
26.3,126.0,55,2025-02-27T15:52:04.784000+00:00,9684,1253
290.4,75.0,4,2025-02-27T15:52:40.166000+00:00,9684,1253
24.0,79.0,7,2025-02-27T15:52:42.377000+00:00,9684,1253
24.6,93.0,6,2025-02-27T15:53:36.931000+00:00,9684,1253
1660.3,90.0,30,2025-02-27T15:53:48.530000+00:00,9684,1253
25.6,127.0,55,2025-02-27T15:54:32.722000+00:00,9684,1253
24.1,80.0,7,2025-02-27T15:54:44.115000+00:00,9684,1253
,1.0,1,2025-02-28T07:00:02.930000+00:00,9685,1253
,1.0,6,2025-02-28T07:00:12.803000+00:00,9685,1253
,1.0,87,2025-02-28T07:00:20.191000+00:00,9685,1253
,1.0,5,2025-02-28T07:00:23.203000+00:00,9685,1253
,1.0,7,2025-02-28T07:00:29.369000+00:00,9685,1253
,1.0,16,2025-02-28T07:00:36.929000+00:00,9685,1253
,1.0,23,2025-02-28T07:00:52.030000+00:00,9685,1253
,1.0,14,2025-02-28T07:01:02.263000+00:00,9685,1253
,1.0,12,2025-02-28T07:01:53.029000+00:00,9685,1253
,1.0,4,2025-02-28T07:02:53.451000+00:00,9685,1253
30.4,2.0,7,2025-02-28T07:03:38.501000+00:00,9685,1253
62.3,5.0,1,2025-02-28T07:07:43.817000+00:00,9685,1253
19.2,4.0,12,2025-02-28T07:07:56.064000+00:00,9685,1253
332.9,4.0,6,2025-02-28T07:12:08.797000+00:00,9685,1253
454.2,3.0,14,2025-02-28T07:12:50.632000+00:00,9685,1253
19.2,8.0,12,2025-02-28T07:15:44.883000+00:00,9685,1253
624.5,3.0,4,2025-02-28T07:17:25.891000+00:00,9685,1253
946.0,3.0,23,2025-02-28T07:20:05.140000+00:00,9685,1253
549.3,8.0,16,2025-02-28T07:22:56.546000+00:00,9685,1253
937.8,6.0,87,2025-02-28T07:24:14.893000+00:00,9685,1253
354.6,11.0,12,2025-02-28T07:27:08.444000+00:00,9685,1253
30.1,11.0,16,2025-02-28T07:28:59.657000+00:00,9685,1253
301.7,6.0,23,2025-02-28T07:30:03.319000+00:00,9685,1253
825.6,5.0,14,2025-02-28T07:30:09.507000+00:00,9685,1253
552.6,5.0,4,2025-02-28T07:30:48.439000+00:00,9685,1253
1164.8,7.0,5,2025-02-28T07:31:02.497000+00:00,9685,1253
621.4,11.0,7,2025-02-28T07:31:03.108000+00:00,9685,1253
1116.8,9.0,1,2025-02-28T07:32:57.185000+00:00,9685,1253
1054.1,7.0,6,2025-02-28T07:35:38.723000+00:00,9685,1253
28.4,14.0,7,2025-02-28T07:37:25.350000+00:00,9685,1253
32.6,12.0,1,2025-02-28T07:39:08.541000+00:00,9685,1253
383.8,7.0,4,2025-02-28T07:41:27.379000+00:00,9685,1253
33.4,10.0,6,2025-02-28T07:41:38.364000+00:00,9685,1253
502.6,11.0,5,2025-02-28T07:46:54.563000+00:00,9685,1253
424.8,9.0,4,2025-02-28T07:52:37.729000+00:00,9685,1253
429.8,13.0,6,2025-02-28T07:53:45.429000+00:00,9685,1253
26.3,16.0,5,2025-02-28T07:57:05.945000+00:00,9685,1253
1134.9,11.0,23,2025-02-28T07:58:06.380000+00:00,9685,1253
1501.6,14.0,16,2025-02-28T07:59:17.597000+00:00,9685,1253
34.9,16.0,6,2025-02-28T08:00:09.546000+00:00,9685,1253
388.1,11.0,4,2025-02-28T08:03:10.293000+00:00,9685,1253
1428.3,20.0,7,2025-02-28T08:12:26.858000+00:00,9685,1253
695.4,13.0,4,2025-02-28T08:18:51.558000+00:00,9685,1253
617.4,19.0,16,2025-02-28T08:19:07.175000+00:00,9685,1253
2185.0,15.0,1,2025-02-28T08:20:55.335000+00:00,9685,1253
689.7,22.0,6,2025-02-28T08:23:06.813000+00:00,9685,1253
740.6,18.0,23,2025-02-28T08:23:15.735000+00:00,9685,1253
29.0,17.0,1,2025-02-28T08:25:03.228000+00:00,9685,1253
2578.8,12.0,14,2025-02-28T08:25:17.465000+00:00,9685,1253
1468.5,22.0,5,2025-02-28T08:31:31.620000+00:00,9685,1253
346.2,27.0,7,2025-02-28T08:31:49.467000+00:00,9685,1253
437.1,18.0,4,2025-02-28T08:36:00.696000+00:00,9685,1253
28.1,30.0,7,2025-02-28T08:37:50.584000+00:00,9685,1253
619.9,24.0,16,2025-02-28T08:38:29.261000+00:00,9685,1253
361.5,23.0,23,2025-02-28T08:38:34.823000+00:00,9685,1253
4315.0,9.0,87,2025-02-28T08:43:34.413000+00:00,9685,1253
609.3,28.0,6,2025-02-28T08:44:55.606000+00:00,9685,1253
36.3,12.0,87,2025-02-28T08:49:45.490000+00:00,9685,1253
37.7,31.0,6,2025-02-28T08:51:25.519000+00:00,9685,1253
514.2,33.0,7,2025-02-28T08:52:02.059000+00:00,9685,1253
942.6,19.0,14,2025-02-28T08:52:49.486000+00:00,9685,1253
4918.8,14.0,12,2025-02-28T08:54:29.047000+00:00,9685,1253
778.2,28.0,16,2025-02-28T08:59:06.235000+00:00,9685,1253
1824.1,20.0,1,2025-02-28T09:01:42.384000+00:00,9685,1253
225.1,17.0,12,2025-02-28T09:03:26.180000+00:00,9685,1253
610.7,27.0,4,2025-02-28T09:04:32.077000+00:00,9685,1253
237.7,19.0,87,2025-02-28T09:05:35.818000+00:00,9685,1253
515.2,34.0,6,2025-02-28T09:05:52.776000+00:00,9685,1253
40.3,37.0,6,2025-02-28T09:12:04.036000+00:00,9685,1253
35.7,22.0,87,2025-02-28T09:12:05.892000+00:00,9685,1253
204.5,20.0,12,2025-02-28T09:12:08.742000+00:00,9685,1253
43.6,40.0,6,2025-02-28T09:18:29.379000+00:00,9685,1253
546.9,25.0,1,2025-02-28T09:21:20.971000+00:00,9685,1253
1152.0,26.0,14,2025-02-28T09:23:30.874000+00:00,9685,1253
2277.6,27.0,23,2025-02-28T09:24:12.259000+00:00,9685,1253
54.6,43.0,6,2025-02-28T09:24:52.143000+00:00,9685,1253
647.0,23.0,12,2025-02-28T09:28:13.666000+00:00,9685,1253
819.1,33.0,4,2025-02-28T09:30:28.579000+00:00,9685,1253
1600.2,39.0,7,2025-02-28T09:30:28.590000+00:00,9685,1253
1385.7,33.0,16,2025-02-28T09:31:29.698000+00:00,9685,1253
1075.6,25.0,87,2025-02-28T09:35:17.988000+00:00,9685,1253
22.7,26.0,87,2025-02-28T09:37:44.873000+00:00,9685,1253
1079.4,45.0,6,2025-02-28T09:46:33.045000+00:00,9685,1253
39.8,31.0,87,2025-02-28T09:46:52.750000+00:00,9685,1253
24.3,46.0,6,2025-02-28T09:49:15.419000+00:00,9685,1253
501.5,45.0,7,2025-02-28T09:50:27.543000+00:00,9685,1253
998.3,32.0,14,2025-02-28T09:51:26.380000+00:00,9685,1253
405.4,43.0,4,2025-02-28T09:53:44.245000+00:00,9685,1253
549.3,37.0,12,2025-02-28T10:00:30.154000+00:00,9685,1253
919.4,43.0,16,2025-02-28T10:03:26.726000+00:00,9685,1253
1166.4,39.0,23,2025-02-28T10:03:45.683000+00:00,9685,1253
1782.0,45.0,12,2025-02-28T10:21:03.003000+00:00,9685,1253
1318.3,51.0,7,2025-02-28T10:24:03.582000+00:00,9685,1253
842.0,53.0,4,2025-02-28T10:24:04.400000+00:00,9685,1253
1964.5,46.0,12,2025-02-28T10:24:05.359000+00:00,9685,1253
1294.8,38.0,14,2025-02-28T10:24:06.706000+00:00,9685,1253
2275.2,47.0,87,2025-02-28T10:24:08.219000+00:00,9685,1253
2596.6,37.0,1,2025-02-28T10:24:17.870000+00:00,9685,1253
6683.3,23.0,5,2025-02-28T10:25:06.049000+00:00,9685,1253
2282.4,49.0,16,2025-02-28T10:26:09.776000+00:00,9685,1253
2638.9,45.0,23,2025-02-28T10:28:17.840000+00:00,9685,1253
40.2,25.0,5,2025-02-28T10:29:21.961000+00:00,9685,1253
2716.7,61.0,6,2025-02-28T10:34:07.800000+00:00,9685,1253
24.0,62.0,6,2025-02-28T10:36:43.894000+00:00,9685,1253
336.6,53.0,12,2025-02-28T10:41:19.305000+00:00,9685,1253
51.1,59.0,16,2025-02-28T10:43:24.325000+00:00,9685,1253
681.3,44.0,14,2025-02-28T10:45:41.920000+00:00,9685,1253
390.9,31.0,5,2025-02-28T10:46:27.397000+00:00,9685,1253
24.0,62.0,16,2025-02-28T10:48:41.941000+00:00,9685,1253
,1.0,1,2025-02-28T11:26:03.357000+00:00,9685,1253
,1.0,6,2025-02-28T11:26:06.233000+00:00,9685,1253
,1.0,87,2025-02-28T11:26:06.732000+00:00,9685,1253
,1.0,5,2025-02-28T11:26:06.955000+00:00,9685,1253
,1.0,7,2025-02-28T11:26:07.214000+00:00,9685,1253
,1.0,16,2025-02-28T11:26:07.695000+00:00,9685,1253
,1.0,23,2025-02-28T11:26:08.751000+00:00,9685,1253
,1.0,14,2025-02-28T11:26:09.331000+00:00,9685,1253
,1.0,12,2025-02-28T11:26:12.549000+00:00,9685,1253
,1.0,4,2025-02-28T11:26:16.988000+00:00,9685,1253
30.4,2.0,7,2025-02-28T11:26:19.109000+00:00,9685,1253
62.3,5.0,1,2025-02-28T11:26:34.423000+00:00,9685,1253
19.2,4.0,12,2025-02-28T11:26:35.229000+00:00,9685,1253
332.9,4.0,6,2025-02-28T11:26:51.068000+00:00,9685,1253
454.2,3.0,14,2025-02-28T11:26:53.598000+00:00,9685,1253
,1.0,31,2025-02-28T12:00:04.788000+00:00,9685,1253
,1.0,10,2025-02-28T12:01:26.092000+00:00,9685,1253
34.3,4.0,31,2025-02-28T12:06:38.100000+00:00,9685,1253
,1.0,22,2025-02-28T12:07:35.628000+00:00,9685,1253
306.1,5.0,31,2025-02-28T12:11:09.995000+00:00,9685,1253
,5.0,10,2025-02-28T12:11:28.683000+00:00,9685,1253
,1.0,44,2025-02-28T12:11:35.248000+00:00,9685,1253
,2.0,22,2025-02-28T12:12:11.612000+00:00,9685,1253
,1.0,63,2025-02-28T12:15:59.720000+00:00,9685,1253
314.0,8.0,10,2025-02-28T12:21:52.499000+00:00,9685,1253
33.5,4.0,63,2025-02-28T12:21:55.130000+00:00,9685,1253
332.1,10.0,31,2025-02-28T12:25:46.273000+00:00,9685,1253
,1.0,27,2025-02-28T12:26:11.685000+00:00,9685,1253
,1.0,18,2025-02-28T12:32:18.492000+00:00,9685,1253
872.4,8.0,22,2025-02-28T12:36:33.224000+00:00,9685,1253
,1.0,81,2025-02-28T12:38:18.189000+00:00,9685,1253
21.4,9.0,22,2025-02-28T12:38:49.923000+00:00,9685,1253
860.1,8.0,44,2025-02-28T12:39:14.876000+00:00,9685,1253
6515.2,59.0,23,2025-02-28T12:40:12.412000+00:00,9685,1253
450.4,6.0,27,2025-02-28T12:42:42.377000+00:00,9685,1253
678.6,10.0,63,2025-02-28T12:43:08.798000+00:00,9685,1253
90.9,3.0,81,2025-02-28T12:43:11.038000+00:00,9685,1253
385.7,16.0,31,2025-02-28T12:43:57.245000+00:00,9685,1253
570.8,4.0,18,2025-02-28T12:47:16.869000+00:00,9685,1253
930.7,14.0,10,2025-02-28T12:48:44.408000+00:00,9685,1253
33.9,19.0,31,2025-02-28T12:50:31.768000+00:00,9685,1253
408.3,13.0,63,2025-02-28T12:55:29.447000+00:00,9685,1253
536.4,10.0,27,2025-02-28T12:59:17.208000+00:00,9685,1253
32.2,16.0,63,2025-02-28T13:01:15.237000+00:00,9685,1253
466.7,9.0,81,2025-02-28T13:02:06.590000+00:00,9685,1253
349.5,9.0,18,2025-02-28T13:02:23.426000+00:00,9685,1253
913.0,13.0,44,2025-02-28T13:04:24.582000+00:00,9685,1253
510.8,22.0,31,2025-02-28T13:04:33.330000+00:00,9685,1253
27.2,12.0,81,2025-02-28T13:07:43.765000+00:00,9685,1253
748.2,19.0,10,2025-02-28T13:10:32.572000+00:00,9685,1253
29.7,16.0,44,2025-02-28T13:10:43.657000+00:00,9685,1253
8991.2,48.0,1,2025-02-28T13:11:43.659000+00:00,9685,1253
30.0,81.0,23,2025-02-28T13:16:35.019000+00:00,9685,1253
632.9,14.0,18,2025-02-28T13:22:16.849000+00:00,9685,1253
471.5,18.0,44,2025-02-28T13:22:26.832000+00:00,9685,1253
752.1,16.0,27,2025-02-28T13:23:13.031000+00:00,9685,1253
965.8,27.0,22,2025-02-28T13:24:25.018000+00:00,9685,1253
901.2,22.0,63,2025-02-28T13:26:35.023000+00:00,9685,1253
21.5,28.0,22,2025-02-28T13:26:40.177000+00:00,9685,1253
875.0,15.0,81,2025-02-28T13:27:48.680000+00:00,9685,1253
361.6,54.0,1,2025-02-28T13:29:18.902000+00:00,9685,1253
28.7,16.0,81,2025-02-28T13:30:26.181000+00:00,9685,1253
1017.3,29.0,31,2025-02-28T13:35:28.596000+00:00,9685,1253
257.6,25.0,63,2025-02-28T13:36:11.298000+00:00,9685,1253
21.5,30.0,31,2025-02-28T13:38:03.232000+00:00,9685,1253
770.1,22.0,44,2025-02-28T13:43:08.428000+00:00,9685,1253
1658.1,25.0,10,2025-02-28T13:49:20.076000+00:00,9685,1253
1138.9,19.0,18,2025-02-28T13:49:53.071000+00:00,9685,1253
933.7,57.0,1,2025-02-28T13:50:21.071000+00:00,9685,1253
305.6,27.0,44,2025-02-28T13:57:42.015000+00:00,9685,1253
33.4,34.0,81,2025-02-28T14:00:26.459000+00:00,9685,1253
528.8,60.0,1,2025-02-28T14:04:23.418000+00:00,9685,1253
43.5,46.0,31,2025-02-28T14:04:58.457000+00:00,9685,1253
514.3,24.0,18,2025-02-28T14:07:10.822000+00:00,9685,1253
1956.3,22.0,27,2025-02-28T14:07:38.692000+00:00,9685,1253
1609.8,98.0,23,2025-02-28T14:10:48.458000+00:00,9685,1253
1837.0,28.0,63,2025-02-28T14:12:31.277000+00:00,9685,1253
24.2,29.0,63,2025-02-28T14:15:13.234000+00:00,9685,1253
1219.5,46.0,22,2025-02-28T14:16:20.984000+00:00,9685,1253
21.2,47.0,22,2025-02-28T14:18:32.643000+00:00,9685,1253
1309.9,30.0,44,2025-02-28T14:24:52.370000+00:00,9685,1253
22.4,31.0,44,2025-02-28T14:27:19.938000+00:00,9685,1253
690.5,101.0,23,2025-02-28T14:27:46.821000+00:00,9685,1253
1129.3,39.0,10,2025-02-28T14:30:28.784000+00:00,9685,1253
1298.5,63.0,1,2025-02-28T14:31:04.611000+00:00,9685,1253
33.7,55.0,81,2025-02-28T14:34:20.386000+00:00,9685,1253
38.2,65.0,31,2025-02-28T14:36:02.831000+00:00,9685,1253
359.1,106.0,23,2025-02-28T14:42:30.562000+00:00,9685,1253
26.6,48.0,63,2025-02-28T14:46:51.872000+00:00,9685,1253
1171.0,35.0,27,2025-02-28T14:48:47.824000+00:00,9685,1253
14142.3,50.0,14,2025-02-28T14:51:21.486000+00:00,9685,1253
252.1,109.0,23,2025-02-28T14:51:52.115000+00:00,9685,1253
25.5,53.0,14,2025-02-28T14:56:37.739000+00:00,9685,1253
528.2,53.0,10,2025-02-28T15:01:24.965000+00:00,9685,1253
1564.8,66.0,1,2025-02-28T15:02:08.399000+00:00,9685,1253
183.6,113.0,23,2025-02-28T15:02:13.484000+00:00,9685,1253
1140.6,65.0,22,2025-02-28T15:06:58.798000+00:00,9685,1253
921.1,67.0,81,2025-02-28T15:08:27.787000+00:00,9685,1253
1373.5,43.0,44,2025-02-28T15:09:52.508000+00:00,9685,1253
28.6,69.0,81,2025-02-28T15:12:14.307000+00:00,9685,1253
30.3,70.0,81,2025-02-28T15:14:35.127000+00:00,9685,1253
572.7,69.0,1,2025-02-28T15:16:39.924000+00:00,9685,1253
666.5,116.0,23,2025-02-28T15:18:35.543000+00:00,9685,1253
250.8,71.0,22,2025-02-28T15:22:01.358000+00:00,9685,1253
495.7,64.0,14,2025-02-28T15:22:42.730000+00:00,9685,1253
24.4,71.0,63,2025-02-28T15:23:50.749000+00:00,9685,1253
275.5,74.0,81,2025-02-28T15:26:30.910000+00:00,9685,1253
1028.6,48.0,27,2025-02-28T15:27:12.543000+00:00,9685,1253
25.4,94.0,31,2025-02-28T15:44:32.963000+00:00,9685,1253
604.3,127.0,23,2025-02-28T15:46:39.511000+00:00,9685,1253
26.8,95.0,31,2025-02-28T15:46:44.872000+00:00,9685,1253
246.0,79.0,22,2025-02-28T15:46:49.782000+00:00,9685,1253
448.3,75.0,14,2025-02-28T15:48:00.598000+00:00,9685,1253
365.5,80.0,81,2025-02-28T15:48:50.710000+00:00,9685,1253
512.4,74.0,1,2025-02-28T15:48:54.810000+00:00,9685,1253
32.7,96.0,31,2025-02-28T15:49:02.291000+00:00,9685,1253
344.6,84.0,63,2025-02-28T15:49:59.072000+00:00,9685,1253
49.3,82.0,22,2025-02-28T15:52:54.806000+00:00,9685,1253
28.9,79.0,10,2025-02-28T15:53:18.674000+00:00,9685,1253
31.9,99.0,31,2025-02-28T15:54:41.883000+00:00,9685,1253
24.1,83.0,22,2025-02-28T15:54:53.846000+00:00,9685,1253
27.4,87.0,63,2025-02-28T15:55:25.495000+00:00,9685,1253
27.3,80.0,10,2025-02-28T15:55:40.517000+00:00,9685,1253
24.5,84.0,22,2025-02-28T15:56:52.223000+00:00,9685,1253
26.8,100.0,31,2025-02-28T15:57:05.607000+00:00,9685,1253
28.4,81.0,10,2025-02-28T15:57:51.249000+00:00,9685,1253
127.1,80.0,14,2025-02-28T15:58:09.068000+00:00,9685,1253
24.8,67.0,27,2025-02-28T15:58:43.445000+00:00,9685,1253
24.1,85.0,22,2025-02-28T15:58:52.389000+00:00,9685,1253
329.2,83.0,81,2025-02-28T15:59:24.430000+00:00,9685,1253
33.5,101.0,31,2025-02-28T15:59:26.809000+00:00,9685,1253
,1.0,27,2025-03-14T01:30:03.187000+00:00,9686,1254
,1.0,6,2025-03-14T01:30:14.530000+00:00,9686,1254
,1.0,4,2025-03-14T01:30:15.871000+00:00,9686,1254
,1.0,5,2025-03-14T01:30:19.204000+00:00,9686,1254
,1.0,10,2025-03-14T01:30:28.407000+00:00,9686,1254
,1.0,7,2025-03-14T01:30:33.174000+00:00,9686,1254
,1.0,18,2025-03-14T01:30:38.774000+00:00,9686,1254
,1.0,22,2025-03-14T01:30:46.868000+00:00,9686,1254
,1.0,1,2025-03-14T01:30:56.223000+00:00,9686,1254
,1.0,44,2025-03-14T01:31:06.337000+00:00,9686,1254
,1.0,16,2025-03-14T01:31:13.571000+00:00,9686,1254
,1.0,30,2025-03-14T01:31:20.193000+00:00,9686,1254
,1.0,87,2025-03-14T01:31:26.405000+00:00,9686,1254
,1.0,81,2025-03-14T01:31:29.674000+00:00,9686,1254
,1.0,12,2025-03-14T01:31:38.356000+00:00,9686,1254
,1.0,63,2025-03-14T01:31:53.442000+00:00,9686,1254
21.9,2.0,27,2025-03-14T01:32:07.814000+00:00,9686,1254
,1.0,14,2025-03-14T01:32:11.414000+00:00,9686,1254
,1.0,55,2025-03-14T01:33:19.290000+00:00,9686,1254
,1.0,31,2025-03-14T01:34:10.468000+00:00,9686,1254
30.8,3.0,27,2025-03-14T01:34:17.778000+00:00,9686,1254
,1.0,23,2025-03-14T01:37:20.365000+00:00,9686,1254
24.6,6.0,22,2025-03-14T01:40:23.379000+00:00,9686,1254
21.3,7.0,63,2025-03-14T01:42:02.141000+00:00,9686,1254
22.5,8.0,10,2025-03-14T01:42:50.762000+00:00,9686,1254
12.9,7.0,12,2025-03-14T01:43:04.659000+00:00,9686,1254
434.9,4.0,27,2025-03-14T01:43:10.712000+00:00,9686,1254
28.1,8.0,30,2025-03-14T01:44:13.515000+00:00,9686,1254
27.0,9.0,6,2025-03-14T01:44:17.442000+00:00,9686,1254
475.4,6.0,5,2025-03-14T01:46:57.084000+00:00,9686,1254
21.3,11.0,7,2025-03-14T01:47:49.484000+00:00,9686,1254
478.3,6.0,81,2025-03-14T01:48:02.636000+00:00,9686,1254
899.1,7.0,81,2025-03-14T01:55:03.450000+00:00,9686,1254
792.5,8.0,4,2025-03-14T01:55:05.026000+00:00,9686,1254
726.0,8.0,16,2025-03-14T01:55:05.065000+00:00,9686,1254
750.5,8.0,44,2025-03-14T01:55:10.001000+00:00,9686,1254
572.6,9.0,22,2025-03-14T01:55:21.588000+00:00,9686,1254
980.8,7.0,5,2025-03-14T01:55:22.465000+00:00,9686,1254
699.9,12.0,6,2025-03-14T01:55:30.593000+00:00,9686,1254
771.8,8.0,1,2025-03-14T01:56:10.692000+00:00,9686,1254
1225.2,8.0,27,2025-03-14T01:56:21.032000+00:00,9686,1254
860.4,4.0,23,2025-03-14T01:56:33.061000+00:00,9686,1254
574.6,10.0,12,2025-03-14T01:57:31.146000+00:00,9686,1254
857.9,8.0,14,2025-03-14T01:57:35.073000+00:00,9686,1254
963.1,11.0,63,2025-03-14T01:57:44.030000+00:00,9686,1254
,10.0,55,2025-03-14T01:58:19.342000+00:00,9686,1254
977.4,8.0,18,2025-03-14T01:58:35.447000+00:00,9686,1254
917.3,10.0,10,2025-03-14T02:00:55.415000+00:00,9686,1254
1049.2,11.0,30,2025-03-14T02:01:14.604000+00:00,9686,1254
23.8,11.0,1,2025-03-14T02:01:45.990000+00:00,9686,1254
1021.2,8.0,31,2025-03-14T02:03:20.745000+00:00,9686,1254
261.8,11.0,16,2025-03-14T02:04:10.369000+00:00,9686,1254
1012.1,11.0,87,2025-03-14T02:04:39.444000+00:00,9686,1254
12.9,14.0,12,2025-03-14T02:05:01.748000+00:00,9686,1254
432.4,11.0,44,2025-03-14T02:06:52.721000+00:00,9686,1254
12.9,13.0,10,2025-03-14T02:06:55.159000+00:00,9686,1254
275.2,14.0,22,2025-03-14T02:07:12.294000+00:00,9686,1254
1857.4,12.0,7,2025-03-14T02:18:25.886000+00:00,9686,1254
2240.9,17.0,63,2025-03-14T02:19:02.061000+00:00,9686,1254
953.0,13.0,4,2025-03-14T02:19:03.345000+00:00,9686,1254
972.3,12.0,81,2025-03-14T02:19:05.712000+00:00,9686,1254
703.4,14.0,5,2025-03-14T02:19:09.130000+00:00,9686,1254
993.1,15.0,22,2025-03-14T02:19:10.166000+00:00,9686,1254
2128.3,15.0,30,2025-03-14T02:19:13.702000+00:00,9686,1254
1177.6,12.0,44,2025-03-14T02:19:17.967000+00:00,9686,1254
871.3,16.0,12,2025-03-14T02:19:20.494000+00:00,9686,1254
761.3,14.0,10,2025-03-14T02:19:23.815000+00:00,9686,1254
1000.0,17.0,6,2025-03-14T02:19:24.612000+00:00,9686,1254
2233.2,11.0,23,2025-03-14T02:19:25.939000+00:00,9686,1254
,16.0,55,2025-03-14T02:19:27.816000+00:00,9686,1254
1094.8,11.0,27,2025-03-14T02:19:29.957000+00:00,9686,1254
863.4,13.0,1,2025-03-14T02:19:52.589000+00:00,9686,1254
1218.0,14.0,16,2025-03-14T02:20:06.628000+00:00,9686,1254
2222.2,15.0,14,2025-03-14T02:20:19.381000+00:00,9686,1254
2377.7,14.0,18,2025-03-14T02:21:55.783000+00:00,9686,1254
2306.1,11.0,31,2025-03-14T02:24:45.619000+00:00,9686,1254
21.7,14.0,23,2025-03-14T02:25:25.253000+00:00,9686,1254
38.1,19.0,22,2025-03-14T02:25:36.915000+00:00,9686,1254
52.3,21.0,6,2025-03-14T02:26:16.759000+00:00,9686,1254
18.3,17.0,44,2025-03-14T02:27:48.444000+00:00,9686,1254
,1.0,5,2025-03-14T05:00:24.386000+00:00,9686,1254
,1.0,5,2025-03-14T05:00:24.386000+00:00,9687,1254
,1.0,10,2025-03-14T05:00:33.495000+00:00,9686,1254
,1.0,10,2025-03-14T05:00:33.495000+00:00,9687,1254
,1.0,6,2025-03-14T05:00:39.186000+00:00,9686,1254
,1.0,6,2025-03-14T05:00:39.186000+00:00,9687,1254
,1.0,4,2025-03-14T05:00:42.217000+00:00,9686,1254
,1.0,4,2025-03-14T05:00:42.217000+00:00,9687,1254
,1.0,22,2025-03-14T05:00:42.599000+00:00,9686,1254
,1.0,22,2025-03-14T05:00:42.599000+00:00,9687,1254
,1.0,81,2025-03-14T05:00:45.957000+00:00,9686,1254
,1.0,81,2025-03-14T05:00:45.957000+00:00,9687,1254
,1.0,14,2025-03-14T05:00:49.225000+00:00,9686,1254
,1.0,14,2025-03-14T05:00:49.225000+00:00,9687,1254
,1.0,18,2025-03-14T05:00:54.483000+00:00,9686,1254
,1.0,18,2025-03-14T05:00:54.483000+00:00,9687,1254
,1.0,1,2025-03-14T05:01:00.059000+00:00,9686,1254
,1.0,1,2025-03-14T05:01:00.059000+00:00,9687,1254
,1.0,30,2025-03-14T05:01:04.043000+00:00,9686,1254
,1.0,30,2025-03-14T05:01:04.043000+00:00,9687,1254
,1.0,7,2025-03-14T05:01:12.726000+00:00,9686,1254
,1.0,7,2025-03-14T05:01:12.726000+00:00,9687,1254
,1.0,63,2025-03-14T05:01:17.518000+00:00,9686,1254
,1.0,63,2025-03-14T05:01:17.518000+00:00,9687,1254
,1.0,12,2025-03-14T05:01:24.473000+00:00,9686,1254
,1.0,12,2025-03-14T05:01:24.473000+00:00,9687,1254
,1.0,44,2025-03-14T05:01:25.643000+00:00,9686,1254
,1.0,44,2025-03-14T05:01:25.643000+00:00,9687,1254
,1.0,16,2025-03-14T05:01:31.771000+00:00,9686,1254
,1.0,16,2025-03-14T05:01:31.771000+00:00,9687,1254
,1.0,27,2025-03-14T05:01:47.918000+00:00,9686,1254
,1.0,27,2025-03-14T05:01:47.918000+00:00,9687,1254
,1.0,31,2025-03-14T05:02:22.045000+00:00,9686,1254
,1.0,31,2025-03-14T05:02:22.045000+00:00,9687,1254
,1.0,55,2025-03-14T05:03:50.068000+00:00,9686,1254
,1.0,55,2025-03-14T05:03:50.068000+00:00,9687,1254
20.0,2.0,27,2025-03-14T05:04:02.518000+00:00,9686,1254
20.0,2.0,27,2025-03-14T05:04:02.518000+00:00,9687,1254
,1.0,23,2025-03-14T05:04:13.489000+00:00,9686,1254
,1.0,23,2025-03-14T05:04:13.489000+00:00,9687,1254
13.0,6.0,12,2025-03-14T05:11:03.295000+00:00,9686,1254
13.0,6.0,12,2025-03-14T05:11:03.295000+00:00,9687,1254
27.0,6.0,16,2025-03-14T05:11:10.631000+00:00,9686,1254
27.0,6.0,16,2025-03-14T05:11:10.631000+00:00,9687,1254
33.4,6.0,44,2025-03-14T05:11:20.156000+00:00,9686,1254
33.4,6.0,44,2025-03-14T05:11:20.156000+00:00,9687,1254
18.7,6.0,55,2025-03-14T05:12:32.419000+00:00,9686,1254
18.7,6.0,55,2025-03-14T05:12:32.419000+00:00,9687,1254
402.8,8.0,30,2025-03-14T05:20:36.290000+00:00,9686,1254
402.8,8.0,30,2025-03-14T05:20:36.290000+00:00,9687,1254
693.4,6.0,18,2025-03-14T05:21:06.250000+00:00,9686,1254
693.4,6.0,18,2025-03-14T05:21:06.250000+00:00,9687,1254
737.0,6.0,14,2025-03-14T05:21:17.874000+00:00,9686,1254
737.0,6.0,14,2025-03-14T05:21:17.874000+00:00,9687,1254
472.4,8.0,63,2025-03-14T05:21:22.853000+00:00,9686,1254
472.4,8.0,63,2025-03-14T05:21:22.853000+00:00,9687,1254
396.3,9.0,4,2025-03-14T05:21:57.227000+00:00,9686,1254
396.3,9.0,4,2025-03-14T05:21:57.227000+00:00,9687,1254
344.5,9.0,12,2025-03-14T05:22:21.427000+00:00,9686,1254
344.5,9.0,12,2025-03-14T05:22:21.427000+00:00,9687,1254
695.0,7.0,22,2025-03-14T05:22:50.437000+00:00,9686,1254
695.0,7.0,22,2025-03-14T05:22:50.437000+00:00,9687,1254
407.4,10.0,6,2025-03-14T05:23:11.988000+00:00,9686,1254
407.4,10.0,6,2025-03-14T05:23:11.988000+00:00,9687,1254
510.4,9.0,10,2025-03-14T05:23:22.616000+00:00,9686,1254
510.4,9.0,10,2025-03-14T05:23:22.616000+00:00,9687,1254
334.2,10.0,31,2025-03-14T05:23:27.829000+00:00,9686,1254
334.2,10.0,31,2025-03-14T05:23:27.829000+00:00,9687,1254
501.4,9.0,81,2025-03-14T05:23:32.623000+00:00,9686,1254
501.4,9.0,81,2025-03-14T05:23:32.623000+00:00,9687,1254
398.3,9.0,55,2025-03-14T05:23:44.500000+00:00,9686,1254
398.3,9.0,55,2025-03-14T05:23:44.500000+00:00,9687,1254
435.5,10.0,5,2025-03-14T05:23:56.914000+00:00,9686,1254
435.5,10.0,5,2025-03-14T05:23:56.914000+00:00,9687,1254
389.0,11.0,16,2025-03-14T05:25:55.100000+00:00,9686,1254
389.0,11.0,16,2025-03-14T05:25:55.100000+00:00,9687,1254
22.9,11.0,30,2025-03-14T05:26:02.141000+00:00,9686,1254
22.9,11.0,30,2025-03-14T05:26:02.141000+00:00,9687,1254
985.5,6.0,1,2025-03-14T05:26:13.939000+00:00,9686,1254
985.5,6.0,1,2025-03-14T05:26:13.939000+00:00,9687,1254
546.0,9.0,23,2025-03-14T05:26:43.960000+00:00,9686,1254
546.0,9.0,23,2025-03-14T05:26:43.960000+00:00,9687,1254
418.6,11.0,44,2025-03-14T05:27:03.056000+00:00,9686,1254
418.6,11.0,44,2025-03-14T05:27:03.056000+00:00,9687,1254
67.1,11.0,63,2025-03-14T05:27:31.393000+00:00,9686,1254
67.1,11.0,63,2025-03-14T05:27:31.393000+00:00,9687,1254
637.3,10.0,7,2025-03-14T05:27:52.237000+00:00,9686,1254
637.3,10.0,7,2025-03-14T05:27:52.237000+00:00,9687,1254
26.7,10.0,18,2025-03-14T05:28:11.525000+00:00,9687,1254
41.4,12.0,12,2025-03-14T05:28:15.133000+00:00,9687,1254
1070.6,6.0,27,2025-03-14T05:29:00.062000+00:00,9687,1254
24.9,13.0,31,2025-03-14T05:29:07.006000+00:00,9687,1254
20.5,12.0,55,2025-03-14T05:29:21.454000+00:00,9687,1254
12.8,13.0,5,2025-03-14T05:29:32.282000+00:00,9687,1254
21.4,13.0,44,2025-03-14T05:30:31.701000+00:00,9686,1254
21.4,13.0,44,2025-03-14T05:30:31.701000+00:00,9687,1254
22.0,14.0,16,2025-03-14T05:31:26.354000+00:00,9686,1254
22.0,14.0,16,2025-03-14T05:31:26.354000+00:00,9687,1254
12.6,12.0,23,2025-03-14T05:32:05.758000+00:00,9686,1254
12.6,12.0,23,2025-03-14T05:32:05.758000+00:00,9687,1254
451.6,10.0,22,2025-03-14T05:35:25.445000+00:00,9686,1254
451.6,10.0,22,2025-03-14T05:35:25.445000+00:00,9687,1254
365.4,14.0,63,2025-03-14T05:39:00.145000+00:00,9686,1254
365.4,14.0,63,2025-03-14T05:39:00.145000+00:00,9687,1254
36.9,12.0,22,2025-03-14T05:39:01.261000+00:00,9686,1254
36.9,12.0,22,2025-03-14T05:39:01.261000+00:00,9687,1254
312.6,16.0,12,2025-03-14T05:40:17.837000+00:00,9686,1254
312.6,16.0,12,2025-03-14T05:40:17.837000+00:00,9687,1254
355.1,15.0,55,2025-03-14T05:40:35.697000+00:00,9686,1254
355.1,15.0,55,2025-03-14T05:40:35.697000+00:00,9687,1254
436.4,16.0,6,2025-03-14T05:40:58.992000+00:00,9686,1254
436.4,16.0,6,2025-03-14T05:40:58.992000+00:00,9687,1254
342.9,16.0,10,2025-03-14T05:41:17.321000+00:00,9686,1254
342.9,16.0,10,2025-03-14T05:41:17.321000+00:00,9687,1254
324.4,17.0,16,2025-03-14T05:41:32.023000+00:00,9686,1254
324.4,17.0,16,2025-03-14T05:41:32.023000+00:00,9687,1254
261.4,16.0,7,2025-03-14T05:41:52.320000+00:00,9686,1254
261.4,16.0,7,2025-03-14T05:41:52.320000+00:00,9687,1254
548.4,13.0,14,2025-03-14T05:42:06.352000+00:00,9686,1254
548.4,13.0,14,2025-03-14T05:42:06.352000+00:00,9687,1254
438.4,14.0,18,2025-03-14T05:42:08.110000+00:00,9686,1254
438.4,14.0,18,2025-03-14T05:42:08.110000+00:00,9687,1254
346.7,17.0,44,2025-03-14T05:42:41.960000+00:00,9686,1254
346.7,17.0,44,2025-03-14T05:42:41.960000+00:00,9687,1254
18.1,17.0,6,2025-03-14T05:42:57.168000+00:00,9686,1254
18.1,17.0,6,2025-03-14T05:42:57.168000+00:00,9687,1254
512.7,16.0,5,2025-03-14T05:43:17.742000+00:00,9687,1254
462.8,17.0,4,2025-03-14T05:43:23.348000+00:00,9687,1254
403.7,17.0,30,2025-03-14T05:43:35.053000+00:00,9687,1254
318.0,16.0,23,2025-03-14T05:43:57.605000+00:00,9687,1254
409.1,17.0,81,2025-03-14T05:44:10.263000+00:00,9687,1254
332.9,19.0,31,2025-03-14T05:44:37.548000+00:00,9687,1254
375.5,12.0,27,2025-03-14T05:44:56.841000+00:00,9687,1254
45.9,17.0,23,2025-03-14T05:46:19.649000+00:00,9686,1254
45.9,17.0,23,2025-03-14T05:46:19.649000+00:00,9687,1254
19.5,18.0,5,2025-03-14T05:46:53.011000+00:00,9686,1254
19.5,18.0,5,2025-03-14T05:46:53.011000+00:00,9687,1254
684.6,13.0,1,2025-03-14T05:50:01.751000+00:00,9686,1254
684.6,13.0,1,2025-03-14T05:50:01.751000+00:00,9687,1254
21.0,22.0,23,2025-03-14T05:53:57.335000+00:00,9686,1254
21.0,22.0,23,2025-03-14T05:53:57.335000+00:00,9687,1254
28.4,28.0,6,2025-03-14T05:58:41.072000+00:00,9687,1254
18.6,28.0,4,2025-03-14T05:58:48.134000+00:00,9687,1254
27.1,28.0,10,2025-03-14T05:58:51.030000+00:00,9687,1254
20.9,29.0,12,2025-03-14T05:58:52.629000+00:00,9687,1254
36.4,28.0,55,2025-03-14T05:59:35.833000+00:00,9687,1254
19.4,28.0,81,2025-03-14T05:59:36.832000+00:00,9687,1254
,1.0,87,2025-03-15T01:30:02.717000+00:00,9688,1254
,1.0,44,2025-03-15T01:30:32.932000+00:00,9688,1254
,1.0,81,2025-03-15T01:30:42.499000+00:00,9688,1254
,1.0,16,2025-03-15T01:30:46.921000+00:00,9688,1254
,1.0,6,2025-03-15T01:30:55.064000+00:00,9688,1254
,1.0,22,2025-03-15T01:31:44.344000+00:00,9688,1254
,1.0,4,2025-03-15T01:31:47.761000+00:00,9688,1254
20.9,2.0,44,2025-03-15T01:32:51.501000+00:00,9688,1254
501.3,2.0,16,2025-03-15T01:41:02.966000+00:00,9688,1254
514.1,3.0,44,2025-03-15T01:41:04.706000+00:00,9688,1254
,1.0,31,2025-03-15T01:41:09.152000+00:00,9688,1254
,1.0,7,2025-03-15T01:41:12.832000+00:00,9688,1254
,1.0,18,2025-03-15T01:41:13.145000+00:00,9688,1254
,1.0,14,2025-03-15T01:41:16.600000+00:00,9688,1254
22.5,3.0,16,2025-03-15T01:43:17.294000+00:00,9688,1254
19.4,2.0,18,2025-03-15T01:43:26.823000+00:00,9688,1254
21.7,2.0,14,2025-03-15T01:43:40.671000+00:00,9688,1254
,1.0,30,2025-03-15T01:44:40.283000+00:00,9688,1254
,1.0,1,2025-03-15T01:45:41.841000+00:00,9688,1254
,1.0,55,2025-03-15T01:46:46.373000+00:00,9688,1254
,1.0,5,2025-03-15T01:46:57.024000+00:00,9688,1254
21.9,4.0,7,2025-03-15T01:47:02.321000+00:00,9688,1254
,2.0,4,2025-03-15T01:47:08.903000+00:00,9688,1254
,1.0,12,2025-03-15T01:48:06.426000+00:00,9688,1254
204.4,3.0,18,2025-03-15T01:48:38.609000+00:00,9688,1254
980.2,2.0,81,2025-03-15T01:48:58.170000+00:00,9688,1254
228.1,3.0,14,2025-03-15T01:49:16.559000+00:00,9688,1254
266.0,4.0,16,2025-03-15T01:49:32.057000+00:00,9688,1254
393.4,4.0,44,2025-03-15T01:49:36.749000+00:00,9688,1254
,1.0,23,2025-03-15T01:49:59.004000+00:00,9688,1254
,1.0,10,2025-03-15T01:50:23.141000+00:00,9688,1254
12.6,4.0,1,2025-03-15T01:51:13.527000+00:00,9688,1254
23.9,7.0,31,2025-03-15T01:52:03.562000+00:00,9688,1254
,1.0,27,2025-03-15T01:52:15.526000+00:00,9688,1254
13.5,4.0,5,2025-03-15T01:52:21.710000+00:00,9688,1254
,1.0,63,2025-03-15T01:52:25.929000+00:00,9688,1254
23.8,7.0,7,2025-03-15T01:52:47.156000+00:00,9688,1254
21.4,5.0,4,2025-03-15T01:52:52.199000+00:00,9688,1254
1286.3,2.0,6,2025-03-15T01:54:13.333000+00:00,9688,1254
,2.0,22,2025-03-15T01:54:22.828000+00:00,9688,1254
71.5,4.0,12,2025-03-15T01:54:27.902000+00:00,9688,1254
21.7,7.0,16,2025-03-15T01:55:15.525000+00:00,9688,1254
22.1,6.0,55,2025-03-15T01:55:33.131000+00:00,9688,1254
12.6,7.0,1,2025-03-15T01:57:15.333000+00:00,9688,1254
14.5,10.0,31,2025-03-15T01:57:18.986000+00:00,9688,1254
12.7,4.0,27,2025-03-15T01:57:39.129000+00:00,9688,1254
23.8,8.0,44,2025-03-15T01:57:40.789000+00:00,9688,1254
22.5,6.0,23,2025-03-15T01:58:37.274000+00:00,9688,1254
24.7,7.0,5,2025-03-15T01:58:38.514000+00:00,9688,1254
52.7,4.0,63,2025-03-15T01:58:45.232000+00:00,9688,1254
25.5,6.0,10,2025-03-15T02:00:01.550000+00:00,9688,1254
15.0,10.0,16,2025-03-15T02:00:55.396000+00:00,9688,1254
87.8,7.0,12,2025-03-15T02:01:12.252000+00:00,9688,1254
24.0,7.0,27,2025-03-15T02:03:02.833000+00:00,9688,1254
62.1,6.0,63,2025-03-15T02:04:06.297000+00:00,9688,1254
258.8,10.0,18,2025-03-15T02:04:13.517000+00:00,9688,1254
188.7,10.0,1,2025-03-15T02:05:26.513000+00:00,9688,1254
18.0,9.0,6,2025-03-15T02:06:11.606000+00:00,9688,1254
358.4,10.0,14,2025-03-15T02:06:11.944000+00:00,9688,1254
493.2,8.0,4,2025-03-15T02:06:14.118000+00:00,9688,1254
24.1,12.0,14,2025-03-15T02:09:36.138000+00:00,9688,1254
279.2,10.0,23,2025-03-15T02:09:58.768000+00:00,9688,1254
334.7,12.0,55,2025-03-15T02:11:12.370000+00:00,9688,1254
338.8,11.0,1,2025-03-15T02:12:27.722000+00:00,9688,1254
863.9,8.0,81,2025-03-15T02:13:21.712000+00:00,9688,1254
172.3,11.0,4,2025-03-15T02:13:42.310000+00:00,9688,1254
329.7,9.0,63,2025-03-15T02:14:22.814000+00:00,9688,1254
631.6,10.0,5,2025-03-15T02:14:31.236000+00:00,9688,1254
443.4,11.0,12,2025-03-15T02:15:26.622000+00:00,9688,1254
201.1,13.0,10,2025-03-15T02:15:37.961000+00:00,9688,1254
1192.1,9.0,7,2025-03-15T02:16:16.081000+00:00,9688,1254
595.0,13.0,44,2025-03-15T02:16:29.801000+00:00,9688,1254
521.3,10.0,6,2025-03-15T02:16:35.549000+00:00,9688,1254
632.8,13.0,16,2025-03-15T02:16:40.508000+00:00,9688,1254
511.6,10.0,22,2025-03-15T02:16:56.078000+00:00,9688,1254
867.1,8.0,27,2025-03-15T02:19:12.125000+00:00,9688,1254
13.1,13.0,5,2025-03-15T02:19:51.440000+00:00,9688,1254
493.9,15.0,18,2025-03-15T02:20:32.225000+00:00,9688,1254
407.7,15.0,14,2025-03-15T02:20:54.516000+00:00,9688,1254
1310.9,11.0,31,2025-03-15T02:20:57.239000+00:00,9688,1254
22.0,16.0,10,2025-03-15T02:21:40.559000+00:00,9688,1254
26.7,12.0,7,2025-03-15T02:21:49.328000+00:00,9688,1254
21.8,16.0,16,2025-03-15T02:22:25.803000+00:00,9688,1254
311.3,14.0,1,2025-03-15T02:22:43.741000+00:00,9688,1254
180.2,16.0,23,2025-03-15T02:23:20.826000+00:00,9688,1254
257.9,12.0,63,2025-03-15T02:23:29.485000+00:00,9688,1254
59.6,15.0,12,2025-03-15T02:23:35.440000+00:00,9688,1254
177.7,13.0,6,2025-03-15T02:24:34.127000+00:00,9688,1254
191.3,18.0,55,2025-03-15T02:24:36.412000+00:00,9688,1254
24.0,17.0,44,2025-03-15T02:24:40.313000+00:00,9688,1254
33.1,11.0,27,2025-03-15T02:24:41.640000+00:00,9688,1254
230.2,13.0,22,2025-03-15T02:25:58.640000+00:00,9688,1254
13.1,19.0,10,2025-03-15T02:27:40.345000+00:00,9688,1254
27.3,19.0,14,2025-03-15T02:27:45.879000+00:00,9688,1254
15.8,15.0,7,2025-03-15T02:27:49.532000+00:00,9688,1254
21.1,19.0,16,2025-03-15T02:28:08.621000+00:00,9688,1254
146.0,16.0,1,2025-03-15T02:28:19.414000+00:00,9688,1254
21.8,19.0,23,2025-03-15T02:28:33.462000+00:00,9688,1254
223.4,16.0,5,2025-03-15T02:28:44.421000+00:00,9688,1254
19.1,15.0,63,2025-03-15T02:28:58.586000+00:00,9688,1254
365.1,14.0,81,2025-03-15T02:29:01.389000+00:00,9688,1254
14.2,21.0,55,2025-03-15T02:29:23.091000+00:00,9688,1254
233.6,18.0,4,2025-03-15T02:29:31.620000+00:00,9688,1254
73.6,18.0,12,2025-03-15T02:29:47.074000+00:00,9688,1254
,1.0,31,2025-03-15T05:00:04.068000+00:00,9689,1254
,1.0,87,2025-03-15T05:00:11.238000+00:00,9689,1254
,1.0,63,2025-03-15T05:00:20.366000+00:00,9689,1254
,1.0,7,2025-03-15T05:00:28.938000+00:00,9689,1254
,1.0,27,2025-03-15T05:00:38.276000+00:00,9689,1254
,1.0,55,2025-03-15T05:00:40.041000+00:00,9689,1254
,1.0,5,2025-03-15T05:00:48.384000+00:00,9689,1254
,1.0,14,2025-03-15T05:01:01.716000+00:00,9689,1254
,1.0,30,2025-03-15T05:01:18.975000+00:00,9689,1254
,1.0,23,2025-03-15T05:01:30.023000+00:00,9689,1254
,1.0,18,2025-03-15T05:01:38.912000+00:00,9689,1254
,1.0,10,2025-03-15T05:01:53.256000+00:00,9689,1254
,1.0,12,2025-03-15T05:01:56.754000+00:00,9689,1254
,1.0,16,2025-03-15T05:02:04.197000+00:00,9689,1254
,1.0,44,2025-03-15T05:02:10.862000+00:00,9689,1254
,1.0,4,2025-03-15T05:02:39.733000+00:00,9689,1254
,1.0,81,2025-03-15T05:03:23.522000+00:00,9689,1254
,1.0,1,2025-03-15T05:04:18.343000+00:00,9689,1254
12.7,3.0,5,2025-03-15T05:04:33.066000+00:00,9689,1254
,1.0,6,2025-03-15T05:06:11.901000+00:00,9689,1254
75.9,4.0,63,2025-03-15T05:06:16.800000+00:00,9689,1254
,1.0,22,2025-03-15T05:06:22.370000+00:00,9689,1254
66.8,4.0,27,2025-03-15T05:06:32.236000+00:00,9689,1254
124.8,4.0,31,2025-03-15T05:06:39.255000+00:00,9689,1254
20.4,4.0,16,2025-03-15T05:07:22.966000+00:00,9689,1254
108.2,4.0,14,2025-03-15T05:07:34.025000+00:00,9689,1254
82.0,4.0,18,2025-03-15T05:07:36.826000+00:00,9689,1254
21.3,4.0,4,2025-03-15T05:07:48.332000+00:00,9689,1254
43.9,4.0,44,2025-03-15T05:08:00.209000+00:00,9689,1254
131.1,4.0,30,2025-03-15T05:08:08.468000+00:00,9689,1254
12.7,4.0,81,2025-03-15T05:08:23.195000+00:00,9689,1254
152.6,4.0,12,2025-03-15T05:09:25.641000+00:00,9689,1254
111.8,7.0,55,2025-03-15T05:12:25.020000+00:00,9689,1254
269.1,4.0,1,2025-03-15T05:13:21.920000+00:00,9689,1254
108.9,6.0,30,2025-03-15T05:13:27.330000+00:00,9689,1254
159.5,7.0,63,2025-03-15T05:13:34.073000+00:00,9689,1254
160.3,4.0,22,2025-03-15T05:13:54.665000+00:00,9689,1254
166.5,7.0,10,2025-03-15T05:14:09.969000+00:00,9689,1254
216.4,4.0,6,2025-03-15T05:14:29.043000+00:00,9689,1254
275.4,7.0,7,2025-03-15T05:14:38.909000+00:00,9689,1254
189.7,7.0,31,2025-03-15T05:14:44.462000+00:00,9689,1254
244.1,7.0,23,2025-03-15T05:14:53.326000+00:00,9689,1254
161.1,7.0,18,2025-03-15T05:15:00.445000+00:00,9689,1254
145.8,7.0,4,2025-03-15T05:15:02.558000+00:00,9689,1254
144.1,7.0,44,2025-03-15T05:15:06.228000+00:00,9689,1254
189.4,7.0,14,2025-03-15T05:15:19.595000+00:00,9689,1254
265.4,7.0,27,2025-03-15T05:15:49.483000+00:00,9689,1254
402.2,6.0,5,2025-03-15T05:15:58.885000+00:00,9689,1254
239.6,7.0,16,2025-03-15T05:16:02.823000+00:00,9689,1254
180.8,7.0,81,2025-03-15T05:16:05.594000+00:00,9689,1254
508.0,6.0,1,2025-03-15T05:25:04.608000+00:00,9689,1254
444.2,8.0,16,2025-03-15T05:25:09.510000+00:00,9689,1254
299.0,10.0,44,2025-03-15T05:25:16.625000+00:00,9689,1254
450.6,10.0,63,2025-03-15T05:25:56.591000+00:00,9689,1254
545.2,10.0,55,2025-03-15T05:26:11.317000+00:00,9689,1254
387.5,10.0,23,2025-03-15T05:26:16.768000+00:00,9689,1254
508.5,8.0,81,2025-03-15T05:26:22.708000+00:00,9689,1254
475.9,9.0,4,2025-03-15T05:26:37.550000+00:00,9689,1254
478.2,9.0,14,2025-03-15T05:27:05.241000+00:00,9689,1254
440.1,10.0,18,2025-03-15T05:27:16.423000+00:00,9689,1254
572.9,7.0,6,2025-03-15T05:28:48.977000+00:00,9689,1254
595.4,10.0,10,2025-03-15T05:29:04.552000+00:00,9689,1254
587.6,10.0,7,2025-03-15T05:29:13.553000+00:00,9689,1254
517.4,9.0,5,2025-03-15T05:29:23.937000+00:00,9689,1254
650.0,7.0,22,2025-03-15T05:29:36.129000+00:00,9689,1254
122.0,11.0,16,2025-03-15T05:31:47.614000+00:00,9689,1254
107.3,13.0,44,2025-03-15T05:31:55.198000+00:00,9689,1254
124.3,12.0,5,2025-03-15T05:36:04.111000+00:00,9689,1254
259.3,13.0,18,2025-03-15T05:36:07.207000+00:00,9689,1254
345.6,13.0,63,2025-03-15T05:36:16.481000+00:00,9689,1254
160.4,13.0,7,2025-03-15T05:36:34+00:00,9689,1254
156.4,10.0,22,2025-03-15T05:36:54.514000+00:00,9689,1254
227.2,10.0,6,2025-03-15T05:37:13.939000+00:00,9689,1254
390.7,13.0,55,2025-03-15T05:37:16.407000+00:00,9689,1254
390.9,13.0,23,2025-03-15T05:37:21.530000+00:00,9689,1254
474.2,9.0,1,2025-03-15T05:37:32.122000+00:00,9689,1254
379.4,12.0,4,2025-03-15T05:37:39.386000+00:00,9689,1254
470.9,11.0,14,2025-03-15T05:37:52.719000+00:00,9689,1254
258.8,13.0,10,2025-03-15T05:38:07.103000+00:00,9689,1254
109.1,14.0,16,2025-03-15T05:38:11.807000+00:00,9689,1254
428.1,11.0,81,2025-03-15T05:38:13.304000+00:00,9689,1254
393.3,13.0,81,2025-03-15T05:48:08.650000+00:00,9689,1254
347.3,15.0,4,2025-03-15T05:48:13.465000+00:00,9689,1254
414.1,16.0,16,2025-03-15T05:48:17.315000+00:00,9689,1254
420.8,16.0,63,2025-03-15T05:48:28.180000+00:00,9689,1254
508.1,18.0,44,2025-03-15T05:48:37.059000+00:00,9689,1254
395.5,12.0,1,2025-03-15T05:48:54.514000+00:00,9689,1254
418.6,16.0,55,2025-03-15T05:49:00.293000+00:00,9689,1254
386.2,16.0,10,2025-03-15T05:49:18.302000+00:00,9689,1254
440.8,16.0,23,2025-03-15T05:49:26.714000+00:00,9689,1254
470.7,13.0,22,2025-03-15T05:49:38.940000+00:00,9689,1254
211.5,16.0,81,2025-03-15T05:56:09.005000+00:00,9689,1254
213.3,18.0,4,2025-03-15T05:56:12.087000+00:00,9689,1254
191.7,19.0,63,2025-03-15T05:56:20.375000+00:00,9689,1254
191.0,15.0,1,2025-03-15T05:56:37.731000+00:00,9689,1254
171.6,19.0,10,2025-03-15T05:56:44.553000+00:00,9689,1254
233.7,19.0,16,2025-03-15T05:56:50.579000+00:00,9689,1254
231.2,21.0,44,2025-03-15T05:57:08.295000+00:00,9689,1254
214.1,19.0,55,2025-03-15T05:57:14.085000+00:00,9689,1254
200.0,19.0,23,2025-03-15T05:57:18.481000+00:00,9689,1254
202.9,16.0,22,2025-03-15T05:57:33.185000+00:00,9689,1254
