meeting_key,session_key,stint_number,driver_number,lap_start,lap_end,compound,tyre_age_at_start
1140,7763,1,4.0,1,1,MEDIUM,7.0
1140,7763,1,20.0,1,1,MEDIUM,10.0
1140,7763,1,2.0,1,2,SOFT,15.0
1140,7763,1,24.0,1,2,MEDIUM,10.0
1140,7763,1,14.0,1,2,MEDIUM,0.0
1140,7763,1,11.0,1,3,TEST_UNKNOWN,0.0
1140,7763,1,16.0,1,3,MEDIUM,0.0
1140,7763,1,22.0,1,3,MEDIUM,12.0
1140,7763,1,63.0,1,3,MEDIUM,11.0
1140,7763,1,31.0,1,4,MEDIUM,5.0
1140,7763,1,81.0,1,4,MEDIUM,0.0
1140,7763,1,55.0,1,5,TEST_UNKNOWN,11.0
1140,7763,1,1.0,1,6,TEST_UNKNOWN,0.0
1140,7763,1,21.0,1,6,MEDIUM,8.0
1140,7763,1,44.0,1,6,MEDIUM,6.0
1140,7763,1,10.0,1,7,MEDIUM,0.0
1140,7763,1,27.0,1,7,MEDIUM,0.0
1140,7763,2,4.0,2,2,MEDIUM,8.0
1140,7763,2,20.0,2,8,MEDIUM,0.0
1140,7763,3,4.0,3,3,MEDIUM,9.0
1140,7763,2,14.0,3,4,MEDIUM,0.0
1140,7763,2,24.0,3,4,MEDIUM,12.0
1140,7763,2,2.0,3,4,SOFT,7.0
1140,7763,4,4.0,4,5,MEDIUM,0.0
1140,7763,2,16.0,4,5,MEDIUM,0.0
1140,7763,2,22.0,4,6,MEDIUM,15.0
1140,7763,2,11.0,4,6,TEST_UNKNOWN,3.0
1140,7763,2,63.0,4,6,MEDIUM,14.0
1140,7763,3,2.0,5,6,SOFT,0.0
1140,7763,2,31.0,5,7,MEDIUM,9.0
1140,7763,3,14.0,5,8,MEDIUM,8.0
1140,7763,3,24.0,5,11,MEDIUM,9.0
1140,7763,2,81.0,5,13,MEDIUM,0.0
1140,7763,2,55.0,6,8,MEDIUM,10.0
1140,7763,3,16.0,6,9,MEDIUM,0.0
1140,7763,5,4.0,6,14,MEDIUM,0.0
1140,7763,4,2.0,7,8,SOFT,17.0
1140,7763,3,22.0,7,9,MEDIUM,18.0
1140,7763,3,11.0,7,9,TEST_UNKNOWN,6.0
1140,7763,2,1.0,7,9,MEDIUM,0.0
1140,7763,2,44.0,7,11,MEDIUM,12.0
1140,7763,3,63.0,7,11,MEDIUM,0.0
1140,7763,2,21.0,7,21,MEDIUM,0.0
1140,7763,2,10.0,8,8,MEDIUM,7.0
1140,7763,3,31.0,8,14,MEDIUM,0.0
1140,7763,2,27.0,8,14,MEDIUM,0.0
1140,7763,3,55.0,9,10,MEDIUM,0.0
1140,7763,4,14.0,9,12,MEDIUM,12.0
1140,7763,3,10.0,9,13,TEST_UNKNOWN,0.0
1140,7763,3,20.0,9,15,MEDIUM,0.0
1140,7763,5,2.0,9,15,MEDIUM,0.0
1140,7763,4,22.0,10,10,MEDIUM,0.0
1140,7763,3,1.0,10,12,MEDIUM,0.0
1140,7763,4,16.0,10,12,MEDIUM,0.0
1140,7763,4,11.0,10,16,TEST_UNKNOWN,9.0
1140,7763,4,55.0,11,16,MEDIUM,0.0
1140,7763,5,22.0,11,27,MEDIUM,0.0
1140,7763,4,24.0,12,12,MEDIUM,16.0
1140,7763,4,63.0,12,14,HARD,0.0
1140,7763,3,44.0,12,16,MEDIUM,17.0
1140,7763,5,16.0,13,14,MEDIUM,3.0
1140,7763,4,1.0,13,15,MEDIUM,0.0
1140,7763,5,14.0,13,19,MEDIUM,0.0
1140,7763,5,24.0,13,21,MEDIUM,0.0
1140,7763,4,10.0,14,14,TEST_UNKNOWN,5.0
1140,7763,3,81.0,14,22,MEDIUM,0.0
1140,7763,4,31.0,15,17,MEDIUM,0.0
1140,7763,5,63.0,15,17,MEDIUM,0.0
1140,7763,6,16.0,15,18,MEDIUM,0.0
1140,7763,3,27.0,15,19,SOFT,0.0
1140,7763,5,10.0,15,19,MEDIUM,0.0
1140,7763,6,4.0,15,23,MEDIUM,0.0
1140,7763,5,1.0,16,18,MEDIUM,3.0
1140,7763,6,2.0,16,22,MEDIUM,0.0
1140,7763,4,20.0,16,23,MEDIUM,0.0
1140,7763,5,11.0,17,17,TEST_UNKNOWN,16.0
1140,7763,5,55.0,17,21,MEDIUM,0.0
1140,7763,4,44.0,17,21,TEST_UNKNOWN,0.0
1140,7763,6,11.0,18,18,MEDIUM,0.0
1140,7763,6,63.0,18,20,MEDIUM,0.0
1140,7763,5,31.0,18,22,MEDIUM,0.0
1140,7763,7,16.0,19,22,MEDIUM,0.0
1140,7763,6,1.0,19,30,MEDIUM,0.0
1140,7763,7,11.0,19,33,MEDIUM,1.0
1140,7763,6,10.0,20,20,MEDIUM,5.0
1140,7763,6,14.0,20,24,MEDIUM,0.0
1140,7763,4,27.0,20,24,SOFT,0.0
1140,7763,7,63.0,21,21,MEDIUM,3.0
1140,7763,7,10.0,21,25,MEDIUM,0.0
1140,7763,6,24.0,22,22,MEDIUM,0.0
1140,7763,5,44.0,22,26,TEST_UNKNOWN,5.0
1140,7763,6,55.0,22,26,MEDIUM,0.0
1140,7763,8,63.0,22,26,MEDIUM,4.0
1140,7763,3,21.0,22,28,MEDIUM,0.0
1140,7763,4,81.0,23,23,MEDIUM,0.0
1140,7763,8,16.0,23,23,MEDIUM,0.0
1140,7763,6,31.0,23,28,MEDIUM,0.0
1140,7763,7,24.0,23,29,TEST_UNKNOWN,0.0
1140,7763,7,2.0,23,29,MEDIUM,0.0
1140,7763,9,16.0,24,27,UNKNOWN,0.0
1140,7763,5,81.0,24,28,MEDIUM,0.0
1140,7763,5,20.0,24,30,MEDIUM,0.0
1140,7763,7,4.0,24,30,MEDIUM,0.0
1140,7763,7,14.0,25,29,MEDIUM,0.0
1140,7763,5,27.0,25,35,MEDIUM,0.0
1140,7763,8,10.0,26,28,MEDIUM,0.0
1140,7763,6,44.0,27,29,MEDIUM,0.0
1140,7763,7,55.0,27,40,MEDIUM,0.0
1140,7763,10,16.0,28,43,MEDIUM,0.0
1140,7763,6,22.0,28,50,HARD,0.0
1140,7763,6,81.0,29,31,MEDIUM,0.0
1140,7763,7,31.0,29,33,MEDIUM,0.0
1140,7763,4,21.0,29,36,MEDIUM,7.0
1140,7763,9,10.0,29,38,MEDIUM,0.0
1140,7763,8,24.0,30,30,TEST_UNKNOWN,0.0
1140,7763,8,14.0,30,34,MEDIUM,0.0
1140,7763,8,2.0,30,36,MEDIUM,7.0
1140,7763,7,44.0,30,37,MEDIUM,0.0
1140,7763,9,24.0,31,33,TEST_UNKNOWN,8.0
1140,7763,6,20.0,31,40,MEDIUM,7.0
1140,7763,8,4.0,31,42,MEDIUM,0.0
1140,7763,7,1.0,31,44,MEDIUM,3.0
1140,7763,7,81.0,32,34,MEDIUM,0.0
1140,7763,8,11.0,34,34,MEDIUM,0.0
1140,7763,8,31.0,34,38,TEST_UNKNOWN,0.0
1140,7763,10,24.0,34,38,MEDIUM,0.0
1140,7763,8,81.0,35,35,MEDIUM,0.0
1140,7763,9,14.0,35,50,MEDIUM,5.0
1140,7763,9,11.0,35,52,MEDIUM,0.0
1140,7763,6,27.0,36,38,MEDIUM,7.0
1140,7763,9,81.0,36,50,MEDIUM,4.0
1140,7763,5,21.0,37,42,MEDIUM,0.0
1140,7763,9,2.0,37,43,TEST_UNKNOWN,0.0
1140,7763,8,44.0,38,38,MEDIUM,0.0
1140,7763,11,24.0,39,40,MEDIUM,5.0
1140,7763,9,44.0,39,41,MEDIUM,1.0
1140,7763,9,31.0,39,46,HARD,0.0
1140,7763,7,27.0,39,48,MEDIUM,7.0
1140,7763,10,10.0,39,52,HARD,0.0
1140,7763,12,24.0,41,43,MEDIUM,0.0
1140,7763,7,20.0,41,52,HARD,0.0
1140,7763,8,55.0,41,54,MEDIUM,0.0
1140,7763,10,44.0,42,49,MEDIUM,4.0
1140,7763,6,21.0,43,46,UNKNOWN,0.0
1140,7763,9,4.0,43,52,MEDIUM,9.0
1140,7763,10,2.0,44,50,TEST_UNKNOWN,0.0
1140,7763,13,24.0,44,50,MEDIUM,0.0
1140,7763,11,16.0,44,64,HARD,0.0
1140,7763,8,1.0,45,47,MEDIUM,6.0
1140,7763,10,31.0,47,49,HARD,8.0
1140,7763,7,21.0,47,49,MEDIUM,0.0
1140,7763,8,27.0,49,65,MEDIUM,7.0
1140,7763,11,44.0,50,52,MEDIUM,0.0
1140,7763,8,21.0,50,52,SOFT,0.0
1140,7763,14,24.0,51,51,MEDIUM,0.0
1140,7763,11,2.0,51,55,MEDIUM,0.0
1140,7763,10,81.0,51,62,MEDIUM,0.0
1140,7763,10,14.0,51,64,MEDIUM,5.0
1140,7763,7,22.0,51,68,MEDIUM,0.0
1140,7763,15,24.0,52,58,MEDIUM,0.0
1140,7763,11,10.0,53,53,TEST_UNKNOWN,0.0
1140,7763,9,21.0,53,55,SOFT,0.0
1140,7763,12,44.0,53,60,MEDIUM,0.0
1140,7763,10,4.0,53,60,MEDIUM,9.0
1140,7763,8,20.0,53,64,HARD,0.0
1140,7763,10,11.0,53,76,HARD,0.0
1140,7763,12,10.0,54,54,MEDIUM,0.0
1140,7763,13,10.0,55,55,TEST_UNKNOWN,7.0
1140,7763,9,55.0,55,66,MEDIUM,5.0
1140,7763,10,21.0,56,56,MEDIUM,6.0
1140,7763,14,10.0,56,56,MEDIUM,0.0
1140,7763,12,2.0,56,58,MEDIUM,0.0
1140,7763,15,10.0,57,59,TEST_UNKNOWN,8.0
1140,7763,11,21.0,57,63,MEDIUM,0.0
1140,7763,16,24.0,59,59,MEDIUM,0.0
1140,7763,13,2.0,59,63,SOFT,0.0
1140,7763,17,24.0,60,77,MEDIUM,0.0
1140,7763,11,4.0,61,62,MEDIUM,7.0
1140,7763,13,44.0,61,63,MEDIUM,0.0
1140,7763,12,4.0,63,65,MEDIUM,12.0
1140,7763,11,81.0,63,70,HARD,0.0
1140,7763,12,21.0,64,65,UNKNOWN,0.0
1140,7763,14,2.0,64,66,SOFT,0.0
1140,7763,14,44.0,64,69,MEDIUM,3.0
1140,7763,12,16.0,65,65,MEDIUM,5.0
1140,7763,11,14.0,65,66,MEDIUM,5.0
1140,7763,9,20.0,65,67,HARD,0.0
1140,7763,13,21.0,66,67,MEDIUM,0.0
1140,7763,9,27.0,66,68,MEDIUM,23.0
1140,7763,13,16.0,66,68,MEDIUM,0.0
1140,7763,10,55.0,67,67,MEDIUM,15.0
1140,7763,12,14.0,67,68,MEDIUM,7.0
1140,7763,15,2.0,67,69,SOFT,0.0
1140,7763,14,21.0,68,69,MEDIUM,15.0
1140,7763,11,55.0,68,70,MEDIUM,16.0
1140,7763,8,22.0,69,71,MEDIUM,0.0
1140,7763,13,14.0,69,80,MEDIUM,0.0
1140,7763,16,2.0,70,71,SOFT,5.0
1140,7763,15,21.0,70,71,MEDIUM,16.0
1140,7763,15,44.0,70,72,MEDIUM,9.0
1140,7763,12,81.0,71,71,MEDIUM,9.0
1140,7763,17,2.0,72,74,SOFT,0.0
1140,7763,16,21.0,72,74,MEDIUM,0.0
1140,7763,13,81.0,72,74,MEDIUM,9.0
1140,7763,9,22.0,72,76,MEDIUM,3.0
1140,7763,18,2.0,75,75,MEDIUM,8.0
1140,7763,19,2.0,76,84,MEDIUM,0.0
1140,7763,10,22.0,77,85,MEDIUM,0.0
1140,7763,18,24.0,78,93,MEDIUM,0.0
1140,7763,14,14.0,81,95,MEDIUM,0.0
1140,7763,20,2.0,85,85,MEDIUM,0.0
1140,7763,21,2.0,86,86,MEDIUM,0.0
1140,7763,22,2.0,87,105,MEDIUM,1.0
1140,7763,19,24.0,94,113,HARD,0.0
1140,7763,15,14.0,96,110,MEDIUM,1.0
1140,7763,23,2.0,106,125,HARD,0.0
1140,7763,16,14.0,111,113,HARD,0.0
1140,7763,20,24.0,114,116,MEDIUM,20.0
1140,7763,17,14.0,114,118,MEDIUM,0.0
1140,7763,21,24.0,117,119,MEDIUM,0.0
1140,7763,18,14.0,119,123,MEDIUM,0.0
1140,7763,22,24.0,120,122,MEDIUM,0.0
1140,7763,23,24.0,123,125,SOFT,0.0
1140,7763,19,14.0,124,128,MEDIUM,0.0
1140,7763,24,24.0,126,128,SOFT,0.0
1140,7763,24,2.0,126,144,MEDIUM,0.0
1140,7763,25,24.0,129,129,MEDIUM,0.0
1140,7763,20,14.0,129,130,MEDIUM,5.0
1140,7763,26,24.0,130,130,SOFT,0.0
1140,7763,27,24.0,131,131,SOFT,3.0
1140,7763,28,24.0,132,132,MEDIUM,14.0
1140,7763,25,2.0,145,154,MEDIUM,0.0
1140,7764,1,10.0,1,1,MEDIUM,6.0
1140,7764,1,21.0,1,2,SOFT,3.0
1140,7764,1,23.0,1,2,SOFT,3.0
1140,7764,1,27.0,1,2,MEDIUM,0.0
1140,7764,1,55.0,1,2,MEDIUM,12.0
1140,7764,1,77.0,1,2,MEDIUM,8.0
1140,7764,1,11.0,1,3,MEDIUM,0.0
1140,7764,1,31.0,1,3,UNKNOWN,0.0
1140,7764,1,63.0,1,3,MEDIUM,0.0
1140,7764,1,4.0,1,4,MEDIUM,7.0
1140,7764,1,16.0,1,4,MEDIUM,9.0
1140,7764,1,34.0,1,4,MEDIUM,0.0
1140,7764,1,81.0,1,4,MEDIUM,5.0
1140,7764,1,14.0,1,5,MEDIUM,0.0
1140,7764,1,20.0,1,7,MEDIUM,0.0
1140,7764,1,44.0,1,10,MEDIUM,5.0
1140,7764,1,22.0,1,11,MEDIUM,0.0
1140,7764,2,10.0,2,2,MEDIUM,7.0
1140,7764,2,23.0,3,3,SOFT,5.0
1140,7764,2,21.0,3,5,SOFT,5.0
1140,7764,3,10.0,3,7,MEDIUM,3.0
1140,7764,2,55.0,3,7,MEDIUM,8.0
1140,7764,2,27.0,3,8,MEDIUM,1.0
1140,7764,2,77.0,3,14,MEDIUM,0.0
1140,7764,2,11.0,4,4,MEDIUM,3.0
1140,7764,3,23.0,4,4,SOFT,0.0
1140,7764,2,63.0,4,7,MEDIUM,2.0
1140,7764,2,31.0,4,8,UNKNOWN,0.0
1140,7764,4,23.0,5,6,SOFT,0.0
1140,7764,3,11.0,5,7,MEDIUM,0.0
1140,7764,2,34.0,5,7,MEDIUM,5.0
1140,7764,2,81.0,5,8,MEDIUM,0.0
1140,7764,2,16.0,5,9,MEDIUM,0.0
1140,7764,2,4.0,5,13,MEDIUM,0.0
1140,7764,2,14.0,6,10,MEDIUM,0.0
1140,7764,3,21.0,6,15,MEDIUM,4.0
1140,7764,5,23.0,7,7,SOFT,9.0
1140,7764,3,34.0,8,8,MEDIUM,8.0
1140,7764,6,23.0,8,8,SOFT,10.0
1140,7764,3,63.0,8,10,MEDIUM,0.0
1140,7764,3,55.0,8,10,MEDIUM,13.0
1140,7764,4,10.0,8,12,MEDIUM,0.0
1140,7764,4,11.0,8,13,MEDIUM,0.0
1140,7764,2,20.0,8,14,MEDIUM,0.0
1140,7764,7,23.0,9,10,SOFT,11.0
1140,7764,4,34.0,9,11,MEDIUM,7.0
1140,7764,3,27.0,9,13,MEDIUM,0.0
1140,7764,3,81.0,9,13,MEDIUM,0.0
1140,7764,3,31.0,9,13,MEDIUM,0.0
1140,7764,3,16.0,10,14,MEDIUM,0.0
1140,7764,4,63.0,11,12,MEDIUM,3.0
1140,7764,8,23.0,11,12,SOFT,0.0
1140,7764,4,55.0,11,13,MEDIUM,0.0
1140,7764,3,14.0,11,13,MEDIUM,0.0
1140,7764,2,44.0,11,23,MEDIUM,0.0
1140,7764,5,34.0,12,16,TEST_UNKNOWN,0.0
1140,7764,2,22.0,12,22,MEDIUM,0.0
1140,7764,9,23.0,13,13,SOFT,0.0
1140,7764,5,63.0,13,15,SOFT,0.0
1140,7764,5,10.0,13,17,MEDIUM,0.0
1140,7764,10,23.0,14,16,SOFT,16.0
1140,7764,5,55.0,14,16,MEDIUM,3.0
1140,7764,4,14.0,14,16,MEDIUM,0.0
1140,7764,3,4.0,14,17,MEDIUM,0.0
1140,7764,4,31.0,14,20,MEDIUM,0.0
1140,7764,5,11.0,14,21,MEDIUM,0.0
1140,7764,4,27.0,14,24,MEDIUM,0.0
1140,7764,4,81.0,14,25,MEDIUM,0.0
1140,7764,3,77.0,15,15,MEDIUM,12.0
1140,7764,4,16.0,15,17,SOFT,0.0
1140,7764,3,20.0,15,30,MEDIUM,5.0
1140,7764,4,77.0,16,16,MEDIUM,10.0
1140,7764,4,21.0,16,16,MEDIUM,0.0
1140,7764,6,63.0,16,18,SOFT,0.0
1140,7764,11,23.0,17,17,SOFT,19.0
1140,7764,5,77.0,17,17,HARD,0.0
1140,7764,6,55.0,17,19,MEDIUM,0.0
1140,7764,5,14.0,17,19,SOFT,0.0
1140,7764,6,34.0,17,21,TEST_UNKNOWN,0.0
1140,7764,5,21.0,17,33,MEDIUM,1.0
1140,7764,6,77.0,18,18,HARD,0.0
1140,7764,4,4.0,18,20,MEDIUM,0.0
1140,7764,5,16.0,18,22,SOFT,0.0
1140,7764,6,10.0,18,23,MEDIUM,0.0
1140,7764,12,23.0,18,24,MEDIUM,0.0
1140,7764,7,63.0,19,21,SOFT,0.0
1140,7764,7,77.0,19,40,HARD,0.0
1140,7764,7,55.0,20,21,MEDIUM,3.0
1140,7764,6,14.0,20,35,MEDIUM,0.0
1140,7764,5,31.0,21,27,MEDIUM,0.0
1140,7764,5,4.0,21,29,MEDIUM,3.0
1140,7764,8,63.0,22,22,MEDIUM,5.0
1140,7764,6,11.0,22,24,MEDIUM,0.0
1140,7764,7,34.0,22,24,SOFT,0.0
1140,7764,8,55.0,22,24,SOFT,0.0
1140,7764,6,16.0,23,25,SOFT,0.0
1140,7764,3,22.0,23,33,MEDIUM,0.0
1140,7764,9,63.0,23,37,MEDIUM,6.0
1140,7764,3,44.0,24,26,MEDIUM,0.0
1140,7764,7,10.0,24,32,MEDIUM,0.0
1140,7764,13,23.0,25,25,UNKNOWN,0.0
1140,7764,7,11.0,25,27,MEDIUM,0.0
1140,7764,8,34.0,25,27,SOFT,0.0
1140,7764,9,55.0,25,27,SOFT,0.0
1140,7764,5,27.0,25,35,MEDIUM,0.0
1140,7764,14,23.0,26,31,MEDIUM,0.0
1140,7764,5,81.0,26,31,MEDIUM,0.0
1140,7764,7,16.0,26,38,MEDIUM,3.0
1140,7764,4,44.0,27,28,MEDIUM,3.0
1140,7764,9,34.0,28,28,MEDIUM,0.0
1140,7764,6,31.0,28,30,MEDIUM,0.0
1140,7764,10,55.0,28,30,SOFT,0.0
1140,7764,8,11.0,28,35,MEDIUM,6.0
1140,7764,5,44.0,29,31,MEDIUM,0.0
1140,7764,10,34.0,29,45,MEDIUM,0.0
1140,7764,6,4.0,30,34,HARD,0.0
1140,7764,11,55.0,31,31,MEDIUM,0.0
1140,7764,7,31.0,31,33,MEDIUM,3.0
1140,7764,4,20.0,31,47,MEDIUM,0.0
1140,7764,15,23.0,32,32,MEDIUM,0.0
1140,7764,6,44.0,32,34,MEDIUM,3.0
1140,7764,6,81.0,32,40,HARD,0.0
1140,7764,12,55.0,32,49,MEDIUM,1.0
1140,7764,16,23.0,33,35,TEST_UNKNOWN,0.0
1140,7764,8,10.0,33,40,MEDIUM,5.0
1140,7764,8,31.0,34,39,MEDIUM,0.0
1140,7764,4,22.0,34,44,MEDIUM,0.0
1140,7764,6,21.0,34,55,HARD,0.0
1140,7764,7,4.0,35,37,HARD,5.0
1140,7764,7,44.0,35,39,MEDIUM,0.0
1140,7764,17,23.0,36,38,TEST_UNKNOWN,0.0
1140,7764,9,11.0,36,40,MEDIUM,0.0
1140,7764,6,27.0,36,46,MEDIUM,8.0
1140,7764,7,14.0,36,56,HARD,0.0
1140,7764,10,63.0,38,56,MEDIUM,0.0
1140,7764,18,23.0,39,41,MEDIUM,0.0
1140,7764,8,16.0,39,42,MEDIUM,4.0
1140,7764,9,31.0,40,40,HARD,0.0
1140,7764,8,44.0,40,43,SOFT,0.0
1140,7764,7,81.0,41,41,HARD,9.0
1140,7764,10,11.0,41,48,MEDIUM,0.0
1140,7764,9,10.0,41,49,MEDIUM,6.0
1140,7764,8,77.0,41,59,MEDIUM,0.0
1140,7764,10,31.0,41,63,HARD,1.0
1140,7764,19,23.0,42,44,MEDIUM,3.0
1140,7764,8,81.0,42,44,HARD,10.0
1140,7764,9,16.0,43,56,MEDIUM,4.0
1140,7764,9,44.0,44,46,SOFT,0.0
1140,7764,20,23.0,45,47,SOFT,0.0
1140,7764,5,22.0,45,50,MEDIUM,0.0
1140,7764,11,34.0,46,60,HARD,3.0
1140,7764,10,44.0,47,49,SOFT,0.0
1140,7764,7,27.0,47,62,MEDIUM,0.0
1140,7764,21,23.0,48,50,SOFT,0.0
1140,7764,5,20.0,48,72,HARD,0.0
1140,7764,11,11.0,49,49,MEDIUM,0.0
1140,7764,12,11.0,50,52,MEDIUM,1.0
1140,7764,10,10.0,50,56,MEDIUM,0.0
1140,7764,13,55.0,50,57,MEDIUM,0.0
1140,7764,11,44.0,50,59,MEDIUM,6.0
1140,7764,22,23.0,51,53,SOFT,0.0
1140,7764,6,22.0,51,53,MEDIUM,0.0
1140,7764,13,11.0,53,58,MEDIUM,4.0
1140,7764,23,23.0,54,54,MEDIUM,6.0
1140,7764,7,22.0,54,56,SOFT,0.0
1140,7764,24,23.0,55,63,MEDIUM,0.0
1140,7764,7,21.0,56,70,MEDIUM,0.0
1140,7764,11,10.0,57,58,MEDIUM,0.0
1140,7764,8,22.0,57,59,SOFT,0.0
1140,7764,10,16.0,57,67,SOFT,3.0
1140,7764,11,63.0,57,71,HARD,0.0
1140,7764,8,14.0,57,77,MEDIUM,0.0
1140,7764,14,55.0,58,66,HARD,0.0
1140,7764,14,11.0,59,61,MEDIUM,0.0
1140,7764,12,44.0,60,60,MEDIUM,5.0
1140,7764,9,22.0,60,61,MEDIUM,6.0
1140,7764,9,77.0,60,72,MEDIUM,0.0
1140,7764,13,44.0,61,61,MEDIUM,16.0
1140,7764,12,34.0,61,77,MEDIUM,0.0
1140,7764,10,22.0,62,62,MEDIUM,3.0
1140,7764,14,44.0,62,62,MEDIUM,6.0
1140,7764,15,11.0,62,67,MEDIUM,3.0
1140,7764,11,22.0,63,64,SOFT,3.0
1140,7764,15,44.0,63,65,MEDIUM,7.0
1140,7764,8,27.0,63,77,HARD,0.0
1140,7764,25,23.0,64,64,UNKNOWN,0.0
1140,7764,11,31.0,64,64,HARD,0.0
1140,7764,12,31.0,65,65,MEDIUM,0.0
1140,7764,12,22.0,65,66,SOFT,3.0
1140,7764,26,23.0,65,83,MEDIUM,0.0
1140,7764,13,31.0,66,66,HARD,1.0
1140,7764,14,31.0,67,67,MEDIUM,1.0
1140,7764,13,22.0,67,69,SOFT,5.0
1140,7764,15,55.0,67,75,MEDIUM,5.0
1140,7764,15,31.0,68,68,HARD,0.0
1140,7764,16,11.0,68,69,MEDIUM,13.0
1140,7764,16,31.0,69,69,MEDIUM,2.0
1140,7764,14,22.0,70,70,MEDIUM,8.0
1140,7764,17,31.0,70,70,HARD,3.0
1140,7764,17,11.0,70,72,MEDIUM,0.0
1140,7764,15,22.0,71,71,SOFT,0.0
1140,7764,18,31.0,71,72,MEDIUM,3.0
1140,7764,8,21.0,71,84,MEDIUM,3.0
1140,7764,16,22.0,72,74,SOFT,4.0
1140,7764,12,63.0,72,78,MEDIUM,0.0
1140,7764,18,11.0,73,75,MEDIUM,3.0
1140,7764,19,31.0,73,75,MEDIUM,0.0
1140,7764,6,20.0,73,77,MEDIUM,0.0
1140,7764,10,77.0,73,82,MEDIUM,0.0
1140,7764,17,22.0,75,75,MEDIUM,4.0
1140,7764,18,22.0,76,76,SOFT,8.0
1140,7764,16,55.0,76,76,MEDIUM,6.0
1140,7764,19,11.0,76,78,MEDIUM,0.0
1140,7764,19,22.0,77,79,SOFT,9.0
1140,7764,7,20.0,78,80,SOFT,0.0
1140,7764,9,14.0,78,80,MEDIUM,3.0
1140,7764,13,63.0,79,80,MEDIUM,7.0
1140,7764,20,11.0,79,81,MEDIUM,0.0
1140,7764,14,63.0,81,83,MEDIUM,0.0
1140,7764,8,20.0,81,83,SOFT,0.0
1140,7764,21,11.0,82,93,MEDIUM,3.0
1140,7764,11,77.0,83,83,MEDIUM,10.0
1140,7764,9,20.0,84,84,SOFT,3.0
1140,7764,12,77.0,84,92,MEDIUM,0.0
1140,7764,27,23.0,84,102,MEDIUM,0.0
1140,7764,10,20.0,85,85,SOFT,3.0
1140,7764,9,21.0,85,86,SOFT,0.0
1140,7764,11,20.0,86,86,MEDIUM,7.0
1140,7764,10,21.0,87,87,SOFT,0.0
1140,7764,12,20.0,87,87,MEDIUM,8.0
1140,7764,13,20.0,88,88,MEDIUM,0.0
1140,7764,14,20.0,89,89,MEDIUM,7.0
1140,7764,15,20.0,90,90,MEDIUM,7.0
1140,7764,16,20.0,91,91,MEDIUM,8.0
1140,7764,17,20.0,92,92,SOFT,4.0
1140,7764,13,77.0,93,93,MEDIUM,0.0
1140,7764,18,20.0,93,93,MEDIUM,19.0
1140,7764,19,20.0,94,94,SOFT,5.0
1140,7764,14,77.0,94,98,MEDIUM,3.0
1140,7764,22,11.0,94,105,MEDIUM,0.0
1140,7764,20,20.0,95,95,SOFT,5.0
1140,7764,15,77.0,99,99,MEDIUM,8.0
1140,7764,16,77.0,100,102,MEDIUM,3.0
1140,7764,17,77.0,103,103,MEDIUM,6.0
1140,7764,28,23.0,103,122,MEDIUM,0.0
1140,7764,18,77.0,104,108,TEST_UNKNOWN,0.0
1140,7764,23,11.0,106,111,SOFT,0.0
1140,7764,19,77.0,109,111,SOFT,0.0
1140,7764,20,77.0,112,114,SOFT,0.0
1140,7764,24,11.0,112,117,SOFT,0.0
1140,7764,21,77.0,115,117,SOFT,0.0
1140,7764,22,77.0,118,120,SOFT,0.0
1140,7764,25,11.0,118,122,SOFT,0.0
1140,7764,23,77.0,121,123,SOFT,0.0
1140,7764,26,11.0,123,125,SOFT,0.0
1140,7764,29,23.0,123,132,MEDIUM,0.0
1140,7764,24,77.0,124,124,SOFT,3.0
1140,7764,25,77.0,125,126,MEDIUM,8.0
1140,7764,27,11.0,126,126,MEDIUM,6.0
1140,7764,28,11.0,127,127,MEDIUM,0.0
1140,7764,26,77.0,127,127,SOFT,3.0
1140,7764,29,11.0,128,128,SOFT,6.0
1140,7764,27,77.0,128,128,SOFT,0.0
1140,7764,30,11.0,129,129,MEDIUM,7.0
1140,7764,28,77.0,129,131,MEDIUM,10.0
1140,7764,31,11.0,130,130,MEDIUM,1.0
1140,7764,32,11.0,131,133,SOFT,5.0
1140,7764,30,23.0,133,133,SOFT,0.0
1140,7764,31,23.0,134,134,TEST_UNKNOWN,6.0
1140,7764,32,23.0,135,135,SOFT,4.0
1140,7764,33,23.0,136,136,TEST_UNKNOWN,5.0
1140,9222,1,27.0,1,1,TEST_UNKNOWN,0.0
1140,9222,1,34.0,1,1,MEDIUM,0.0
1140,9222,1,81.0,1,1,HARD,0.0
1140,9222,1,24.0,1,2,MEDIUM,0.0
1140,9222,1,14.0,1,2,MEDIUM,5.0
1140,9222,1,2.0,1,2,SOFT,5.0
1140,9222,1,23.0,1,2,SOFT,0.0
1140,9222,1,10.0,1,2,HARD,0.0
1140,9222,1,1.0,1,3,MEDIUM,0.0
1140,9222,1,44.0,1,3,MEDIUM,16.0
1140,9222,1,22.0,1,3,SOFT,0.0
1140,9222,1,31.0,1,4,HARD,7.0
1140,9222,1,4.0,1,4,MEDIUM,5.0
1140,9222,1,55.0,1,4,MEDIUM,0.0
1140,9222,1,16.0,1,5,MEDIUM,8.0
1140,9222,1,21.0,1,6,MEDIUM,0.0
1140,9222,1,63.0,1,6,HARD,0.0
1140,9222,1,20.0,1,7,MEDIUM,0.0
1140,9222,1,77.0,1,9,MEDIUM,8.0
1140,9222,2,81.0,2,2,HARD,1.0
1140,9222,2,34.0,2,2,UNKNOWN,0.0
1140,9222,2,27.0,2,8,TEST_UNKNOWN,1.0
1140,9222,3,81.0,3,3,HARD,2.0
1140,9222,3,34.0,3,3,MEDIUM,0.0
1140,9222,2,2.0,3,3,SOFT,12.0
1140,9222,2,24.0,3,4,MEDIUM,2.0
1140,9222,2,23.0,3,4,SOFT,2.0
1140,9222,2,14.0,3,7,MEDIUM,0.0
1140,9222,2,10.0,3,12,MEDIUM,0.0
1140,9222,2,22.0,4,4,SOFT,3.0
1140,9222,4,81.0,4,4,HARD,3.0
1140,9222,3,2.0,4,4,SOFT,0.0
1140,9222,4,34.0,4,7,MEDIUM,2.0
1140,9222,2,44.0,4,8,MEDIUM,0.0
1140,9222,2,1.0,4,9,MEDIUM,3.0
1140,9222,5,81.0,5,5,HARD,4.0
1140,9222,4,2.0,5,5,SOFT,14.0
1140,9222,2,4.0,5,5,MEDIUM,9.0
1140,9222,3,23.0,5,6,UNKNOWN,0.0
1140,9222,3,24.0,5,7,MEDIUM,0.0
1140,9222,2,31.0,5,7,HARD,11.0
1140,9222,2,55.0,5,8,MEDIUM,4.0
1140,9222,3,22.0,5,9,SOFT,4.0
1140,9222,6,81.0,6,6,HARD,5.0
1140,9222,2,16.0,6,8,TEST_UNKNOWN,0.0
1140,9222,5,2.0,6,10,MEDIUM,15.0
1140,9222,3,4.0,6,15,HARD,0.0
1140,9222,4,23.0,7,8,SOFT,0.0
1140,9222,7,81.0,7,8,HARD,0.0
1140,9222,2,21.0,7,9,MEDIUM,0.0
1140,9222,2,63.0,7,11,HARD,6.0
1140,9222,3,31.0,8,8,HARD,14.0
1140,9222,5,34.0,8,11,MEDIUM,1.0
1140,9222,4,24.0,8,12,MEDIUM,3.0
1140,9222,3,14.0,8,12,UNKNOWN,0.0
1140,9222,2,20.0,8,14,MEDIUM,0.0
1140,9222,5,23.0,9,9,SOFT,0.0
1140,9222,8,81.0,9,10,HARD,8.0
1140,9222,3,55.0,9,11,TEST_UNKNOWN,0.0
1140,9222,3,44.0,9,11,MEDIUM,0.0
1140,9222,4,31.0,9,12,HARD,15.0
1140,9222,3,27.0,9,13,TEST_UNKNOWN,0.0
1140,9222,3,16.0,9,17,TEST_UNKNOWN,3.0
1140,9222,6,23.0,10,10,SOFT,9.0
1140,9222,2,77.0,10,10,MEDIUM,17.0
1140,9222,4,22.0,10,12,SOFT,9.0
1140,9222,3,1.0,10,18,MEDIUM,0.0
1140,9222,3,21.0,10,18,MEDIUM,3.0
1140,9222,7,23.0,11,15,SOFT,0.0
1140,9222,9,81.0,11,15,HARD,10.0
1140,9222,6,2.0,11,17,MEDIUM,0.0
1140,9222,3,77.0,11,20,MEDIUM,0.0
1140,9222,4,44.0,12,14,MEDIUM,0.0
1140,9222,3,63.0,12,16,HARD,11.0
1140,9222,6,34.0,12,16,MEDIUM,6.0
1140,9222,4,55.0,12,19,TEST_UNKNOWN,3.0
1140,9222,3,10.0,13,13,MEDIUM,0.0
1140,9222,5,24.0,13,13,MEDIUM,8.0
1140,9222,5,22.0,13,15,SOFT,12.0
1140,9222,5,31.0,13,15,HARD,19.0
1140,9222,4,14.0,13,28,MEDIUM,5.0
1140,9222,4,27.0,14,16,TEST_UNKNOWN,5.0
1140,9222,6,24.0,14,20,MEDIUM,0.0
1140,9222,4,10.0,14,21,MEDIUM,0.0
1140,9222,5,44.0,15,17,MEDIUM,0.0
1140,9222,3,20.0,15,21,MEDIUM,0.0
1140,9222,6,22.0,16,18,SOFT,15.0
1140,9222,6,31.0,16,19,MEDIUM,11.0
1140,9222,8,23.0,16,22,MEDIUM,0.0
1140,9222,10,81.0,16,25,TEST_UNKNOWN,0.0
1140,9222,4,4.0,16,25,HARD,0.0
1140,9222,5,27.0,17,19,TEST_UNKNOWN,8.0
1140,9222,7,34.0,17,20,MEDIUM,5.0
1140,9222,4,63.0,17,21,HARD,16.0
1140,9222,4,16.0,18,20,MEDIUM,0.0
1140,9222,6,44.0,18,20,MEDIUM,3.0
1140,9222,7,2.0,18,24,UNKNOWN,0.0
1140,9222,7,22.0,19,21,SOFT,18.0
1140,9222,4,1.0,19,24,MEDIUM,0.0
1140,9222,4,21.0,19,31,MEDIUM,0.0
1140,9222,5,55.0,20,22,MEDIUM,0.0
1140,9222,7,31.0,20,23,HARD,22.0
1140,9222,6,27.0,20,26,MEDIUM,0.0
1140,9222,7,24.0,21,21,MEDIUM,0.0
1140,9222,4,77.0,21,21,MEDIUM,10.0
1140,9222,7,44.0,21,23,MEDIUM,0.0
1140,9222,8,34.0,21,24,MEDIUM,11.0
1140,9222,5,16.0,21,29,MEDIUM,0.0
1140,9222,5,10.0,22,22,MEDIUM,8.0
1140,9222,5,63.0,22,24,MEDIUM,0.0
1140,9222,8,22.0,22,24,TEST_UNKNOWN,0.0
1140,9222,8,24.0,22,26,MEDIUM,0.0
1140,9222,4,20.0,22,28,MEDIUM,0.0
1140,9222,5,77.0,22,30,MEDIUM,0.0
1140,9222,9,23.0,23,29,MEDIUM,0.0
1140,9222,6,55.0,23,30,MEDIUM,3.0
1140,9222,6,10.0,23,30,MEDIUM,0.0
1140,9222,8,44.0,24,26,MEDIUM,3.0
1140,9222,8,31.0,24,27,MEDIUM,15.0
1140,9222,9,22.0,25,27,TEST_UNKNOWN,0.0
1140,9222,5,1.0,25,31,MEDIUM,6.0
1140,9222,8,2.0,25,31,MEDIUM,0.0
1140,9222,6,63.0,25,34,MEDIUM,3.0
1140,9222,9,34.0,25,35,MEDIUM,9.0
1140,9222,11,81.0,26,26,TEST_UNKNOWN,0.0
1140,9222,5,4.0,26,31,MEDIUM,0.0
1140,9222,12,81.0,27,27,TEST_UNKNOWN,11.0
1140,9222,9,44.0,27,27,MEDIUM,6.0
1140,9222,7,27.0,27,33,MEDIUM,0.0
1140,9222,9,24.0,27,33,MEDIUM,0.0
1140,9222,13,81.0,28,28,TEST_UNKNOWN,12.0
1140,9222,10,22.0,28,30,TEST_UNKNOWN,6.0
1140,9222,9,31.0,28,34,MEDIUM,0.0
1140,9222,10,44.0,28,43,MEDIUM,7.0
1140,9222,5,20.0,29,29,MEDIUM,7.0
1140,9222,14,81.0,29,33,MEDIUM,0.0
1140,9222,5,14.0,29,44,MEDIUM,5.0
1140,9222,6,20.0,30,30,MEDIUM,8.0
1140,9222,6,16.0,30,32,MEDIUM,0.0
1140,9222,10,23.0,30,36,MEDIUM,0.0
1140,9222,7,10.0,31,31,MEDIUM,8.0
1140,9222,6,77.0,31,31,MEDIUM,0.0
1140,9222,7,20.0,31,31,MEDIUM,9.0
1140,9222,11,22.0,31,33,MEDIUM,0.0
1140,9222,7,55.0,31,40,MEDIUM,0.0
1140,9222,6,1.0,32,36,MEDIUM,0.0
1140,9222,6,4.0,32,36,MEDIUM,0.0
1140,9222,9,2.0,32,38,MEDIUM,0.0
1140,9222,7,77.0,32,40,MEDIUM,0.0
1140,9222,8,10.0,32,43,MEDIUM,9.0
1140,9222,5,21.0,32,43,MEDIUM,0.0
1140,9222,8,20.0,32,43,MEDIUM,0.0
1140,9222,7,16.0,33,33,MEDIUM,0.0
1140,9222,10,24.0,34,34,MEDIUM,0.0
1140,9222,12,22.0,34,36,MEDIUM,0.0
1140,9222,15,81.0,34,38,MEDIUM,5.0
1140,9222,8,27.0,34,40,MEDIUM,0.0
1140,9222,8,16.0,34,41,MEDIUM,4.0
1140,9222,7,63.0,35,35,MEDIUM,0.0
1140,9222,10,31.0,35,39,MEDIUM,0.0
1140,9222,11,24.0,35,42,MEDIUM,4.0
1140,9222,8,63.0,36,39,TEST_UNKNOWN,0.0
1140,9222,10,34.0,36,41,MEDIUM,0.0
1140,9222,7,4.0,37,39,MEDIUM,0.0
1140,9222,7,1.0,37,43,MEDIUM,5.0
1140,9222,11,23.0,37,43,MEDIUM,0.0
1140,9222,13,22.0,37,47,MEDIUM,0.0
1140,9222,16,81.0,39,39,MEDIUM,10.0
1140,9222,10,2.0,39,45,MEDIUM,0.0
1140,9222,8,4.0,40,40,MEDIUM,6.0
1140,9222,17,81.0,40,44,MEDIUM,0.0
1140,9222,11,31.0,40,44,MEDIUM,0.0
1140,9222,9,63.0,40,49,TEST_UNKNOWN,0.0
1140,9222,8,77.0,41,41,MEDIUM,9.0
1140,9222,8,55.0,41,43,MEDIUM,0.0
1140,9222,9,27.0,41,52,MEDIUM,7.0
1140,9222,9,16.0,42,44,MEDIUM,0.0
1140,9222,9,77.0,42,49,MEDIUM,0.0
1140,9222,12,24.0,43,50,MEDIUM,0.0
1140,9222,8,1.0,44,47,MEDIUM,0.0
1140,9222,12,23.0,44,50,MEDIUM,0.0
1140,9222,9,55.0,44,50,MEDIUM,3.0
1140,9222,6,21.0,44,54,MEDIUM,0.0
1140,9222,9,10.0,44,55,MEDIUM,9.0
1140,9222,9,20.0,44,57,UNKNOWN,0.0
1140,9222,11,44.0,44,61,MEDIUM,6.0
1140,9222,18,81.0,45,45,HARD,15.0
1140,9222,12,31.0,45,45,MEDIUM,7.0
1140,9222,6,14.0,45,51,MEDIUM,0.0
1140,9222,10,16.0,45,53,MEDIUM,3.0
1140,9222,13,31.0,46,46,MEDIUM,5.0
1140,9222,11,2.0,46,52,MEDIUM,0.0
1140,9222,19,81.0,46,53,HARD,16.0
1140,9222,14,31.0,47,47,MEDIUM,8.0
1140,9222,15,31.0,48,48,MEDIUM,6.0
1140,9222,9,1.0,48,54,MEDIUM,4.0
1140,9222,16,31.0,49,49,MEDIUM,9.0
1140,9222,10,63.0,50,50,TEST_UNKNOWN,14.0
1140,9222,10,77.0,50,50,MEDIUM,8.0
1140,9222,17,31.0,50,50,MEDIUM,0.0
1140,9222,18,31.0,51,51,MEDIUM,10.0
1140,9222,11,63.0,51,52,MEDIUM,0.0
1140,9222,13,23.0,51,57,MEDIUM,0.0
1140,9222,10,55.0,51,61,MEDIUM,11.0
1140,9222,13,24.0,51,64,MEDIUM,0.0
1140,9222,11,77.0,51,71,MEDIUM,0.0
1140,9222,19,31.0,52,52,MEDIUM,8.0
1140,9222,7,14.0,52,56,MEDIUM,0.0
1140,9222,20,31.0,53,53,MEDIUM,11.0
1140,9222,12,63.0,53,55,MEDIUM,2.0
1140,9222,12,2.0,53,59,MEDIUM,0.0
1140,9222,11,16.0,54,57,MEDIUM,12.0
1140,9222,10,1.0,55,60,MEDIUM,0.0
1140,9222,7,21.0,55,65,TEST_UNKNOWN,0.0
1140,9222,10,10.0,56,61,MEDIUM,2.0
1140,9222,13,63.0,56,65,UNKNOWN,0.0
1140,9222,8,14.0,57,59,MEDIUM,5.0
1140,9222,14,23.0,58,60,UNKNOWN,0.0
1140,9222,12,16.0,58,64,MEDIUM,16.0
1140,9222,9,14.0,60,60,MEDIUM,0.0
1140,9222,13,2.0,60,66,MEDIUM,0.0
1140,9222,15,23.0,61,65,MEDIUM,0.0
1140,9222,11,1.0,61,69,MEDIUM,0.0
1140,9222,11,55.0,62,73,MEDIUM,10.0
1140,9222,12,44.0,62,83,HARD,0.0
1140,9222,14,24.0,65,65,MEDIUM,14.0
1140,9222,14,63.0,66,66,MEDIUM,0.0
1140,9222,15,24.0,66,66,MEDIUM,15.0
1140,9222,8,21.0,66,68,MEDIUM,11.0
1140,9222,16,23.0,66,72,MEDIUM,0.0
1140,9222,14,2.0,67,67,MEDIUM,14.0
1140,9222,16,24.0,67,68,MEDIUM,16.0
1140,9222,15,63.0,67,70,MEDIUM,14.0
1140,9222,15,2.0,68,68,MEDIUM,0.0
1140,9222,16,2.0,69,69,MEDIUM,0.0
1140,9222,9,21.0,69,71,MEDIUM,12.0
1140,9222,17,2.0,70,70,MEDIUM,0.0
1140,9222,12,1.0,70,72,MEDIUM,13.0
1140,9222,18,2.0,71,71,MEDIUM,0.0
1140,9222,19,2.0,72,72,MEDIUM,16.0
1140,9222,10,21.0,72,74,TEST_UNKNOWN,0.0
1140,9222,13,1.0,73,74,UNKNOWN,0.0
1140,9222,17,23.0,73,75,SOFT,10.0
1140,9222,20,2.0,73,75,MEDIUM,14.0
1140,9222,14,1.0,75,75,UNKNOWN,0.0
1140,9222,11,21.0,75,77,MEDIUM,0.0
1140,9222,15,1.0,76,77,MEDIUM,11.0
1140,9222,16,1.0,78,79,MEDIUM,15.0
1140,9222,12,21.0,78,81,MEDIUM,0.0
1140,9222,17,1.0,80,82,MEDIUM,17.0
1140,9222,13,21.0,82,82,TEST_UNKNOWN,0.0
1140,9222,18,1.0,83,85,MEDIUM,0.0
1140,9222,14,21.0,83,85,TEST_UNKNOWN,0.0
1140,9222,19,1.0,86,94,MEDIUM,3.0
1140,9222,20,1.0,95,97,MEDIUM,0.0
1140,9222,21,1.0,98,107,MEDIUM,3.0
1140,9222,22,1.0,108,110,MEDIUM,0.0
1140,9222,23,1.0,111,122,MEDIUM,3.0
1140,9222,24,1.0,123,125,MEDIUM,0.0
1140,9222,25,1.0,126,141,MEDIUM,3.0
1140,9222,26,1.0,142,144,MEDIUM,0.0
1140,9222,27,1.0,145,154,MEDIUM,3.0
1140,9222,28,1.0,155,155,MEDIUM,0.0
1140,9222,29,1.0,156,156,MEDIUM,13.0
1140,9222,30,1.0,157,157,MEDIUM,15.0
1140,9222,31,1.0,158,158,MEDIUM,13.0
1141,7765,1,2.0,1,1,HARD,0.0
1141,7765,1,20.0,1,1,SOFT,0.0
1141,7765,1,27.0,1,1,SOFT,0.0
1141,7765,1,23.0,1,1,MEDIUM,0.0
1141,7765,1,31.0,1,1,MEDIUM,0.0
1141,7765,1,18.0,1,2,MEDIUM,0.0
1141,7765,1,24.0,1,2,MEDIUM,0.0
1141,7765,1,77.0,1,2,MEDIUM,0.0
1141,7765,1,1.0,1,3,MEDIUM,0.0
1141,7765,1,11.0,1,3,MEDIUM,0.0
1141,7765,1,44.0,1,3,UNKNOWN,0.0
1141,7765,1,4.0,1,5,MEDIUM,0.0
1141,7765,1,16.0,1,5,MEDIUM,0.0
1141,7765,1,55.0,1,6,MEDIUM,0.0
1141,7765,1,14.0,1,7,MEDIUM,0.0
1141,7765,1,10.0,1,7,MEDIUM,0.0
1141,7765,1,21.0,1,7,MEDIUM,0.0
1141,7765,1,81.0,1,7,MEDIUM,0.0
1141,7765,1,63.0,1,9,MEDIUM,0.0
1141,7765,1,22.0,1,11,MEDIUM,0.0
1141,7765,2,23.0,2,6,MEDIUM,1.0
1141,7765,2,2.0,2,8,HARD,1.0
1141,7765,2,20.0,2,9,SOFT,1.0
1141,7765,2,31.0,2,10,MEDIUM,1.0
1141,7765,2,27.0,2,11,SOFT,1.0
1141,7765,2,77.0,3,9,MEDIUM,2.0
1141,7765,2,24.0,3,9,MEDIUM,2.0
1141,7765,2,18.0,3,10,MEDIUM,2.0
1141,7765,2,1.0,4,5,MEDIUM,3.0
1141,7765,2,11.0,4,6,MEDIUM,3.0
1141,7765,2,44.0,4,6,MEDIUM,3.0
1141,7765,2,16.0,6,8,MEDIUM,5.0
1141,7765,2,4.0,6,8,MEDIUM,0.0
1141,7765,3,1.0,6,8,SOFT,0.0
1141,7765,2,55.0,7,9,MEDIUM,6.0
1141,7765,3,44.0,7,9,MEDIUM,6.0
1141,7765,3,23.0,7,9,MEDIUM,6.0
1141,7765,3,11.0,7,9,SOFT,0.0
1141,7765,2,21.0,8,11,MEDIUM,7.0
1141,7765,2,81.0,8,12,SOFT,0.0
1141,7765,2,14.0,8,14,MEDIUM,7.0
1141,7765,2,10.0,8,14,MEDIUM,7.0
1141,7765,3,16.0,9,11,MEDIUM,0.0
1141,7765,3,4.0,9,12,SOFT,0.0
1141,7765,3,2.0,9,13,MEDIUM,0.0
1141,7765,4,1.0,9,21,SOFT,3.0
1141,7765,3,77.0,10,10,MEDIUM,9.0
1141,7765,3,24.0,10,10,MEDIUM,9.0
1141,7765,3,55.0,10,11,MEDIUM,0.0
1141,7765,2,63.0,10,12,MEDIUM,0.0
1141,7765,4,44.0,10,13,MEDIUM,0.0
1141,7765,4,23.0,10,15,MEDIUM,0.0
1141,7765,3,20.0,10,20,SOFT,0.0
1141,7765,4,11.0,10,21,SOFT,3.0
1141,7765,4,77.0,11,13,SOFT,0.0
1141,7765,4,24.0,11,13,SOFT,0.0
1141,7765,3,18.0,11,13,SOFT,0.0
1141,7765,3,31.0,11,20,MEDIUM,0.0
1141,7765,4,16.0,12,13,MEDIUM,0.0
1141,7765,3,21.0,12,17,SOFT,0.0
1141,7765,2,22.0,12,17,SOFT,0.0
1141,7765,4,55.0,12,21,MEDIUM,9.0
1141,7765,3,27.0,12,22,SOFT,0.0
1141,7765,3,63.0,13,20,MEDIUM,3.0
1141,7765,3,81.0,13,21,SOFT,5.0
1141,7765,4,4.0,13,21,SOFT,4.0
1141,7765,5,24.0,14,14,SOFT,3.0
1141,7765,5,77.0,14,16,SOFT,0.0
1141,7765,4,18.0,14,17,SOFT,3.0
1141,7765,5,16.0,14,17,MEDIUM,5.0
1141,7765,4,2.0,14,24,HARD,0.0
1141,7765,6,24.0,15,18,SOFT,4.0
1141,7765,3,14.0,15,19,SOFT,0.0
1141,7765,3,10.0,15,22,MEDIUM,0.0
1141,7765,6,77.0,17,20,SOFT,6.0
1141,7765,4,21.0,18,18,SOFT,0.0
1141,7765,3,22.0,18,20,MEDIUM,11.0
1141,7765,5,21.0,19,25,MEDIUM,11.0
1141,7765,4,14.0,20,22,SOFT,0.0
1141,7765,4,81.0,22,24,MEDIUM,7.0
1141,7766,1,11.0,1,3,MEDIUM,0.0
1141,7766,1,16.0,1,3,SOFT,0.0
1141,7766,1,55.0,1,3,SOFT,0.0
1141,7766,1,44.0,1,3,SOFT,0.0
1141,7766,1,2.0,1,5,SOFT,0.0
1141,7766,1,20.0,1,5,MEDIUM,0.0
1141,7766,1,23.0,1,5,SOFT,0.0
1141,7766,1,27.0,1,5,MEDIUM,0.0
1141,7766,1,1.0,1,6,MEDIUM,0.0
1141,7766,1,31.0,1,6,SOFT,0.0
1141,7766,1,81.0,1,6,MEDIUM,0.0
1141,7766,1,63.0,1,6,SOFT,0.0
1141,7766,1,4.0,1,7,MEDIUM,0.0
1141,7766,1,10.0,1,7,SOFT,0.0
1141,7766,1,14.0,1,7,MEDIUM,0.0
1141,7766,1,18.0,1,7,MEDIUM,0.0
1141,7766,1,24.0,1,7,MEDIUM,0.0
1141,7766,1,77.0,1,7,MEDIUM,0.0
1141,7766,1,21.0,1,8,MEDIUM,0.0
1141,7766,1,22.0,1,8,MEDIUM,0.0
1141,7766,2,55.0,4,6,SOFT,3.0
1141,7766,2,11.0,4,6,MEDIUM,3.0
1141,7766,2,16.0,4,6,SOFT,3.0
1141,7766,2,44.0,4,7,SOFT,3.0
1141,7766,2,23.0,6,8,SOFT,0.0
1141,7766,2,27.0,6,8,SOFT,0.0
1141,7766,2,2.0,6,10,SOFT,0.0
1141,7766,2,20.0,6,11,SOFT,0.0
1141,7766,3,55.0,7,9,SOFT,0.0
1141,7766,2,63.0,7,9,SOFT,0.0
1141,7766,3,11.0,7,9,SOFT,0.0
1141,7766,3,16.0,7,9,SOFT,0.0
1141,7766,2,1.0,7,9,SOFT,0.0
1141,7766,2,81.0,7,11,SOFT,0.0
1141,7766,2,31.0,7,12,SOFT,0.0
1141,7766,2,77.0,8,8,SOFT,7.0
1141,7766,2,24.0,8,8,MEDIUM,7.0
1141,7766,2,4.0,8,10,SOFT,0.0
1141,7766,3,44.0,8,10,SOFT,0.0
1141,7766,2,14.0,8,11,SOFT,0.0
1141,7766,2,10.0,8,11,SOFT,0.0
1141,7766,2,18.0,8,13,SOFT,0.0
1141,7766,3,77.0,9,11,SOFT,0.0
1141,7766,3,24.0,9,11,SOFT,0.0
1141,7766,3,23.0,9,13,SOFT,5.0
1141,7766,2,22.0,9,14,SOFT,0.0
1141,7766,2,21.0,9,14,SOFT,0.0
1141,7766,3,27.0,9,15,SOFT,3.0
1141,7766,4,16.0,10,16,SOFT,6.0
1141,7766,4,55.0,10,17,SOFT,0.0
1141,7766,3,63.0,10,20,SOFT,3.0
1141,7766,3,1.0,10,24,SOFT,0.0
1141,7766,4,11.0,10,26,SOFT,3.0
1141,7766,3,2.0,11,15,UNKNOWN,0.0
1141,7766,3,4.0,11,22,SOFT,3.0
1141,7766,4,44.0,11,23,SOFT,3.0
1141,7766,3,14.0,12,12,MEDIUM,7.0
1141,7766,4,77.0,12,14,SOFT,3.0
1141,7766,4,24.0,12,14,SOFT,3.0
1141,7766,3,20.0,12,18,MEDIUM,5.0
1141,7766,3,10.0,12,24,SOFT,4.0
1141,7766,3,81.0,12,27,SOFT,5.0
1141,7766,3,31.0,13,25,SOFT,6.0
1141,7766,4,14.0,13,25,SOFT,4.0
1141,7766,3,18.0,14,15,SOFT,6.0
1141,7766,4,23.0,14,28,HARD,0.0
1141,7766,5,24.0,15,16,SOFT,6.0
1141,7766,5,77.0,15,17,MEDIUM,8.0
1141,7766,3,21.0,15,25,SOFT,6.0
1141,7766,3,22.0,15,27,SOFT,0.0
1141,7766,4,27.0,16,25,MEDIUM,5.0
1141,7766,4,18.0,16,28,MEDIUM,7.0
1141,7766,4,2.0,16,29,SOFT,5.0
1141,7766,5,16.0,17,26,SOFT,3.0
1141,7766,6,24.0,17,27,MEDIUM,8.0
1141,7766,5,55.0,18,28,SOFT,3.0
1141,7766,6,77.0,18,28,SOFT,6.0
1141,7766,4,63.0,21,25,SOFT,6.0
1141,7766,4,4.0,23,27,MEDIUM,7.0
1141,7766,5,44.0,24,27,SOFT,7.0
1141,7766,4,21.0,26,28,SOFT,7.0
1141,7767,1,2.0,1,3,SOFT,5.0
1141,7767,1,11.0,1,3,HARD,0.0
1141,7767,1,16.0,1,3,SOFT,0.0
1141,7767,1,21.0,1,3,SOFT,0.0
1141,7767,1,24.0,1,3,SOFT,0.0
1141,7767,1,44.0,1,3,SOFT,0.0
1141,7767,1,63.0,1,3,SOFT,0.0
1141,7767,1,23.0,1,3,SOFT,3.0
1141,7767,1,77.0,1,3,SOFT,0.0
1141,7767,1,14.0,1,4,SOFT,0.0
1141,7767,1,55.0,1,4,SOFT,0.0
1141,7767,1,20.0,1,5,MEDIUM,0.0
1141,7767,1,27.0,1,5,MEDIUM,0.0
1141,7767,1,10.0,1,6,SOFT,0.0
1141,7767,1,18.0,1,6,SOFT,0.0
1141,7767,1,22.0,1,6,SOFT,0.0
1141,7767,1,31.0,1,6,SOFT,0.0
1141,7767,1,81.0,1,6,SOFT,0.0
1141,7767,1,1.0,1,7,HARD,0.0
1141,7767,1,4.0,1,7,SOFT,0.0
1141,7767,2,16.0,4,6,SOFT,3.0
1141,7767,2,44.0,4,6,SOFT,3.0
1141,7767,2,63.0,4,6,SOFT,3.0
1141,7767,2,24.0,4,6,SOFT,3.0
1141,7767,2,77.0,4,6,SOFT,3.0
1141,7767,2,23.0,4,6,SOFT,6.0
1141,7767,2,2.0,4,6,SOFT,8.0
1141,7767,2,11.0,4,6,HARD,3.0
1141,7767,2,21.0,4,9,SOFT,0.0
1141,7767,2,14.0,5,5,SOFT,0.0
1141,7767,2,55.0,5,7,SOFT,4.0
1141,7767,3,14.0,6,10,SOFT,0.0
1141,7767,2,20.0,6,14,MEDIUM,5.0
1141,7767,2,27.0,6,15,MEDIUM,5.0
1141,7767,2,18.0,7,7,SOFT,6.0
1141,7767,2,31.0,7,7,SOFT,0.0
1141,7767,2,22.0,7,7,SOFT,0.0
1141,7767,2,10.0,7,7,SOFT,6.0
1141,7767,3,16.0,7,9,SOFT,6.0
1141,7767,3,24.0,7,9,SOFT,0.0
1141,7767,3,2.0,7,9,SOFT,0.0
1141,7767,2,81.0,7,9,SOFT,0.0
1141,7767,3,11.0,7,9,SOFT,0.0
1141,7767,3,77.0,7,10,SOFT,0.0
1141,7767,3,44.0,7,11,SOFT,6.0
1141,7767,3,63.0,7,12,SOFT,4.0
1141,7767,3,23.0,7,12,SOFT,0.0
1141,7767,3,55.0,8,9,SOFT,7.0
1141,7767,2,4.0,8,10,SOFT,7.0
1141,7767,2,1.0,8,10,SOFT,0.0
1141,7767,3,18.0,8,13,SOFT,0.0
1141,7767,3,10.0,8,13,SOFT,0.0
1141,7767,3,22.0,8,15,SOFT,0.0
1141,7767,3,31.0,8,16,SOFT,0.0
1141,7767,3,21.0,10,10,SOFT,0.0
1141,7767,4,24.0,10,10,SOFT,3.0
1141,7767,4,2.0,10,12,SOFT,3.0
1141,7767,3,81.0,10,12,SOFT,3.0
1141,7767,4,11.0,10,12,SOFT,3.0
1141,7767,4,55.0,10,16,SOFT,9.0
1141,7767,4,16.0,10,16,SOFT,9.0
1141,7767,4,77.0,11,11,SOFT,4.0
1141,7767,3,4.0,11,13,SOFT,0.0
1141,7767,4,14.0,11,13,SOFT,5.0
1141,7767,3,1.0,11,13,SOFT,3.0
1141,7767,5,24.0,11,13,SOFT,4.0
1141,7767,4,21.0,11,18,SOFT,0.0
1141,7767,4,44.0,12,14,SOFT,0.0
1141,7767,5,77.0,12,14,SOFT,5.0
1141,7767,4,63.0,13,15,SOFT,7.0
1141,7767,4,23.0,13,15,SOFT,9.0
1141,7767,5,2.0,13,15,UNKNOWN,0.0
1141,7767,4,18.0,14,16,SOFT,6.0
1141,7767,4,4.0,14,16,SOFT,3.0
1141,7767,5,44.0,15,17,SOFT,3.0
1141,7767,3,20.0,15,21,SOFT,0.0
1141,7767,5,63.0,16,17,SOFT,0.0
1141,7767,3,27.0,16,20,SOFT,0.0
1141,7767,5,55.0,17,21,SOFT,0.0
1141,7767,5,16.0,17,21,SOFT,0.0
1141,7767,4,27.0,21,23,SOFT,5.0
1141,7768,1,1.0,1,1,SOFT,0.0
1141,7768,1,4.0,1,1,SOFT,0.0
1141,7768,1,11.0,1,1,SOFT,0.0
1141,7768,1,81.0,1,1,SOFT,0.0
1141,7768,1,27.0,1,2,SOFT,0.0
1141,7768,1,31.0,1,3,SOFT,0.0
1141,7768,1,10.0,1,3,SOFT,0.0
1141,7768,1,2.0,1,3,SOFT,0.0
1141,7768,1,22.0,1,3,SOFT,0.0
1141,7768,1,21.0,1,3,SOFT,0.0
1141,7768,1,55.0,1,3,MEDIUM,0.0
1141,7768,1,23.0,1,3,SOFT,0.0
1141,7768,1,63.0,1,3,SOFT,0.0
1141,7768,1,14.0,1,3,SOFT,0.0
1141,7768,1,24.0,1,3,SOFT,0.0
1141,7768,1,77.0,1,3,SOFT,0.0
1141,7768,1,44.0,1,3,SOFT,0.0
1141,7768,1,16.0,1,3,MEDIUM,0.0
1141,7768,1,18.0,1,3,SOFT,0.0
1141,7768,1,20.0,1,3,SOFT,0.0
1141,7768,2,1.0,2,4,SOFT,1.0
1141,7768,2,81.0,2,4,SOFT,1.0
1141,7768,2,11.0,2,4,SOFT,1.0
1141,7768,2,4.0,2,4,SOFT,1.0
1141,7768,2,27.0,3,5,SOFT,2.0
1141,7768,2,22.0,4,6,SOFT,0.0
1141,7768,2,21.0,4,6,SOFT,0.0
1141,7768,2,16.0,4,6,SOFT,0.0
1141,7768,2,55.0,4,6,SOFT,0.0
1141,7768,2,23.0,4,6,SOFT,0.0
1141,7768,2,20.0,4,6,SOFT,0.0
1141,7768,2,24.0,4,6,SOFT,0.0
1141,7768,2,77.0,4,6,SOFT,0.0
1141,7768,2,18.0,4,6,SOFT,0.0
1141,7768,2,10.0,4,6,SOFT,0.0
1141,7768,2,31.0,4,6,SOFT,0.0
1141,7768,2,14.0,4,6,SOFT,3.0
1141,7768,2,63.0,4,6,SOFT,3.0
1141,7768,2,44.0,4,6,SOFT,3.0
1141,7768,2,2.0,4,6,SOFT,0.0
1141,7768,3,1.0,5,6,SOFT,0.0
1141,7768,3,11.0,5,6,SOFT,0.0
1141,7768,3,4.0,5,7,SOFT,0.0
1141,7768,3,81.0,5,7,SOFT,0.0
1141,7768,3,27.0,6,8,SOFT,0.0
1141,7768,3,16.0,7,8,SOFT,3.0
1141,7768,3,23.0,7,8,SOFT,0.0
1141,7768,3,22.0,7,9,SOFT,0.0
1141,7768,3,21.0,7,9,SOFT,0.0
1141,7768,3,31.0,7,9,SOFT,3.0
1141,7768,3,18.0,7,9,SOFT,3.0
1141,7768,3,24.0,7,9,SOFT,3.0
1141,7768,3,77.0,7,9,SOFT,3.0
1141,7768,3,14.0,7,9,SOFT,0.0
1141,7768,3,63.0,7,9,SOFT,0.0
1141,7768,3,44.0,7,9,SOFT,0.0
1141,7768,3,55.0,7,9,SOFT,3.0
1141,7768,4,1.0,7,9,SOFT,0.0
1141,7768,4,11.0,7,9,SOFT,0.0
1141,7768,4,4.0,8,10,SOFT,3.0
1141,7768,4,27.0,9,11,SOFT,3.0
1141,7768,4,16.0,9,11,SOFT,5.0
1141,7768,4,22.0,10,12,SOFT,3.0
1141,7768,4,31.0,10,12,SOFT,0.0
1141,7768,4,24.0,10,12,SOFT,0.0
1141,7768,4,77.0,10,12,SOFT,0.0
1141,7768,4,14.0,10,12,SOFT,0.0
1141,7768,4,55.0,10,12,SOFT,0.0
1141,7768,4,63.0,10,12,SOFT,0.0
1141,7768,4,44.0,10,12,SOFT,0.0
1141,7768,4,18.0,10,12,SOFT,0.0
1141,7768,5,1.0,10,12,SOFT,0.0
1141,7768,5,11.0,10,12,SOFT,0.0
1141,7768,5,4.0,11,13,SOFT,0.0
1141,7768,5,27.0,12,14,SOFT,0.0
1141,7768,5,16.0,12,14,SOFT,0.0
1141,7768,5,31.0,13,14,UNKNOWN,0.0
1141,7768,6,1.0,13,14,UNKNOWN,0.0
1141,7768,6,11.0,13,14,UNKNOWN,0.0
1141,7768,5,22.0,13,15,SOFT,3.0
1141,7768,5,55.0,13,15,SOFT,0.0
1141,7768,5,18.0,13,15,SOFT,3.0
1141,7768,5,14.0,13,15,SOFT,0.0
1141,7768,5,63.0,13,15,SOFT,0.0
1141,7768,5,44.0,13,15,SOFT,0.0
1141,7768,6,16.0,15,17,SOFT,0.0
1141,7768,6,27.0,15,17,SOFT,0.0
1141,7768,6,55.0,16,17,UNKNOWN,0.0
1141,7768,6,18.0,16,18,SOFT,0.0
1141,7953,1,10.0,1,9,SOFT,0.0
1141,7953,1,22.0,1,10,SOFT,0.0
1141,7953,1,4.0,1,10,SOFT,0.0
1141,7953,1,27.0,1,11,SOFT,3.0
1141,7953,1,77.0,1,11,SOFT,0.0
1141,7953,1,21.0,1,11,SOFT,0.0
1141,7953,1,23.0,1,11,SOFT,0.0
1141,7953,1,31.0,1,12,SOFT,3.0
1141,7953,1,44.0,1,12,SOFT,3.0
1141,7953,1,24.0,1,12,SOFT,0.0
1141,7953,1,2.0,1,12,SOFT,0.0
1141,7953,1,16.0,1,13,SOFT,0.0
1141,7953,1,63.0,1,13,SOFT,3.0
1141,7953,1,55.0,1,13,SOFT,3.0
1141,7953,1,81.0,1,13,SOFT,0.0
1141,7953,1,1.0,1,14,SOFT,3.0
1141,7953,1,14.0,1,14,SOFT,3.0
1141,7953,1,18.0,1,15,SOFT,3.0
1141,7953,1,20.0,1,15,HARD,0.0
1141,7953,1,11.0,1,17,SOFT,3.0
1141,7953,2,10.0,10,25,HARD,0.0
1141,7953,2,4.0,11,17,HARD,0.0
1141,7953,2,22.0,11,26,HARD,0.0
1141,7953,2,23.0,12,26,SOFT,0.0
1141,7953,2,27.0,12,26,HARD,0.0
1141,7953,2,21.0,12,26,HARD,0.0
1141,7953,2,77.0,12,29,HARD,0.0
1141,7953,2,31.0,13,15,HARD,0.0
1141,7953,2,44.0,13,30,HARD,0.0
1141,7953,2,2.0,13,30,SOFT,0.0
1141,7953,2,24.0,13,32,HARD,0.0
1141,7953,2,55.0,14,31,HARD,0.0
1141,7953,2,63.0,14,31,HARD,0.0
1141,7953,2,16.0,14,33,HARD,0.0
1141,7953,2,14.0,15,34,HARD,0.0
1141,7953,2,1.0,15,36,SOFT,2.0
1141,7953,2,20.0,16,29,HARD,0.0
1141,7953,2,18.0,16,30,HARD,0.0
1141,7953,3,31.0,16,32,HARD,0.0
1141,7953,3,4.0,18,27,SOFT,3.0
1141,7953,2,11.0,18,34,SOFT,2.0
1141,7953,3,10.0,26,40,HARD,0.0
1141,7953,3,22.0,27,40,HARD,0.0
1141,7953,3,23.0,27,40,HARD,0.0
1141,7953,3,27.0,27,40,HARD,0.0
1141,7953,3,21.0,27,55,HARD,0.0
1141,7953,4,4.0,28,37,MEDIUM,0.0
1141,7953,3,20.0,30,40,SOFT,0.0
1141,7953,3,77.0,30,57,HARD,0.0
1141,7953,3,2.0,31,40,HARD,0.0
1141,7953,3,44.0,31,57,HARD,0.0
1141,7953,3,18.0,31,57,HARD,0.0
1141,7953,3,55.0,32,57,HARD,0.0
1141,7953,3,63.0,32,57,HARD,0.0
1141,7953,4,31.0,33,41,HARD,0.0
1141,7953,3,24.0,33,54,SOFT,3.0
1141,7953,3,16.0,34,40,HARD,0.0
1141,7953,3,11.0,35,57,HARD,0.0
1141,7953,3,14.0,35,57,HARD,0.0
1141,7953,3,1.0,37,57,HARD,0.0
1141,7953,5,4.0,38,47,HARD,0.0
1141,7953,4,2.0,41,56,SOFT,0.0
1141,7953,4,20.0,41,56,SOFT,0.0
1141,7953,4,27.0,41,56,SOFT,3.0
1141,7953,4,10.0,41,57,SOFT,0.0
1141,7953,4,23.0,41,57,SOFT,0.0
1141,7953,4,22.0,41,57,SOFT,3.0
1141,7953,6,4.0,48,54,SOFT,4.0
1141,7953,7,4.0,55,55,SOFT,6.0
1141,7953,4,24.0,55,56,SOFT,3.0
1142,7772,1,10.0,1,1,MEDIUM,0.0
1142,7772,1,31.0,1,1,MEDIUM,0.0
1142,7772,1,23.0,1,1,HARD,0.0
1142,7772,1,81.0,1,2,MEDIUM,0.0
1142,7772,1,4.0,1,3,MEDIUM,0.0
1142,7772,1,11.0,1,3,SOFT,0.0
1142,7772,1,18.0,1,4,SOFT,0.0
1142,7772,1,14.0,1,4,SOFT,0.0
1142,7772,1,55.0,1,5,HARD,0.0
1142,7772,1,20.0,1,7,MEDIUM,0.0
1142,7772,1,27.0,1,7,HARD,0.0
1142,7772,1,24.0,1,7,HARD,0.0
1142,7772,1,77.0,1,8,MEDIUM,0.0
1142,7772,1,1.0,1,9,SOFT,0.0
1142,7772,1,2.0,1,9,MEDIUM,0.0
1142,7772,1,16.0,1,9,HARD,0.0
1142,7772,1,44.0,1,9,HARD,0.0
1142,7772,1,63.0,1,9,HARD,0.0
1142,7772,1,22.0,1,9,MEDIUM,0.0
1142,7772,1,21.0,1,12,MEDIUM,0.0
1142,7772,2,31.0,2,8,MEDIUM,1.0
1142,7772,2,23.0,2,9,HARD,1.0
1142,7772,2,10.0,2,12,MEDIUM,1.0
1142,7772,2,81.0,3,9,MEDIUM,2.0
1142,7772,2,11.0,4,6,SOFT,3.0
1142,7772,2,4.0,4,8,MEDIUM,3.0
1142,7772,2,14.0,5,11,SOFT,4.0
1142,7772,2,18.0,5,12,SOFT,4.0
1142,7772,2,55.0,6,9,HARD,0.0
1142,7772,3,11.0,7,9,SOFT,6.0
1142,7772,2,24.0,8,8,HARD,7.0
1142,7772,2,27.0,8,13,SOFT,0.0
1142,7772,2,20.0,8,14,SOFT,0.0
1142,7772,2,77.0,9,9,MEDIUM,8.0
1142,7772,3,31.0,9,12,MEDIUM,8.0
1142,7772,3,4.0,9,13,SOFT,0.0
1142,7772,3,24.0,9,14,SOFT,0.0
1142,7772,2,2.0,10,10,MEDIUM,9.0
1142,7772,2,63.0,10,11,SOFT,0.0
1142,7772,4,11.0,10,11,SOFT,0.0
1142,7772,3,55.0,10,12,SOFT,0.0
1142,7772,2,16.0,10,12,SOFT,0.0
1142,7772,2,1.0,10,12,SOFT,0.0
1142,7772,2,22.0,10,13,MEDIUM,9.0
1142,7772,2,44.0,10,15,SOFT,0.0
1142,7772,3,23.0,10,16,SOFT,0.0
1142,7772,3,77.0,10,16,SOFT,0.0
1142,7772,3,81.0,10,17,SOFT,0.0
1142,7772,3,2.0,11,17,SOFT,0.0
1142,7772,3,63.0,12,14,SOFT,2.0
1142,7772,3,14.0,12,16,SOFT,0.0
1142,7772,5,11.0,12,20,SOFT,0.0
1142,7772,4,55.0,13,15,SOFT,3.0
1142,7772,3,16.0,13,16,SOFT,3.0
1142,7772,2,21.0,13,17,SOFT,0.0
1142,7772,3,1.0,13,18,SOFT,3.0
1142,7772,3,18.0,13,20,SOFT,0.0
1142,7772,4,31.0,13,22,SOFT,0.0
1142,7772,3,10.0,13,24,SOFT,0.0
1142,7772,3,22.0,14,16,SOFT,0.0
1142,7772,4,4.0,14,21,MEDIUM,0.0
1142,7772,3,27.0,14,22,HARD,7.0
1142,7772,4,24.0,15,22,HARD,8.0
1142,7772,3,20.0,15,23,MEDIUM,7.0
1142,7772,4,63.0,15,26,SOFT,5.0
1142,7772,3,44.0,16,19,HARD,9.0
1142,7772,5,55.0,16,23,HARD,6.0
1142,7772,4,77.0,17,17,SOFT,7.0
1142,7772,4,22.0,17,22,SOFT,3.0
1142,7772,4,14.0,17,22,SOFT,5.0
1142,7772,4,23.0,17,23,HARD,0.0
1142,7772,4,16.0,17,26,SOFT,7.0
1142,7772,3,21.0,18,22,SOFT,0.0
1142,7772,4,81.0,18,24,MEDIUM,9.0
1142,7772,5,77.0,18,25,MEDIUM,9.0
1142,7772,4,2.0,18,26,MEDIUM,10.0
1142,7772,4,44.0,20,26,HARD,0.0
1142,7772,5,22.0,23,25,SOFT,9.0
1142,7772,4,21.0,23,29,SOFT,0.0
1142,7773,1,22.0,1,2,HARD,0.0
1142,7773,1,11.0,1,5,MEDIUM,0.0
1142,7773,1,14.0,1,5,MEDIUM,0.0
1142,7773,1,16.0,1,6,MEDIUM,0.0
1142,7773,1,20.0,1,6,HARD,0.0
1142,7773,1,63.0,1,6,MEDIUM,0.0
1142,7773,1,4.0,1,7,HARD,0.0
1142,7773,1,2.0,1,7,HARD,0.0
1142,7773,1,18.0,1,7,MEDIUM,0.0
1142,7773,1,24.0,1,7,MEDIUM,0.0
1142,7773,1,23.0,1,7,MEDIUM,0.0
1142,7773,1,31.0,1,7,MEDIUM,0.0
1142,7773,1,81.0,1,7,HARD,0.0
1142,7773,1,77.0,1,7,HARD,0.0
1142,7773,1,44.0,1,7,MEDIUM,0.0
1142,7773,1,27.0,1,7,MEDIUM,0.0
1142,7773,1,55.0,1,7,MEDIUM,0.0
1142,7773,1,1.0,1,8,MEDIUM,0.0
1142,7773,1,10.0,1,8,MEDIUM,0.0
1142,7773,1,21.0,1,8,HARD,0.0
1142,7773,2,22.0,3,9,HARD,2.0
1142,7773,2,14.0,6,8,SOFT,0.0
1142,7773,2,11.0,6,11,SOFT,0.0
1142,7773,2,20.0,7,11,SOFT,0.0
1142,7773,2,16.0,7,13,SOFT,0.0
1142,7773,2,63.0,7,13,SOFT,0.0
1142,7773,2,24.0,8,8,MEDIUM,7.0
1142,7773,2,81.0,8,13,SOFT,0.0
1142,7773,2,27.0,8,13,SOFT,0.0
1142,7773,2,4.0,8,13,SOFT,0.0
1142,7773,2,2.0,8,14,SOFT,0.0
1142,7773,2,55.0,8,14,SOFT,0.0
1142,7773,2,23.0,8,14,SOFT,0.0
1142,7773,2,44.0,8,14,SOFT,0.0
1142,7773,2,18.0,8,14,SOFT,0.0
1142,7773,2,31.0,8,14,SOFT,0.0
1142,7773,2,77.0,8,15,SOFT,0.0
1142,7773,3,14.0,9,11,SOFT,3.0
1142,7773,2,1.0,9,13,SOFT,0.0
1142,7773,3,24.0,9,15,SOFT,0.0
1142,7773,2,10.0,9,16,SOFT,0.0
1142,7773,2,21.0,9,18,SOFT,0.0
1142,7773,3,22.0,10,17,SOFT,0.0
1142,7773,3,20.0,12,25,SOFT,0.0
1142,7773,4,14.0,12,26,MEDIUM,5.0
1142,7773,3,11.0,12,26,MEDIUM,5.0
1142,7773,3,63.0,14,14,SOFT,7.0
1142,7773,3,81.0,14,17,SOFT,6.0
1142,7773,3,4.0,14,21,SOFT,6.0
1142,7773,3,27.0,14,27,MEDIUM,7.0
1142,7773,3,16.0,14,28,MEDIUM,6.0
1142,7773,3,1.0,14,29,SOFT,0.0
1142,7773,3,23.0,15,15,SOFT,7.0
1142,7773,3,2.0,15,17,SOFT,7.0
1142,7773,3,44.0,15,19,SOFT,7.0
1142,7773,3,55.0,15,23,SOFT,7.0
1142,7773,3,31.0,15,27,MEDIUM,7.0
1142,7773,4,63.0,15,27,MEDIUM,6.0
1142,7773,3,18.0,15,27,SOFT,0.0
1142,7773,4,24.0,16,17,SOFT,7.0
1142,7773,3,77.0,16,22,HARD,7.0
1142,7773,4,23.0,16,27,MEDIUM,7.0
1142,7773,3,10.0,17,28,SOFT,8.0
1142,7773,4,81.0,18,26,HARD,7.0
1142,7773,5,24.0,18,27,MEDIUM,8.0
1142,7773,4,22.0,18,30,SOFT,8.0
1142,7773,4,2.0,18,30,HARD,7.0
1142,7773,3,21.0,19,29,SOFT,10.0
1142,7773,4,44.0,20,27,MEDIUM,7.0
1142,7773,4,4.0,22,27,HARD,7.0
1142,7773,4,77.0,23,30,SOFT,8.0
1142,7773,4,55.0,24,29,MEDIUM,7.0
1142,7774,1,4.0,1,1,MEDIUM,0.0
1142,7774,1,14.0,1,1,MEDIUM,0.0
1142,7774,1,18.0,1,1,MEDIUM,0.0
1142,7774,1,2.0,1,4,SOFT,0.0
1142,7774,1,16.0,1,5,MEDIUM,0.0
1142,7774,1,20.0,1,5,MEDIUM,0.0
1142,7774,1,27.0,1,5,MEDIUM,0.0
1142,7774,1,55.0,1,5,MEDIUM,0.0
1142,7774,1,11.0,1,6,SOFT,6.0
1142,7774,1,10.0,1,7,SOFT,0.0
1142,7774,1,31.0,1,7,SOFT,0.0
1142,7774,1,44.0,1,7,SOFT,0.0
1142,7774,1,77.0,1,7,SOFT,0.0
1142,7774,1,23.0,1,8,SOFT,0.0
1142,7774,1,1.0,1,9,HARD,0.0
1142,7774,1,22.0,1,9,MEDIUM,0.0
1142,7774,1,24.0,1,9,SOFT,0.0
1142,7774,1,63.0,1,9,SOFT,0.0
1142,7774,1,81.0,1,12,MEDIUM,0.0
1142,7774,2,18.0,2,2,HARD,0.0
1142,7774,2,14.0,2,2,HARD,0.0
1142,7774,2,4.0,2,8,SOFT,0.0
1142,7774,3,14.0,3,10,HARD,0.0
1142,7774,3,18.0,3,12,HARD,0.0
1142,7774,2,2.0,5,7,SOFT,0.0
1142,7774,2,16.0,6,9,MEDIUM,5.0
1142,7774,2,55.0,6,9,MEDIUM,5.0
1142,7774,2,27.0,6,10,MEDIUM,5.0
1142,7774,2,20.0,6,11,SOFT,0.0
1142,7774,2,11.0,7,9,SOFT,0.0
1142,7774,2,77.0,8,8,SOFT,7.0
1142,7774,2,31.0,8,11,SOFT,0.0
1142,7774,2,10.0,8,11,SOFT,0.0
1142,7774,2,44.0,8,12,SOFT,7.0
1142,7774,3,2.0,8,15,SOFT,0.0
1142,7774,3,77.0,9,14,SOFT,0.0
1142,7774,3,4.0,9,15,SOFT,7.0
1142,7774,2,23.0,9,15,SOFT,0.0
1142,7774,2,22.0,10,10,MEDIUM,9.0
1142,7774,3,11.0,10,15,SOFT,3.0
1142,7774,2,63.0,10,16,SOFT,0.0
1142,7774,2,24.0,10,16,SOFT,0.0
1142,7774,3,16.0,10,16,SOFT,0.0
1142,7774,3,55.0,10,16,SOFT,0.0
1142,7774,2,1.0,10,17,SOFT,0.0
1142,7774,3,22.0,11,11,MEDIUM,10.0
1142,7774,3,27.0,11,15,SOFT,0.0
1142,7774,4,14.0,11,18,SOFT,0.0
1142,7774,3,20.0,12,12,SOFT,0.0
1142,7774,3,10.0,12,16,SOFT,4.0
1142,7774,3,31.0,12,16,SOFT,4.0
1142,7774,4,22.0,12,20,MEDIUM,11.0
1142,7774,3,44.0,13,15,SOFT,0.0
1142,7774,4,20.0,13,15,SOFT,7.0
1142,7774,4,18.0,13,17,SOFT,0.0
1142,7774,2,81.0,13,20,SOFT,0.0
1142,7774,4,77.0,15,20,SOFT,6.0
1142,7774,4,27.0,16,16,SOFT,5.0
1142,7774,4,44.0,16,18,SOFT,7.0
1142,7774,4,2.0,16,18,SOFT,0.0
1142,7774,4,4.0,16,18,SOFT,0.0
1142,7774,3,23.0,16,18,SOFT,8.0
1142,7774,5,27.0,17,19,SOFT,0.0
1142,7774,4,31.0,17,19,SOFT,7.0
1142,7774,3,63.0,17,19,SOFT,9.0
1142,7774,4,10.0,17,19,SOFT,7.0
1142,7774,3,24.0,17,21,SOFT,7.0
1142,7774,3,1.0,18,20,SOFT,8.0
1142,7774,5,18.0,18,21,SOFT,5.0
1142,7774,5,14.0,19,21,SOFT,8.0
1142,7774,3,81.0,21,23,MEDIUM,12.0
1142,7775,1,21.0,1,2,SOFT,0.0
1142,7775,1,1.0,1,3,SOFT,0.0
1142,7775,1,11.0,1,4,SOFT,0.0
1142,7775,1,4.0,1,4,SOFT,0.0
1142,7775,1,23.0,1,4,SOFT,0.0
1142,7775,1,2.0,1,4,SOFT,0.0
1142,7775,1,81.0,1,5,SOFT,0.0
1142,7775,1,44.0,1,5,SOFT,0.0
1142,7775,1,63.0,1,5,SOFT,0.0
1142,7775,1,24.0,1,5,SOFT,0.0
1142,7775,1,27.0,1,5,SOFT,0.0
1142,7775,1,22.0,1,5,SOFT,0.0
1142,7775,1,77.0,1,5,SOFT,0.0
1142,7775,1,20.0,1,5,SOFT,0.0
1142,7775,1,14.0,1,7,SOFT,0.0
1142,7775,1,18.0,1,7,SOFT,0.0
1142,7775,1,16.0,1,8,SOFT,0.0
1142,7775,1,10.0,1,8,SOFT,0.0
1142,7775,1,31.0,1,8,SOFT,0.0
1142,7775,1,55.0,1,9,SOFT,0.0
1142,7775,2,21.0,3,5,SOFT,0.0
1142,7775,2,1.0,4,6,SOFT,0.0
1142,7775,2,2.0,5,6,SOFT,0.0
1142,7775,2,11.0,5,7,SOFT,0.0
1142,7775,2,23.0,5,9,SOFT,0.0
1142,7775,2,44.0,6,7,SOFT,5.0
1142,7775,2,63.0,6,7,SOFT,5.0
1142,7775,2,20.0,6,9,SOFT,0.0
1142,7775,2,27.0,6,10,SOFT,0.0
1142,7775,2,22.0,6,10,SOFT,0.0
1142,7775,2,24.0,6,10,SOFT,0.0
1142,7775,2,77.0,6,10,SOFT,0.0
1142,7775,3,21.0,6,10,SOFT,0.0
1142,7775,2,81.0,6,10,SOFT,0.0
1142,7775,3,2.0,7,8,SOFT,0.0
1142,7775,2,14.0,8,10,SOFT,0.0
1142,7775,2,18.0,8,10,SOFT,0.0
1142,7775,3,44.0,8,10,SOFT,0.0
1142,7775,3,63.0,8,10,SOFT,7.0
1142,7775,3,11.0,8,10,SOFT,0.0
1142,7775,2,10.0,9,12,SOFT,0.0
1142,7775,2,31.0,9,13,SOFT,0.0
1142,7775,2,16.0,9,13,SOFT,0.0
1142,7775,3,20.0,10,13,SOFT,0.0
1142,7775,2,55.0,10,13,SOFT,0.0
1142,7775,3,14.0,11,12,SOFT,0.0
1142,7775,3,24.0,11,13,SOFT,5.0
1142,7775,3,77.0,11,13,SOFT,5.0
1142,7775,3,81.0,11,13,SOFT,0.0
1142,7775,4,11.0,11,13,SOFT,3.0
1142,7775,3,27.0,11,14,SOFT,0.0
1142,7775,4,44.0,11,15,SOFT,0.0
1142,7775,3,18.0,11,15,SOFT,0.0
1142,7775,4,63.0,11,15,SOFT,0.0
1142,7775,4,14.0,13,15,SOFT,0.0
1142,7775,3,10.0,13,16,SOFT,0.0
1142,7775,3,16.0,14,16,SOFT,0.0
1142,7775,5,11.0,14,16,SOFT,0.0
1142,7775,3,55.0,14,17,SOFT,0.0
1142,7775,3,31.0,14,17,SOFT,0.0
1142,7775,4,20.0,14,17,SOFT,0.0
1142,7775,4,81.0,14,18,SOFT,0.0
1142,7775,4,24.0,14,18,SOFT,0.0
1142,7775,4,77.0,14,18,SOFT,0.0
1142,7775,4,27.0,15,18,SOFT,0.0
1142,7775,5,44.0,16,18,SOFT,0.0
1142,7775,5,63.0,16,18,SOFT,0.0
1142,7775,5,14.0,16,18,SOFT,0.0
1142,7775,4,18.0,16,20,SOFT,0.0
1142,7775,6,11.0,17,18,SOFT,0.0
1142,7775,4,10.0,17,19,SOFT,4.0
1142,7775,4,16.0,17,19,SOFT,0.0
1142,7775,4,31.0,18,20,SOFT,4.0
1142,7775,4,55.0,18,20,SOFT,4.0
1142,7775,6,44.0,19,21,SOFT,0.0
1142,7775,6,63.0,19,21,SOFT,0.0
1142,7775,5,81.0,19,23,SOFT,0.0
1142,7775,5,10.0,20,23,SOFT,0.0
1142,7775,5,31.0,21,24,SOFT,0.0
1142,7775,5,55.0,21,24,SOFT,0.0
1142,7779,1,81.0,1,1,MEDIUM,0.0
1142,7779,1,4.0,1,2,SOFT,0.0
1142,7779,1,20.0,1,8,MEDIUM,0.0
1142,7779,1,77.0,1,9,MEDIUM,0.0
1142,7779,1,24.0,1,11,MEDIUM,0.0
1142,7779,1,27.0,1,11,MEDIUM,0.0
1142,7779,1,18.0,1,13,MEDIUM,0.0
1142,7779,1,10.0,1,14,MEDIUM,0.0
1142,7779,1,55.0,1,15,MEDIUM,0.0
1142,7779,1,31.0,1,16,MEDIUM,0.0
1142,7779,1,16.0,1,16,SOFT,0.0
1142,7779,1,23.0,1,17,MEDIUM,0.0
1142,7779,1,22.0,1,17,MEDIUM,0.0
1142,7779,1,21.0,1,17,MEDIUM,0.0
1142,7779,1,63.0,1,18,MEDIUM,0.0
1142,7779,1,1.0,1,18,MEDIUM,0.0
1142,7779,1,2.0,1,18,HARD,0.0
1142,7779,1,14.0,1,18,MEDIUM,0.0
1142,7779,1,44.0,1,18,HARD,0.0
1142,7779,1,11.0,1,18,MEDIUM,0.0
1142,7779,2,81.0,2,50,HARD,0.0
1142,7779,2,4.0,3,19,HARD,0.0
1142,7779,2,20.0,9,50,HARD,0.0
1142,7779,2,77.0,10,17,HARD,0.0
1142,7779,2,24.0,12,18,HARD,0.0
1142,7779,2,27.0,12,50,HARD,0.0
1142,7779,2,18.0,14,17,HARD,0.0
1142,7779,2,10.0,15,50,HARD,0.0
1142,7779,2,55.0,16,50,HARD,0.0
1142,7779,2,16.0,17,50,HARD,0.0
1142,7779,2,31.0,17,50,HARD,0.0
1142,7779,2,23.0,18,27,HARD,0.0
1142,7779,3,77.0,18,35,MEDIUM,0.0
1142,7779,2,22.0,18,50,HARD,0.0
1142,7779,2,21.0,18,50,HARD,0.0
1142,7779,2,11.0,19,50,HARD,0.0
1142,7779,2,14.0,19,50,HARD,1.0
1142,7779,2,63.0,19,50,HARD,0.0
1142,7779,2,1.0,19,50,HARD,0.0
1142,7779,2,44.0,19,50,MEDIUM,0.0
1142,7779,2,2.0,19,50,MEDIUM,0.0
1142,7779,3,24.0,19,50,MEDIUM,0.0
1142,7779,3,4.0,20,50,MEDIUM,0.0
1142,7779,4,77.0,36,49,SOFT,0.0
1143,7780,1,4.0,1,1,MEDIUM,0.0
1143,7780,1,23.0,1,1,MEDIUM,0.0
1143,7780,1,77.0,1,4,HARD,0.0
1143,7780,1,1.0,1,5,SOFT,0.0
1143,7780,1,14.0,1,5,HARD,0.0
1143,7780,1,20.0,1,6,HARD,0.0
1143,7780,1,11.0,1,6,MEDIUM,0.0
1143,7780,1,27.0,1,7,MEDIUM,0.0
1143,7780,1,44.0,1,7,MEDIUM,0.0
1143,7780,1,81.0,1,8,HARD,0.0
1143,7780,1,18.0,1,8,MEDIUM,0.0
1143,7780,1,63.0,1,8,MEDIUM,0.0
1143,7780,1,24.0,1,8,HARD,0.0
1143,7780,1,2.0,1,10,HARD,0.0
1143,7780,1,10.0,1,10,MEDIUM,0.0
1143,7780,1,16.0,1,10,HARD,0.0
1143,7780,1,55.0,1,10,HARD,0.0
1143,7780,1,22.0,1,10,MEDIUM,0.0
1143,7780,1,31.0,1,12,HARD,0.0
1143,7780,1,21.0,1,12,MEDIUM,0.0
1143,7780,2,4.0,2,2,MEDIUM,0.0
1143,7780,2,23.0,2,9,MEDIUM,1.0
1143,7780,3,4.0,3,10,MEDIUM,0.0
1143,7780,2,77.0,5,8,HARD,4.0
1143,7780,2,1.0,6,11,SOFT,5.0
1143,7780,2,14.0,6,11,HARD,5.0
1143,7780,2,11.0,7,9,MEDIUM,6.0
1143,7780,2,20.0,7,12,SOFT,0.0
1143,7780,2,44.0,8,13,SOFT,0.0
1143,7780,2,27.0,8,14,SOFT,0.0
1143,7780,2,24.0,9,9,SOFT,8.0
1143,7780,3,77.0,9,12,HARD,0.0
1143,7780,2,18.0,9,12,SOFT,0.0
1143,7780,2,81.0,9,16,SOFT,0.0
1143,7780,2,63.0,9,16,SOFT,0.0
1143,7780,3,23.0,10,10,MEDIUM,9.0
1143,7780,3,11.0,10,13,SOFT,0.0
1143,7780,3,24.0,10,16,SOFT,1.0
1143,7780,2,2.0,11,11,HARD,10.0
1143,7780,2,16.0,11,14,SOFT,0.0
1143,7780,2,22.0,11,14,SOFT,0.0
1143,7780,4,23.0,11,14,SOFT,0.0
1143,7780,2,55.0,11,16,SOFT,0.0
1143,7780,2,10.0,11,16,SOFT,0.0
1143,7780,4,4.0,11,16,SOFT,0.0
1143,7780,3,2.0,12,12,HARD,11.0
1143,7780,3,1.0,12,12,SOFT,0.0
1143,7780,3,14.0,12,16,SOFT,0.0
1143,7780,4,77.0,13,14,SOFT,0.0
1143,7780,2,31.0,13,15,SOFT,0.0
1143,7780,4,2.0,13,15,SOFT,0.0
1143,7780,4,1.0,13,17,SOFT,0.0
1143,7780,3,20.0,13,17,HARD,6.0
1143,7780,2,21.0,13,19,SOFT,0.0
1143,7780,3,18.0,13,19,MEDIUM,8.0
1143,7780,4,11.0,14,14,MEDIUM,9.0
1143,7780,3,44.0,14,20,SOFT,5.0
1143,7780,3,16.0,15,16,HARD,10.0
1143,7780,3,27.0,15,19,MEDIUM,7.0
1143,7780,5,11.0,15,19,MEDIUM,10.0
1143,7780,5,23.0,15,20,SOFT,3.0
1143,7780,5,77.0,15,20,SOFT,2.0
1143,7780,3,31.0,16,20,SOFT,0.0
1143,7780,5,2.0,16,21,SOFT,2.0
1143,7780,3,63.0,17,17,SOFT,8.0
1143,7780,3,81.0,17,17,SOFT,8.0
1143,7780,3,55.0,17,20,HARD,10.0
1143,7780,4,24.0,17,22,HARD,0.0
1143,7780,3,10.0,17,22,MEDIUM,10.0
1143,7780,4,14.0,17,23,HARD,11.0
1143,7780,4,81.0,18,22,HARD,8.0
1143,7780,4,63.0,18,23,MEDIUM,8.0
1143,7780,3,21.0,20,25,MEDIUM,12.0
1143,7781,1,20.0,1,1,MEDIUM,0.0
1143,7781,1,23.0,1,4,SOFT,0.0
1143,7781,1,14.0,1,5,MEDIUM,0.0
1143,7781,1,27.0,1,6,HARD,0.0
1143,7781,1,18.0,1,6,HARD,0.0
1143,7781,1,16.0,1,7,MEDIUM,0.0
1143,7781,1,1.0,1,7,MEDIUM,0.0
1143,7781,1,10.0,1,7,HARD,0.0
1143,7781,1,4.0,1,7,HARD,0.0
1143,7781,1,24.0,1,7,MEDIUM,0.0
1143,7781,1,77.0,1,7,MEDIUM,0.0
1143,7781,1,11.0,1,8,SOFT,0.0
1143,7781,1,31.0,1,8,MEDIUM,0.0
1143,7781,1,21.0,1,8,HARD,0.0
1143,7781,1,81.0,1,8,MEDIUM,0.0
1143,7781,1,22.0,1,8,HARD,0.0
1143,7781,1,44.0,1,9,HARD,0.0
1143,7781,1,63.0,1,9,HARD,0.0
1143,7781,1,55.0,1,9,MEDIUM,0.0
1143,7781,2,20.0,2,5,MEDIUM,1.0
1143,7781,2,23.0,5,18,INTERMEDIATE,0.0
1143,7781,2,14.0,6,7,SOFT,0.0
1143,7781,3,20.0,6,15,INTERMEDIATE,0.0
1143,7781,2,18.0,7,7,SOFT,0.0
1143,7781,2,27.0,7,13,INTERMEDIATE,0.0
1143,7781,2,10.0,8,8,SOFT,0.0
1143,7781,2,1.0,8,8,INTERMEDIATE,0.0
1143,7781,2,24.0,8,9,SOFT,0.0
1143,7781,2,4.0,8,9,SOFT,0.0
1143,7781,2,16.0,8,9,SOFT,0.0
1143,7781,3,14.0,8,9,INTERMEDIATE,0.0
1143,7781,2,77.0,8,10,SOFT,0.0
1143,7781,3,18.0,8,11,INTERMEDIATE,0.0
1143,7781,2,11.0,9,9,INTERMEDIATE,0.0
1143,7781,3,10.0,9,9,INTERMEDIATE,0.0
1143,7781,3,1.0,9,9,INTERMEDIATE,0.0
1143,7781,2,31.0,9,11,SOFT,0.0
1143,7781,2,22.0,9,18,INTERMEDIATE,0.0
1143,7781,2,81.0,9,24,INTERMEDIATE,0.0
1143,7781,2,63.0,10,10,INTERMEDIATE,0.0
1143,7781,2,44.0,10,10,INTERMEDIATE,0.0
1143,7781,3,16.0,10,10,INTERMEDIATE,0.0
1143,7781,3,11.0,10,10,SOFT,8.0
1143,7781,4,1.0,10,10,INTERMEDIATE,0.0
1143,7781,4,14.0,10,10,INTERMEDIATE,0.0
1143,7781,2,55.0,10,11,SOFT,0.0
1143,7781,4,10.0,10,12,INTERMEDIATE,0.0
1143,7781,3,4.0,10,16,INTERMEDIATE,0.0
1143,7781,3,24.0,10,22,INTERMEDIATE,0.0
1143,7781,4,11.0,11,11,INTERMEDIATE,1.0
1143,7781,5,1.0,11,11,INTERMEDIATE,3.0
1143,7781,5,14.0,11,13,INTERMEDIATE,3.0
1143,7781,3,44.0,11,14,INTERMEDIATE,1.0
1143,7781,3,63.0,11,16,INTERMEDIATE,1.0
1143,7781,3,77.0,11,22,INTERMEDIATE,3.0
1143,7781,3,31.0,12,12,INTERMEDIATE,0.0
1143,7781,3,55.0,12,12,INTERMEDIATE,0.0
1143,7781,4,18.0,12,12,INTERMEDIATE,0.0
1143,7781,5,11.0,12,12,INTERMEDIATE,2.0
1143,7781,6,1.0,12,12,INTERMEDIATE,4.0
1143,7781,5,18.0,13,15,INTERMEDIATE,0.0
1143,7781,6,11.0,13,15,INTERMEDIATE,3.0
1143,7781,3,27.0,14,16,INTERMEDIATE,7.0
1143,7781,4,44.0,15,17,INTERMEDIATE,0.0
1143,7781,4,20.0,16,18,INTERMEDIATE,10.0
1143,7781,4,27.0,17,19,INTERMEDIATE,0.0
1143,7781,4,4.0,17,20,INTERMEDIATE,7.0
1143,7781,4,63.0,17,20,INTERMEDIATE,7.0
1143,7782,1,18.0,1,1,MEDIUM,0.0
1143,7782,1,14.0,1,1,MEDIUM,0.0
1143,7782,1,11.0,1,5,SOFT,0.0
1143,7782,1,1.0,1,5,MEDIUM,0.0
1143,7782,1,27.0,1,6,MEDIUM,0.0
1143,7782,1,55.0,1,6,SOFT,0.0
1143,7782,1,20.0,1,7,MEDIUM,0.0
1143,7782,1,77.0,1,7,MEDIUM,0.0
1143,7782,1,16.0,1,9,SOFT,0.0
1143,7782,1,24.0,1,9,MEDIUM,0.0
1143,7782,1,2.0,1,10,SOFT,0.0
1143,7782,1,10.0,1,10,SOFT,1.0
1143,7782,1,23.0,1,10,SOFT,0.0
1143,7782,1,22.0,1,11,SOFT,0.0
1143,7782,1,21.0,1,11,SOFT,0.0
1143,7782,1,31.0,1,11,SOFT,3.0
1143,7782,1,63.0,1,11,SOFT,0.0
1143,7782,1,81.0,1,11,SOFT,0.0
1143,7782,1,4.0,1,12,MEDIUM,0.0
1143,7782,1,44.0,1,15,SOFT,0.0
1143,7782,2,18.0,2,7,SOFT,0.0
1143,7782,2,14.0,2,7,SOFT,0.0
1143,7782,2,11.0,6,11,SOFT,0.0
1143,7782,2,1.0,6,17,MEDIUM,5.0
1143,7782,2,55.0,7,10,SOFT,0.0
1143,7782,2,27.0,7,15,MEDIUM,6.0
1143,7782,2,77.0,8,8,SOFT,0.0
1143,7782,3,18.0,8,13,SOFT,6.0
1143,7782,3,14.0,8,14,SOFT,6.0
1143,7782,2,20.0,8,17,MEDIUM,7.0
1143,7782,3,77.0,9,13,MEDIUM,0.0
1143,7782,2,24.0,10,10,MEDIUM,9.0
1143,7782,2,16.0,10,16,SOFT,9.0
1143,7782,2,2.0,11,11,SOFT,0.0
1143,7782,3,24.0,11,11,SOFT,0.0
1143,7782,2,23.0,11,11,SOFT,10.0
1143,7782,3,55.0,11,16,SOFT,10.0
1143,7782,2,10.0,11,20,SOFT,0.0
1143,7782,2,21.0,12,12,SOFT,11.0
1143,7782,3,11.0,12,17,SOFT,0.0
1143,7782,4,24.0,12,18,SOFT,1.0
1143,7782,3,2.0,12,19,SOFT,0.0
1143,7782,2,81.0,12,19,SOFT,0.0
1143,7782,2,22.0,12,19,SOFT,0.0
1143,7782,3,23.0,12,20,SOFT,0.0
1143,7782,2,31.0,12,20,SOFT,0.0
1143,7782,2,63.0,12,22,SOFT,0.0
1143,7782,3,21.0,13,13,SOFT,0.0
1143,7782,4,77.0,14,18,SOFT,5.0
1143,7782,4,18.0,14,20,SOFT,0.0
1143,7782,4,21.0,14,22,SOFT,0.0
1143,7782,4,14.0,15,22,SOFT,0.0
1143,7782,2,44.0,16,24,SOFT,0.0
1143,7782,3,27.0,16,24,SOFT,0.0
1143,7782,4,55.0,17,20,SOFT,16.0
1143,7782,3,16.0,17,20,SOFT,16.0
1143,7782,3,1.0,18,21,SOFT,0.0
1143,7782,3,20.0,18,26,SOFT,0.0
1143,7782,5,77.0,19,19,MEDIUM,8.0
1143,7782,5,24.0,19,19,MEDIUM,10.0
1143,7782,6,24.0,20,20,MEDIUM,11.0
1143,7782,4,2.0,20,20,SOFT,11.0
1143,7782,3,81.0,20,21,SOFT,0.0
1143,7782,3,22.0,20,22,SOFT,8.0
1143,7782,6,77.0,20,24,SOFT,10.0
1143,7782,5,18.0,21,21,SOFT,0.0
1143,7782,4,23.0,21,21,SOFT,11.0
1143,7782,3,31.0,21,23,SOFT,14.0
1143,7782,3,10.0,21,23,SOFT,11.0
1143,7782,4,16.0,21,28,MEDIUM,0.0
1143,7782,5,55.0,21,29,MEDIUM,0.0
1143,7782,6,18.0,22,22,SOFT,8.0
1143,7782,4,1.0,22,24,SOFT,0.0
1143,7782,5,14.0,23,23,SOFT,8.0
1143,7782,3,63.0,23,23,SOFT,11.0
1143,7782,5,21.0,23,23,SOFT,9.0
1143,7782,6,14.0,24,26,SOFT,9.0
1143,7782,3,44.0,25,25,SOFT,15.0
1143,7783,1,10.0,1,1,UNKNOWN,0.0
1143,7783,1,14.0,1,2,SOFT,0.0
1143,7783,1,11.0,1,2,SOFT,0.0
1143,7783,1,18.0,1,2,SOFT,0.0
1143,7783,1,1.0,1,2,SOFT,0.0
1143,7783,1,63.0,1,2,SOFT,0.0
1143,7783,1,16.0,1,2,SOFT,0.0
1143,7783,1,31.0,1,2,SOFT,0.0
1143,7783,1,55.0,1,2,SOFT,0.0
1143,7783,1,44.0,1,2,SOFT,0.0
1143,7783,1,2.0,1,3,SOFT,0.0
1143,7783,1,27.0,1,4,SOFT,0.0
1143,7783,1,24.0,1,4,SOFT,0.0
1143,7783,1,23.0,1,4,SOFT,0.0
1143,7783,1,77.0,1,4,SOFT,0.0
1143,7783,1,22.0,1,4,SOFT,0.0
1143,7783,1,20.0,1,4,SOFT,0.0
1143,7783,1,4.0,1,4,SOFT,0.0
1143,7783,1,21.0,1,4,SOFT,0.0
1143,7783,1,81.0,1,4,SOFT,0.0
1143,7783,2,10.0,2,9,SOFT,0.0
1143,7783,2,1.0,3,9,SOFT,2.0
1143,7783,2,16.0,3,9,SOFT,2.0
1143,7783,2,55.0,3,10,SOFT,2.0
1143,7783,2,44.0,3,10,SOFT,2.0
1143,7783,2,31.0,3,10,SOFT,0.0
1143,7783,2,14.0,3,11,SOFT,2.0
1143,7783,2,18.0,3,11,SOFT,0.0
1143,7783,2,63.0,3,11,SOFT,2.0
1143,7783,2,2.0,4,4,SOFT,3.0
1143,7783,2,20.0,5,10,SOFT,0.0
1143,7783,2,27.0,5,10,SOFT,0.0
1143,7783,2,23.0,5,12,SOFT,0.0
1143,7783,2,81.0,5,12,SOFT,0.0
1143,7783,3,2.0,5,12,SOFT,0.0
1143,7783,2,77.0,5,12,SOFT,0.0
1143,7783,2,24.0,5,12,SOFT,0.0
1143,7783,2,22.0,5,12,SOFT,0.0
1143,7783,2,21.0,5,12,SOFT,0.0
1143,7783,2,4.0,5,13,SOFT,0.0
1143,7783,3,1.0,10,13,SOFT,0.0
1143,7783,3,16.0,10,14,SOFT,0.0
1143,7783,3,10.0,10,17,SOFT,0.0
1143,7783,3,20.0,11,14,SOFT,0.0
1143,7783,3,27.0,11,15,SOFT,0.0
1143,7783,3,55.0,11,16,SOFT,0.0
1143,7783,3,31.0,11,18,SOFT,0.0
1143,7783,3,44.0,11,20,SOFT,0.0
1143,7783,3,18.0,12,16,SOFT,0.0
1143,7783,3,14.0,12,18,SOFT,0.0
1143,7783,3,63.0,12,21,SOFT,0.0
1143,7783,3,23.0,13,16,SOFT,4.0
1143,7783,3,21.0,13,18,SOFT,0.0
1143,7783,3,22.0,13,18,SOFT,0.0
1143,7783,4,1.0,14,16,SOFT,4.0
1143,7783,3,4.0,14,17,SOFT,0.0
1143,7783,4,20.0,15,18,SOFT,0.0
1143,7783,4,16.0,15,18,SOFT,0.0
1143,7783,4,27.0,16,19,SOFT,0.0
1143,7783,4,18.0,17,20,SOFT,2.0
1143,7783,4,55.0,17,20,SOFT,0.0
1143,7783,4,23.0,17,21,SOFT,0.0
1143,7783,5,1.0,17,21,SOFT,0.0
1143,7783,4,4.0,18,24,SOFT,0.0
1143,7783,4,10.0,18,25,SOFT,0.0
1143,7783,4,22.0,19,22,SOFT,0.0
1143,7783,4,14.0,19,22,SOFT,0.0
1143,7783,5,16.0,19,22,SOFT,0.0
1143,7783,4,21.0,19,23,SOFT,0.0
1143,7783,5,27.0,20,22,SOFT,2.0
1143,7783,5,55.0,21,24,SOFT,0.0
1143,7783,4,44.0,21,24,SOFT,0.0
1143,7783,5,18.0,21,26,SOFT,0.0
1143,7783,6,1.0,22,24,SOFT,0.0
1143,7783,4,63.0,22,25,SOFT,0.0
1143,7783,5,23.0,22,27,SOFT,0.0
1143,7783,6,16.0,23,25,SOFT,0.0
1143,7783,6,27.0,23,26,SOFT,0.0
1143,7783,5,14.0,23,26,SOFT,0.0
1143,7783,6,55.0,25,28,SOFT,0.0
1143,7783,5,44.0,25,28,SOFT,0.0
1143,7783,5,63.0,26,29,SOFT,0.0
1143,7787,1,16.0,1,1,MEDIUM,0.0
1143,7787,1,31.0,1,1,SOFT,0.0
1143,7787,1,24.0,1,1,SOFT,0.0
1143,7787,1,11.0,1,1,HARD,0.0
1143,7787,1,2.0,1,1,HARD,0.0
1143,7787,1,77.0,1,1,SOFT,0.0
1143,7787,1,63.0,1,7,MEDIUM,0.0
1143,7787,1,55.0,1,7,MEDIUM,0.0
1143,7787,1,23.0,1,7,MEDIUM,0.0
1143,7787,1,20.0,1,7,MEDIUM,0.0
1143,7787,1,1.0,1,8,MEDIUM,0.0
1143,7787,1,44.0,1,8,MEDIUM,0.0
1143,7787,1,14.0,1,8,MEDIUM,1.0
1143,7787,1,10.0,1,8,SOFT,0.0
1143,7787,1,18.0,1,8,MEDIUM,1.0
1143,7787,1,27.0,1,8,MEDIUM,0.0
1143,7787,1,4.0,1,8,MEDIUM,0.0
1143,7787,1,22.0,1,8,MEDIUM,0.0
1143,7787,1,21.0,1,8,HARD,0.0
1143,7787,1,81.0,1,8,MEDIUM,0.0
1143,7787,2,11.0,2,2,MEDIUM,0.0
1143,7787,2,2.0,2,2,MEDIUM,0.0
1143,7787,2,31.0,2,8,HARD,0.0
1143,7787,2,24.0,2,8,HARD,0.0
1143,7787,2,77.0,2,8,HARD,0.0
1143,7787,3,11.0,3,8,HARD,0.0
1143,7787,3,2.0,3,8,HARD,1.0
1143,7787,2,63.0,8,8,HARD,0.0
1143,7787,2,55.0,8,8,HARD,0.0
1143,7787,2,20.0,8,8,HARD,0.0
1143,7787,3,63.0,9,17,HARD,1.0
1143,7787,4,2.0,9,36,MEDIUM,0.0
1143,7787,2,21.0,9,45,MEDIUM,0.0
1143,7787,3,20.0,9,52,HARD,1.0
1143,7787,3,77.0,9,53,HARD,7.0
1143,7787,2,22.0,9,54,HARD,0.0
1143,7787,2,81.0,9,54,HARD,0.0
1143,7787,3,24.0,9,54,HARD,7.0
1143,7787,2,1.0,9,55,HARD,0.0
1143,7787,2,44.0,9,55,HARD,0.0
1143,7787,2,14.0,9,55,HARD,0.0
1143,7787,2,10.0,9,55,HARD,0.0
1143,7787,2,18.0,9,55,HARD,0.0
1143,7787,2,27.0,9,55,HARD,0.0
1143,7787,2,4.0,9,55,HARD,0.0
1143,7787,3,55.0,9,55,HARD,1.0
1143,7787,3,31.0,9,55,HARD,7.0
1143,7787,4,11.0,9,55,HARD,1.0
1143,7787,5,2.0,37,54,HARD,7.0
1143,7787,3,21.0,46,54,SOFT,0.0
1143,7787,4,77.0,54,54,SOFT,0.0
1143,7787,3,81.0,55,55,SOFT,0.0
1143,7787,4,24.0,55,55,SOFT,0.0
1143,7787,3,22.0,55,55,SOFT,0.0
1143,7787,4,21.0,55,55,SOFT,4.0
1143,7787,6,2.0,55,55,SOFT,0.0
1143,7787,5,77.0,55,55,UNKNOWN,0.0
1143,7787,3,1.0,56,57,SOFT,3.0
1143,7787,3,44.0,56,57,SOFT,4.0
1143,7787,3,14.0,56,57,SOFT,4.0
1143,7787,3,10.0,56,57,SOFT,0.0
1143,7787,4,55.0,56,57,SOFT,4.0
1143,7787,3,18.0,56,57,SOFT,5.0
1143,7787,5,11.0,56,57,SOFT,0.0
1143,7787,3,4.0,56,57,SOFT,0.0
1143,7787,3,27.0,56,57,SOFT,4.0
1143,7787,4,31.0,56,57,SOFT,0.0
1143,7787,4,81.0,56,57,SOFT,0.0
1143,7787,5,24.0,56,57,SOFT,0.0
1143,7787,4,22.0,56,57,SOFT,4.0
1143,7787,6,77.0,56,57,SOFT,2.0
1143,7787,5,21.0,56,57,SOFT,0.0
1143,7787,7,2.0,56,57,SOFT,1.0
1143,7787,4,1.0,58,58,SOFT,5.0
1143,7787,4,44.0,58,58,SOFT,4.0
1143,7787,4,14.0,58,58,SOFT,4.0
1143,7787,4,18.0,58,58,SOFT,6.0
1143,7787,5,55.0,58,58,SOFT,4.0
1143,7787,4,27.0,58,58,SOFT,0.0
1143,7787,4,4.0,58,58,SOFT,4.0
1143,7787,6,11.0,58,58,SOFT,0.0
1143,7787,5,22.0,58,58,SOFT,8.0
1143,7787,6,24.0,58,58,SOFT,2.0
1143,7787,5,81.0,58,58,SOFT,0.0
1143,7787,7,77.0,58,58,SOFT,4.0
1207,9063,1,44.0,1,2,MEDIUM,0.0
1207,9063,1,22.0,1,4,SOFT,0.0
1207,9063,1,1.0,1,7,MEDIUM,0.0
1207,9063,1,2.0,1,7,MEDIUM,0.0
1207,9063,1,11.0,1,7,MEDIUM,0.0
1207,9063,1,20.0,1,7,HARD,0.0
1207,9063,1,16.0,1,7,HARD,0.0
1207,9063,1,10.0,1,7,MEDIUM,0.0
1207,9063,1,31.0,1,7,MEDIUM,0.0
1207,9063,1,81.0,1,7,HARD,0.0
1207,9063,1,4.0,1,8,HARD,0.0
1207,9063,1,21.0,1,8,SOFT,0.0
1207,9063,1,14.0,1,8,MEDIUM,0.0
1207,9063,1,18.0,1,8,MEDIUM,0.0
1207,9063,1,24.0,1,8,MEDIUM,0.0
1207,9063,1,23.0,1,8,MEDIUM,0.0
1207,9063,1,27.0,1,8,HARD,0.0
1207,9063,1,55.0,1,8,HARD,0.0
1207,9063,1,63.0,1,8,MEDIUM,0.0
1207,9063,1,77.0,1,8,MEDIUM,0.0
1207,9063,2,44.0,3,4,MEDIUM,2.0
1207,9063,2,22.0,5,9,MEDIUM,0.0
1207,9063,3,44.0,5,18,MEDIUM,0.0
1207,9063,2,1.0,8,13,MEDIUM,7.0
1207,9063,2,2.0,8,13,MEDIUM,7.0
1207,9063,2,11.0,8,13,MEDIUM,7.0
1207,9063,2,81.0,8,13,HARD,7.0
1207,9063,2,16.0,8,13,HARD,7.0
1207,9063,2,63.0,9,13,MEDIUM,8.0
1207,9063,2,27.0,9,14,MEDIUM,0.0
1207,9063,2,77.0,9,14,MEDIUM,8.0
1207,9063,2,23.0,9,15,MEDIUM,8.0
1207,9063,2,55.0,9,15,HARD,8.0
1207,9063,2,24.0,9,15,MEDIUM,8.0
1207,9063,2,4.0,9,15,HARD,8.0
1207,9063,2,14.0,9,15,MEDIUM,0.0
1207,9063,2,18.0,9,16,MEDIUM,0.0
1207,9063,2,21.0,9,16,MEDIUM,0.0
1207,9063,3,22.0,10,18,SOFT,0.0
1207,9063,3,2.0,14,16,SOFT,0.0
1207,9063,3,63.0,14,16,SOFT,0.0
1207,9063,3,16.0,14,21,SOFT,0.0
1207,9063,3,1.0,14,22,SOFT,0.0
1207,9063,3,11.0,14,22,SOFT,0.0
1207,9063,3,81.0,14,23,SOFT,0.0
1207,9063,3,27.0,15,21,SOFT,0.0
1207,9063,3,77.0,15,23,SOFT,0.0
1207,9063,3,14.0,16,20,MEDIUM,15.0
1207,9063,3,4.0,16,22,SOFT,0.0
1207,9063,3,55.0,16,23,SOFT,0.0
1207,9063,3,24.0,16,23,SOFT,0.0
1207,9063,3,23.0,16,25,SOFT,0.0
1207,9063,3,18.0,17,20,SOFT,0.0
1207,9063,4,63.0,17,20,MEDIUM,13.0
1207,9063,3,21.0,17,24,SOFT,0.0
1207,9063,4,44.0,19,21,MEDIUM,18.0
1207,9063,4,18.0,21,23,HARD,0.0
1207,9064,1,55.0,1,2,SOFT,8.0
1207,9064,1,21.0,1,3,SOFT,0.0
1207,9064,1,23.0,1,4,SOFT,0.0
1207,9064,1,63.0,1,4,SOFT,0.0
1207,9064,1,77.0,1,4,SOFT,0.0
1207,9064,1,11.0,1,4,SOFT,0.0
1207,9064,1,22.0,1,4,SOFT,0.0
1207,9064,1,2.0,1,4,SOFT,0.0
1207,9064,1,16.0,1,4,SOFT,0.0
1207,9064,1,14.0,1,4,SOFT,0.0
1207,9064,1,18.0,1,4,SOFT,4.0
1207,9064,1,1.0,1,4,SOFT,0.0
1207,9064,1,10.0,1,4,SOFT,0.0
1207,9064,1,81.0,1,4,SOFT,0.0
1207,9064,1,4.0,1,4,SOFT,0.0
1207,9064,1,24.0,1,4,SOFT,0.0
1207,9064,1,31.0,1,4,SOFT,0.0
1207,9064,1,27.0,1,5,SOFT,0.0
1207,9064,1,20.0,1,5,SOFT,0.0
1207,9064,1,44.0,1,5,SOFT,0.0
1207,9064,2,55.0,3,4,SOFT,0.0
1207,9064,2,4.0,5,5,SOFT,0.0
1207,9064,2,16.0,5,5,SOFT,4.0
1207,9064,2,14.0,5,5,SOFT,4.0
1207,9064,2,1.0,5,5,SOFT,4.0
1207,9064,2,23.0,5,6,SOFT,0.0
1207,9064,2,2.0,5,6,SOFT,0.0
1207,9064,2,11.0,5,6,SOFT,4.0
1207,9064,2,63.0,5,6,SOFT,0.0
1207,9064,2,10.0,5,6,SOFT,0.0
1207,9064,2,31.0,5,6,SOFT,0.0
1207,9064,2,77.0,5,6,SOFT,0.0
1207,9064,2,18.0,5,6,SOFT,0.0
1207,9064,2,24.0,5,6,SOFT,0.0
1207,9064,3,55.0,5,6,SOFT,2.0
1207,9064,2,81.0,5,6,SOFT,0.0
1207,9064,2,22.0,5,9,SOFT,0.0
1207,9064,2,44.0,6,7,SOFT,0.0
1207,9064,2,20.0,6,7,SOFT,0.0
1207,9064,3,1.0,6,8,SOFT,5.0
1207,9064,3,4.0,6,9,SOFT,0.0
1207,9064,2,27.0,6,10,SOFT,0.0
1207,9064,3,16.0,6,10,SOFT,5.0
1207,9064,3,14.0,6,10,SOFT,5.0
1207,9064,3,11.0,7,10,SOFT,6.0
1207,9064,3,23.0,7,11,SOFT,0.0
1207,9064,3,2.0,7,11,SOFT,0.0
1207,9064,3,63.0,7,11,SOFT,2.0
1207,9064,3,31.0,7,11,SOFT,0.0
1207,9064,4,55.0,7,11,SOFT,0.0
1207,9064,3,77.0,7,11,SOFT,0.0
1207,9064,3,18.0,7,11,SOFT,0.0
1207,9064,3,24.0,7,11,SOFT,0.0
1207,9064,3,81.0,7,11,SOFT,0.0
1207,9064,3,20.0,8,9,SOFT,0.0
1207,9064,3,44.0,8,11,SOFT,2.0
1207,9064,4,1.0,9,11,SOFT,0.0
1207,9064,3,22.0,10,14,SOFT,0.0
1207,9064,4,4.0,10,14,SOFT,0.0
1207,9064,4,11.0,11,13,SOFT,0.0
1207,9064,4,14.0,11,15,SOFT,0.0
1207,9064,4,16.0,11,15,SOFT,0.0
1207,9064,4,23.0,12,14,SOFT,2.0
1207,9064,4,2.0,12,14,SOFT,2.0
1207,9064,4,63.0,12,14,SOFT,7.0
1207,9064,4,77.0,12,14,SOFT,0.0
1207,9064,4,44.0,12,14,SOFT,0.0
1207,9064,4,81.0,12,14,SOFT,0.0
1207,9064,5,1.0,12,14,SOFT,3.0
1207,9064,4,18.0,12,16,SOFT,2.0
1207,9064,4,31.0,12,16,SOFT,0.0
1207,9064,5,55.0,12,18,SOFT,0.0
1207,9064,5,11.0,14,15,SOFT,0.0
1207,9064,4,22.0,15,17,SOFT,0.0
1207,9064,6,1.0,15,17,SOFT,0.0
1207,9064,5,4.0,15,17,SOFT,1.0
1207,9064,5,44.0,15,18,SOFT,0.0
1207,9064,5,63.0,15,18,SOFT,0.0
1207,9064,5,23.0,15,19,SOFT,0.0
1207,9064,5,2.0,15,19,SOFT,0.0
1207,9064,5,77.0,15,19,SOFT,0.0
1207,9064,5,81.0,15,19,SOFT,0.0
1207,9064,5,14.0,16,17,SOFT,0.0
1207,9064,6,11.0,16,18,SOFT,0.0
1207,9064,5,16.0,16,18,SOFT,0.0
1207,9064,5,18.0,17,18,SOFT,5.0
1207,9064,5,31.0,17,19,SOFT,0.0
1207,9064,5,22.0,18,20,SOFT,4.0
1207,9064,6,14.0,18,20,SOFT,0.0
1207,9064,7,1.0,18,20,SOFT,0.0
1207,9064,6,4.0,18,20,SOFT,0.0
1207,9064,6,55.0,19,21,SOFT,0.0
1207,9064,6,44.0,19,21,SOFT,0.0
1207,9064,6,16.0,19,21,SOFT,0.0
1207,9064,7,11.0,19,21,SOFT,0.0
1207,9064,6,18.0,19,23,SOFT,0.0
1207,9064,6,81.0,20,24,SOFT,2.0
1207,9064,7,14.0,21,23,SOFT,0.0
1207,9064,6,22.0,21,23,SOFT,5.0
1207,9064,7,55.0,22,24,UNKNOWN,0.0
1207,9064,7,44.0,22,24,SOFT,0.0
1207,9069,1,22.0,1,1,MEDIUM,0.0
1207,9069,1,31.0,1,3,MEDIUM,5.0
1207,9069,1,4.0,1,10,SOFT,3.0
1207,9069,1,11.0,1,17,MEDIUM,4.0
1207,9069,1,16.0,1,17,MEDIUM,0.0
1207,9069,1,1.0,1,17,MEDIUM,3.0
1207,9069,1,63.0,1,17,MEDIUM,7.0
1207,9069,1,44.0,1,17,MEDIUM,6.0
1207,9069,1,55.0,1,17,MEDIUM,0.0
1207,9069,1,23.0,1,17,MEDIUM,6.0
1207,9069,1,18.0,1,17,MEDIUM,6.0
1207,9069,1,14.0,1,17,MEDIUM,5.0
1207,9069,1,81.0,1,17,MEDIUM,0.0
1207,9069,1,77.0,1,17,SOFT,0.0
1207,9069,1,24.0,1,17,MEDIUM,0.0
1207,9069,1,20.0,1,17,MEDIUM,0.0
1207,9069,1,27.0,1,17,MEDIUM,6.0
1207,9069,1,10.0,1,17,MEDIUM,0.0
1207,9069,1,21.0,1,17,MEDIUM,0.0
1207,9069,2,22.0,2,2,MEDIUM,6.0
1207,9069,2,31.0,4,12,SOFT,4.0
1207,9069,2,4.0,11,17,MEDIUM,6.0
1207,9069,3,31.0,13,17,SOFT,0.0
1207,9070,1,10.0,1,5,MEDIUM,0.0
1207,9070,1,77.0,1,6,MEDIUM,0.0
1207,9070,1,23.0,1,7,MEDIUM,0.0
1207,9070,1,22.0,1,8,MEDIUM,0.0
1207,9070,1,81.0,1,8,MEDIUM,0.0
1207,9070,1,2.0,1,8,MEDIUM,0.0
1207,9070,1,44.0,1,9,MEDIUM,0.0
1207,9070,1,4.0,1,9,MEDIUM,0.0
1207,9070,1,1.0,1,10,MEDIUM,0.0
1207,9070,1,20.0,1,10,MEDIUM,0.0
1207,9070,1,21.0,1,10,HARD,0.0
1207,9070,1,16.0,1,11,MEDIUM,0.0
1207,9070,1,11.0,1,11,MEDIUM,0.0
1207,9070,1,55.0,1,11,MEDIUM,0.0
1207,9070,1,14.0,1,11,MEDIUM,0.0
1207,9070,1,18.0,1,11,MEDIUM,0.0
1207,9070,1,63.0,1,11,MEDIUM,0.0
1207,9070,1,24.0,1,11,MEDIUM,0.0
1207,9070,1,27.0,1,49,HARD,0.0
1207,9070,1,31.0,1,50,HARD,0.0
1207,9070,2,10.0,6,23,HARD,0.0
1207,9070,2,77.0,7,12,HARD,0.0
1207,9070,2,23.0,8,51,HARD,0.0
1207,9070,2,22.0,9,51,HARD,0.0
1207,9070,2,81.0,9,51,HARD,0.0
1207,9070,2,2.0,9,51,HARD,0.0
1207,9070,2,44.0,10,51,HARD,0.0
1207,9070,2,4.0,10,51,HARD,0.0
1207,9070,2,1.0,11,51,HARD,0.0
1207,9070,2,20.0,11,51,HARD,0.0
1207,9070,2,24.0,12,36,HARD,0.0
1207,9070,2,63.0,12,49,HARD,0.0
1207,9070,2,11.0,12,51,HARD,0.0
1207,9070,2,16.0,12,51,HARD,0.0
1207,9070,2,55.0,12,51,HARD,0.0
1207,9070,2,14.0,12,51,HARD,0.0
1207,9070,2,18.0,12,51,HARD,3.0
1207,9070,3,77.0,13,34,HARD,0.0
1207,9070,3,10.0,24,51,HARD,0.0
1207,9070,4,77.0,35,50,MEDIUM,0.0
1207,9070,2,27.0,50,50,SOFT,0.0
1207,9070,3,63.0,50,51,SOFT,0.0
1207,9070,2,31.0,51,51,SOFT,0.0
1207,9278,1,10.0,1,3,MEDIUM,0.0
1207,9278,1,16.0,1,5,MEDIUM,0.0
1207,9278,1,1.0,1,5,MEDIUM,0.0
1207,9278,1,55.0,1,5,MEDIUM,0.0
1207,9278,1,21.0,1,5,MEDIUM,0.0
1207,9278,1,24.0,1,5,MEDIUM,0.0
1207,9278,1,11.0,1,6,MEDIUM,0.0
1207,9278,1,14.0,1,6,MEDIUM,0.0
1207,9278,1,18.0,1,6,MEDIUM,0.0
1207,9278,1,4.0,1,6,MEDIUM,0.0
1207,9278,1,23.0,1,6,MEDIUM,0.0
1207,9278,1,44.0,1,6,MEDIUM,0.0
1207,9278,1,81.0,1,6,MEDIUM,0.0
1207,9278,1,77.0,1,6,MEDIUM,0.0
1207,9278,1,22.0,1,6,MEDIUM,0.0
1207,9278,1,27.0,1,6,MEDIUM,0.0
1207,9278,1,2.0,1,6,MEDIUM,0.0
1207,9278,1,63.0,1,6,MEDIUM,0.0
1207,9278,1,31.0,1,6,MEDIUM,0.0
1207,9278,1,20.0,1,6,MEDIUM,0.0
1207,9278,2,1.0,6,8,MEDIUM,0.0
1207,9278,2,16.0,6,10,MEDIUM,0.0
1207,9278,2,55.0,6,11,MEDIUM,0.0
1207,9278,2,11.0,7,10,MEDIUM,0.0
1207,9278,2,20.0,7,11,MEDIUM,0.0
1207,9278,2,31.0,7,11,MEDIUM,0.0
1207,9278,2,14.0,7,11,MEDIUM,0.0
1207,9278,2,44.0,7,12,MEDIUM,0.0
1207,9278,2,27.0,7,12,MEDIUM,0.0
1207,9278,2,4.0,7,12,MEDIUM,0.0
1207,9278,2,81.0,7,12,MEDIUM,0.0
1207,9278,2,23.0,7,12,MEDIUM,0.0
1207,9278,2,18.0,7,12,MEDIUM,0.0
1207,9278,2,63.0,7,13,MEDIUM,0.0
1207,9278,3,1.0,9,13,SOFT,0.0
1207,9278,3,16.0,11,14,SOFT,0.0
1207,9278,3,11.0,11,15,SOFT,0.0
1207,9278,3,55.0,12,15,SOFT,0.0
1207,9278,3,14.0,12,16,SOFT,0.0
1207,9278,3,23.0,13,17,SOFT,0.0
1207,9278,3,44.0,13,17,SOFT,0.0
1207,9278,3,18.0,13,17,SOFT,0.0
1207,9278,3,63.0,14,18,SOFT,0.0
1208,9071,1,4.0,1,1,MEDIUM,0.0
1208,9071,1,77.0,1,1,HARD,0.0
1208,9071,1,63.0,1,2,MEDIUM,0.0
1208,9071,1,24.0,1,2,MEDIUM,0.0
1208,9071,1,14.0,1,2,MEDIUM,0.0
1208,9071,1,81.0,1,3,MEDIUM,0.0
1208,9071,1,44.0,1,7,MEDIUM,0.0
1208,9071,1,22.0,1,7,HARD,0.0
1208,9071,1,20.0,1,8,MEDIUM,0.0
1208,9071,1,27.0,1,8,HARD,0.0
1208,9071,1,2.0,1,9,MEDIUM,0.0
1208,9071,1,11.0,1,9,HARD,0.0
1208,9071,1,1.0,1,9,HARD,0.0
1208,9071,1,23.0,1,9,HARD,0.0
1208,9071,1,10.0,1,9,HARD,0.0
1208,9071,1,21.0,1,10,HARD,0.0
1208,9071,1,18.0,1,10,HARD,0.0
1208,9071,1,16.0,1,12,HARD,0.0
1208,9071,1,55.0,1,12,HARD,0.0
1208,9071,1,31.0,1,15,MEDIUM,0.0
1208,9071,2,77.0,2,2,HARD,0.0
1208,9071,2,4.0,2,8,MEDIUM,1.0
1208,9071,2,63.0,3,5,MEDIUM,2.0
1208,9071,2,24.0,3,9,MEDIUM,2.0
1208,9071,2,14.0,3,10,MEDIUM,2.0
1208,9071,3,77.0,3,10,HARD,0.0
1208,9071,2,81.0,4,11,MEDIUM,3.0
1208,9071,3,63.0,6,13,MEDIUM,5.0
1208,9071,2,44.0,8,11,MEDIUM,7.0
1208,9071,2,22.0,8,12,HARD,7.0
1208,9071,3,4.0,9,10,SOFT,0.0
1208,9071,2,27.0,9,13,SOFT,0.0
1208,9071,2,20.0,9,14,SOFT,0.0
1208,9071,3,24.0,10,10,SOFT,0.0
1208,9071,2,10.0,10,11,SOFT,0.0
1208,9071,2,2.0,10,12,SOFT,0.0
1208,9071,2,23.0,10,12,UNKNOWN,0.0
1208,9071,2,1.0,10,12,SOFT,0.0
1208,9071,2,11.0,10,12,SOFT,0.0
1208,9071,3,14.0,11,12,SOFT,0.0
1208,9071,4,77.0,11,12,SOFT,0.0
1208,9071,2,18.0,11,14,SOFT,0.0
1208,9071,4,24.0,11,22,SOFT,1.0
1208,9071,4,4.0,11,23,SOFT,2.0
1208,9071,3,81.0,12,15,SOFT,0.0
1208,9071,3,44.0,12,19,MEDIUM,11.0
1208,9071,3,10.0,12,20,SOFT,0.0
1208,9071,3,2.0,13,14,SOFT,3.0
1208,9071,3,23.0,13,15,SOFT,3.0
1208,9071,3,11.0,13,15,SOFT,3.0
1208,9071,3,1.0,13,15,SOFT,3.0
1208,9071,3,22.0,13,16,HARD,12.0
1208,9071,2,16.0,13,16,SOFT,0.0
1208,9071,2,55.0,13,17,SOFT,0.0
1208,9071,5,77.0,13,24,SOFT,2.0
1208,9071,4,14.0,13,24,SOFT,2.0
1208,9071,4,63.0,14,18,SOFT,0.0
1208,9071,4,2.0,15,17,SOFT,5.0
1208,9071,3,18.0,15,24,SOFT,4.0
1208,9071,3,20.0,15,25,MEDIUM,8.0
1208,9071,4,11.0,16,22,SOFT,6.0
1208,9071,4,1.0,16,22,HARD,9.0
1208,9071,4,81.0,16,24,MEDIUM,11.0
1208,9071,4,23.0,16,25,SOFT,6.0
1208,9071,2,31.0,16,27,SOFT,0.0
1208,9071,3,16.0,17,23,SOFT,0.0
1208,9071,4,22.0,17,28,SOFT,0.0
1208,9071,3,55.0,18,23,SOFT,0.0
1208,9071,5,2.0,18,27,SOFT,8.0
1208,9071,4,44.0,20,24,SOFT,0.0
1208,9072,1,4.0,1,5,MEDIUM,0.0
1208,9072,1,81.0,1,5,HARD,0.0
1208,9072,1,2.0,1,6,HARD,0.0
1208,9072,1,27.0,1,7,MEDIUM,0.0
1208,9072,1,1.0,1,7,MEDIUM,0.0
1208,9072,1,10.0,1,7,MEDIUM,0.0
1208,9072,1,77.0,1,7,UNKNOWN,0.0
1208,9072,1,20.0,1,7,HARD,0.0
1208,9072,1,22.0,1,7,MEDIUM,0.0
1208,9072,1,63.0,1,7,MEDIUM,0.0
1208,9072,1,16.0,1,7,MEDIUM,0.0
1208,9072,1,23.0,1,7,MEDIUM,0.0
1208,9072,1,31.0,1,7,HARD,0.0
1208,9072,1,14.0,1,8,HARD,0.0
1208,9072,1,11.0,1,8,MEDIUM,0.0
1208,9072,1,21.0,1,8,SOFT,0.0
1208,9072,1,55.0,1,9,MEDIUM,0.0
1208,9072,1,18.0,1,9,MEDIUM,0.0
1208,9072,1,44.0,1,9,MEDIUM,0.0
1208,9072,1,24.0,1,9,HARD,0.0
1208,9072,2,4.0,6,8,SOFT,0.0
1208,9072,2,81.0,6,10,SOFT,0.0
1208,9072,2,2.0,7,9,SOFT,0.0
1208,9072,2,77.0,8,8,MEDIUM,0.0
1208,9072,2,23.0,8,10,SOFT,0.0
1208,9072,2,16.0,8,12,SOFT,0.0
1208,9072,2,27.0,8,12,SOFT,0.0
1208,9072,2,20.0,8,12,SOFT,0.0
1208,9072,2,1.0,8,13,SOFT,0.0
1208,9072,2,10.0,8,14,SOFT,0.0
1208,9072,2,63.0,8,14,SOFT,0.0
1208,9072,2,22.0,8,16,SOFT,0.0
1208,9072,2,31.0,8,16,SOFT,0.0
1208,9072,3,4.0,9,10,SOFT,3.0
1208,9072,2,11.0,9,11,SOFT,0.0
1208,9072,2,21.0,9,14,SOFT,0.0
1208,9072,2,14.0,9,16,SOFT,0.0
1208,9072,3,77.0,9,16,SOFT,0.0
1208,9072,2,55.0,10,12,SOFT,0.0
1208,9072,3,2.0,10,12,SOFT,0.0
1208,9072,2,18.0,10,15,SOFT,0.0
1208,9072,2,44.0,10,15,SOFT,0.0
1208,9072,2,24.0,10,17,SOFT,0.0
1208,9072,3,81.0,11,12,SOFT,5.0
1208,9072,4,4.0,11,14,SOFT,5.0
1208,9072,3,23.0,11,16,SOFT,3.0
1208,9072,3,11.0,12,14,SOFT,3.0
1208,9072,3,55.0,13,15,SOFT,3.0
1208,9072,4,2.0,13,15,SOFT,6.0
1208,9072,3,16.0,13,15,SOFT,5.0
1208,9072,3,20.0,13,17,HARD,7.0
1208,9072,3,27.0,13,18,MEDIUM,7.0
1208,9072,4,81.0,13,20,SOFT,7.0
1208,9072,3,1.0,14,18,MEDIUM,7.0
1208,9072,3,10.0,15,17,MEDIUM,7.0
1208,9072,3,63.0,15,17,MEDIUM,7.0
1208,9072,3,21.0,15,18,SOFT,8.0
1208,9072,4,11.0,15,19,MEDIUM,8.0
1208,9072,5,4.0,15,20,MEDIUM,5.0
1208,9072,5,2.0,16,16,SOFT,9.0
1208,9072,3,18.0,16,16,SOFT,6.0
1208,9072,3,44.0,16,18,MEDIUM,9.0
1208,9072,4,16.0,16,19,MEDIUM,7.0
1208,9072,4,55.0,16,22,SOFT,0.0
1208,9072,4,23.0,17,17,SOFT,9.0
1208,9072,4,77.0,17,18,SOFT,8.0
1208,9072,4,18.0,17,19,MEDIUM,0.0
1208,9072,3,31.0,17,20,HARD,7.0
1208,9072,3,22.0,17,20,MEDIUM,7.0
1208,9072,3,14.0,17,21,HARD,8.0
1208,9072,6,2.0,17,22,HARD,10.0
1208,9072,3,24.0,18,20,SOFT,0.0
1208,9072,5,23.0,18,21,MEDIUM,0.0
1208,9072,4,63.0,18,21,MEDIUM,10.0
1208,9072,4,10.0,18,22,MEDIUM,10.0
1208,9072,4,20.0,18,22,HARD,12.0
1208,9072,4,21.0,19,20,SOFT,10.0
1208,9072,5,77.0,19,21,MEDIUM,8.0
1208,9072,4,27.0,19,22,MEDIUM,13.0
1208,9072,4,44.0,19,23,MEDIUM,12.0
1208,9072,4,1.0,19,23,MEDIUM,0.0
1208,9072,5,18.0,20,23,SOFT,7.0
1208,9072,5,11.0,20,24,MEDIUM,13.0
1208,9072,4,24.0,21,22,HARD,9.0
1208,9072,5,81.0,21,24,MEDIUM,0.0
1208,9072,6,4.0,21,24,SOFT,9.0
1208,9072,5,21.0,21,25,SOFT,12.0
1208,9072,4,22.0,21,25,MEDIUM,11.0
1208,9072,4,31.0,21,25,HARD,11.0
1208,9072,4,14.0,22,25,SOFT,13.0
1208,9072,6,23.0,22,26,MEDIUM,11.0
1208,9072,6,77.0,22,26,MEDIUM,11.0
1208,9072,5,55.0,23,26,MEDIUM,9.0
1208,9072,7,2.0,23,27,HARD,12.0
1208,9072,5,24.0,23,27,HARD,11.0
1208,9073,1,14.0,1,1,HARD,0.0
1208,9073,1,18.0,1,1,HARD,0.0
1208,9073,1,11.0,1,3,SOFT,0.0
1208,9073,1,44.0,1,3,SOFT,0.0
1208,9073,1,16.0,1,5,SOFT,0.0
1208,9073,1,24.0,1,5,SOFT,0.0
1208,9073,1,55.0,1,5,SOFT,0.0
1208,9073,1,81.0,1,5,SOFT,0.0
1208,9073,1,1.0,1,6,SOFT,0.0
1208,9073,1,4.0,1,6,SOFT,0.0
1208,9073,1,20.0,1,6,SOFT,0.0
1208,9073,1,21.0,1,6,SOFT,0.0
1208,9073,1,77.0,1,6,SOFT,0.0
1208,9073,1,10.0,1,7,MEDIUM,0.0
1208,9073,1,31.0,1,7,MEDIUM,0.0
1208,9073,1,2.0,1,8,SOFT,0.0
1208,9073,1,23.0,1,8,SOFT,0.0
1208,9073,1,27.0,1,8,SOFT,0.0
1208,9073,1,22.0,1,9,SOFT,0.0
1208,9073,1,63.0,1,9,SOFT,0.0
1208,9073,2,18.0,2,2,MEDIUM,0.0
1208,9073,2,14.0,2,2,MEDIUM,0.0
1208,9073,3,18.0,3,3,MEDIUM,0.0
1208,9073,3,14.0,3,3,MEDIUM,0.0
1208,9073,2,44.0,4,6,SOFT,3.0
1208,9073,2,11.0,4,9,SOFT,3.0
1208,9073,4,14.0,4,11,SOFT,1.0
1208,9073,4,18.0,4,12,SOFT,0.0
1208,9073,2,55.0,6,8,SOFT,5.0
1208,9073,2,16.0,6,8,SOFT,5.0
1208,9073,2,24.0,6,8,SOFT,5.0
1208,9073,2,81.0,6,8,SOFT,5.0
1208,9073,2,4.0,7,7,SOFT,6.0
1208,9073,2,77.0,7,9,SOFT,6.0
1208,9073,2,21.0,7,9,SOFT,6.0
1208,9073,2,1.0,7,9,SOFT,6.0
1208,9073,3,44.0,7,12,SOFT,0.0
1208,9073,2,20.0,7,14,SOFT,0.0
1208,9073,2,10.0,8,11,MEDIUM,7.0
1208,9073,2,31.0,8,13,MEDIUM,7.0
1208,9073,3,4.0,8,14,SOFT,0.0
1208,9073,3,55.0,9,11,SOFT,8.0
1208,9073,3,81.0,9,11,SOFT,0.0
1208,9073,2,2.0,9,12,SOFT,0.0
1208,9073,3,24.0,9,13,SOFT,0.0
1208,9073,2,27.0,9,16,SOFT,0.0
1208,9073,2,23.0,9,17,SOFT,0.0
1208,9073,3,16.0,9,18,SOFT,8.0
1208,9073,3,21.0,10,10,SOFT,9.0
1208,9073,2,22.0,10,10,SOFT,9.0
1208,9073,3,11.0,10,12,SOFT,9.0
1208,9073,2,63.0,10,12,SOFT,0.0
1208,9073,3,77.0,10,14,SOFT,0.0
1208,9073,3,1.0,10,15,SOFT,0.0
1208,9073,3,22.0,11,12,SOFT,0.0
1208,9073,4,21.0,11,19,SOFT,0.0
1208,9073,5,14.0,12,12,SOFT,8.0
1208,9073,4,81.0,12,14,SOFT,3.0
1208,9073,4,55.0,12,20,SOFT,11.0
1208,9073,3,10.0,12,21,SOFT,0.0
1208,9073,5,18.0,13,13,SOFT,9.0
1208,9073,4,44.0,13,15,SOFT,0.0
1208,9073,3,63.0,13,15,SOFT,3.0
1208,9073,3,2.0,13,17,SOFT,0.0
1208,9073,4,22.0,13,20,SOFT,2.0
1208,9073,6,14.0,13,21,SOFT,0.0
1208,9073,4,11.0,13,22,SOFT,0.0
1208,9073,6,18.0,14,16,SOFT,0.0
1208,9073,4,24.0,14,16,SOFT,5.0
1208,9073,3,31.0,14,22,SOFT,0.0
1208,9073,5,81.0,15,15,SOFT,6.0
1208,9073,4,77.0,15,16,SOFT,5.0
1208,9073,4,4.0,15,18,SOFT,7.0
1208,9073,4,1.0,16,18,SOFT,6.0
1208,9073,6,81.0,16,18,SOFT,7.0
1208,9073,5,44.0,16,20,SOFT,3.0
1208,9073,4,63.0,16,20,SOFT,6.0
1208,9073,5,77.0,17,19,SOFT,7.0
1208,9073,5,24.0,17,19,SOFT,8.0
1208,9073,7,18.0,17,24,SOFT,3.0
1208,9073,3,23.0,18,20,SOFT,0.0
1208,9073,4,2.0,18,20,SOFT,8.0
1208,9073,4,16.0,19,21,SOFT,0.0
1208,9073,5,21.0,20,22,SOFT,9.0
1208,9073,6,44.0,21,23,SOFT,8.0
1208,9073,5,55.0,21,27,SOFT,0.0
1208,9073,7,14.0,22,24,SOFT,0.0
1208,9073,4,10.0,22,24,MEDIUM,11.0
1208,9073,5,16.0,22,26,SOFT,0.0
1208,9073,4,31.0,23,25,MEDIUM,13.0
1208,9074,1,44.0,1,3,SOFT,0.0
1208,9074,1,27.0,1,5,SOFT,0.0
1208,9074,1,77.0,1,5,SOFT,0.0
1208,9074,1,23.0,1,5,SOFT,0.0
1208,9074,1,20.0,1,5,SOFT,0.0
1208,9074,1,24.0,1,5,SOFT,0.0
1208,9074,1,22.0,1,5,SOFT,0.0
1208,9074,1,4.0,1,5,SOFT,0.0
1208,9074,1,2.0,1,5,SOFT,0.0
1208,9074,1,21.0,1,5,SOFT,0.0
1208,9074,1,1.0,1,6,SOFT,0.0
1208,9074,1,11.0,1,6,SOFT,0.0
1208,9074,1,31.0,1,6,SOFT,0.0
1208,9074,1,10.0,1,6,SOFT,0.0
1208,9074,1,63.0,1,6,SOFT,0.0
1208,9074,1,81.0,1,6,SOFT,0.0
1208,9074,1,16.0,1,8,SOFT,0.0
1208,9074,1,55.0,1,8,SOFT,0.0
1208,9074,1,14.0,1,8,SOFT,0.0
1208,9074,1,18.0,1,8,SOFT,0.0
1208,9074,2,44.0,4,6,SOFT,3.0
1208,9074,2,4.0,6,8,SOFT,0.0
1208,9074,2,23.0,6,9,SOFT,0.0
1208,9074,2,20.0,6,9,SOFT,0.0
1208,9074,2,2.0,6,10,SOFT,0.0
1208,9074,2,22.0,6,10,SOFT,0.0
1208,9074,2,27.0,6,10,SOFT,0.0
1208,9074,2,77.0,6,10,SOFT,0.0
1208,9074,2,24.0,6,10,SOFT,0.0
1208,9074,2,21.0,6,10,SOFT,0.0
1208,9074,2,11.0,7,8,SOFT,6.0
1208,9074,2,81.0,7,9,SOFT,0.0
1208,9074,2,31.0,7,9,SOFT,0.0
1208,9074,2,10.0,7,9,SOFT,0.0
1208,9074,2,63.0,7,9,SOFT,0.0
1208,9074,3,44.0,7,9,SOFT,0.0
1208,9074,2,1.0,7,9,SOFT,0.0
1208,9074,2,14.0,9,11,SOFT,0.0
1208,9074,3,11.0,9,13,SOFT,0.0
1208,9074,2,55.0,9,13,SOFT,0.0
1208,9074,2,16.0,9,14,SOFT,0.0
1208,9074,3,63.0,10,12,SOFT,3.0
1208,9074,4,44.0,10,12,SOFT,3.0
1208,9074,3,20.0,10,12,SOFT,4.0
1208,9074,3,31.0,10,12,SOFT,0.0
1208,9074,3,10.0,10,12,SOFT,0.0
1208,9074,3,1.0,10,12,SOFT,3.0
1208,9074,3,23.0,10,15,SOFT,0.0
1208,9074,3,24.0,11,13,SOFT,5.0
1208,9074,3,27.0,11,13,SOFT,5.0
1208,9074,3,21.0,11,13,SOFT,5.0
1208,9074,3,77.0,11,14,SOFT,0.0
1208,9074,3,14.0,12,14,SOFT,0.0
1208,9074,4,1.0,13,14,SOFT,0.0
1208,9074,4,20.0,13,15,SOFT,0.0
1208,9074,4,31.0,13,15,SOFT,0.0
1208,9074,4,63.0,13,15,SOFT,0.0
1208,9074,5,44.0,13,15,SOFT,0.0
1208,9074,4,10.0,13,15,SOFT,0.0
1208,9074,4,27.0,14,15,SOFT,0.0
1208,9074,4,21.0,14,16,SOFT,0.0
1208,9074,4,11.0,14,16,SOFT,5.0
1208,9074,3,55.0,14,16,SOFT,0.0
1208,9074,4,24.0,14,17,SOFT,0.0
1208,9074,5,1.0,15,15,SOFT,0.0
1208,9074,4,77.0,15,15,SOFT,0.0
1208,9074,4,14.0,15,17,SOFT,3.0
1208,9074,3,16.0,15,17,SOFT,0.0
1208,9074,5,31.0,16,18,SOFT,3.0
1208,9074,5,63.0,16,18,SOFT,0.0
1208,9074,5,20.0,16,18,SOFT,3.0
1208,9074,5,10.0,16,18,SOFT,3.0
1208,9074,4,55.0,17,18,SOFT,0.0
1208,9074,5,11.0,17,19,SOFT,0.0
1208,9074,4,16.0,18,18,SOFT,0.0
1208,9074,5,14.0,18,18,SOFT,0.0
1208,9074,6,31.0,19,19,SOFT,0.0
1208,9074,6,10.0,19,19,SOFT,0.0
1208,9074,6,20.0,19,19,SOFT,0.0
1208,9074,6,63.0,19,20,SOFT,0.0
1208,9074,6,11.0,20,20,SOFT,0.0
1208,9078,1,2.0,1,2,MEDIUM,0.0
1208,9078,1,4.0,1,4,SOFT,0.0
1208,9078,1,81.0,1,5,SOFT,0.0
1208,9078,1,20.0,1,14,MEDIUM,0.0
1208,9078,1,10.0,1,15,MEDIUM,0.0
1208,9078,1,77.0,1,15,MEDIUM,0.0
1208,9078,1,21.0,1,15,MEDIUM,0.0
1208,9078,1,16.0,1,17,MEDIUM,0.0
1208,9078,1,63.0,1,17,MEDIUM,0.0
1208,9078,1,55.0,1,18,MEDIUM,0.0
1208,9078,1,11.0,1,20,MEDIUM,0.0
1208,9078,1,23.0,1,22,MEDIUM,0.0
1208,9078,1,14.0,1,24,MEDIUM,1.0
1208,9078,1,24.0,1,31,HARD,0.0
1208,9078,1,27.0,1,33,HARD,0.0
1208,9078,1,22.0,1,36,HARD,0.0
1208,9078,1,44.0,1,37,HARD,0.0
1208,9078,1,31.0,1,39,HARD,0.0
1208,9078,1,18.0,1,42,HARD,1.0
1208,9078,1,1.0,1,45,HARD,0.0
1208,9078,2,2.0,3,56,HARD,0.0
1208,9078,2,4.0,5,57,HARD,0.0
1208,9078,2,81.0,6,56,HARD,0.0
1208,9078,2,20.0,15,57,HARD,0.0
1208,9078,2,10.0,16,57,HARD,0.0
1208,9078,2,77.0,16,57,HARD,0.0
1208,9078,2,21.0,16,57,HARD,0.0
1208,9078,2,63.0,18,57,HARD,0.0
1208,9078,2,16.0,18,57,HARD,0.0
1208,9078,2,55.0,19,57,HARD,0.0
1208,9078,2,11.0,21,57,HARD,0.0
1208,9078,2,23.0,23,57,HARD,0.0
1208,9078,2,14.0,25,57,HARD,1.0
1208,9078,2,24.0,32,57,MEDIUM,0.0
1208,9078,2,27.0,34,57,MEDIUM,0.0
1208,9078,2,22.0,37,57,MEDIUM,0.0
1208,9078,2,44.0,38,57,MEDIUM,0.0
1208,9078,2,31.0,40,57,MEDIUM,0.0
1208,9078,2,18.0,43,57,MEDIUM,1.0
1208,9078,2,1.0,46,57,MEDIUM,0.0
1210,9087,1,11.0,1,3,HARD,0.0
1210,9087,1,16.0,1,5,MEDIUM,0.0
1210,9087,1,63.0,1,8,HARD,0.0
1210,9087,1,24.0,1,10,HARD,0.0
1210,9087,1,4.0,1,10,MEDIUM,0.0
1210,9087,1,44.0,1,10,HARD,0.0
1210,9087,1,1.0,1,11,HARD,0.0
1210,9087,1,18.0,1,12,HARD,0.0
1210,9087,1,27.0,1,13,HARD,0.0
1210,9087,1,81.0,1,13,HARD,0.0
1210,9087,1,23.0,1,13,HARD,0.0
1210,9087,1,14.0,1,13,HARD,0.0
1210,9087,1,77.0,1,14,HARD,0.0
1210,9087,1,2.0,1,15,HARD,0.0
1210,9087,1,55.0,1,15,MEDIUM,0.0
1210,9087,1,20.0,1,15,HARD,0.0
1210,9087,1,21.0,1,16,HARD,0.0
1210,9087,1,22.0,1,17,HARD,0.0
1210,9087,1,10.0,1,18,HARD,0.0
1210,9087,1,31.0,1,18,HARD,0.0
1210,9087,2,11.0,4,16,HARD,3.0
1210,9087,2,16.0,6,15,MEDIUM,5.0
1210,9087,2,63.0,9,17,MEDIUM,0.0
1210,9087,2,24.0,11,13,HARD,10.0
1210,9087,2,4.0,11,18,MEDIUM,0.0
1210,9087,2,44.0,11,18,MEDIUM,0.0
1210,9087,2,1.0,12,18,MEDIUM,0.0
1210,9087,2,18.0,13,19,MEDIUM,0.0
1210,9087,3,24.0,14,16,MEDIUM,0.0
1210,9087,2,27.0,14,17,MEDIUM,0.0
1210,9087,2,14.0,14,18,MEDIUM,0.0
1210,9087,2,23.0,14,21,MEDIUM,0.0
1210,9087,2,81.0,14,22,MEDIUM,0.0
1210,9087,2,77.0,15,15,MEDIUM,14.0
1210,9087,2,2.0,16,16,MEDIUM,0.0
1210,9087,2,20.0,16,19,MEDIUM,0.0
1210,9087,3,77.0,16,20,HARD,0.0
1210,9087,3,16.0,16,21,MEDIUM,0.0
1210,9087,2,55.0,16,25,MEDIUM,0.0
1210,9087,3,2.0,17,18,MEDIUM,1.0
1210,9087,3,11.0,17,20,MEDIUM,0.0
1210,9087,2,21.0,17,23,MEDIUM,0.0
1210,9087,4,24.0,17,25,MEDIUM,3.0
1210,9087,3,63.0,18,20,MEDIUM,9.0
1210,9087,2,22.0,18,21,MEDIUM,0.0
1210,9087,3,4.0,19,19,MEDIUM,0.0
1210,9087,3,1.0,19,26,MEDIUM,7.0
1210,9087,3,44.0,19,26,MEDIUM,8.0
1210,9087,3,14.0,19,28,MEDIUM,0.0
1210,9087,2,31.0,19,29,MEDIUM,0.0
1210,9087,4,2.0,19,29,MEDIUM,3.0
1210,9087,2,10.0,19,30,MEDIUM,0.0
1210,9087,4,4.0,20,24,MEDIUM,9.0
1210,9087,3,18.0,20,27,MEDIUM,7.0
1210,9087,3,20.0,20,29,MEDIUM,4.0
1210,9087,4,63.0,21,24,MEDIUM,12.0
1210,9087,4,11.0,21,27,MEDIUM,4.0
1210,9087,4,77.0,21,28,MEDIUM,5.0
1210,9087,4,16.0,22,24,MEDIUM,6.0
1210,9087,3,23.0,22,25,MEDIUM,8.0
1210,9087,3,22.0,22,28,MEDIUM,4.0
1210,9087,3,81.0,23,27,MEDIUM,9.0
1210,9087,3,21.0,24,33,MEDIUM,7.0
1210,9087,3,55.0,26,26,MEDIUM,10.0
1210,9087,4,23.0,26,31,HARD,13.0
1210,9087,4,81.0,28,32,HARD,13.0
1210,9087,5,77.0,29,29,MEDIUM,13.0
1210,9088,1,81.0,1,5,MEDIUM,0.0
1210,9088,1,31.0,1,9,MEDIUM,0.0
1210,9088,1,77.0,1,9,MEDIUM,0.0
1210,9088,1,14.0,1,9,MEDIUM,0.0
1210,9088,1,10.0,1,9,MEDIUM,0.0
1210,9088,1,16.0,1,9,HARD,0.0
1210,9088,1,18.0,1,9,MEDIUM,0.0
1210,9088,1,24.0,1,9,MEDIUM,0.0
1210,9088,1,27.0,1,9,MEDIUM,0.0
1210,9088,1,44.0,1,9,MEDIUM,0.0
1210,9088,1,4.0,1,9,HARD,0.0
1210,9088,1,11.0,1,9,MEDIUM,0.0
1210,9088,1,20.0,1,10,MEDIUM,0.0
1210,9088,1,23.0,1,10,SOFT,0.0
1210,9088,1,22.0,1,11,MEDIUM,0.0
1210,9088,1,2.0,1,11,MEDIUM,0.0
1210,9088,1,63.0,1,11,MEDIUM,0.0
1210,9088,1,55.0,1,12,HARD,0.0
1210,9088,1,21.0,1,13,MEDIUM,0.0
1210,9088,1,1.0,1,13,MEDIUM,0.0
1210,9088,2,81.0,6,10,MEDIUM,0.0
1210,9088,2,77.0,10,10,MEDIUM,0.0
1210,9088,2,24.0,10,10,MEDIUM,9.0
1210,9088,2,11.0,10,12,MEDIUM,9.0
1210,9088,2,16.0,10,14,HARD,9.0
1210,9088,2,27.0,10,15,MEDIUM,9.0
1210,9088,2,4.0,10,16,SOFT,0.0
1210,9088,2,10.0,10,17,SOFT,0.0
1210,9088,2,18.0,10,18,SOFT,0.0
1210,9088,2,31.0,10,19,SOFT,0.0
1210,9088,2,14.0,10,20,SOFT,0.0
1210,9088,2,44.0,10,20,SOFT,0.0
1210,9088,3,77.0,11,15,SOFT,0.0
1210,9088,3,24.0,11,15,SOFT,0.0
1210,9088,2,20.0,11,17,SOFT,0.0
1210,9088,3,81.0,11,18,SOFT,0.0
1210,9088,2,2.0,12,21,SOFT,0.0
1210,9088,2,22.0,12,22,SOFT,0.0
1210,9088,2,63.0,12,24,SOFT,0.0
1210,9088,2,55.0,13,17,SOFT,0.0
1210,9088,3,11.0,13,20,SOFT,0.0
1210,9088,2,21.0,14,18,SOFT,0.0
1210,9088,2,1.0,14,19,SOFT,0.0
1210,9088,3,16.0,15,19,SOFT,0.0
1210,9088,4,77.0,16,18,SOFT,5.0
1210,9088,4,24.0,16,18,SOFT,5.0
1210,9088,3,27.0,16,22,SOFT,0.0
1210,9088,3,4.0,17,18,SOFT,7.0
1210,9088,3,55.0,18,22,SOFT,5.0
1210,9088,3,20.0,18,28,MEDIUM,10.0
1210,9088,3,10.0,18,28,MEDIUM,9.0
1210,9088,4,81.0,19,19,SOFT,8.0
1210,9088,3,18.0,19,20,MEDIUM,9.0
1210,9088,5,24.0,19,21,SOFT,8.0
1210,9088,5,77.0,19,22,SOFT,8.0
1210,9088,3,21.0,19,23,SOFT,5.0
1210,9088,5,81.0,20,20,SOFT,9.0
1210,9088,4,16.0,20,23,SOFT,5.0
1210,9088,3,31.0,20,30,MEDIUM,9.0
1210,9088,3,1.0,20,30,MEDIUM,13.0
1210,9088,3,14.0,21,21,SOFT,11.0
1210,9088,4,18.0,21,27,MEDIUM,11.0
1210,9088,3,44.0,21,29,MEDIUM,0.0
1210,9088,4,11.0,21,30,MEDIUM,12.0
1210,9088,6,81.0,21,30,MEDIUM,10.0
1210,9088,3,2.0,22,22,SOFT,10.0
1210,9088,6,24.0,22,24,SOFT,11.0
1210,9088,4,14.0,22,29,SOFT,12.0
1210,9088,6,77.0,23,23,SOFT,12.0
1210,9088,4,2.0,23,33,SOFT,0.0
1210,9088,4,27.0,23,33,SOFT,7.0
1210,9088,4,21.0,24,31,SOFT,10.0
1210,9088,5,16.0,24,33,SOFT,9.0
1210,9088,7,77.0,24,33,MEDIUM,10.0
1210,9088,3,63.0,25,32,MEDIUM,11.0
1210,9088,7,24.0,25,32,MEDIUM,10.0
1210,9088,5,18.0,28,31,SOFT,9.0
1210,9088,5,14.0,30,32,MEDIUM,9.0
1210,9088,5,21.0,32,34,MEDIUM,13.0
1210,9089,1,14.0,1,1,HARD,0.0
1210,9089,1,18.0,1,1,MEDIUM,0.0
1210,9089,1,21.0,1,1,HARD,0.0
1210,9089,1,22.0,1,1,HARD,0.0
1210,9089,1,31.0,1,2,SOFT,0.0
1210,9089,1,2.0,1,4,SOFT,0.0
1210,9089,1,16.0,1,5,SOFT,0.0
1210,9089,1,77.0,1,5,SOFT,0.0
1210,9089,1,24.0,1,5,SOFT,0.0
1210,9089,1,55.0,1,6,SOFT,0.0
1210,9089,1,20.0,1,9,SOFT,0.0
1210,9089,1,63.0,1,10,SOFT,0.0
1210,9089,1,81.0,1,10,SOFT,0.0
1210,9089,1,27.0,1,11,SOFT,0.0
1210,9089,1,4.0,1,11,SOFT,0.0
1210,9089,1,23.0,1,11,SOFT,0.0
1210,9089,1,44.0,1,11,SOFT,0.0
1210,9089,1,1.0,1,12,SOFT,0.0
1210,9089,1,10.0,1,12,SOFT,0.0
1210,9089,1,11.0,1,18,SOFT,0.0
1210,9089,2,18.0,2,2,HARD,0.0
1210,9089,2,14.0,2,2,HARD,0.0
1210,9089,2,22.0,2,13,SOFT,0.0
1210,9089,2,21.0,2,15,SOFT,0.0
1210,9089,2,31.0,3,11,SOFT,2.0
1210,9089,3,14.0,3,12,SOFT,0.0
1210,9089,3,18.0,3,13,SOFT,0.0
1210,9089,2,2.0,5,9,SOFT,4.0
1210,9089,2,24.0,6,8,SOFT,0.0
1210,9089,2,77.0,6,8,SOFT,5.0
1210,9089,2,16.0,6,12,SOFT,5.0
1210,9089,2,55.0,7,12,SOFT,6.0
1210,9089,3,24.0,9,11,SOFT,8.0
1210,9089,3,77.0,9,11,SOFT,8.0
1210,9089,3,2.0,10,10,SOFT,9.0
1210,9089,2,20.0,10,13,SOFT,0.0
1210,9089,2,63.0,11,17,SOFT,0.0
1210,9089,2,81.0,11,18,SOFT,0.0
1210,9089,4,2.0,11,19,SOFT,0.0
1210,9089,2,4.0,12,12,SOFT,11.0
1210,9089,4,24.0,12,16,SOFT,0.0
1210,9089,4,77.0,12,16,SOFT,0.0
1210,9089,2,27.0,12,16,SOFT,0.0
1210,9089,2,44.0,12,17,SOFT,0.0
1210,9089,3,31.0,12,18,SOFT,0.0
1210,9089,2,23.0,12,21,SOFT,0.0
1210,9089,2,10.0,13,15,SOFT,12.0
1210,9089,3,16.0,13,15,SOFT,0.0
1210,9089,4,14.0,13,17,SOFT,0.0
1210,9089,2,1.0,13,19,SOFT,0.0
1210,9089,3,55.0,13,20,SOFT,0.0
1210,9089,3,4.0,13,21,SOFT,0.0
1210,9089,4,18.0,14,18,SOFT,0.0
1210,9089,3,22.0,14,21,SOFT,0.0
1210,9089,4,16.0,16,19,SOFT,3.0
1210,9089,3,21.0,16,23,SOFT,0.0
1210,9089,3,10.0,16,24,SOFT,0.0
1210,9089,5,24.0,17,20,SOFT,5.0
1210,9089,5,77.0,17,20,SOFT,5.0
1210,9089,5,18.0,19,19,SOFT,6.0
1210,9089,2,11.0,19,24,SOFT,0.0
1210,9089,3,23.0,22,23,SOFT,10.0
1210,9090,1,14.0,1,3,SOFT,0.0
1210,9090,1,20.0,1,4,SOFT,0.0
1210,9090,1,16.0,1,4,SOFT,0.0
1210,9090,1,55.0,1,4,SOFT,0.0
1210,9090,1,18.0,1,4,SOFT,0.0
1210,9090,1,63.0,1,4,SOFT,0.0
1210,9090,1,11.0,1,4,SOFT,0.0
1210,9090,1,1.0,1,4,SOFT,0.0
1210,9090,1,44.0,1,4,SOFT,0.0
1210,9090,1,27.0,1,4,SOFT,0.0
1210,9090,1,2.0,1,5,SOFT,0.0
1210,9090,1,77.0,1,5,SOFT,0.0
1210,9090,1,23.0,1,5,SOFT,0.0
1210,9090,1,4.0,1,5,SOFT,0.0
1210,9090,1,10.0,1,5,SOFT,0.0
1210,9090,1,81.0,1,5,SOFT,0.0
1210,9090,1,22.0,1,5,SOFT,0.0
1210,9090,1,24.0,1,5,SOFT,0.0
1210,9090,1,31.0,1,5,SOFT,0.0
1210,9090,1,21.0,1,5,SOFT,0.0
1210,9090,2,14.0,4,10,SOFT,3.0
1210,9090,2,27.0,5,8,SOFT,0.0
1210,9090,2,44.0,5,9,SOFT,4.0
1210,9090,2,63.0,5,9,SOFT,0.0
1210,9090,2,55.0,5,9,SOFT,4.0
1210,9090,2,20.0,5,9,SOFT,0.0
1210,9090,2,16.0,5,11,SOFT,4.0
1210,9090,2,1.0,5,12,SOFT,4.0
1210,9090,2,18.0,5,12,SOFT,0.0
1210,9090,2,21.0,6,8,SOFT,0.0
1210,9090,2,22.0,6,8,SOFT,0.0
1210,9090,2,23.0,6,10,SOFT,0.0
1210,9090,2,2.0,6,10,SOFT,0.0
1210,9090,2,31.0,6,12,SOFT,0.0
1210,9090,2,10.0,6,12,SOFT,0.0
1210,9090,2,4.0,6,12,SOFT,0.0
1210,9090,2,81.0,6,12,SOFT,0.0
1210,9090,2,24.0,6,13,SOFT,0.0
1210,9090,2,77.0,6,13,SOFT,0.0
1210,9090,3,21.0,9,11,SOFT,0.0
1210,9090,3,22.0,9,13,SOFT,0.0
1210,9090,3,63.0,10,12,SOFT,0.0
1210,9090,3,55.0,10,12,SOFT,0.0
1210,9090,3,44.0,10,13,SOFT,0.0
1210,9090,3,2.0,11,13,SOFT,0.0
1210,9090,3,23.0,11,13,SOFT,0.0
1210,9090,3,14.0,11,15,SOFT,0.0
1210,9090,3,16.0,12,16,UNKNOWN,0.0
1210,9090,4,21.0,12,17,UNKNOWN,0.0
1210,9090,4,55.0,13,16,UNKNOWN,0.0
1210,9090,3,18.0,13,16,UNKNOWN,0.0
1210,9090,4,63.0,13,17,UNKNOWN,0.0
1210,9090,3,81.0,13,17,UNKNOWN,0.0
1210,9090,3,4.0,13,17,SOFT,0.0
1210,9090,3,10.0,13,17,SOFT,0.0
1210,9090,3,1.0,13,18,SOFT,0.0
1210,9090,3,31.0,13,18,SOFT,0.0
1210,9090,4,22.0,14,15,UNKNOWN,0.0
1210,9090,4,23.0,14,16,SOFT,0.0
1210,9090,4,44.0,14,18,UNKNOWN,0.0
1210,9090,3,77.0,14,19,UNKNOWN,0.0
1210,9090,4,14.0,16,19,SOFT,0.0
1210,9090,5,22.0,16,21,SOFT,0.0
1210,9090,4,18.0,17,19,SOFT,0.0
1210,9090,5,23.0,17,19,SOFT,0.0
1210,9090,4,16.0,17,20,SOFT,0.0
1210,9090,5,55.0,17,22,SOFT,0.0
1210,9090,4,4.0,18,19,SOFT,0.0
1210,9090,4,10.0,18,19,SOFT,0.0
1210,9090,5,21.0,18,20,SOFT,0.0
1210,9090,5,63.0,18,22,SOFT,0.0
1210,9090,4,81.0,18,22,SOFT,0.0
1210,9090,4,31.0,19,20,SOFT,0.0
1210,9090,5,44.0,19,21,UNKNOWN,0.0
1210,9090,4,1.0,19,21,SOFT,0.0
1210,9090,4,77.0,20,22,SOFT,0.0
1210,9090,5,14.0,20,22,SOFT,0.0
1210,9090,5,10.0,20,22,SOFT,2.0
1210,9090,5,4.0,20,23,SOFT,0.0
1210,9090,5,31.0,21,23,SOFT,2.0
1210,9090,5,16.0,21,23,SOFT,0.0
1210,9090,6,44.0,22,24,SOFT,0.0
1210,9090,6,22.0,22,25,SOFT,5.0
1210,9090,5,1.0,22,27,SOFT,0.0
1210,9090,6,55.0,23,25,SOFT,0.0
1210,9090,6,10.0,23,25,SOFT,0.0
1210,9090,6,14.0,23,25,SOFT,0.0
1210,9090,6,63.0,23,26,SOFT,0.0
1210,9090,6,31.0,24,26,SOFT,0.0
1210,9090,6,16.0,24,26,SOFT,0.0
1210,9090,7,44.0,25,27,SOFT,0.0
1210,9090,7,55.0,26,28,SOFT,0.0
1210,9090,7,22.0,26,29,SOFT,0.0
1210,9090,7,63.0,27,29,SOFT,0.0
1210,9090,8,44.0,28,30,SOFT,3.0
1210,9090,6,1.0,28,30,SOFT,0.0
1210,9094,1,27.0,1,1,MEDIUM,0.0
1210,9094,1,24.0,1,1,SOFT,0.0
1210,9094,1,11.0,1,1,MEDIUM,0.0
1210,9094,1,23.0,1,18,MEDIUM,0.0
1210,9094,1,2.0,1,20,MEDIUM,0.0
1210,9094,1,44.0,1,31,MEDIUM,0.0
1210,9094,1,31.0,1,32,MEDIUM,0.0
1210,9094,1,55.0,1,33,HARD,0.0
1210,9094,1,16.0,1,44,HARD,0.0
1210,9094,1,10.0,1,47,HARD,0.0
1210,9094,1,4.0,1,50,MEDIUM,0.0
1210,9094,1,18.0,1,51,HARD,1.0
1210,9094,1,77.0,1,51,HARD,0.0
1210,9094,1,22.0,1,53,MEDIUM,0.0
1210,9094,1,21.0,1,53,MEDIUM,0.0
1210,9094,1,14.0,1,54,HARD,1.0
1210,9094,1,63.0,1,54,HARD,0.0
1210,9094,1,81.0,1,54,HARD,0.0
1210,9094,1,1.0,1,55,MEDIUM,0.0
1210,9094,1,20.0,1,56,HARD,0.0
1210,9094,2,11.0,2,34,HARD,0.0
1210,9094,2,24.0,2,52,HARD,0.0
1210,9094,2,27.0,2,54,HARD,0.0
1210,9094,2,23.0,19,52,HARD,0.0
1210,9094,2,2.0,21,23,HARD,0.0
1210,9094,3,2.0,24,52,SOFT,0.0
1210,9094,2,44.0,32,54,HARD,0.0
1210,9094,2,31.0,33,54,HARD,0.0
1210,9094,2,55.0,34,55,MEDIUM,0.0
1210,9094,3,11.0,35,53,MEDIUM,1.0
1210,9094,2,16.0,45,55,MEDIUM,0.0
1210,9094,2,10.0,48,54,MEDIUM,0.0
1210,9094,2,4.0,51,54,HARD,0.0
1210,9094,2,18.0,52,54,INTERMEDIATE,0.0
1210,9094,2,77.0,52,77,INTERMEDIATE,0.0
1210,9094,4,2.0,53,76,INTERMEDIATE,0.0
1210,9094,3,24.0,53,77,INTERMEDIATE,0.0
1210,9094,3,23.0,53,77,INTERMEDIATE,0.0
1210,9094,4,11.0,54,57,INTERMEDIATE,0.0
1210,9094,2,22.0,54,76,INTERMEDIATE,0.0
1210,9094,2,21.0,54,77,INTERMEDIATE,0.0
1210,9094,2,14.0,55,55,MEDIUM,1.0
1210,9094,3,27.0,55,59,INTERMEDIATE,0.0
1210,9094,2,81.0,55,77,INTERMEDIATE,0.0
1210,9094,3,4.0,55,77,INTERMEDIATE,0.0
1210,9094,2,63.0,55,78,INTERMEDIATE,0.0
1210,9094,3,31.0,55,78,INTERMEDIATE,0.0
1210,9094,3,44.0,55,78,INTERMEDIATE,0.0
1210,9094,3,10.0,55,78,INTERMEDIATE,0.0
1210,9094,2,1.0,56,78,INTERMEDIATE,0.0
1210,9094,3,14.0,56,78,INTERMEDIATE,0.0
1210,9094,3,16.0,56,78,INTERMEDIATE,0.0
1210,9094,3,55.0,56,78,INTERMEDIATE,0.0
1210,9094,2,20.0,57,71,WET,0.0
1210,9094,5,11.0,58,70,WET,0.0
1210,9094,4,27.0,60,76,WET,0.0
1210,9094,6,11.0,71,76,INTERMEDIATE,0.0
1211,9095,1,4.0,1,1,MEDIUM,0.0
1211,9095,1,81.0,1,1,MEDIUM,0.0
1211,9095,1,2.0,1,1,TEST_UNKNOWN,0.0
1211,9095,1,21.0,1,2,TEST_UNKNOWN,0.0
1211,9095,1,14.0,1,2,TEST_UNKNOWN,0.0
1211,9095,1,24.0,1,2,TEST_UNKNOWN,0.0
1211,9095,1,77.0,1,2,TEST_UNKNOWN,0.0
1211,9095,1,18.0,1,3,TEST_UNKNOWN,0.0
1211,9095,1,16.0,1,4,TEST_UNKNOWN,0.0
1211,9095,1,1.0,1,5,TEST_UNKNOWN,0.0
1211,9095,1,20.0,1,5,TEST_UNKNOWN,0.0
1211,9095,1,11.0,1,5,TEST_UNKNOWN,0.0
1211,9095,1,27.0,1,5,SOFT,0.0
1211,9095,1,10.0,1,7,TEST_UNKNOWN,0.0
1211,9095,1,22.0,1,7,TEST_UNKNOWN,0.0
1211,9095,1,63.0,1,8,MEDIUM,0.0
1211,9095,1,23.0,1,8,MEDIUM,0.0
1211,9095,1,44.0,1,8,MEDIUM,0.0
1211,9095,1,31.0,1,9,TEST_UNKNOWN,0.0
1211,9095,1,55.0,1,11,TEST_UNKNOWN,0.0
1211,9095,2,81.0,2,2,MEDIUM,1.0
1211,9095,2,4.0,2,2,MEDIUM,1.0
1211,9095,2,2.0,2,8,TEST_UNKNOWN,1.0
1211,9095,2,21.0,3,4,TEST_UNKNOWN,2.0
1211,9095,2,14.0,3,5,TEST_UNKNOWN,0.0
1211,9095,3,4.0,3,9,MEDIUM,2.0
1211,9095,3,81.0,3,9,MEDIUM,2.0
1211,9095,2,77.0,3,11,MEDIUM,0.0
1211,9095,2,24.0,3,13,MEDIUM,0.0
1211,9095,2,18.0,4,4,TEST_UNKNOWN,0.0
1211,9095,3,18.0,5,7,TEST_UNKNOWN,0.0
1211,9095,3,21.0,5,7,MEDIUM,0.0
1211,9095,2,16.0,5,10,TEST_UNKNOWN,4.0
1211,9095,2,20.0,6,10,TEST_UNKNOWN,5.0
1211,9095,2,27.0,6,10,SOFT,5.0
1211,9095,2,1.0,6,11,MEDIUM,0.0
1211,9095,2,11.0,6,12,MEDIUM,0.0
1211,9095,3,14.0,6,17,MEDIUM,0.0
1211,9095,4,18.0,8,10,MEDIUM,0.0
1211,9095,2,22.0,8,12,MEDIUM,0.0
1211,9095,4,21.0,8,14,MEDIUM,3.0
1211,9095,2,10.0,8,17,MEDIUM,0.0
1211,9095,2,23.0,9,15,TEST_UNKNOWN,0.0
1211,9095,3,2.0,9,15,MEDIUM,0.0
1211,9095,2,63.0,9,16,TEST_UNKNOWN,0.0
1211,9095,2,44.0,9,16,TEST_UNKNOWN,0.0
1211,9095,4,81.0,10,14,SOFT,0.0
1211,9095,4,4.0,10,14,SOFT,0.0
1211,9095,2,31.0,10,18,MEDIUM,0.0
1211,9095,5,18.0,11,11,MEDIUM,0.0
1211,9095,3,16.0,11,15,MEDIUM,0.0
1211,9095,3,20.0,11,16,SOFT,0.0
1211,9095,3,27.0,11,17,SOFT,0.0
1211,9095,6,18.0,12,12,MEDIUM,0.0
1211,9095,3,1.0,12,14,SOFT,0.0
1211,9095,2,55.0,12,16,MEDIUM,0.0
1211,9095,3,77.0,12,17,SOFT,0.0
1211,9095,7,18.0,13,17,MEDIUM,0.0
1211,9095,3,11.0,13,18,SOFT,0.0
1211,9095,3,22.0,13,18,MEDIUM,5.0
1211,9095,3,24.0,14,16,SOFT,0.0
1211,9095,5,21.0,15,21,SOFT,0.0
1211,9095,5,4.0,15,25,TEST_UNKNOWN,0.0
1211,9095,5,81.0,15,26,TEST_UNKNOWN,0.0
1211,9095,4,1.0,15,28,SOFT,3.0
1211,9095,4,16.0,16,18,MEDIUM,5.0
1211,9095,3,23.0,16,18,SOFT,0.0
1211,9095,4,2.0,16,21,SOFT,0.0
1211,9095,4,24.0,17,19,SOFT,3.0
1211,9095,3,55.0,17,20,SOFT,0.0
1211,9095,4,20.0,17,22,SOFT,0.0
1211,9095,3,63.0,17,23,TEST_UNKNOWN,0.0
1211,9095,3,44.0,17,23,TEST_UNKNOWN,0.0
1211,9095,3,10.0,18,20,SOFT,0.0
1211,9095,4,14.0,18,24,SOFT,0.0
1211,9095,4,77.0,18,24,MEDIUM,9.0
1211,9095,8,18.0,18,25,SOFT,0.0
1211,9095,4,27.0,18,28,TEST_UNKNOWN,0.0
1211,9095,4,23.0,19,21,SOFT,3.0
1211,9095,5,16.0,19,22,SOFT,0.0
1211,9095,4,22.0,19,27,SOFT,0.0
1211,9095,3,31.0,19,28,SOFT,0.0
1211,9095,4,11.0,19,29,MEDIUM,7.0
1211,9095,5,24.0,20,24,TEST_UNKNOWN,0.0
1211,9095,4,55.0,21,27,SOFT,4.0
1211,9095,4,10.0,21,27,SOFT,3.0
1211,9095,6,21.0,22,27,SOFT,7.0
1211,9095,5,23.0,22,28,MEDIUM,8.0
1211,9095,5,2.0,22,30,SOFT,6.0
1211,9095,6,16.0,23,28,MEDIUM,8.0
1211,9095,4,63.0,24,26,SOFT,0.0
1211,9095,4,44.0,24,29,SOFT,0.0
1211,9095,5,63.0,27,29,SOFT,3.0
1211,9095,5,1.0,29,32,MEDIUM,6.0
1211,9095,5,11.0,30,32,SOFT,6.0
1211,9095,6,63.0,30,32,SOFT,0.0
1211,9096,1,55.0,1,3,SOFT,0.0
1211,9096,1,16.0,1,3,SOFT,0.0
1211,9096,1,63.0,1,4,TEST_UNKNOWN,7.0
1211,9096,1,1.0,1,5,TEST_UNKNOWN,0.0
1211,9096,1,44.0,1,5,TEST_UNKNOWN,7.0
1211,9096,1,11.0,1,5,TEST_UNKNOWN,0.0
1211,9096,1,18.0,1,6,TEST_UNKNOWN,4.0
1211,9096,1,20.0,1,6,MEDIUM,0.0
1211,9096,1,81.0,1,6,TEST_UNKNOWN,0.0
1211,9096,1,14.0,1,6,TEST_UNKNOWN,0.0
1211,9096,1,4.0,1,7,MEDIUM,0.0
1211,9096,1,24.0,1,7,MEDIUM,0.0
1211,9096,1,2.0,1,7,TEST_UNKNOWN,0.0
1211,9096,1,21.0,1,7,TEST_UNKNOWN,0.0
1211,9096,1,22.0,1,7,TEST_UNKNOWN,0.0
1211,9096,1,10.0,1,7,HARD,0.0
1211,9096,1,31.0,1,7,HARD,0.0
1211,9096,1,77.0,1,7,MEDIUM,0.0
1211,9096,1,23.0,1,7,MEDIUM,0.0
1211,9096,1,27.0,1,7,MEDIUM,0.0
1211,9096,2,55.0,4,6,SOFT,3.0
1211,9096,2,16.0,4,6,SOFT,0.0
1211,9096,2,63.0,5,10,MEDIUM,0.0
1211,9096,2,1.0,6,8,MEDIUM,0.0
1211,9096,2,44.0,6,10,MEDIUM,0.0
1211,9096,2,11.0,6,11,MEDIUM,0.0
1211,9096,3,55.0,7,9,SOFT,0.0
1211,9096,3,16.0,7,9,SOFT,0.0
1211,9096,2,81.0,7,11,MEDIUM,0.0
1211,9096,2,20.0,7,12,SOFT,0.0
1211,9096,2,14.0,7,13,MEDIUM,0.0
1211,9096,2,18.0,7,13,MEDIUM,0.0
1211,9096,2,24.0,8,8,MEDIUM,7.0
1211,9096,2,77.0,8,8,MEDIUM,0.0
1211,9096,2,23.0,8,10,SOFT,0.0
1211,9096,2,2.0,8,10,SOFT,0.0
1211,9096,2,10.0,8,10,SOFT,0.0
1211,9096,2,31.0,8,10,SOFT,0.0
1211,9096,2,27.0,8,10,SOFT,0.0
1211,9096,2,22.0,8,13,MEDIUM,0.0
1211,9096,2,21.0,8,13,MEDIUM,0.0
1211,9096,2,4.0,8,13,SOFT,0.0
1211,9096,3,77.0,9,11,SOFT,0.0
1211,9096,3,1.0,9,11,SOFT,0.0
1211,9096,3,24.0,9,11,SOFT,0.0
1211,9096,4,16.0,10,17,TEST_UNKNOWN,0.0
1211,9096,4,55.0,10,22,TEST_UNKNOWN,0.0
1211,9096,3,23.0,11,13,SOFT,3.0
1211,9096,3,2.0,11,13,SOFT,3.0
1211,9096,3,44.0,11,13,SOFT,0.0
1211,9096,3,63.0,11,13,SOFT,0.0
1211,9096,3,31.0,11,13,SOFT,3.0
1211,9096,3,10.0,11,13,SOFT,3.0
1211,9096,3,27.0,11,27,SOFT,3.0
1211,9096,4,77.0,12,14,SOFT,3.0
1211,9096,4,24.0,12,14,SOFT,3.0
1211,9096,3,81.0,12,14,SOFT,0.0
1211,9096,3,11.0,12,14,SOFT,0.0
1211,9096,4,1.0,12,22,MEDIUM,3.0
1211,9096,3,20.0,13,24,MEDIUM,6.0
1211,9096,4,44.0,14,16,SOFT,0.0
1211,9096,3,4.0,14,17,MEDIUM,7.0
1211,9096,3,14.0,14,18,SOFT,0.0
1211,9096,4,23.0,14,18,MEDIUM,7.0
1211,9096,3,22.0,14,19,SOFT,0.0
1211,9096,3,21.0,14,19,SOFT,0.0
1211,9096,3,18.0,14,19,SOFT,0.0
1211,9096,4,2.0,14,22,SOFT,6.0
1211,9096,4,10.0,14,29,SOFT,6.0
1211,9096,4,31.0,14,30,SOFT,6.0
1211,9096,4,63.0,14,31,SOFT,0.0
1211,9096,5,24.0,15,20,TEST_UNKNOWN,0.0
1211,9096,5,77.0,15,21,TEST_UNKNOWN,0.0
1211,9096,4,81.0,15,26,SOFT,3.0
1211,9096,4,11.0,15,27,SOFT,3.0
1211,9096,5,44.0,17,23,SOFT,6.0
1211,9096,4,4.0,18,30,TEST_UNKNOWN,0.0
1211,9096,5,16.0,18,32,SOFT,0.0
1211,9096,4,14.0,19,21,SOFT,5.0
1211,9096,5,23.0,19,27,TEST_UNKNOWN,0.0
1211,9096,4,21.0,20,29,MEDIUM,6.0
1211,9096,4,18.0,20,31,SOFT,6.0
1211,9096,4,22.0,20,34,SOFT,6.0
1211,9096,6,24.0,21,29,MEDIUM,8.0
1211,9096,5,14.0,22,30,SOFT,8.0
1211,9096,6,77.0,22,32,SOFT,6.0
1211,9096,5,55.0,23,32,SOFT,6.0
1211,9096,5,2.0,23,33,MEDIUM,0.0
1211,9096,5,1.0,23,34,SOFT,3.0
1211,9096,6,44.0,24,31,MEDIUM,5.0
1211,9096,5,81.0,27,30,MEDIUM,5.0
1211,9096,5,11.0,28,30,MEDIUM,6.0
1211,9096,4,27.0,28,31,MEDIUM,7.0
1211,9096,6,23.0,28,32,MEDIUM,12.0
1211,9096,5,21.0,30,33,SOFT,6.0
1211,9097,1,21.0,1,1,HARD,0.0
1211,9097,1,22.0,1,1,HARD,0.0
1211,9097,1,16.0,1,2,MEDIUM,0.0
1211,9097,1,55.0,1,2,MEDIUM,0.0
1211,9097,1,10.0,1,3,MEDIUM,0.0
1211,9097,1,2.0,1,3,SOFT,0.0
1211,9097,1,31.0,1,3,MEDIUM,0.0
1211,9097,1,23.0,1,3,SOFT,0.0
1211,9097,1,1.0,1,4,SOFT,0.0
1211,9097,1,14.0,1,5,SOFT,0.0
1211,9097,1,11.0,1,5,SOFT,0.0
1211,9097,1,4.0,1,5,SOFT,0.0
1211,9097,1,18.0,1,5,SOFT,0.0
1211,9097,1,24.0,1,5,SOFT,0.0
1211,9097,1,44.0,1,5,SOFT,0.0
1211,9097,1,63.0,1,5,SOFT,0.0
1211,9097,1,81.0,1,5,SOFT,0.0
1211,9097,1,27.0,1,5,SOFT,0.0
1211,9097,1,77.0,1,5,SOFT,0.0
1211,9097,1,20.0,1,5,SOFT,0.0
1211,9097,2,21.0,2,6,SOFT,0.0
1211,9097,2,22.0,2,6,SOFT,0.0
1211,9097,2,55.0,3,5,SOFT,0.0
1211,9097,2,16.0,3,5,SOFT,0.0
1211,9097,2,2.0,4,5,SOFT,0.0
1211,9097,2,23.0,4,5,SOFT,0.0
1211,9097,2,31.0,4,5,SOFT,0.0
1211,9097,2,10.0,4,5,SOFT,0.0
1211,9097,2,1.0,5,7,INTERMEDIATE,0.0
1211,9097,2,4.0,6,6,INTERMEDIATE,0.0
1211,9097,2,20.0,6,8,INTERMEDIATE,0.0
1211,9097,2,27.0,6,8,INTERMEDIATE,0.0
1211,9097,2,14.0,6,8,INTERMEDIATE,0.0
1211,9097,3,16.0,6,9,INTERMEDIATE,0.0
1211,9097,2,18.0,6,9,INTERMEDIATE,0.0
1211,9097,2,44.0,6,9,SOFT,5.0
1211,9097,2,11.0,6,10,INTERMEDIATE,0.0
1211,9097,2,24.0,6,10,INTERMEDIATE,0.0
1211,9097,2,77.0,6,10,INTERMEDIATE,0.0
1211,9097,3,55.0,6,11,INTERMEDIATE,0.0
1211,9097,2,63.0,6,11,INTERMEDIATE,0.0
1211,9097,3,10.0,6,11,INTERMEDIATE,0.0
1211,9097,3,23.0,6,11,INTERMEDIATE,0.0
1211,9097,3,31.0,6,12,INTERMEDIATE,0.0
1211,9097,2,81.0,6,12,INTERMEDIATE,0.0
1211,9097,3,4.0,7,11,INTERMEDIATE,1.0
1211,9097,3,21.0,7,11,INTERMEDIATE,0.0
1211,9097,3,22.0,7,11,INTERMEDIATE,0.0
1211,9097,3,1.0,8,10,INTERMEDIATE,3.0
1211,9097,3,20.0,9,9,INTERMEDIATE,3.0
1211,9097,3,27.0,9,9,INTERMEDIATE,3.0
1211,9097,3,14.0,9,14,SOFT,5.0
1211,9097,4,16.0,10,12,INTERMEDIATE,4.0
1211,9097,4,20.0,10,12,SOFT,0.0
1211,9097,4,27.0,10,12,SOFT,5.0
1211,9097,3,18.0,10,14,SOFT,5.0
1211,9097,4,1.0,11,11,SOFT,0.0
1211,9097,3,11.0,11,14,SOFT,0.0
1211,9097,3,24.0,11,15,SOFT,0.0
1211,9097,3,77.0,11,15,SOFT,0.0
1211,9097,4,55.0,12,13,INTERMEDIATE,6.0
1211,9097,4,23.0,12,13,SOFT,3.0
1211,9097,5,1.0,12,14,SOFT,1.0
1211,9097,4,10.0,12,14,INTERMEDIATE,6.0
1211,9097,4,22.0,12,16,SOFT,5.0
1211,9097,3,63.0,12,16,SOFT,5.0
1211,9097,4,21.0,12,18,SOFT,5.0
1211,9097,4,4.0,12,20,SOFT,5.0
1211,9097,4,31.0,13,15,INTERMEDIATE,7.0
1211,9097,3,81.0,13,17,SOFT,5.0
1211,9097,5,16.0,13,18,SOFT,3.0
1211,9097,5,55.0,14,20,SOFT,3.0
1211,9098,1,16.0,1,1,SOFT,0.0
1211,9098,1,55.0,1,1,SOFT,0.0
1211,9098,1,4.0,1,2,SOFT,0.0
1211,9098,1,22.0,1,2,SOFT,0.0
1211,9098,1,1.0,1,2,SOFT,0.0
1211,9098,1,11.0,1,2,SOFT,0.0
1211,9098,1,24.0,1,2,SOFT,0.0
1211,9098,1,77.0,1,2,SOFT,0.0
1211,9098,1,23.0,1,2,SOFT,0.0
1211,9098,1,21.0,1,2,SOFT,0.0
1211,9098,1,81.0,1,2,SOFT,0.0
1211,9098,1,2.0,1,3,SOFT,0.0
1211,9098,1,44.0,1,3,SOFT,0.0
1211,9098,1,14.0,1,3,SOFT,0.0
1211,9098,1,63.0,1,3,SOFT,0.0
1211,9098,1,20.0,1,3,SOFT,0.0
1211,9098,1,18.0,1,3,SOFT,0.0
1211,9098,1,10.0,1,3,SOFT,0.0
1211,9098,1,27.0,1,3,SOFT,0.0
1211,9098,1,31.0,1,3,SOFT,0.0
1211,9098,2,16.0,2,7,SOFT,0.0
1211,9098,2,55.0,2,7,SOFT,0.0
1211,9098,2,22.0,3,3,SOFT,0.0
1211,9098,2,21.0,3,4,SOFT,0.0
1211,9098,2,23.0,3,5,SOFT,0.0
1211,9098,2,81.0,3,6,SOFT,0.0
1211,9098,2,77.0,3,7,SOFT,0.0
1211,9098,2,24.0,3,7,SOFT,0.0
1211,9098,2,11.0,3,7,SOFT,2.0
1211,9098,2,4.0,3,7,SOFT,0.0
1211,9098,2,1.0,3,9,SOFT,2.0
1211,9098,2,31.0,4,6,SOFT,3.0
1211,9098,2,18.0,4,6,SOFT,3.0
1211,9098,2,20.0,4,6,SOFT,3.0
1211,9098,2,14.0,4,6,SOFT,3.0
1211,9098,2,10.0,4,6,SOFT,3.0
1211,9098,2,27.0,4,6,SOFT,3.0
1211,9098,2,2.0,4,6,SOFT,0.0
1211,9098,3,22.0,4,8,SOFT,0.0
1211,9098,2,63.0,4,8,SOFT,3.0
1211,9098,2,44.0,4,8,SOFT,3.0
1211,9098,3,21.0,5,7,SOFT,0.0
1211,9098,3,23.0,6,8,SOFT,0.0
1211,9098,3,81.0,7,8,SOFT,0.0
1211,9098,3,10.0,7,9,SOFT,0.0
1211,9098,3,14.0,7,9,SOFT,0.0
1211,9098,3,20.0,7,9,SOFT,0.0
1211,9098,3,27.0,7,9,SOFT,0.0
1211,9098,3,31.0,7,9,SOFT,0.0
1211,9098,3,18.0,7,11,SOFT,0.0
1211,9098,3,11.0,8,10,SOFT,0.0
1211,9098,3,16.0,8,10,SOFT,0.0
1211,9098,4,21.0,8,10,SOFT,0.0
1211,9098,3,4.0,8,10,SOFT,0.0
1211,9098,3,55.0,8,10,SOFT,0.0
1211,9098,3,77.0,8,10,SOFT,0.0
1211,9098,3,24.0,8,10,SOFT,0.0
1211,9098,4,81.0,9,10,SOFT,2.0
1211,9098,4,22.0,9,11,SOFT,0.0
1211,9098,3,63.0,9,11,SOFT,0.0
1211,9098,3,44.0,9,11,SOFT,0.0
1211,9098,3,1.0,10,12,SOFT,0.0
1211,9098,4,31.0,10,12,SOFT,0.0
1211,9098,4,14.0,10,12,SOFT,0.0
1211,9098,4,27.0,10,12,SOFT,3.0
1211,9098,4,10.0,10,12,SOFT,0.0
1211,9098,4,11.0,11,13,SOFT,0.0
1211,9098,4,55.0,11,13,SOFT,3.0
1211,9098,5,21.0,11,13,SOFT,3.0
1211,9098,4,24.0,11,13,SOFT,3.0
1211,9098,4,4.0,11,13,SOFT,3.0
1211,9098,5,81.0,11,13,SOFT,0.0
1211,9098,4,63.0,12,14,SOFT,0.0
1211,9098,4,18.0,12,14,SOFT,0.0
1211,9098,5,22.0,12,15,SOFT,5.0
1211,9098,4,44.0,12,15,SOFT,0.0
1211,9098,5,27.0,13,15,SOFT,0.0
1211,9098,4,1.0,13,15,SOFT,3.0
1211,9098,5,10.0,13,15,SOFT,0.0
1211,9098,5,31.0,13,15,SOFT,0.0
1211,9098,5,14.0,13,15,SOFT,0.0
1211,9098,5,55.0,14,16,SOFT,0.0
1211,9098,5,4.0,14,16,SOFT,0.0
1211,9098,5,24.0,14,16,SOFT,2.0
1211,9098,6,21.0,14,16,SOFT,3.0
1211,9098,6,81.0,14,16,SOFT,3.0
1211,9098,5,11.0,14,17,SOFT,0.0
1211,9098,5,18.0,15,17,SOFT,0.0
1211,9098,5,63.0,15,18,SOFT,0.0
1211,9098,5,44.0,16,17,SOFT,0.0
1211,9098,6,31.0,16,18,SOFT,3.0
1211,9098,6,10.0,16,18,SOFT,3.0
1211,9098,5,1.0,16,18,SOFT,0.0
1211,9098,6,27.0,16,18,SOFT,0.0
1211,9098,6,14.0,16,18,SOFT,0.0
1211,9098,6,22.0,16,19,SOFT,1.0
1211,9098,6,55.0,17,19,SOFT,3.0
1211,9098,6,4.0,17,19,SOFT,3.0
1211,9098,7,81.0,17,19,SOFT,0.0
1211,9098,6,18.0,18,20,SOFT,3.0
1211,9098,6,44.0,18,20,SOFT,0.0
1211,9098,6,1.0,19,20,SOFT,0.0
1211,9098,7,31.0,19,21,SOFT,0.0
1211,9098,7,10.0,19,21,SOFT,0.0
1211,9098,7,55.0,20,22,SOFT,0.0
1211,9098,7,4.0,20,22,SOFT,0.0
1211,9098,7,18.0,21,23,SOFT,0.0
1211,9098,7,44.0,21,23,SOFT,0.0
1211,9102,1,4.0,1,1,SOFT,2.0
1211,9102,1,77.0,1,5,SOFT,0.0
1211,9102,1,27.0,1,8,SOFT,3.0
1211,9102,1,21.0,1,9,SOFT,0.0
1211,9102,1,24.0,1,9,SOFT,0.0
1211,9102,1,22.0,1,10,SOFT,0.0
1211,9102,1,20.0,1,10,SOFT,0.0
1211,9102,1,31.0,1,13,SOFT,3.0
1211,9102,1,18.0,1,14,SOFT,3.0
1211,9102,1,55.0,1,15,SOFT,3.0
1211,9102,1,23.0,1,16,SOFT,0.0
1211,9102,1,16.0,1,16,HARD,0.0
1211,9102,1,81.0,1,17,SOFT,2.0
1211,9102,1,2.0,1,17,MEDIUM,0.0
1211,9102,1,14.0,1,19,SOFT,3.0
1211,9102,1,10.0,1,19,SOFT,3.0
1211,9102,1,44.0,1,24,SOFT,3.0
1211,9102,1,63.0,1,25,SOFT,0.0
1211,9102,1,1.0,1,26,MEDIUM,0.0
1211,9102,1,11.0,1,27,MEDIUM,0.0
1211,9102,2,4.0,2,22,HARD,0.0
1211,9102,2,77.0,6,39,HARD,0.0
1211,9102,2,27.0,9,26,MEDIUM,0.0
1211,9102,2,24.0,10,36,HARD,0.0
1211,9102,2,21.0,10,38,HARD,0.0
1211,9102,2,20.0,11,24,MEDIUM,0.0
1211,9102,2,22.0,11,34,HARD,0.0
1211,9102,2,31.0,14,35,MEDIUM,0.0
1211,9102,2,18.0,15,34,SOFT,0.0
1211,9102,2,55.0,16,41,MEDIUM,0.0
1211,9102,2,23.0,17,37,HARD,0.0
1211,9102,2,16.0,17,41,HARD,0.0
1211,9102,2,2.0,18,36,HARD,0.0
1211,9102,2,81.0,18,39,HARD,0.0
1211,9102,2,10.0,20,39,MEDIUM,0.0
1211,9102,2,14.0,20,44,SOFT,0.0
1211,9102,3,4.0,23,50,MEDIUM,0.0
1211,9102,3,20.0,25,42,HARD,0.0
1211,9102,2,44.0,25,50,MEDIUM,0.0
1211,9102,2,63.0,26,45,MEDIUM,0.0
1211,9102,3,27.0,27,43,HARD,0.0
1211,9102,2,1.0,27,52,HARD,0.0
1211,9102,2,11.0,28,50,HARD,0.0
1211,9102,3,22.0,35,66,MEDIUM,0.0
1211,9102,3,18.0,35,66,HARD,0.0
1211,9102,3,31.0,36,66,HARD,0.0
1211,9102,3,2.0,37,65,HARD,0.0
1211,9102,3,24.0,37,66,HARD,0.0
1211,9102,3,23.0,38,65,MEDIUM,0.0
1211,9102,3,21.0,39,65,MEDIUM,0.0
1211,9102,3,81.0,40,65,MEDIUM,0.0
1211,9102,3,77.0,40,65,HARD,0.0
1211,9102,3,10.0,40,66,HARD,0.0
1211,9102,3,55.0,42,66,HARD,0.0
1211,9102,3,16.0,42,66,SOFT,0.0
1211,9102,4,20.0,43,65,MEDIUM,0.0
1211,9102,4,27.0,44,65,MEDIUM,0.0
1211,9102,3,14.0,45,66,HARD,0.0
1211,9102,3,63.0,46,66,SOFT,3.0
1211,9102,4,4.0,51,65,SOFT,0.0
1211,9102,3,44.0,51,66,SOFT,3.0
1211,9102,3,11.0,51,66,SOFT,0.0
1211,9102,3,1.0,53,66,SOFT,2.0
1212,9103,1,10.0,1,1,MEDIUM,0.0
1212,9103,1,23.0,1,1,MEDIUM,0.0
1212,9103,1,2.0,1,2,MEDIUM,0.0
1212,9103,1,55.0,1,2,MEDIUM,0.0
1212,9103,1,4.0,1,2,MEDIUM,0.0
1212,9103,1,16.0,1,2,MEDIUM,0.0
1212,9103,1,20.0,1,2,MEDIUM,0.0
1212,9103,1,27.0,1,2,MEDIUM,0.0
1212,9103,1,22.0,1,2,MEDIUM,0.0
1212,9103,1,1.0,1,3,SOFT,0.0
1212,9103,1,11.0,1,3,SOFT,0.0
1212,9103,1,77.0,1,3,MEDIUM,0.0
1212,9103,1,24.0,1,3,MEDIUM,0.0
1212,9103,1,81.0,1,3,MEDIUM,0.0
1212,9103,1,21.0,1,3,MEDIUM,0.0
1212,9103,1,14.0,1,3,SOFT,0.0
1212,9103,1,18.0,1,3,SOFT,0.0
1212,9104,1,16.0,1,5,MEDIUM,3.0
1212,9104,1,18.0,1,6,SOFT,3.0
1212,9104,1,11.0,1,7,SOFT,3.0
1212,9104,1,55.0,1,7,MEDIUM,3.0
1212,9104,1,20.0,1,8,MEDIUM,3.0
1212,9104,1,14.0,1,8,SOFT,3.0
1212,9104,1,1.0,1,9,SOFT,3.0
1212,9104,1,27.0,1,9,MEDIUM,3.0
1212,9104,1,2.0,1,9,SOFT,0.0
1212,9104,1,21.0,1,9,MEDIUM,3.0
1212,9104,1,77.0,1,9,MEDIUM,0.0
1212,9104,1,4.0,1,9,MEDIUM,2.0
1212,9104,1,22.0,1,9,MEDIUM,2.0
1212,9104,1,23.0,1,10,SOFT,0.0
1212,9104,1,81.0,1,11,MEDIUM,0.0
1212,9104,1,24.0,1,11,MEDIUM,0.0
1212,9104,1,10.0,1,13,MEDIUM,1.0
1212,9104,1,31.0,1,14,MEDIUM,0.0
1212,9104,1,44.0,1,16,MEDIUM,0.0
1212,9104,1,63.0,1,17,MEDIUM,0.0
1212,9104,2,16.0,6,12,SOFT,0.0
1212,9104,2,18.0,7,12,SOFT,9.0
1212,9104,2,11.0,8,8,SOFT,10.0
1212,9104,2,55.0,8,13,SOFT,0.0
1212,9104,3,11.0,9,10,SOFT,0.0
1212,9104,2,20.0,9,12,SOFT,0.0
1212,9104,2,14.0,9,14,SOFT,11.0
1212,9104,2,77.0,10,10,MEDIUM,9.0
1212,9104,2,27.0,10,10,SOFT,0.0
1212,9104,2,4.0,10,10,SOFT,0.0
1212,9104,2,1.0,10,12,SOFT,0.0
1212,9104,2,2.0,10,14,SOFT,0.0
1212,9104,2,22.0,10,15,MEDIUM,0.0
1212,9104,2,21.0,10,15,MEDIUM,0.0
1212,9104,4,11.0,11,12,SOFT,0.0
1212,9104,3,4.0,11,13,SOFT,1.0
1212,9104,2,23.0,11,13,SOFT,0.0
1212,9104,3,77.0,11,16,SOFT,0.0
1212,9104,2,81.0,12,14,SOFT,0.0
1212,9104,2,24.0,12,15,SOFT,0.0
1212,9104,3,16.0,13,15,SOFT,0.0
1212,9104,3,20.0,13,15,SOFT,0.0
1212,9104,5,11.0,13,15,SOFT,0.0
1212,9104,3,1.0,13,16,SOFT,0.0
1212,9104,3,18.0,13,16,SOFT,0.0
1212,9104,3,23.0,14,15,SOFT,10.0
1212,9104,3,55.0,14,16,SOFT,0.0
1212,9104,2,10.0,14,17,SOFT,0.0
1212,9104,4,4.0,14,30,MEDIUM,0.0
1212,9104,3,81.0,15,16,SOFT,3.0
1212,9104,2,31.0,15,17,SOFT,0.0
1212,9104,3,14.0,15,17,SOFT,0.0
1212,9104,3,2.0,15,18,SOFT,0.0
1212,9104,3,24.0,16,18,SOFT,0.0
1212,9104,3,21.0,16,19,SOFT,0.0
1212,9104,3,22.0,16,19,SOFT,0.0
1212,9104,6,11.0,16,28,SOFT,0.0
1212,9104,4,16.0,16,29,MEDIUM,8.0
1212,9104,4,20.0,16,31,MEDIUM,11.0
1212,9104,4,23.0,16,33,MEDIUM,0.0
1212,9104,2,44.0,17,19,SOFT,0.0
1212,9104,4,77.0,17,19,SOFT,0.0
1212,9104,4,81.0,17,19,SOFT,0.0
1212,9104,4,18.0,17,24,SOFT,0.0
1212,9104,4,55.0,17,30,MEDIUM,10.0
1212,9104,4,1.0,17,33,SOFT,0.0
1212,9104,2,63.0,18,20,SOFT,0.0
1212,9104,4,14.0,18,28,SOFT,0.0
1212,9104,3,10.0,18,30,MEDIUM,0.0
1212,9104,4,24.0,19,29,SOFT,3.0
1212,9104,4,2.0,19,38,MEDIUM,2.0
1212,9104,5,77.0,20,20,SOFT,3.0
1212,9104,4,21.0,20,22,SOFT,0.0
1212,9104,3,44.0,20,22,SOFT,3.0
1212,9104,4,22.0,20,24,SOFT,0.0
1212,9104,5,81.0,20,32,MEDIUM,0.0
1212,9104,3,63.0,21,23,SOFT,3.0
1212,9104,6,77.0,21,31,MEDIUM,3.0
1212,9104,5,21.0,23,27,SOFT,0.0
1212,9104,4,44.0,23,29,SOFT,0.0
1212,9104,4,63.0,24,26,SOFT,0.0
1212,9104,5,18.0,25,30,MEDIUM,0.0
1212,9104,5,22.0,25,34,MEDIUM,6.0
1212,9104,5,63.0,27,30,SOFT,0.0
1212,9104,6,21.0,28,34,MEDIUM,12.0
1212,9104,7,11.0,29,29,INTERMEDIATE,0.0
1212,9104,5,14.0,29,37,MEDIUM,0.0
1212,9104,5,44.0,30,30,INTERMEDIATE,0.0
1212,9104,5,16.0,30,32,HARD,0.0
1212,9104,5,24.0,30,36,MEDIUM,3.0
1212,9104,5,4.0,31,31,HARD,0.0
1212,9104,6,63.0,31,31,INTERMEDIATE,0.0
1212,9104,6,18.0,31,31,INTERMEDIATE,0.0
1212,9104,5,55.0,31,37,HARD,0.0
1212,9104,4,10.0,31,38,SOFT,0.0
1212,9104,5,20.0,32,35,SOFT,4.0
1212,9104,6,4.0,32,36,MEDIUM,11.0
1212,9104,7,77.0,32,39,MEDIUM,0.0
1212,9104,6,16.0,33,36,HARD,3.0
1212,9104,6,81.0,33,36,MEDIUM,11.0
1212,9104,5,1.0,34,34,INTERMEDIATE,0.0
1212,9104,7,21.0,35,37,MEDIUM,19.0
1212,9104,6,22.0,35,42,MEDIUM,16.0
1212,9104,6,20.0,36,36,INTERMEDIATE,0.0
1212,9104,7,16.0,37,37,INTERMEDIATE,0.0
1212,9104,7,81.0,37,37,INTERMEDIATE,0.0
1212,9104,6,24.0,37,37,INTERMEDIATE,0.0
1212,9104,7,4.0,37,39,INTERMEDIATE,0.0
1212,9104,6,55.0,38,38,INTERMEDIATE,0.0
1212,9104,8,21.0,38,38,INTERMEDIATE,0.0
1212,9104,8,81.0,38,38,SOFT,0.0
1212,9104,6,14.0,38,38,INTERMEDIATE,0.0
1212,9104,8,16.0,38,38,INTERMEDIATE,1.0
1212,9104,5,10.0,39,39,INTERMEDIATE,0.0
1212,9104,7,55.0,39,39,INTERMEDIATE,0.0
1212,9104,8,77.0,40,40,INTERMEDIATE,0.0
1212,9104,8,4.0,40,40,INTERMEDIATE,0.0
1212,9104,7,22.0,43,43,INTERMEDIATE,0.0
1212,9105,1,4.0,1,3,WET,0.0
1212,9105,1,14.0,1,3,WET,0.0
1212,9105,1,18.0,1,3,WET,0.0
1212,9105,1,24.0,1,3,WET,0.0
1212,9105,1,63.0,1,3,WET,0.0
1212,9105,1,77.0,1,3,WET,0.0
1212,9105,1,1.0,1,4,WET,0.0
1212,9105,1,21.0,1,4,WET,0.0
1212,9105,1,44.0,1,4,WET,0.0
1212,9105,1,81.0,1,4,WET,0.0
1212,9105,1,11.0,1,5,WET,0.0
1212,9105,1,22.0,1,5,WET,0.0
1212,9105,1,10.0,1,6,WET,0.0
1212,9105,1,31.0,1,6,WET,0.0
1212,9105,1,20.0,1,7,WET,0.0
1212,9105,1,23.0,1,7,WET,0.0
1212,9105,1,27.0,1,7,WET,0.0
1212,9105,1,2.0,1,9,WET,0.0
1212,9105,1,55.0,1,13,INTERMEDIATE,2.0
1212,9105,1,16.0,1,14,INTERMEDIATE,2.0
1212,9105,2,63.0,4,7,INTERMEDIATE,1.0
1212,9105,2,14.0,4,9,INTERMEDIATE,1.0
1212,9105,2,18.0,4,13,INTERMEDIATE,1.0
1212,9105,2,77.0,4,13,INTERMEDIATE,1.0
1212,9105,2,24.0,4,13,INTERMEDIATE,1.0
1212,9105,2,4.0,4,14,INTERMEDIATE,0.0
1212,9105,2,44.0,5,8,INTERMEDIATE,1.0
1212,9105,2,21.0,5,13,INTERMEDIATE,1.0
1212,9105,2,1.0,5,14,INTERMEDIATE,1.0
1212,9105,2,81.0,5,15,INTERMEDIATE,1.0
1212,9105,2,22.0,6,14,INTERMEDIATE,0.0
1212,9105,2,11.0,6,15,INTERMEDIATE,1.0
1212,9105,2,10.0,7,7,WET,0.0
1212,9105,2,31.0,7,10,INTERMEDIATE,0.0
1212,9105,3,10.0,8,9,INTERMEDIATE,1.0
1212,9105,3,63.0,8,12,INTERMEDIATE,5.0
1212,9105,2,27.0,8,13,INTERMEDIATE,0.0
1212,9105,2,20.0,8,13,INTERMEDIATE,1.0
1212,9105,2,23.0,8,15,INTERMEDIATE,0.0
1212,9105,3,44.0,9,10,INTERMEDIATE,5.0
1212,9105,2,2.0,10,16,INTERMEDIATE,0.0
1212,9105,3,14.0,10,18,INTERMEDIATE,7.0
1212,9105,4,10.0,10,19,INTERMEDIATE,3.0
1212,9105,4,44.0,11,20,INTERMEDIATE,0.0
1212,9105,4,63.0,13,20,INTERMEDIATE,10.0
1212,9105,3,21.0,14,14,INTERMEDIATE,10.0
1212,9105,3,27.0,14,20,INTERMEDIATE,0.0
1212,9105,3,77.0,14,22,INTERMEDIATE,11.0
1212,9105,3,18.0,14,22,INTERMEDIATE,11.0
1212,9105,3,24.0,14,23,INTERMEDIATE,11.0
1212,9105,3,20.0,14,23,INTERMEDIATE,7.0
1212,9105,3,4.0,15,21,INTERMEDIATE,15.0
1212,9105,2,16.0,15,21,INTERMEDIATE,16.0
1212,9105,3,1.0,15,22,INTERMEDIATE,11.0
1212,9105,3,22.0,15,24,INTERMEDIATE,10.0
1212,9105,4,21.0,15,24,INTERMEDIATE,11.0
1212,9105,3,23.0,16,16,INTERMEDIATE,8.0
1212,9105,3,11.0,16,20,INTERMEDIATE,11.0
1212,9105,3,81.0,16,25,INTERMEDIATE,12.0
1212,9105,4,23.0,17,21,INTERMEDIATE,9.0
1212,9105,3,16.0,22,22,INTERMEDIATE,23.0
1212,9106,1,16.0,1,1,INTERMEDIATE,0.0
1212,9106,1,1.0,1,1,INTERMEDIATE,0.0
1212,9106,1,22.0,1,1,INTERMEDIATE,0.0
1212,9106,1,55.0,1,1,INTERMEDIATE,0.0
1212,9106,1,24.0,1,1,INTERMEDIATE,0.0
1212,9106,1,20.0,1,2,INTERMEDIATE,0.0
1212,9106,1,44.0,1,2,INTERMEDIATE,0.0
1212,9106,1,11.0,1,2,INTERMEDIATE,0.0
1212,9106,1,18.0,1,2,INTERMEDIATE,0.0
1212,9106,1,14.0,1,2,INTERMEDIATE,0.0
1212,9106,1,81.0,1,2,INTERMEDIATE,0.0
1212,9106,1,4.0,1,2,INTERMEDIATE,0.0
1212,9106,1,27.0,1,2,INTERMEDIATE,0.0
1212,9106,1,31.0,1,2,INTERMEDIATE,0.0
1212,9106,1,63.0,1,2,INTERMEDIATE,0.0
1212,9106,1,21.0,1,2,INTERMEDIATE,0.0
1212,9106,1,23.0,1,3,INTERMEDIATE,0.0
1212,9106,1,77.0,1,3,INTERMEDIATE,0.0
1212,9106,1,2.0,1,3,INTERMEDIATE,0.0
1212,9106,1,10.0,1,11,INTERMEDIATE,0.0
1212,9106,2,22.0,2,6,INTERMEDIATE,0.0
1212,9106,2,24.0,2,7,INTERMEDIATE,0.0
1212,9106,2,1.0,2,12,INTERMEDIATE,1.0
1212,9106,2,16.0,2,12,INTERMEDIATE,1.0
1212,9106,2,55.0,2,12,INTERMEDIATE,1.0
1212,9106,2,27.0,3,8,INTERMEDIATE,2.0
1212,9106,2,20.0,3,8,INTERMEDIATE,0.0
1212,9106,2,18.0,3,8,INTERMEDIATE,2.0
1212,9106,2,21.0,3,8,INTERMEDIATE,0.0
1212,9106,2,4.0,3,12,INTERMEDIATE,0.0
1212,9106,2,14.0,3,12,INTERMEDIATE,2.0
1212,9106,2,31.0,3,12,INTERMEDIATE,0.0
1212,9106,2,81.0,3,12,INTERMEDIATE,0.0
1212,9106,2,44.0,3,12,INTERMEDIATE,2.0
1212,9106,2,63.0,3,12,INTERMEDIATE,2.0
1212,9106,2,11.0,3,13,INTERMEDIATE,0.0
1212,9106,2,23.0,4,9,INTERMEDIATE,3.0
1212,9106,2,2.0,4,9,INTERMEDIATE,3.0
1212,9106,2,77.0,4,13,INTERMEDIATE,3.0
1212,9106,3,22.0,7,11,INTERMEDIATE,0.0
1212,9106,3,24.0,8,11,INTERMEDIATE,0.0
1212,9106,3,20.0,9,12,INTERMEDIATE,0.0
1212,9106,3,18.0,9,12,INTERMEDIATE,0.0
1212,9106,3,21.0,9,12,INTERMEDIATE,0.0
1212,9106,3,27.0,9,13,INTERMEDIATE,0.0
1212,9106,3,23.0,10,14,INTERMEDIATE,0.0
1212,9106,3,2.0,10,14,INTERMEDIATE,0.0
1212,9106,3,4.0,13,14,INTERMEDIATE,0.0
1212,9106,4,18.0,13,14,INTERMEDIATE,0.0
1212,9106,3,1.0,13,15,INTERMEDIATE,0.0
1212,9106,3,81.0,13,15,INTERMEDIATE,0.0
1212,9106,3,16.0,13,15,INTERMEDIATE,0.0
1212,9106,3,55.0,13,15,INTERMEDIATE,0.0
1212,9106,3,31.0,13,15,INTERMEDIATE,0.0
1212,9106,4,20.0,13,15,INTERMEDIATE,0.0
1212,9106,3,63.0,13,16,INTERMEDIATE,0.0
1212,9106,3,14.0,13,17,INTERMEDIATE,0.0
1212,9106,3,44.0,13,17,INTERMEDIATE,0.0
1212,9106,3,11.0,14,16,INTERMEDIATE,0.0
1212,9106,3,77.0,14,16,INTERMEDIATE,0.0
1212,9106,4,27.0,14,16,INTERMEDIATE,0.0
1212,9106,5,18.0,15,17,INTERMEDIATE,0.0
1212,9106,4,23.0,15,19,SOFT,0.0
1212,9106,4,4.0,15,21,SOFT,0.0
1212,9106,5,20.0,16,16,INTERMEDIATE,3.0
1212,9106,4,16.0,16,20,SOFT,0.0
1212,9106,4,55.0,16,20,SOFT,0.0
1212,9106,4,31.0,16,20,SOFT,0.0
1212,9106,4,1.0,16,21,SOFT,0.0
1212,9106,4,81.0,16,21,SOFT,0.0
1212,9106,4,63.0,17,18,SOFT,0.0
1212,9106,4,11.0,17,19,SOFT,0.0
1212,9106,6,20.0,17,19,SOFT,0.0
1212,9106,5,27.0,17,20,SOFT,0.0
1212,9106,4,77.0,17,21,SOFT,0.0
1212,9106,4,44.0,18,19,SOFT,0.0
1212,9106,4,14.0,18,20,SOFT,0.0
1212,9106,6,18.0,18,20,SOFT,0.0
1212,9106,5,63.0,19,20,INTERMEDIATE,0.0
1212,9106,5,44.0,20,21,INTERMEDIATE,0.0
1212,9106,7,20.0,20,21,INTERMEDIATE,0.0
1212,9106,5,23.0,20,22,INTERMEDIATE,0.0
1212,9106,5,11.0,20,23,INTERMEDIATE,0.0
1212,9106,5,16.0,21,22,INTERMEDIATE,0.0
1212,9106,5,14.0,21,23,INTERMEDIATE,0.0
1212,9106,5,55.0,21,23,INTERMEDIATE,0.0
1212,9106,6,63.0,21,23,INTERMEDIATE,2.0
1212,9106,5,31.0,21,24,INTERMEDIATE,2.0
1212,9106,6,27.0,21,24,INTERMEDIATE,8.0
1212,9106,5,77.0,22,24,INTERMEDIATE,0.0
1212,9106,5,4.0,22,24,INTERMEDIATE,0.0
1212,9106,5,81.0,22,24,INTERMEDIATE,0.0
1212,9106,6,44.0,22,24,INTERMEDIATE,2.0
1212,9106,5,1.0,22,25,INTERMEDIATE,0.0
1212,9106,6,23.0,23,24,INTERMEDIATE,3.0
1212,9106,6,14.0,24,25,INTERMEDIATE,0.0
1212,9106,7,63.0,24,25,INTERMEDIATE,0.0
1212,9106,6,55.0,24,26,INTERMEDIATE,0.0
1212,9106,7,27.0,25,25,INTERMEDIATE,0.0
1212,9106,6,31.0,25,25,INTERMEDIATE,3.0
1212,9106,6,4.0,25,26,INTERMEDIATE,2.0
1212,9106,7,44.0,25,26,INTERMEDIATE,0.0
1212,9106,6,1.0,26,26,INTERMEDIATE,0.0
1212,9110,1,22.0,1,1,MEDIUM,0.0
1212,9110,1,2.0,1,7,MEDIUM,0.0
1212,9110,1,10.0,1,10,SOFT,0.0
1212,9110,1,27.0,1,11,MEDIUM,0.0
1212,9110,1,18.0,1,11,MEDIUM,0.0
1212,9110,1,21.0,1,11,MEDIUM,0.0
1212,9110,1,1.0,1,12,MEDIUM,0.0
1212,9110,1,14.0,1,12,MEDIUM,0.0
1212,9110,1,63.0,1,12,MEDIUM,0.0
1212,9110,1,31.0,1,12,MEDIUM,0.0
1212,9110,1,44.0,1,12,MEDIUM,0.0
1212,9110,1,81.0,1,12,MEDIUM,0.0
1212,9110,1,24.0,1,12,MEDIUM,0.0
1212,9110,1,23.0,1,12,MEDIUM,1.0
1212,9110,1,4.0,1,12,MEDIUM,0.0
1212,9110,1,20.0,1,35,HARD,0.0
1212,9110,1,77.0,1,36,HARD,0.0
1212,9110,1,11.0,1,37,HARD,0.0
1212,9110,1,55.0,1,38,MEDIUM,0.0
1212,9110,1,16.0,1,39,MEDIUM,0.0
1212,9110,2,22.0,2,2,UNKNOWN,0.0
1212,9110,3,22.0,3,70,HARD,0.0
1212,9110,2,10.0,11,33,HARD,0.0
1212,9110,2,18.0,12,27,HARD,0.0
1212,9110,2,27.0,12,31,HARD,0.0
1212,9110,2,21.0,12,50,HARD,0.0
1212,9110,2,24.0,13,32,HARD,0.0
1212,9110,2,4.0,13,35,HARD,0.0
1212,9110,2,31.0,13,36,HARD,0.0
1212,9110,2,81.0,13,37,HARD,0.0
1212,9110,2,44.0,13,40,HARD,0.0
1212,9110,2,14.0,13,41,HARD,0.0
1212,9110,2,1.0,13,42,HARD,0.0
1212,9110,2,63.0,13,54,HARD,0.0
1212,9110,2,23.0,13,70,HARD,0.0
1212,9110,3,18.0,28,70,HARD,0.0
1212,9110,3,27.0,32,69,HARD,0.0
1212,9110,3,24.0,33,69,HARD,0.0
1212,9110,3,10.0,34,70,HARD,0.0
1212,9110,2,20.0,36,53,MEDIUM,0.0
1212,9110,3,4.0,36,70,HARD,0.0
1212,9110,3,31.0,37,70,HARD,0.0
1212,9110,2,77.0,37,70,MEDIUM,0.0
1212,9110,2,11.0,38,68,MEDIUM,0.0
1212,9110,3,81.0,38,70,HARD,0.0
1212,9110,2,55.0,39,70,HARD,0.0
1212,9110,2,16.0,40,70,HARD,0.0
1212,9110,3,44.0,41,70,MEDIUM,0.0
1212,9110,3,14.0,42,70,HARD,0.0
1212,9110,3,1.0,43,70,MEDIUM,0.0
1212,9110,3,21.0,51,69,HARD,0.0
1212,9110,3,20.0,54,69,MEDIUM,0.0
1212,9110,3,11.0,69,70,SOFT,0.0
1213,9112,1,31.0,1,1,SOFT,0.0
1213,9112,1,77.0,1,2,SOFT,0.0
1213,9112,1,24.0,1,3,SOFT,0.0
1213,9112,1,23.0,1,3,SOFT,0.0
1213,9112,1,10.0,1,3,SOFT,3.0
1213,9112,1,2.0,1,3,SOFT,0.0
1213,9112,1,1.0,1,4,SOFT,0.0
1213,9112,1,55.0,1,4,SOFT,8.0
1213,9112,1,16.0,1,4,SOFT,9.0
1213,9112,1,11.0,1,4,SOFT,0.0
1213,9112,1,44.0,1,4,SOFT,3.0
1213,9112,1,14.0,1,4,SOFT,0.0
1213,9112,1,18.0,1,4,SOFT,0.0
1213,9112,1,20.0,1,4,SOFT,0.0
1213,9112,1,63.0,1,4,SOFT,0.0
1213,9112,1,81.0,1,4,SOFT,0.0
1213,9112,1,22.0,1,4,SOFT,0.0
1213,9112,1,27.0,1,4,SOFT,0.0
1213,9112,1,4.0,1,4,SOFT,0.0
1213,9112,1,21.0,1,4,SOFT,0.0
1213,9112,2,31.0,2,6,SOFT,1.0
1213,9112,2,77.0,3,5,SOFT,0.0
1213,9112,2,23.0,4,6,SOFT,3.0
1213,9112,2,24.0,4,6,SOFT,0.0
1213,9112,2,2.0,4,6,SOFT,0.0
1213,9112,2,10.0,4,6,SOFT,0.0
1213,9112,2,14.0,5,7,SOFT,4.0
1213,9112,2,4.0,5,7,SOFT,4.0
1213,9112,2,11.0,5,7,SOFT,0.0
1213,9112,2,21.0,5,7,SOFT,0.0
1213,9112,2,22.0,5,7,SOFT,0.0
1213,9112,2,63.0,5,9,SOFT,0.0
1213,9112,2,44.0,5,9,SOFT,0.0
1213,9112,2,1.0,5,9,SOFT,4.0
1213,9112,2,55.0,5,10,SOFT,0.0
1213,9112,2,16.0,5,10,SOFT,0.0
1213,9112,2,20.0,5,10,SOFT,0.0
1213,9112,2,27.0,5,10,SOFT,0.0
1213,9112,2,81.0,5,10,SOFT,0.0
1213,9112,2,18.0,5,10,SOFT,0.0
1213,9112,3,77.0,6,8,SOFT,0.0
1213,9112,3,23.0,7,9,SOFT,0.0
1213,9112,3,2.0,7,9,SOFT,0.0
1213,9112,3,31.0,7,9,SOFT,0.0
1213,9112,3,24.0,7,9,SOFT,0.0
1213,9112,3,10.0,7,9,SOFT,0.0
1213,9112,3,11.0,8,10,SOFT,0.0
1213,9112,3,21.0,8,10,SOFT,0.0
1213,9112,3,22.0,8,10,SOFT,0.0
1213,9112,3,4.0,8,12,SOFT,0.0
1213,9112,3,14.0,8,12,SOFT,0.0
1213,9112,4,77.0,9,11,SOFT,0.0
1213,9112,3,44.0,10,11,SOFT,0.0
1213,9112,3,63.0,10,12,SOFT,0.0
1213,9112,3,1.0,10,12,SOFT,9.0
1213,9112,4,31.0,10,12,SOFT,0.0
1213,9112,4,10.0,10,12,SOFT,0.0
1213,9112,4,23.0,10,12,SOFT,0.0
1213,9112,3,55.0,11,13,SOFT,0.0
1213,9112,3,16.0,11,14,SOFT,6.0
1213,9112,3,27.0,11,15,SOFT,0.0
1213,9112,4,11.0,11,16,SOFT,0.0
1213,9112,3,18.0,11,16,SOFT,0.0
1213,9112,3,81.0,11,16,SOFT,0.0
1213,9112,4,44.0,12,14,SOFT,2.0
1213,9112,5,77.0,12,14,SOFT,0.0
1213,9112,4,4.0,13,15,SOFT,0.0
1213,9112,4,14.0,13,15,SOFT,0.0
1213,9112,4,63.0,13,15,SOFT,3.0
1213,9112,5,31.0,13,15,SOFT,0.0
1213,9112,5,10.0,13,15,SOFT,0.0
1213,9112,5,23.0,13,15,SOFT,0.0
1213,9112,4,1.0,13,18,SOFT,0.0
1213,9112,4,55.0,14,16,SOFT,0.0
1213,9112,5,44.0,15,19,SOFT,0.0
1213,9112,4,16.0,15,20,SOFT,0.0
1213,9112,5,4.0,16,17,SOFT,0.0
1213,9112,5,14.0,16,18,SOFT,0.0
1213,9112,5,63.0,16,18,SOFT,0.0
1213,9112,4,27.0,16,18,SOFT,0.0
1213,9112,6,23.0,16,18,SOFT,3.0
1213,9112,6,10.0,16,18,SOFT,3.0
1213,9112,5,11.0,17,19,SOFT,0.0
1213,9112,4,18.0,17,19,SOFT,0.0
1213,9112,5,55.0,17,19,SOFT,0.0
1213,9112,4,81.0,17,19,SOFT,0.0
1213,9112,6,4.0,18,20,SOFT,2.0
1213,9112,6,63.0,19,21,SOFT,0.0
1213,9112,6,14.0,19,21,SOFT,0.0
1213,9112,5,1.0,19,21,SOFT,0.0
1213,9112,5,27.0,19,21,SOFT,3.0
1213,9112,7,23.0,19,21,SOFT,0.0
1213,9112,7,10.0,19,21,SOFT,0.0
1213,9112,6,55.0,20,22,SOFT,0.0
1213,9112,5,18.0,20,22,SOFT,6.0
1213,9112,6,44.0,20,22,SOFT,0.0
1213,9112,5,16.0,21,23,SOFT,0.0
1213,9112,7,4.0,21,23,SOFT,0.0
1213,9112,7,14.0,22,24,SOFT,3.0
1213,9112,6,1.0,22,24,SOFT,0.0
1213,9112,6,27.0,22,24,SOFT,0.0
1213,9112,6,18.0,23,25,SOFT,0.0
1213,9112,7,55.0,23,25,SOFT,0.0
1213,9112,7,44.0,23,25,SOFT,0.0
1213,9112,6,16.0,24,26,SOFT,0.0
1213,9112,8,14.0,25,27,SOFT,0.0
1213,9117,1,63.0,1,15,INTERMEDIATE,0.0
1213,9117,1,81.0,1,16,INTERMEDIATE,0.0
1213,9117,1,44.0,1,17,INTERMEDIATE,0.0
1213,9117,1,24.0,1,17,INTERMEDIATE,0.0
1213,9117,1,27.0,1,17,INTERMEDIATE,0.0
1213,9117,1,20.0,1,17,INTERMEDIATE,0.0
1213,9117,1,21.0,1,17,INTERMEDIATE,0.0
1213,9117,1,2.0,1,17,INTERMEDIATE,0.0
1213,9117,1,23.0,1,18,INTERMEDIATE,0.0
1213,9117,1,22.0,1,18,INTERMEDIATE,0.0
1213,9117,1,16.0,1,18,INTERMEDIATE,0.0
1213,9117,1,14.0,1,24,INTERMEDIATE,0.0
1213,9117,1,18.0,1,24,INTERMEDIATE,0.0
1213,9117,1,31.0,1,24,INTERMEDIATE,0.0
1213,9117,1,11.0,1,24,INTERMEDIATE,0.0
1213,9117,1,10.0,1,24,INTERMEDIATE,0.0
1213,9117,1,77.0,1,24,INTERMEDIATE,4.0
1213,9117,1,4.0,1,24,INTERMEDIATE,0.0
1213,9117,1,55.0,1,24,INTERMEDIATE,0.0
1213,9117,1,1.0,1,24,INTERMEDIATE,0.0
1213,9117,2,63.0,16,24,SOFT,3.0
1213,9117,2,81.0,17,24,SOFT,0.0
1213,9117,2,27.0,18,24,MEDIUM,0.0
1213,9117,2,44.0,18,24,SOFT,5.0
1213,9117,2,20.0,18,24,MEDIUM,0.0
1213,9117,2,2.0,18,24,MEDIUM,0.0
1213,9117,2,24.0,18,24,SOFT,7.0
1213,9117,2,21.0,18,24,SOFT,8.0
1213,9117,2,23.0,19,24,MEDIUM,2.0
1213,9117,2,16.0,19,24,MEDIUM,0.0
1213,9117,2,22.0,19,24,SOFT,3.0
1213,9118,1,22.0,1,1,MEDIUM,0.0
1213,9118,1,20.0,1,1,HARD,0.0
1213,9118,1,1.0,1,2,MEDIUM,0.0
1213,9118,1,16.0,1,2,MEDIUM,0.0
1213,9118,1,55.0,1,2,MEDIUM,0.0
1213,9118,1,14.0,1,2,HARD,0.0
1213,9118,1,4.0,1,2,MEDIUM,0.0
1213,9118,1,27.0,1,2,MEDIUM,3.0
1213,9118,1,10.0,1,2,MEDIUM,0.0
1213,9118,1,44.0,1,2,MEDIUM,0.0
1213,9118,1,18.0,1,2,MEDIUM,0.0
1213,9118,1,23.0,1,2,MEDIUM,0.0
1213,9118,1,31.0,1,2,MEDIUM,0.0
1213,9118,1,63.0,1,2,MEDIUM,0.0
1213,9118,1,81.0,1,2,MEDIUM,0.0
1213,9118,1,11.0,1,2,MEDIUM,0.0
1213,9118,1,77.0,1,2,HARD,0.0
1213,9118,1,2.0,1,2,MEDIUM,0.0
1213,9118,1,24.0,1,2,MEDIUM,0.0
1213,9118,1,21.0,1,2,MEDIUM,0.0
1213,9118,2,20.0,2,2,UNKNOWN,0.0
1213,9118,2,22.0,2,2,HARD,0.0
1213,9118,2,24.0,3,8,MEDIUM,0.0
1213,9118,2,27.0,3,11,MEDIUM,0.0
1213,9118,2,21.0,3,12,MEDIUM,2.0
1213,9118,2,4.0,3,14,MEDIUM,2.0
1213,9118,2,44.0,3,14,MEDIUM,2.0
1213,9118,2,10.0,3,14,MEDIUM,0.0
1213,9118,2,23.0,3,14,MEDIUM,0.0
1213,9118,2,31.0,3,14,MEDIUM,2.0
1213,9118,2,63.0,3,14,MEDIUM,2.0
1213,9118,2,81.0,3,14,MEDIUM,2.0
1213,9118,2,2.0,3,14,MEDIUM,0.0
1213,9118,2,16.0,3,15,MEDIUM,0.0
1213,9118,2,55.0,3,15,MEDIUM,0.0
1213,9118,2,14.0,3,15,HARD,2.0
1213,9118,2,18.0,3,15,MEDIUM,2.0
1213,9118,2,77.0,3,21,HARD,0.0
1213,9118,3,22.0,3,23,HARD,1.0
1213,9118,2,1.0,3,24,MEDIUM,0.0
1213,9118,2,11.0,3,25,MEDIUM,2.0
1213,9118,3,20.0,3,34,HARD,0.0
1213,9118,3,24.0,9,38,HARD,0.0
1213,9118,3,27.0,12,13,HARD,0.0
1213,9118,3,21.0,13,37,HARD,0.0
1213,9118,3,81.0,15,22,HARD,0.0
1213,9118,3,31.0,15,40,HARD,0.0
1213,9118,3,4.0,15,41,HARD,0.0
1213,9118,3,23.0,15,41,HARD,0.0
1213,9118,3,63.0,15,41,HARD,0.0
1213,9118,3,44.0,15,42,HARD,0.0
1213,9118,3,2.0,15,43,HARD,0.0
1213,9118,3,10.0,15,44,HARD,0.0
1213,9118,3,18.0,16,36,HARD,0.0
1213,9118,3,14.0,16,44,MEDIUM,0.0
1213,9118,3,55.0,16,45,MEDIUM,0.0
1213,9118,3,16.0,16,47,MEDIUM,0.0
1213,9118,3,77.0,22,40,MEDIUM,0.0
1213,9118,4,81.0,23,41,HARD,0.0
1213,9118,4,22.0,24,43,HARD,0.0
1213,9118,3,1.0,25,49,HARD,0.0
1213,9118,3,11.0,26,50,MEDIUM,0.0
1213,9118,4,20.0,35,70,HARD,1.0
1213,9118,4,18.0,37,54,HARD,0.0
1213,9118,4,21.0,38,70,MEDIUM,0.0
1213,9118,4,24.0,39,70,HARD,0.0
1213,9118,4,31.0,41,70,HARD,0.0
1213,9118,4,77.0,41,70,HARD,0.0
1213,9118,5,81.0,42,70,MEDIUM,0.0
1213,9118,4,4.0,42,71,HARD,0.0
1213,9118,4,63.0,42,71,MEDIUM,0.0
1213,9118,4,23.0,42,71,HARD,0.0
1213,9118,4,44.0,43,71,MEDIUM,0.0
1213,9118,4,2.0,44,70,HARD,0.0
1213,9118,5,22.0,44,70,MEDIUM,0.0
1213,9118,4,14.0,45,71,MEDIUM,0.0
1213,9118,4,10.0,45,71,MEDIUM,0.0
1213,9118,4,55.0,46,71,HARD,0.0
1213,9118,4,16.0,48,71,HARD,0.0
1213,9118,4,1.0,50,69,MEDIUM,0.0
1213,9118,4,11.0,51,71,HARD,0.0
1213,9118,5,18.0,55,71,MEDIUM,0.0
1213,9118,5,1.0,70,71,SOFT,3.0
1213,9282,1,23.0,1,1,INTERMEDIATE,0.0
1213,9282,1,81.0,1,1,INTERMEDIATE,0.0
1213,9282,1,2.0,1,1,INTERMEDIATE,0.0
1213,9282,1,55.0,1,2,SOFT,3.0
1213,9282,1,44.0,1,4,SOFT,5.0
1213,9282,1,20.0,1,4,MEDIUM,0.0
1213,9282,1,24.0,1,4,SOFT,3.0
1213,9282,1,27.0,1,4,SOFT,6.0
1213,9282,1,77.0,1,4,MEDIUM,0.0
1213,9282,1,14.0,1,5,SOFT,6.0
1213,9282,1,18.0,1,5,SOFT,4.0
1213,9282,1,63.0,1,5,SOFT,3.0
1213,9282,1,22.0,1,5,SOFT,0.0
1213,9282,1,21.0,1,5,SOFT,0.0
1213,9282,1,31.0,1,5,SOFT,3.0
1213,9282,1,10.0,1,5,SOFT,3.0
1213,9282,1,1.0,1,6,MEDIUM,0.0
1213,9282,1,16.0,1,6,SOFT,6.0
1213,9282,1,11.0,1,6,SOFT,3.0
1213,9282,1,4.0,1,9,SOFT,3.0
1213,9282,2,23.0,2,6,SOFT,3.0
1213,9282,2,2.0,2,10,SOFT,0.0
1213,9282,2,81.0,2,10,SOFT,3.0
1213,9282,2,55.0,3,5,SOFT,3.0
1213,9282,2,44.0,5,9,SOFT,3.0
1213,9282,2,27.0,5,9,SOFT,3.0
1213,9282,2,77.0,5,9,SOFT,3.0
1213,9282,2,20.0,5,9,SOFT,0.0
1213,9282,2,24.0,5,9,SOFT,0.0
1213,9282,3,55.0,6,9,SOFT,5.0
1213,9282,2,63.0,6,10,MEDIUM,0.0
1213,9282,2,31.0,6,10,SOFT,3.0
1213,9282,2,10.0,6,10,SOFT,3.0
1213,9282,2,21.0,6,10,SOFT,0.0
1213,9282,2,14.0,6,10,SOFT,3.0
1213,9282,2,18.0,6,10,SOFT,3.0
1213,9282,2,22.0,6,10,SOFT,0.0
1213,9282,2,1.0,7,9,SOFT,3.0
1213,9282,2,11.0,7,9,SOFT,0.0
1213,9282,2,16.0,7,10,SOFT,3.0
1213,9282,3,23.0,7,10,SOFT,3.0
1213,9282,3,20.0,10,12,SOFT,0.0
1213,9282,4,55.0,10,12,SOFT,3.0
1213,9282,2,4.0,10,14,SOFT,3.0
1213,9282,3,27.0,10,14,SOFT,8.0
1213,9282,3,11.0,10,14,SOFT,3.0
1213,9282,3,1.0,10,17,SOFT,6.0
1213,9282,3,31.0,11,13,SOFT,3.0
1213,9282,3,10.0,11,13,SOFT,3.0
1213,9282,3,16.0,11,14,SOFT,7.0
1213,9282,3,14.0,11,15,SOFT,3.0
1213,9282,3,18.0,11,15,SOFT,3.0
1213,9282,3,21.0,11,15,SOFT,3.0
1213,9282,3,22.0,11,15,SOFT,4.0
1213,9282,4,23.0,11,15,SOFT,3.0
1213,9282,5,55.0,13,15,MEDIUM,0.0
1213,9282,4,20.0,13,17,SOFT,0.0
1213,9282,4,10.0,14,16,SOFT,3.0
1213,9282,4,31.0,14,18,SOFT,0.0
1213,9282,3,4.0,15,17,SOFT,5.0
1213,9282,4,11.0,15,17,SOFT,0.0
1213,9282,4,27.0,15,17,SOFT,6.0
1213,9282,4,16.0,15,18,SOFT,3.0
1213,9282,4,14.0,16,18,SOFT,3.0
1213,9282,4,18.0,16,18,SOFT,6.0
1213,9282,4,21.0,16,18,SOFT,3.0
1213,9282,5,23.0,16,18,SOFT,6.0
1213,9282,4,22.0,16,18,SOFT,3.0
1213,9282,6,55.0,16,18,SOFT,3.0
1213,9282,4,1.0,18,20,SOFT,0.0
1213,9282,5,11.0,18,20,SOFT,3.0
1213,9282,5,20.0,18,20,SOFT,5.0
1213,9282,5,27.0,18,20,MEDIUM,0.0
1213,9282,4,4.0,18,23,SOFT,0.0
1213,9282,5,31.0,19,21,SOFT,6.0
1213,9282,5,14.0,19,21,SOFT,7.0
1213,9282,5,18.0,19,21,SOFT,9.0
1213,9282,5,16.0,19,23,SOFT,0.0
1213,9282,5,1.0,21,23,SOFT,0.0
1213,9282,6,27.0,21,23,MEDIUM,0.0
1213,9282,6,11.0,21,23,SOFT,3.0
1213,9282,6,20.0,21,23,SOFT,3.0
1213,9282,6,14.0,22,24,SOFT,6.0
1213,9282,6,18.0,22,24,MEDIUM,0.0
1213,9282,6,31.0,22,24,SOFT,0.0
1214,9119,1,31.0,1,1,HARD,0.0
1214,9119,1,23.0,1,1,MEDIUM,0.0
1214,9119,1,2.0,1,2,HARD,0.0
1214,9119,1,24.0,1,2,MEDIUM,0.0
1214,9119,1,14.0,1,2,HARD,0.0
1214,9119,1,81.0,1,2,HARD,0.0
1214,9119,1,11.0,1,3,HARD,0.0
1214,9119,1,27.0,1,4,MEDIUM,0.0
1214,9119,1,21.0,1,4,MEDIUM,0.0
1214,9119,1,16.0,1,4,MEDIUM,0.0
1214,9119,1,4.0,1,5,MEDIUM,0.0
1214,9119,1,63.0,1,6,HARD,0.0
1214,9119,1,20.0,1,6,HARD,0.0
1214,9119,1,44.0,1,6,HARD,0.0
1214,9119,1,1.0,1,8,HARD,0.0
1214,9119,1,77.0,1,9,MEDIUM,0.0
1214,9119,1,18.0,1,9,MEDIUM,0.0
1214,9119,1,55.0,1,9,MEDIUM,0.0
1214,9119,1,10.0,1,10,MEDIUM,0.0
1214,9119,1,22.0,1,10,MEDIUM,0.0
1214,9119,2,23.0,2,2,MEDIUM,1.0
1214,9119,2,31.0,2,10,HARD,1.0
1214,9119,3,23.0,3,3,MEDIUM,2.0
1214,9119,2,2.0,3,4,HARD,2.0
1214,9119,2,81.0,3,4,HARD,2.0
1214,9119,2,24.0,3,10,MEDIUM,2.0
1214,9119,2,14.0,3,12,HARD,2.0
1214,9119,4,23.0,4,11,MEDIUM,3.0
1214,9119,2,11.0,4,12,HARD,3.0
1214,9119,2,27.0,5,8,MEDIUM,4.0
1214,9119,3,2.0,5,8,SOFT,0.0
1214,9119,2,21.0,5,10,MEDIUM,4.0
1214,9119,2,16.0,5,10,MEDIUM,4.0
1214,9119,3,81.0,5,13,MEDIUM,0.0
1214,9119,2,4.0,6,6,MEDIUM,5.0
1214,9119,3,4.0,7,7,MEDIUM,6.0
1214,9119,2,20.0,7,7,HARD,6.0
1214,9119,2,63.0,7,11,HARD,6.0
1214,9119,2,44.0,7,11,HARD,6.0
1214,9119,4,4.0,8,8,MEDIUM,7.0
1214,9119,3,20.0,8,10,SOFT,0.0
1214,9119,4,2.0,9,11,SOFT,4.0
1214,9119,3,27.0,9,13,SOFT,0.0
1214,9119,5,4.0,9,14,MEDIUM,8.0
1214,9119,2,1.0,9,17,HARD,8.0
1214,9119,2,77.0,10,10,MEDIUM,9.0
1214,9119,2,55.0,10,12,SOFT,0.0
1214,9119,2,18.0,10,19,MEDIUM,9.0
1214,9119,2,10.0,11,11,MEDIUM,10.0
1214,9119,3,16.0,11,13,SOFT,0.0
1214,9119,4,20.0,11,13,SOFT,3.0
1214,9119,3,21.0,11,15,MEDIUM,10.0
1214,9119,3,77.0,11,15,SOFT,0.0
1214,9119,3,31.0,11,15,SOFT,0.0
1214,9119,3,24.0,11,15,SOFT,0.0
1214,9119,2,22.0,11,16,SOFT,0.0
1214,9119,5,23.0,12,12,MEDIUM,11.0
1214,9119,3,44.0,12,14,MEDIUM,0.0
1214,9119,3,63.0,12,16,HARD,0.0
1214,9119,3,10.0,12,16,SOFT,0.0
1214,9119,5,2.0,12,24,HARD,4.0
1214,9119,6,23.0,13,13,MEDIUM,12.0
1214,9119,3,55.0,13,14,SOFT,3.0
1214,9119,3,11.0,13,15,SOFT,0.0
1214,9119,3,14.0,13,21,SOFT,0.0
1214,9119,7,23.0,14,14,MEDIUM,13.0
1214,9119,4,16.0,14,16,SOFT,3.0
1214,9119,4,81.0,14,16,SOFT,0.0
1214,9119,5,20.0,14,21,SOFT,6.0
1214,9119,4,27.0,14,22,MEDIUM,8.0
1214,9119,8,23.0,15,18,SOFT,0.0
1214,9119,4,44.0,15,20,MEDIUM,3.0
1214,9119,6,4.0,15,25,SOFT,0.0
1214,9119,4,55.0,15,25,MEDIUM,9.0
1214,9119,4,21.0,16,20,SOFT,0.0
1214,9119,4,24.0,16,20,SOFT,5.0
1214,9119,4,11.0,16,22,SOFT,3.0
1214,9119,4,77.0,16,22,SOFT,5.0
1214,9119,4,31.0,16,23,SOFT,5.0
1214,9119,4,63.0,17,21,MEDIUM,0.0
1214,9119,4,10.0,17,24,SOFT,5.0
1214,9119,5,16.0,17,25,SOFT,6.0
1214,9119,3,22.0,17,28,SOFT,0.0
1214,9119,3,1.0,18,20,SOFT,0.0
1214,9119,9,23.0,19,22,SOFT,4.0
1214,9119,3,18.0,20,22,SOFT,0.0
1214,9119,5,44.0,21,23,MEDIUM,9.0
1214,9119,4,1.0,21,26,SOFT,3.0
1214,9119,5,21.0,21,26,MEDIUM,15.0
1214,9119,5,63.0,22,28,MEDIUM,5.0
1214,9119,4,18.0,23,26,SOFT,3.0
1214,9120,1,23.0,1,4,HARD,0.0
1214,9120,1,27.0,1,5,HARD,0.0
1214,9120,1,63.0,1,5,MEDIUM,0.0
1214,9120,1,1.0,1,5,MEDIUM,0.0
1214,9120,1,14.0,1,5,MEDIUM,0.0
1214,9120,1,24.0,1,5,MEDIUM,0.0
1214,9120,1,31.0,1,6,MEDIUM,0.0
1214,9120,1,11.0,1,6,MEDIUM,0.0
1214,9120,1,20.0,1,6,MEDIUM,0.0
1214,9120,1,10.0,1,7,HARD,0.0
1214,9120,1,4.0,1,7,HARD,0.0
1214,9120,1,2.0,1,7,MEDIUM,0.0
1214,9120,1,44.0,1,7,MEDIUM,0.0
1214,9120,1,18.0,1,7,HARD,0.0
1214,9120,1,55.0,1,7,MEDIUM,0.0
1214,9120,1,22.0,1,8,HARD,0.0
1214,9120,1,81.0,1,9,MEDIUM,0.0
1214,9120,1,77.0,1,9,MEDIUM,0.0
1214,9120,1,21.0,1,9,HARD,0.0
1214,9120,2,23.0,5,7,HARD,4.0
1214,9120,2,1.0,6,8,SOFT,0.0
1214,9120,2,63.0,6,8,MEDIUM,5.0
1214,9120,2,27.0,6,8,SOFT,0.0
1214,9120,2,24.0,6,10,MEDIUM,5.0
1214,9120,2,14.0,6,10,SOFT,0.0
1214,9120,2,11.0,7,9,SOFT,0.0
1214,9120,2,31.0,7,9,SOFT,0.0
1214,9120,2,20.0,7,12,SOFT,0.0
1214,9120,2,18.0,8,10,SOFT,0.0
1214,9120,2,55.0,8,10,SOFT,0.0
1214,9120,2,10.0,8,10,SOFT,0.0
1214,9120,2,44.0,8,11,SOFT,0.0
1214,9120,2,2.0,8,12,SOFT,0.0
1214,9120,2,4.0,8,12,SOFT,0.0
1214,9120,3,23.0,8,13,SOFT,0.0
1214,9120,2,22.0,9,11,SOFT,0.0
1214,9120,3,63.0,9,13,SOFT,0.0
1214,9120,3,1.0,9,17,SOFT,3.0
1214,9120,3,27.0,9,28,HARD,5.0
1214,9120,2,81.0,10,13,SOFT,0.0
1214,9120,3,31.0,10,13,SOFT,3.0
1214,9120,2,21.0,10,15,SOFT,0.0
1214,9120,2,77.0,10,17,SOFT,0.0
1214,9120,3,11.0,10,22,SOFT,3.0
1214,9120,3,55.0,11,11,SOFT,3.0
1214,9120,3,10.0,11,13,SOFT,3.0
1214,9120,3,14.0,11,13,SOFT,5.0
1214,9120,3,24.0,11,14,SOFT,0.0
1214,9120,3,18.0,11,20,HARD,7.0
1214,9120,3,22.0,12,14,SOFT,3.0
1214,9120,4,55.0,12,22,SOFT,4.0
1214,9120,3,44.0,12,24,SOFT,0.0
1214,9120,3,2.0,13,14,SOFT,5.0
1214,9120,3,20.0,13,20,MEDIUM,6.0
1214,9120,3,4.0,13,24,HARD,7.0
1214,9120,4,23.0,14,15,SOFT,6.0
1214,9120,4,63.0,14,18,MEDIUM,8.0
1214,9120,4,31.0,14,24,MEDIUM,6.0
1214,9120,3,81.0,14,25,SOFT,4.0
1214,9120,4,14.0,14,26,MEDIUM,0.0
1214,9120,4,10.0,14,27,HARD,0.0
1214,9120,4,22.0,15,15,SOFT,6.0
1214,9120,4,24.0,15,17,SOFT,4.0
1214,9120,4,2.0,15,29,MEDIUM,7.0
1214,9120,3,21.0,16,25,SOFT,6.0
1214,9120,5,22.0,16,25,HARD,0.0
1214,9120,5,23.0,16,30,HARD,7.0
1214,9120,5,24.0,18,18,SOFT,7.0
1214,9120,3,77.0,18,19,MEDIUM,9.0
1214,9120,4,1.0,18,27,MEDIUM,5.0
1214,9120,5,63.0,19,25,SOFT,5.0
1214,9120,6,24.0,19,28,MEDIUM,10.0
1214,9120,4,77.0,20,28,SOFT,8.0
1214,9120,4,18.0,21,30,SOFT,3.0
1214,9120,5,55.0,23,29,MEDIUM,7.0
1214,9120,4,11.0,23,30,MEDIUM,6.0
1214,9120,4,21.0,26,28,HARD,9.0
1214,9120,4,81.0,26,29,MEDIUM,9.0
1214,9121,1,14.0,1,1,MEDIUM,0.0
1214,9121,1,18.0,1,1,MEDIUM,0.0
1214,9121,1,24.0,1,2,HARD,0.0
1214,9121,1,11.0,1,3,MEDIUM,0.0
1214,9121,1,16.0,1,3,SOFT,0.0
1214,9121,1,4.0,1,5,MEDIUM,0.0
1214,9121,1,20.0,1,5,MEDIUM,0.0
1214,9121,1,23.0,1,5,MEDIUM,0.0
1214,9121,1,1.0,1,6,MEDIUM,0.0
1214,9121,1,55.0,1,6,SOFT,0.0
1214,9121,1,2.0,1,7,MEDIUM,0.0
1214,9121,1,10.0,1,7,MEDIUM,0.0
1214,9121,1,27.0,1,7,MEDIUM,0.0
1214,9121,1,31.0,1,7,MEDIUM,0.0
1214,9121,1,77.0,1,7,HARD,0.0
1214,9121,1,21.0,1,8,MEDIUM,0.0
1214,9121,1,22.0,1,8,MEDIUM,0.0
1214,9121,1,44.0,1,8,SOFT,0.0
1214,9121,1,63.0,1,8,SOFT,0.0
1214,9121,1,81.0,1,9,HARD,4.0
1214,9121,2,14.0,2,2,HARD,0.0
1214,9121,2,18.0,2,6,MEDIUM,0.0
1214,9121,3,14.0,3,8,MEDIUM,0.0
1214,9121,2,11.0,4,6,MEDIUM,3.0
1214,9121,2,16.0,4,9,SOFT,3.0
1214,9121,2,20.0,6,7,SOFT,0.0
1214,9121,2,4.0,6,8,MEDIUM,5.0
1214,9121,2,23.0,6,8,SOFT,0.0
1214,9121,2,55.0,7,9,SOFT,6.0
1214,9121,3,11.0,7,9,MEDIUM,6.0
1214,9121,3,18.0,7,9,SOFT,0.0
1214,9121,2,1.0,7,11,MEDIUM,6.0
1214,9121,2,27.0,8,8,SOFT,0.0
1214,9121,2,77.0,8,9,SOFT,0.0
1214,9121,2,2.0,8,10,SOFT,0.0
1214,9121,2,31.0,8,10,SOFT,0.0
1214,9121,3,20.0,8,10,INTERMEDIATE,0.0
1214,9121,2,10.0,8,11,SOFT,0.0
1214,9121,3,4.0,9,9,SOFT,0.0
1214,9121,2,63.0,9,9,INTERMEDIATE,0.0
1214,9121,4,14.0,9,11,SOFT,0.0
1214,9121,3,23.0,9,11,INTERMEDIATE,0.0
1214,9121,2,21.0,9,12,SOFT,0.0
1214,9121,2,22.0,9,12,SOFT,0.0
1214,9121,2,44.0,9,12,INTERMEDIATE,0.0
1214,9121,3,27.0,9,13,INTERMEDIATE,0.0
1214,9121,4,4.0,10,11,INTERMEDIATE,0.0
1214,9121,4,11.0,10,11,INTERMEDIATE,0.0
1214,9121,2,81.0,10,12,SOFT,0.0
1214,9121,3,55.0,10,12,INTERMEDIATE,0.0
1214,9121,3,16.0,10,13,SOFT,0.0
1214,9121,3,77.0,10,14,INTERMEDIATE,0.0
1214,9121,4,18.0,10,15,INTERMEDIATE,0.0
1214,9121,3,63.0,10,17,INTERMEDIATE,1.0
1214,9121,3,2.0,11,13,INTERMEDIATE,0.0
1214,9121,4,20.0,11,13,INTERMEDIATE,3.0
1214,9121,3,31.0,11,16,INTERMEDIATE,0.0
1214,9121,5,4.0,12,13,SOFT,1.0
1214,9121,3,10.0,12,14,INTERMEDIATE,0.0
1214,9121,4,23.0,12,14,INTERMEDIATE,3.0
1214,9121,5,14.0,12,17,INTERMEDIATE,0.0
1214,9121,3,1.0,12,19,INTERMEDIATE,0.0
1214,9121,5,11.0,12,19,INTERMEDIATE,2.0
1214,9121,3,81.0,13,14,INTERMEDIATE,0.0
1214,9121,3,21.0,13,15,INTERMEDIATE,0.0
1214,9121,3,22.0,13,15,INTERMEDIATE,0.0
1214,9121,3,44.0,13,16,INTERMEDIATE,4.0
1214,9121,4,55.0,13,21,INTERMEDIATE,3.0
1214,9121,4,16.0,14,15,INTERMEDIATE,0.0
1214,9121,4,2.0,14,16,INTERMEDIATE,3.0
1214,9121,6,4.0,14,18,INTERMEDIATE,2.0
1214,9121,4,77.0,15,15,INTERMEDIATE,5.0
1214,9121,4,10.0,15,19,INTERMEDIATE,3.0
1214,9121,4,81.0,15,20,INTERMEDIATE,2.0
1214,9121,4,21.0,16,20,INTERMEDIATE,0.0
1214,9121,4,22.0,16,21,INTERMEDIATE,3.0
1214,9121,5,16.0,16,24,INTERMEDIATE,2.0
1214,9121,4,31.0,17,22,INTERMEDIATE,6.0
1214,9122,1,16.0,1,1,INTERMEDIATE,0.0
1214,9122,1,27.0,1,1,INTERMEDIATE,0.0
1214,9122,1,55.0,1,1,INTERMEDIATE,0.0
1214,9122,1,20.0,1,1,INTERMEDIATE,0.0
1214,9122,1,2.0,1,1,INTERMEDIATE,0.0
1214,9122,1,14.0,1,6,SOFT,0.0
1214,9122,1,22.0,1,6,SOFT,0.0
1214,9122,1,4.0,1,6,SOFT,0.0
1214,9122,1,81.0,1,6,SOFT,0.0
1214,9122,1,21.0,1,6,SOFT,0.0
1214,9122,1,18.0,1,6,SOFT,0.0
1214,9122,1,23.0,1,7,SOFT,0.0
1214,9122,1,24.0,1,7,SOFT,0.0
1214,9122,1,63.0,1,7,SOFT,0.0
1214,9122,1,77.0,1,7,SOFT,0.0
1214,9122,1,11.0,1,7,SOFT,0.0
1214,9122,1,1.0,1,8,SOFT,0.0
1214,9122,1,44.0,1,8,SOFT,0.0
1214,9122,1,31.0,1,8,SOFT,0.0
1214,9122,1,10.0,1,8,SOFT,0.0
1214,9122,2,2.0,2,6,SOFT,0.0
1214,9122,2,20.0,2,7,SOFT,0.0
1214,9122,2,16.0,2,8,SOFT,0.0
1214,9122,2,27.0,2,8,SOFT,0.0
1214,9122,2,55.0,2,9,SOFT,0.0
1214,9122,2,14.0,7,7,SOFT,0.0
1214,9122,2,21.0,7,8,SOFT,0.0
1214,9122,2,22.0,7,8,SOFT,0.0
1214,9122,3,2.0,7,8,SOFT,0.0
1214,9122,2,81.0,7,8,SOFT,0.0
1214,9122,2,4.0,7,8,SOFT,0.0
1214,9122,2,18.0,7,8,SOFT,0.0
1214,9122,2,24.0,8,8,SOFT,0.0
1214,9122,2,77.0,8,8,SOFT,0.0
1214,9122,2,23.0,8,8,SOFT,0.0
1214,9122,2,11.0,8,8,SOFT,0.0
1214,9122,3,14.0,8,10,SOFT,6.0
1214,9122,2,63.0,8,10,SOFT,0.0
1214,9122,3,11.0,9,11,SOFT,1.0
1214,9122,3,23.0,9,11,SOFT,0.0
1214,9122,3,77.0,9,11,SOFT,0.0
1214,9122,4,2.0,9,11,SOFT,0.0
1214,9122,3,24.0,9,11,SOFT,0.0
1214,9122,3,21.0,9,11,SOFT,0.0
1214,9122,3,4.0,9,11,SOFT,2.0
1214,9122,3,81.0,9,11,SOFT,2.0
1214,9122,3,18.0,9,11,SOFT,0.0
1214,9122,3,27.0,9,11,SOFT,0.0
1214,9122,3,22.0,9,11,SOFT,0.0
1214,9122,2,31.0,9,11,SOFT,0.0
1214,9122,3,16.0,9,11,SOFT,0.0
1214,9122,2,1.0,9,11,SOFT,8.0
1214,9122,2,44.0,9,11,SOFT,0.0
1214,9122,2,10.0,9,11,SOFT,0.0
1214,9122,3,55.0,10,12,SOFT,0.0
1214,9122,3,63.0,11,13,SOFT,3.0
1214,9122,4,14.0,11,15,SOFT,0.0
1214,9122,4,27.0,12,14,SOFT,0.0
1214,9122,3,44.0,12,14,SOFT,3.0
1214,9122,4,4.0,12,15,SOFT,0.0
1214,9122,3,31.0,12,15,SOFT,0.0
1214,9122,3,10.0,12,15,SOFT,0.0
1214,9122,5,2.0,12,16,SOFT,0.0
1214,9122,4,18.0,12,16,SOFT,0.0
1214,9122,4,23.0,12,16,SOFT,0.0
1214,9122,4,16.0,12,16,SOFT,0.0
1214,9122,3,1.0,12,17,SOFT,0.0
1214,9122,4,81.0,12,17,SOFT,0.0
1214,9122,4,55.0,13,17,SOFT,0.0
1214,9122,4,63.0,14,16,SOFT,0.0
1214,9122,4,44.0,15,17,SOFT,0.0
1214,9122,5,27.0,15,17,SOFT,0.0
1214,9122,5,14.0,16,18,SOFT,0.0
1214,9122,4,31.0,16,18,SOFT,0.0
1214,9122,4,10.0,16,18,SOFT,0.0
1214,9122,5,4.0,16,20,SOFT,0.0
1214,9122,5,63.0,17,18,SOFT,0.0
1214,9122,5,16.0,17,19,SOFT,3.0
1214,9122,5,23.0,17,19,SOFT,1.0
1214,9122,6,2.0,17,19,SOFT,2.0
1214,9122,5,18.0,17,19,SOFT,2.0
1214,9122,5,44.0,18,19,SOFT,0.0
1214,9122,5,55.0,18,20,SOFT,0.0
1214,9122,4,1.0,18,20,SOFT,0.0
1214,9122,5,81.0,18,20,SOFT,0.0
1214,9122,6,63.0,19,21,SOFT,2.0
1214,9122,6,14.0,19,21,SOFT,1.0
1214,9122,5,10.0,19,21,SOFT,3.0
1214,9122,6,44.0,20,22,SOFT,2.0
1214,9122,6,23.0,20,22,SOFT,3.0
1214,9122,6,16.0,20,22,SOFT,0.0
1214,9122,6,4.0,21,23,SOFT,4.0
1214,9122,5,1.0,21,23,SOFT,0.0
1214,9122,6,55.0,21,23,SOFT,3.0
1214,9122,6,81.0,21,23,SOFT,3.0
1214,9122,7,63.0,22,24,SOFT,0.0
1214,9122,7,14.0,22,24,SOFT,0.0
1214,9122,6,10.0,22,24,SOFT,0.0
1214,9122,7,44.0,23,25,SOFT,0.0
1214,9122,7,16.0,23,25,SOFT,0.0
1214,9122,7,23.0,23,25,SOFT,0.0
1214,9122,7,55.0,24,26,SOFT,0.0
1214,9122,7,4.0,24,26,SOFT,0.0
1214,9122,7,81.0,24,26,SOFT,0.0
1214,9122,6,1.0,24,26,SOFT,0.0
1214,9126,1,27.0,1,7,HARD,0.0
1214,9126,1,31.0,1,9,SOFT,0.0
1214,9126,1,22.0,1,14,SOFT,0.0
1214,9126,1,16.0,1,18,MEDIUM,0.0
1214,9126,1,24.0,1,24,MEDIUM,0.0
1214,9126,1,55.0,1,26,MEDIUM,0.0
1214,9126,1,21.0,1,27,SOFT,0.0
1214,9126,1,11.0,1,28,MEDIUM,0.0
1214,9126,1,63.0,1,28,SOFT,3.0
1214,9126,1,81.0,1,29,MEDIUM,0.0
1214,9126,1,2.0,1,29,MEDIUM,0.0
1214,9126,1,20.0,1,31,MEDIUM,0.0
1214,9126,1,18.0,1,31,MEDIUM,0.0
1214,9126,1,10.0,1,31,MEDIUM,0.0
1214,9126,1,77.0,1,32,HARD,0.0
1214,9126,1,23.0,1,32,MEDIUM,0.0
1214,9126,1,1.0,1,33,MEDIUM,0.0
1214,9126,1,4.0,1,33,MEDIUM,0.0
1214,9126,1,14.0,1,33,MEDIUM,1.0
1214,9126,1,44.0,1,33,MEDIUM,0.0
1214,9126,2,27.0,8,32,MEDIUM,0.0
1214,9126,2,22.0,15,32,HARD,0.0
1214,9126,2,16.0,19,32,HARD,0.0
1214,9126,2,24.0,25,33,HARD,0.0
1214,9126,2,55.0,27,52,HARD,0.0
1214,9126,2,21.0,28,32,MEDIUM,0.0
1214,9126,2,63.0,29,52,MEDIUM,0.0
1214,9126,2,11.0,29,52,SOFT,0.0
1214,9126,2,81.0,30,52,HARD,0.0
1214,9126,2,2.0,30,52,SOFT,0.0
1214,9126,2,10.0,32,46,SOFT,3.0
1214,9126,2,18.0,32,52,SOFT,3.0
1214,9126,3,16.0,33,52,MEDIUM,0.0
1214,9126,2,23.0,33,52,SOFT,4.0
1214,9126,2,77.0,33,52,SOFT,0.0
1214,9126,3,22.0,33,52,SOFT,0.0
1214,9126,3,21.0,33,52,SOFT,0.0
1214,9126,3,27.0,33,52,SOFT,0.0
1214,9126,3,24.0,34,36,SOFT,0.0
1214,9126,2,1.0,34,52,SOFT,3.0
1214,9126,2,4.0,34,52,HARD,0.0
1214,9126,2,44.0,34,52,SOFT,3.0
1214,9126,2,14.0,34,52,SOFT,3.0
1214,9126,4,24.0,37,52,SOFT,3.0
1215,9127,1,44.0,1,3,MEDIUM,2.0
1215,9127,1,11.0,1,3,SOFT,0.0
1215,9127,1,55.0,1,3,MEDIUM,0.0
1215,9127,1,16.0,1,3,MEDIUM,0.0
1215,9127,1,27.0,1,5,MEDIUM,3.0
1215,9127,1,14.0,1,5,MEDIUM,0.0
1215,9127,1,77.0,1,5,MEDIUM,3.0
1215,9127,1,81.0,1,5,MEDIUM,0.0
1215,9127,1,20.0,1,5,HARD,0.0
1215,9127,1,1.0,1,6,SOFT,0.0
1215,9127,1,2.0,1,6,SOFT,0.0
1215,9127,1,24.0,1,7,MEDIUM,1.0
1215,9127,1,22.0,1,8,MEDIUM,0.0
1215,9127,1,4.0,1,8,MEDIUM,0.0
1215,9127,1,10.0,1,8,MEDIUM,2.0
1215,9127,1,23.0,1,8,SOFT,1.0
1215,9127,1,63.0,1,8,MEDIUM,4.0
1215,9127,1,18.0,1,9,MEDIUM,0.0
1215,9127,1,31.0,1,10,MEDIUM,3.0
1215,9127,1,3.0,1,11,MEDIUM,4.0
1215,9127,2,55.0,4,6,MEDIUM,0.0
1215,9127,2,16.0,4,6,MEDIUM,3.0
1215,9127,2,44.0,4,7,MEDIUM,5.0
1215,9127,2,11.0,4,8,SOFT,0.0
1215,9127,2,77.0,6,8,MEDIUM,8.0
1215,9127,2,14.0,6,10,MEDIUM,5.0
1215,9127,2,27.0,6,10,SOFT,0.0
1215,9127,2,81.0,6,11,MEDIUM,5.0
1215,9127,2,20.0,6,14,SOFT,0.0
1215,9127,3,16.0,7,9,SOFT,0.0
1215,9127,3,55.0,7,9,SOFT,0.0
1215,9127,2,1.0,7,9,SOFT,6.0
1215,9127,2,2.0,7,11,MEDIUM,0.0
1215,9127,2,24.0,8,9,MEDIUM,0.0
1215,9127,3,44.0,8,10,MEDIUM,0.0
1215,9127,2,22.0,9,11,SOFT,0.0
1215,9127,2,4.0,9,11,SOFT,0.0
1215,9127,2,10.0,9,11,SOFT,0.0
1215,9127,3,11.0,9,11,MEDIUM,0.0
1215,9127,2,23.0,9,13,MEDIUM,0.0
1215,9127,3,77.0,9,16,MEDIUM,0.0
1215,9127,2,63.0,9,17,MEDIUM,12.0
1215,9127,3,24.0,10,10,MEDIUM,10.0
1215,9127,4,16.0,10,11,SOFT,3.0
1215,9127,4,55.0,10,11,SOFT,3.0
1215,9127,2,18.0,10,15,SOFT,0.0
1215,9127,3,1.0,10,18,SOFT,9.0
1215,9127,3,14.0,11,13,SOFT,0.0
1215,9127,4,24.0,11,13,MEDIUM,0.0
1215,9127,2,31.0,11,13,SOFT,0.0
1215,9127,4,44.0,11,28,MEDIUM,12.0
1215,9127,3,27.0,11,29,MEDIUM,8.0
1215,9127,3,2.0,12,12,SOFT,6.0
1215,9127,3,22.0,12,14,SOFT,3.0
1215,9127,4,11.0,12,14,SOFT,0.0
1215,9127,2,3.0,12,17,SOFT,0.0
1215,9127,3,81.0,12,18,MEDIUM,11.0
1215,9127,5,16.0,12,20,SOFT,5.0
1215,9127,5,55.0,12,20,SOFT,5.0
1215,9127,3,10.0,12,26,MEDIUM,10.0
1215,9127,3,4.0,12,30,MEDIUM,8.0
1215,9127,4,2.0,13,13,SOFT,7.0
1215,9127,5,24.0,14,16,MEDIUM,3.0
1215,9127,3,23.0,14,16,SOFT,9.0
1215,9127,4,14.0,14,27,MEDIUM,10.0
1215,9127,3,31.0,14,30,MEDIUM,13.0
1215,9127,5,2.0,14,30,MEDIUM,5.0
1215,9127,3,20.0,15,27,HARD,5.0
1215,9127,4,22.0,15,31,SOFT,6.0
1215,9127,3,18.0,16,30,MEDIUM,9.0
1215,9127,4,77.0,17,19,MEDIUM,11.0
1215,9127,6,24.0,17,20,MEDIUM,6.0
1215,9127,4,23.0,17,32,MEDIUM,5.0
1215,9127,3,3.0,18,18,MEDIUM,15.0
1215,9127,3,63.0,18,23,MEDIUM,21.0
1215,9127,4,3.0,19,19,MEDIUM,6.0
1215,9127,5,3.0,20,27,SOFT,7.0
1215,9127,5,77.0,20,29,MEDIUM,8.0
1215,9127,7,24.0,21,31,MEDIUM,11.0
1215,9127,5,14.0,28,29,MEDIUM,24.0
1215,9127,6,3.0,28,30,SOFT,15.0
1215,9127,6,14.0,30,32,SOFT,3.0
1215,9127,4,18.0,31,33,MEDIUM,24.0
1215,9128,1,24.0,1,1,MEDIUM,10.0
1215,9128,1,77.0,1,1,MEDIUM,0.0
1215,9128,1,16.0,1,3,MEDIUM,6.0
1215,9128,1,44.0,1,3,MEDIUM,0.0
1215,9128,1,63.0,1,3,MEDIUM,0.0
1215,9128,1,2.0,1,4,SOFT,8.0
1215,9128,1,23.0,1,4,SOFT,12.0
1215,9128,1,1.0,1,5,MEDIUM,0.0
1215,9128,1,55.0,1,5,MEDIUM,6.0
1215,9128,1,11.0,1,6,MEDIUM,3.0
1215,9128,1,14.0,1,6,SOFT,6.0
1215,9128,1,18.0,1,6,SOFT,6.0
1215,9128,1,81.0,1,6,SOFT,0.0
1215,9128,1,20.0,1,7,SOFT,9.0
1215,9128,1,27.0,1,7,MEDIUM,0.0
1215,9128,1,4.0,1,9,SOFT,3.0
1215,9128,1,10.0,1,9,SOFT,3.0
1215,9128,1,31.0,1,9,SOFT,3.0
1215,9128,1,3.0,1,12,MEDIUM,16.0
1215,9128,1,22.0,1,13,MEDIUM,8.0
1215,9128,2,77.0,2,2,MEDIUM,15.0
1215,9128,2,24.0,2,2,MEDIUM,11.0
1215,9128,3,77.0,3,3,MEDIUM,16.0
1215,9128,3,24.0,3,3,MEDIUM,0.0
1215,9128,4,77.0,4,4,MEDIUM,17.0
1215,9128,4,24.0,4,4,MEDIUM,13.0
1215,9128,2,44.0,4,5,MEDIUM,3.0
1215,9128,2,63.0,4,13,MEDIUM,0.0
1215,9128,2,16.0,4,20,MEDIUM,9.0
1215,9128,5,77.0,5,5,MEDIUM,18.0
1215,9128,5,24.0,5,5,MEDIUM,14.0
1215,9128,2,23.0,5,8,SOFT,0.0
1215,9128,2,2.0,5,10,SOFT,0.0
1215,9128,6,24.0,6,8,SOFT,0.0
1215,9128,6,77.0,6,8,SOFT,0.0
1215,9128,3,44.0,6,8,MEDIUM,5.0
1215,9128,2,1.0,6,17,MEDIUM,5.0
1215,9128,2,55.0,6,22,MEDIUM,11.0
1215,9128,2,18.0,7,7,SOFT,12.0
1215,9128,2,14.0,7,9,SOFT,12.0
1215,9128,2,81.0,7,12,MEDIUM,0.0
1215,9128,2,11.0,7,18,MEDIUM,9.0
1215,9128,3,18.0,8,11,HARD,0.0
1215,9128,2,20.0,8,12,MEDIUM,0.0
1215,9128,2,27.0,8,14,MEDIUM,7.0
1215,9128,3,23.0,9,10,SOFT,4.0
1215,9128,7,24.0,9,11,SOFT,3.0
1215,9128,7,77.0,9,11,SOFT,3.0
1215,9128,4,44.0,9,11,MEDIUM,8.0
1215,9128,3,14.0,10,12,SOFT,0.0
1215,9128,2,10.0,10,15,MEDIUM,0.0
1215,9128,2,4.0,10,15,MEDIUM,0.0
1215,9128,2,31.0,10,16,MEDIUM,0.0
1215,9128,3,2.0,11,13,MEDIUM,0.0
1215,9128,4,23.0,11,13,MEDIUM,0.0
1215,9128,8,24.0,12,12,MEDIUM,15.0
1215,9128,8,77.0,12,12,MEDIUM,19.0
1215,9128,5,44.0,12,14,SOFT,0.0
1215,9128,4,18.0,12,17,SOFT,0.0
1215,9128,4,14.0,13,15,SOFT,0.0
1215,9128,9,24.0,13,17,HARD,0.0
1215,9128,3,20.0,13,19,MEDIUM,5.0
1215,9128,3,81.0,13,19,MEDIUM,0.0
1215,9128,2,3.0,13,20,HARD,0.0
1215,9128,9,77.0,13,21,HARD,0.0
1215,9128,3,63.0,14,16,SOFT,0.0
1215,9128,4,2.0,14,16,SOFT,6.0
1215,9128,5,23.0,14,17,SOFT,0.0
1215,9128,2,22.0,14,21,HARD,0.0
1215,9128,6,44.0,15,20,MEDIUM,0.0
1215,9128,3,27.0,15,21,SOFT,0.0
1215,9128,3,10.0,16,18,MEDIUM,6.0
1215,9128,3,4.0,16,19,MEDIUM,0.0
1215,9128,5,14.0,16,20,SOFT,0.0
1215,9128,4,63.0,17,19,SOFT,3.0
1215,9128,3,31.0,17,19,MEDIUM,7.0
1215,9128,3,1.0,18,20,SOFT,0.0
1215,9128,10,24.0,18,20,HARD,0.0
1215,9128,5,18.0,18,20,SOFT,6.0
1215,9128,3,11.0,19,21,SOFT,0.0
1215,9128,4,10.0,19,22,MEDIUM,9.0
1215,9128,5,63.0,20,22,MEDIUM,13.0
1215,9128,4,31.0,20,22,MEDIUM,10.0
1215,9128,4,20.0,20,26,SOFT,0.0
1215,9128,4,1.0,21,23,SOFT,3.0
1215,9128,11,24.0,21,23,MEDIUM,16.0
1215,9128,3,3.0,21,25,MEDIUM,0.0
1215,9128,3,16.0,21,28,SOFT,0.0
1215,9128,3,22.0,22,24,MEDIUM,0.0
1215,9128,10,77.0,22,24,SOFT,0.0
1215,9128,4,11.0,22,25,SOFT,3.0
1215,9128,3,55.0,23,25,SOFT,0.0
1215,9128,4,22.0,25,29,MEDIUM,3.0
1215,9128,4,3.0,26,28,MEDIUM,5.0
1215,9128,4,55.0,26,29,SOFT,3.0
1215,9129,1,22.0,1,3,HARD,8.0
1215,9129,1,3.0,1,3,HARD,0.0
1215,9129,1,44.0,1,5,HARD,0.0
1215,9129,1,11.0,1,5,HARD,0.0
1215,9129,1,14.0,1,5,HARD,0.0
1215,9129,1,18.0,1,5,HARD,0.0
1215,9129,1,27.0,1,5,HARD,0.0
1215,9129,1,24.0,1,5,HARD,0.0
1215,9129,1,77.0,1,5,HARD,0.0
1215,9129,1,16.0,1,5,HARD,0.0
1215,9129,1,23.0,1,5,HARD,0.0
1215,9129,1,2.0,1,5,HARD,0.0
1215,9129,1,10.0,1,5,HARD,0.0
1215,9129,1,81.0,1,5,HARD,0.0
1215,9129,1,20.0,1,5,HARD,0.0
1215,9129,1,31.0,1,5,HARD,0.0
1215,9129,1,1.0,1,6,HARD,0.0
1215,9129,1,55.0,1,6,HARD,0.0
1215,9129,1,63.0,1,6,HARD,0.0
1215,9129,1,4.0,1,6,HARD,0.0
1215,9129,2,3.0,4,6,HARD,0.0
1215,9129,2,22.0,4,6,HARD,0.0
1215,9129,2,31.0,6,8,HARD,0.0
1215,9129,2,10.0,6,8,HARD,0.0
1215,9129,2,11.0,6,8,HARD,0.0
1215,9129,2,77.0,6,8,HARD,0.0
1215,9129,2,23.0,6,8,HARD,0.0
1215,9129,2,2.0,6,8,HARD,0.0
1215,9129,2,20.0,6,8,HARD,0.0
1215,9129,2,27.0,6,8,HARD,0.0
1215,9129,2,44.0,6,8,HARD,0.0
1215,9129,2,16.0,6,9,HARD,0.0
1215,9129,2,14.0,6,9,HARD,0.0
1215,9129,2,81.0,6,9,HARD,0.0
1215,9129,2,24.0,6,10,HARD,0.0
1215,9129,2,18.0,6,10,HARD,0.0
1215,9129,2,63.0,7,8,HARD,0.0
1215,9129,2,55.0,7,9,HARD,0.0
1215,9129,3,3.0,7,9,HARD,0.0
1215,9129,2,1.0,7,9,HARD,0.0
1215,9129,3,22.0,7,9,HARD,0.0
1215,9129,2,4.0,7,11,HARD,0.0
1215,9129,3,10.0,9,10,HARD,0.0
1215,9129,3,31.0,9,10,HARD,0.0
1215,9129,3,27.0,9,11,MEDIUM,0.0
1215,9129,3,44.0,9,11,MEDIUM,0.0
1215,9129,3,77.0,9,11,MEDIUM,0.0
1215,9129,3,11.0,9,14,MEDIUM,0.0
1215,9129,3,1.0,10,12,MEDIUM,0.0
1215,9129,3,55.0,10,12,MEDIUM,0.0
1215,9129,3,16.0,10,12,MEDIUM,0.0
1215,9129,4,3.0,10,12,MEDIUM,0.0
1215,9129,3,14.0,10,12,MEDIUM,0.0
1215,9129,3,81.0,10,12,MEDIUM,0.0
1215,9129,4,31.0,11,13,MEDIUM,0.0
1215,9129,4,10.0,11,13,MEDIUM,0.0
1215,9129,3,24.0,11,13,MEDIUM,0.0
1215,9129,3,18.0,11,15,MEDIUM,0.0
1215,9129,3,4.0,12,14,MEDIUM,0.0
1215,9129,4,27.0,12,14,MEDIUM,0.0
1215,9129,4,44.0,12,14,MEDIUM,0.0
1215,9129,4,77.0,12,14,MEDIUM,0.0
1215,9129,4,81.0,13,14,MEDIUM,0.0
1215,9129,4,1.0,13,15,MEDIUM,0.0
1215,9129,5,3.0,13,15,MEDIUM,0.0
1215,9129,4,55.0,13,15,MEDIUM,0.0
1215,9129,4,16.0,13,15,MEDIUM,0.0
1215,9129,4,14.0,13,15,MEDIUM,0.0
1215,9129,4,24.0,14,16,MEDIUM,0.0
1215,9129,5,10.0,14,16,MEDIUM,0.0
1215,9129,5,31.0,14,16,MEDIUM,0.0
1215,9129,4,11.0,15,17,MEDIUM,0.0
1215,9129,5,27.0,15,17,SOFT,0.0
1215,9129,4,4.0,15,17,SOFT,0.0
1215,9129,5,77.0,15,17,SOFT,0.0
1215,9129,5,81.0,15,17,SOFT,0.0
1215,9129,5,44.0,15,17,SOFT,0.0
1215,9129,4,18.0,16,18,MEDIUM,0.0
1215,9129,5,14.0,16,18,SOFT,0.0
1215,9129,5,1.0,16,18,SOFT,0.0
1215,9129,5,16.0,16,18,SOFT,0.0
1215,9129,5,24.0,17,19,SOFT,0.0
1215,9129,5,11.0,18,20,SOFT,0.0
1215,9129,6,27.0,18,20,SOFT,0.0
1215,9129,5,4.0,18,20,SOFT,0.0
1215,9129,6,81.0,18,20,SOFT,0.0
1215,9129,6,77.0,18,20,SOFT,0.0
1215,9129,6,44.0,18,20,SOFT,0.0
1215,9129,6,1.0,19,21,SOFT,0.0
1215,9129,6,16.0,19,21,SOFT,0.0
1215,9129,6,14.0,19,21,SOFT,0.0
1215,9129,6,24.0,20,22,SOFT,0.0
1215,9129,6,11.0,21,23,SOFT,0.0
1215,9133,1,10.0,1,1,SOFT,0.0
1215,9133,1,31.0,1,2,MEDIUM,3.0
1215,9133,1,23.0,1,8,MEDIUM,0.0
1215,9133,1,22.0,1,9,SOFT,0.0
1215,9133,1,18.0,1,9,SOFT,0.0
1215,9133,1,77.0,1,9,MEDIUM,3.0
1215,9133,1,24.0,1,10,MEDIUM,3.0
1215,9133,1,2.0,1,13,MEDIUM,0.0
1215,9133,1,20.0,1,14,MEDIUM,0.0
1215,9133,1,55.0,1,15,SOFT,0.0
1215,9133,1,44.0,1,16,MEDIUM,3.0
1215,9133,1,27.0,1,16,MEDIUM,3.0
1215,9133,1,4.0,1,17,MEDIUM,0.0
1215,9133,1,16.0,1,17,MEDIUM,3.0
1215,9133,1,3.0,1,18,MEDIUM,3.0
1215,9133,1,81.0,1,18,MEDIUM,2.0
1215,9133,1,14.0,1,20,MEDIUM,3.0
1215,9133,1,1.0,1,23,MEDIUM,3.0
1215,9133,1,11.0,1,24,HARD,3.0
1215,9133,1,63.0,1,28,HARD,0.0
1215,9133,2,23.0,9,31,HARD,3.0
1215,9133,2,18.0,10,34,HARD,5.0
1215,9133,2,77.0,10,40,HARD,5.0
1215,9133,2,22.0,10,44,HARD,3.0
1215,9133,2,24.0,11,38,HARD,5.0
1215,9133,2,2.0,14,34,HARD,3.0
1215,9133,2,20.0,15,41,HARD,3.0
1215,9133,2,55.0,16,44,HARD,0.0
1215,9133,2,27.0,17,38,HARD,3.0
1215,9133,2,44.0,17,49,HARD,0.0
1215,9133,2,16.0,18,43,HARD,0.0
1215,9133,2,4.0,18,44,HARD,0.0
1215,9133,2,3.0,19,29,HARD,3.0
1215,9133,2,81.0,19,42,HARD,0.0
1215,9133,2,14.0,21,43,HARD,4.0
1215,9133,2,1.0,24,51,HARD,0.0
1215,9133,2,11.0,25,42,MEDIUM,6.0
1215,9133,2,63.0,29,46,MEDIUM,0.0
1215,9133,3,3.0,30,69,MEDIUM,3.0
1215,9133,3,23.0,32,69,HARD,0.0
1215,9133,3,2.0,35,67,HARD,0.0
1215,9133,3,18.0,35,69,HARD,4.0
1215,9133,3,27.0,39,69,HARD,5.0
1215,9133,3,24.0,39,69,HARD,5.0
1215,9133,3,77.0,41,69,HARD,3.0
1215,9133,3,20.0,42,69,HARD,5.0
1215,9133,3,81.0,43,70,MEDIUM,3.0
1215,9133,3,11.0,43,70,MEDIUM,3.0
1215,9133,3,16.0,44,70,HARD,4.0
1215,9133,3,14.0,44,70,HARD,0.0
1215,9133,3,22.0,45,69,MEDIUM,0.0
1215,9133,3,4.0,45,70,MEDIUM,3.0
1215,9133,3,55.0,45,70,HARD,3.0
1215,9133,3,63.0,47,70,MEDIUM,0.0
1215,9133,3,44.0,50,70,MEDIUM,3.0
1215,9133,3,1.0,52,70,MEDIUM,3.0
1215,9223,1,11.0,1,1,UNKNOWN,0.0
1215,9223,1,10.0,1,1,MEDIUM,0.0
1215,9223,1,23.0,1,1,SOFT,0.0
1215,9223,1,31.0,1,1,MEDIUM,0.0
1215,9223,1,44.0,1,1,MEDIUM,0.0
1215,9223,1,1.0,1,2,MEDIUM,0.0
1215,9223,1,2.0,1,2,SOFT,0.0
1215,9223,1,3.0,1,2,MEDIUM,0.0
1215,9223,1,4.0,1,2,SOFT,0.0
1215,9223,1,14.0,1,2,MEDIUM,0.0
1215,9223,1,18.0,1,2,MEDIUM,0.0
1215,9223,1,16.0,1,2,MEDIUM,0.0
1215,9223,1,20.0,1,2,MEDIUM,0.0
1215,9223,1,22.0,1,2,SOFT,0.0
1215,9223,1,27.0,1,2,MEDIUM,0.0
1215,9223,1,55.0,1,2,MEDIUM,0.0
1215,9223,1,63.0,1,2,MEDIUM,0.0
1215,9223,1,81.0,1,2,SOFT,0.0
1215,9223,1,77.0,1,2,MEDIUM,0.0
1215,9223,1,24.0,1,8,UNKNOWN,0.0
1215,9223,2,44.0,2,2,MEDIUM,1.0
1215,9223,2,10.0,2,2,MEDIUM,1.0
1215,9223,2,23.0,2,3,SOFT,0.0
1215,9223,2,31.0,2,3,MEDIUM,1.0
1215,9223,2,2.0,3,3,SOFT,2.0
1215,9223,2,1.0,3,3,MEDIUM,2.0
1215,9223,2,16.0,3,3,MEDIUM,2.0
1215,9223,2,18.0,3,3,MEDIUM,2.0
1215,9223,2,77.0,3,3,MEDIUM,2.0
1215,9223,2,27.0,3,3,MEDIUM,2.0
1215,9223,3,44.0,3,3,INTERMEDIATE,0.0
1215,9223,3,10.0,3,3,UNKNOWN,0.0
1215,9223,2,20.0,3,4,MEDIUM,2.0
1215,9223,2,3.0,3,4,MEDIUM,2.0
1215,9223,2,81.0,3,4,SOFT,2.0
1215,9223,2,14.0,3,4,MEDIUM,2.0
1215,9223,2,4.0,3,4,SOFT,2.0
1215,9223,2,55.0,3,4,MEDIUM,2.0
1215,9223,2,63.0,3,4,MEDIUM,2.0
1215,9223,2,22.0,3,6,UNKNOWN,2.0
1215,9223,3,2.0,4,4,SOFT,3.0
1215,9223,3,31.0,4,4,UNKNOWN,0.0
1215,9223,3,23.0,4,4,INTERMEDIATE,0.0
1215,9223,3,16.0,4,4,INTERMEDIATE,0.0
1215,9223,3,1.0,4,4,UNKNOWN,0.0
1215,9223,3,77.0,4,6,INTERMEDIATE,0.0
1215,9223,3,18.0,4,10,UNKNOWN,0.0
1215,9223,3,27.0,4,12,UNKNOWN,0.0
1215,9223,3,55.0,5,5,INTERMEDIATE,0.0
1215,9223,3,20.0,5,5,INTERMEDIATE,0.0
1215,9223,3,81.0,5,5,INTERMEDIATE,0.0
1215,9223,3,4.0,5,5,INTERMEDIATE,0.0
1215,9223,4,2.0,5,7,INTERMEDIATE,0.0
1215,9223,3,3.0,5,7,UNKNOWN,0.0
1215,9223,3,14.0,5,8,UNKNOWN,0.0
1215,9223,4,23.0,5,10,UNKNOWN,1.0
1215,9223,4,16.0,5,12,UNKNOWN,1.0
1215,9223,3,63.0,5,13,INTERMEDIATE,0.0
1215,9223,4,4.0,6,13,UNKNOWN,1.0
1215,9223,4,81.0,6,14,INTERMEDIATE,1.0
1215,9223,4,20.0,6,14,UNKNOWN,1.0
1215,9223,4,77.0,7,14,INTERMEDIATE,3.0
1215,9223,5,2.0,8,15,UNKNOWN,3.0
1216,9134,1,81.0,1,1,WET,0.0
1216,9134,1,27.0,1,1,INTERMEDIATE,0.0
1216,9134,1,4.0,1,1,WET,0.0
1216,9134,1,1.0,1,1,WET,0.0
1216,9134,1,20.0,1,1,INTERMEDIATE,0.0
1216,9134,1,77.0,1,1,WET,0.0
1216,9134,1,2.0,1,2,INTERMEDIATE,0.0
1216,9134,1,18.0,1,2,WET,0.0
1216,9134,1,10.0,1,2,INTERMEDIATE,0.0
1216,9134,1,31.0,1,2,INTERMEDIATE,0.0
1216,9134,1,22.0,1,3,WET,0.0
1216,9134,1,3.0,1,3,WET,0.0
1216,9134,1,44.0,1,3,WET,0.0
1216,9134,1,55.0,1,3,WET,0.0
1216,9134,1,16.0,1,3,WET,0.0
1216,9134,1,23.0,1,3,INTERMEDIATE,0.0
1216,9134,1,63.0,1,3,WET,0.0
1216,9134,1,24.0,1,3,WET,0.0
1216,9134,1,14.0,1,3,WET,0.0
1216,9134,1,11.0,1,4,WET,0.0
1216,9134,2,1.0,2,2,INTERMEDIATE,0.0
1216,9134,2,77.0,2,3,WET,1.0
1216,9134,2,4.0,2,4,INTERMEDIATE,0.0
1216,9134,2,81.0,2,4,INTERMEDIATE,0.0
1216,9134,2,20.0,2,4,WET,0.0
1216,9134,2,27.0,2,5,WET,0.0
1216,9134,2,18.0,3,4,WET,2.0
1216,9134,2,2.0,3,4,INTERMEDIATE,2.0
1216,9134,2,44.0,4,4,INTERMEDIATE,0.0
1216,9134,2,14.0,4,4,INTERMEDIATE,0.0
1216,9134,2,24.0,4,5,INTERMEDIATE,0.0
1216,9134,2,23.0,4,5,INTERMEDIATE,3.0
1216,9134,2,16.0,4,5,INTERMEDIATE,0.0
1216,9134,2,22.0,4,6,WET,3.0
1216,9134,2,3.0,4,6,WET,3.0
1216,9134,2,55.0,4,6,INTERMEDIATE,0.0
1216,9134,2,63.0,4,6,WET,3.0
1216,9134,3,77.0,4,6,INTERMEDIATE,0.0
1216,9134,2,11.0,5,5,INTERMEDIATE,0.0
1216,9134,3,18.0,5,5,INTERMEDIATE,0.0
1216,9134,3,44.0,5,7,INTERMEDIATE,1.0
1216,9134,3,20.0,5,7,WET,3.0
1216,9134,3,24.0,6,8,WET,3.0
1216,9134,3,16.0,6,8,WET,3.0
1216,9134,3,27.0,6,8,WET,4.0
1216,9134,3,3.0,7,7,INTERMEDIATE,0.0
1216,9134,3,22.0,7,8,INTERMEDIATE,0.0
1216,9134,4,77.0,7,9,WET,3.0
1216,9134,3,55.0,7,9,WET,3.0
1216,9135,1,81.0,1,4,INTERMEDIATE,0.0
1216,9135,1,27.0,1,4,INTERMEDIATE,1.0
1216,9135,1,63.0,1,4,INTERMEDIATE,1.0
1216,9135,1,44.0,1,4,INTERMEDIATE,4.0
1216,9135,1,77.0,1,4,INTERMEDIATE,0.0
1216,9135,1,24.0,1,4,INTERMEDIATE,0.0
1216,9135,1,31.0,1,4,INTERMEDIATE,2.0
1216,9135,1,10.0,1,4,INTERMEDIATE,2.0
1216,9135,1,4.0,1,5,INTERMEDIATE,0.0
1216,9135,1,23.0,1,5,INTERMEDIATE,0.0
1216,9135,1,22.0,1,5,INTERMEDIATE,0.0
1216,9135,1,20.0,1,5,INTERMEDIATE,1.0
1216,9135,1,3.0,1,5,INTERMEDIATE,0.0
1216,9135,1,14.0,1,5,INTERMEDIATE,0.0
1216,9135,1,18.0,1,5,INTERMEDIATE,0.0
1216,9135,1,55.0,1,6,INTERMEDIATE,0.0
1216,9135,1,16.0,1,6,INTERMEDIATE,0.0
1216,9135,1,2.0,1,6,INTERMEDIATE,0.0
1216,9135,1,11.0,1,8,INTERMEDIATE,0.0
1216,9135,1,1.0,1,8,INTERMEDIATE,1.0
1216,9135,2,27.0,5,5,INTERMEDIATE,0.0
1216,9135,2,31.0,5,8,INTERMEDIATE,0.0
1216,9135,2,77.0,5,9,INTERMEDIATE,0.0
1216,9135,2,81.0,5,9,INTERMEDIATE,0.0
1216,9135,2,24.0,5,9,INTERMEDIATE,0.0
1216,9135,2,63.0,5,9,INTERMEDIATE,0.0
1216,9135,2,44.0,5,9,INTERMEDIATE,0.0
1216,9135,2,10.0,5,9,INTERMEDIATE,0.0
1216,9135,2,4.0,6,8,INTERMEDIATE,0.0
1216,9135,2,23.0,6,8,INTERMEDIATE,0.0
1216,9135,2,22.0,6,8,INTERMEDIATE,0.0
1216,9135,2,3.0,6,8,INTERMEDIATE,0.0
1216,9135,2,18.0,6,8,INTERMEDIATE,0.0
1216,9135,2,14.0,6,8,INTERMEDIATE,0.0
1216,9135,2,20.0,6,9,INTERMEDIATE,0.0
1216,9135,2,16.0,7,9,INTERMEDIATE,0.0
1216,9135,2,55.0,7,9,INTERMEDIATE,0.0
1216,9135,3,4.0,9,10,INTERMEDIATE,3.0
1216,9135,3,18.0,9,11,INTERMEDIATE,0.0
1216,9135,3,14.0,9,11,INTERMEDIATE,3.0
1216,9135,3,31.0,9,11,INTERMEDIATE,0.0
1216,9135,2,11.0,9,11,INTERMEDIATE,0.0
1216,9135,2,1.0,9,11,INTERMEDIATE,0.0
1216,9135,3,22.0,9,11,INTERMEDIATE,0.0
1216,9135,3,63.0,10,12,INTERMEDIATE,5.0
1216,9135,3,77.0,10,12,INTERMEDIATE,0.0
1216,9135,3,81.0,10,12,INTERMEDIATE,0.0
1216,9135,3,16.0,10,12,INTERMEDIATE,0.0
1216,9135,3,10.0,10,12,INTERMEDIATE,0.0
1216,9135,3,44.0,10,13,INTERMEDIATE,5.0
1216,9135,3,20.0,10,13,INTERMEDIATE,0.0
1216,9135,3,55.0,10,13,INTERMEDIATE,3.0
1216,9135,4,4.0,11,15,SOFT,0.0
1216,9135,4,18.0,12,12,INTERMEDIATE,0.0
1216,9135,4,31.0,12,13,SOFT,0.0
1216,9135,4,22.0,12,15,SOFT,0.0
1216,9135,3,11.0,12,16,SOFT,0.0
1216,9135,4,14.0,12,16,SOFT,0.0
1216,9135,3,1.0,12,16,SOFT,0.0
1216,9135,5,18.0,13,16,SOFT,0.0
1216,9135,4,77.0,13,17,SOFT,0.0
1216,9135,4,81.0,13,17,SOFT,0.0
1216,9135,4,63.0,13,17,SOFT,0.0
1216,9135,4,16.0,13,17,SOFT,0.0
1216,9135,4,10.0,13,17,SOFT,0.0
1216,9135,4,44.0,14,17,SOFT,0.0
1216,9135,4,20.0,14,17,SOFT,0.0
1216,9135,4,55.0,14,17,SOFT,0.0
1216,9135,5,4.0,16,18,SOFT,0.0
1216,9135,5,14.0,17,19,SOFT,0.0
1216,9135,6,18.0,17,19,SOFT,0.0
1216,9135,4,1.0,17,19,SOFT,0.0
1216,9135,4,11.0,17,19,SOFT,0.0
1216,9135,5,81.0,18,20,SOFT,0.0
1216,9135,5,16.0,18,20,SOFT,0.0
1216,9135,5,55.0,18,20,SOFT,0.0
1216,9135,5,44.0,18,21,SOFT,0.0
1216,9135,5,63.0,18,21,SOFT,0.0
1216,9135,6,4.0,19,21,SOFT,0.0
1216,9135,7,18.0,20,22,SOFT,0.0
1216,9135,6,14.0,20,22,SOFT,0.0
1216,9135,5,1.0,20,22,SOFT,0.0
1216,9135,5,11.0,20,22,SOFT,0.0
1216,9135,6,16.0,21,23,SOFT,0.0
1216,9135,6,55.0,21,23,SOFT,0.0
1216,9135,6,81.0,21,23,SOFT,0.0
1216,9135,6,44.0,22,24,SOFT,0.0
1216,9135,6,63.0,22,24,SOFT,0.0
1216,9140,1,1.0,1,1,WET,0.0
1216,9140,1,16.0,1,1,WET,0.0
1216,9140,1,4.0,1,1,WET,0.0
1216,9140,1,31.0,1,1,WET,0.0
1216,9140,1,63.0,1,1,WET,0.0
1216,9140,1,14.0,1,1,WET,0.0
1216,9140,1,2.0,1,1,WET,0.0
1216,9140,1,22.0,1,1,WET,0.0
1216,9140,1,24.0,1,1,WET,0.0
1216,9140,1,20.0,1,1,WET,0.0
1216,9140,1,11.0,1,8,WET,3.0
1216,9140,1,81.0,1,11,INTERMEDIATE,3.0
1216,9140,1,10.0,1,11,INTERMEDIATE,5.0
1216,9140,1,55.0,1,11,INTERMEDIATE,0.0
1216,9140,1,44.0,1,11,INTERMEDIATE,0.0
1216,9140,1,3.0,1,11,WET,1.0
1216,9140,1,23.0,1,11,INTERMEDIATE,3.0
1216,9140,1,18.0,1,11,INTERMEDIATE,3.0
1216,9140,1,77.0,1,11,INTERMEDIATE,3.0
1216,9140,1,27.0,1,11,INTERMEDIATE,0.0
1216,9140,2,14.0,2,3,INTERMEDIATE,1.0
1216,9140,2,1.0,2,11,INTERMEDIATE,0.0
1216,9140,2,16.0,2,11,INTERMEDIATE,3.0
1216,9140,2,4.0,2,11,INTERMEDIATE,0.0
1216,9140,2,31.0,2,11,INTERMEDIATE,1.0
1216,9140,2,63.0,2,11,INTERMEDIATE,0.0
1216,9140,2,2.0,2,11,INTERMEDIATE,3.0
1216,9140,2,22.0,2,11,INTERMEDIATE,3.0
1216,9140,2,24.0,2,11,INTERMEDIATE,4.0
1216,9140,2,20.0,2,11,INTERMEDIATE,3.0
1216,9141,1,81.0,1,1,MEDIUM,0.0
1216,9141,1,4.0,1,5,MEDIUM,0.0
1216,9141,1,20.0,1,5,SOFT,0.0
1216,9141,1,3.0,1,5,SOFT,0.0
1216,9141,1,77.0,1,6,SOFT,0.0
1216,9141,1,31.0,1,6,SOFT,0.0
1216,9141,1,55.0,1,7,SOFT,0.0
1216,9141,1,23.0,1,7,SOFT,0.0
1216,9141,1,24.0,1,7,SOFT,0.0
1216,9141,1,2.0,1,8,SOFT,0.0
1216,9141,1,22.0,1,9,MEDIUM,0.0
1216,9141,1,14.0,1,10,MEDIUM,0.0
1216,9141,1,44.0,1,12,SOFT,0.0
1216,9141,1,27.0,1,12,MEDIUM,0.0
1216,9141,1,16.0,1,13,SOFT,0.0
1216,9141,1,11.0,1,13,SOFT,0.0
1216,9141,1,1.0,1,14,SOFT,0.0
1216,9141,1,18.0,1,20,MEDIUM,0.0
1216,9141,1,63.0,1,22,MEDIUM,0.0
1216,9141,1,10.0,1,23,SOFT,0.0
1216,9141,2,4.0,6,17,HARD,0.0
1216,9141,2,3.0,6,22,MEDIUM,0.0
1216,9141,2,20.0,6,25,MEDIUM,0.0
1216,9141,2,77.0,7,24,MEDIUM,0.0
1216,9141,2,31.0,7,25,MEDIUM,0.0
1216,9141,2,23.0,8,23,MEDIUM,0.0
1216,9141,2,55.0,8,23,MEDIUM,0.0
1216,9141,2,24.0,8,25,MEDIUM,0.0
1216,9141,2,2.0,9,24,MEDIUM,0.0
1216,9141,2,22.0,10,24,MEDIUM,0.0
1216,9141,2,14.0,11,29,MEDIUM,0.0
1216,9141,2,27.0,13,24,SOFT,0.0
1216,9141,2,44.0,13,27,MEDIUM,0.0
1216,9141,2,16.0,14,28,MEDIUM,0.0
1216,9141,2,11.0,14,29,MEDIUM,0.0
1216,9141,2,1.0,15,30,MEDIUM,0.0
1216,9141,3,4.0,18,44,SOFT,0.0
1216,9141,2,18.0,21,44,SOFT,0.0
1216,9141,2,63.0,23,44,SOFT,0.0
1216,9141,3,3.0,23,44,MEDIUM,0.0
1216,9141,3,23.0,24,33,MEDIUM,0.0
1216,9141,2,10.0,24,44,MEDIUM,0.0
1216,9141,3,2.0,25,34,MEDIUM,0.0
1216,9141,3,22.0,25,44,SOFT,0.0
1216,9141,3,77.0,25,44,MEDIUM,0.0
1216,9141,3,27.0,25,44,SOFT,0.0
1216,9141,3,31.0,26,44,SOFT,0.0
1216,9141,3,20.0,26,44,MEDIUM,0.0
1216,9141,3,24.0,26,44,SOFT,0.0
1216,9141,3,44.0,28,42,SOFT,0.0
1216,9141,3,16.0,29,44,SOFT,0.0
1216,9141,3,11.0,30,44,SOFT,0.0
1216,9141,3,14.0,30,44,SOFT,0.0
1216,9141,3,1.0,31,44,SOFT,0.0
1216,9141,4,23.0,34,44,SOFT,0.0
1216,9141,4,2.0,35,44,SOFT,0.0
1216,9141,4,44.0,43,44,MEDIUM,0.0
1216,9286,1,20.0,1,2,INTERMEDIATE,0.0
1216,9286,1,27.0,1,2,INTERMEDIATE,1.0
1216,9286,1,23.0,1,3,INTERMEDIATE,0.0
1216,9286,1,2.0,1,3,INTERMEDIATE,0.0
1216,9286,1,18.0,1,3,INTERMEDIATE,3.0
1216,9286,1,14.0,1,5,INTERMEDIATE,0.0
1216,9286,1,55.0,1,6,INTERMEDIATE,3.0
1216,9286,1,81.0,1,6,INTERMEDIATE,3.0
1216,9286,1,16.0,1,6,INTERMEDIATE,2.0
1216,9286,1,22.0,1,6,INTERMEDIATE,0.0
1216,9286,1,11.0,1,6,INTERMEDIATE,0.0
1216,9286,1,3.0,1,6,INTERMEDIATE,0.0
1216,9286,1,77.0,1,6,INTERMEDIATE,0.0
1216,9286,1,63.0,1,6,INTERMEDIATE,0.0
1216,9286,1,10.0,1,6,INTERMEDIATE,0.0
1216,9286,1,31.0,1,6,INTERMEDIATE,0.0
1216,9286,1,1.0,1,6,INTERMEDIATE,0.0
1216,9286,1,4.0,1,7,INTERMEDIATE,3.0
1216,9286,1,44.0,1,7,INTERMEDIATE,0.0
1216,9286,1,24.0,1,7,INTERMEDIATE,0.0
1216,9286,2,20.0,3,4,INTERMEDIATE,0.0
1216,9286,2,27.0,3,4,INTERMEDIATE,0.0
1216,9286,2,2.0,4,6,INTERMEDIATE,0.0
1216,9286,2,23.0,4,6,INTERMEDIATE,0.0
1216,9286,2,18.0,4,6,INTERMEDIATE,1.0
1216,9286,3,27.0,5,6,INTERMEDIATE,0.0
1216,9286,3,20.0,5,7,INTERMEDIATE,0.0
1216,9286,2,14.0,6,6,INTERMEDIATE,0.0
1216,9286,3,18.0,7,7,INTERMEDIATE,1.0
1216,9286,3,23.0,7,7,INTERMEDIATE,3.0
1216,9286,3,2.0,7,8,INTERMEDIATE,0.0
1216,9286,2,3.0,7,9,INTERMEDIATE,0.0
1216,9286,2,63.0,7,9,INTERMEDIATE,0.0
1216,9286,2,16.0,7,9,INTERMEDIATE,0.0
1216,9286,2,55.0,7,9,INTERMEDIATE,0.0
1216,9286,2,81.0,7,9,INTERMEDIATE,0.0
1216,9286,2,1.0,7,9,INTERMEDIATE,0.0
1216,9286,2,11.0,7,9,INTERMEDIATE,0.0
1216,9286,2,31.0,7,10,INTERMEDIATE,0.0
1216,9286,2,10.0,7,10,INTERMEDIATE,0.0
1216,9286,4,18.0,8,9,MEDIUM,0.0
1216,9286,2,4.0,8,11,INTERMEDIATE,0.0
1216,9286,2,44.0,8,11,INTERMEDIATE,0.0
1216,9286,4,2.0,9,9,INTERMEDIATE,3.0
1216,9286,3,3.0,10,10,INTERMEDIATE,0.0
1216,9286,3,63.0,10,13,SOFT,0.0
1216,9286,3,55.0,10,14,SOFT,0.0
1216,9286,3,16.0,10,14,SOFT,0.0
1216,9286,3,81.0,10,14,SOFT,0.0
1216,9286,3,11.0,10,14,SOFT,0.0
1216,9286,3,1.0,10,14,SOFT,0.0
1216,9286,3,10.0,11,15,SOFT,0.0
1216,9286,3,31.0,11,15,SOFT,0.0
1216,9286,3,4.0,12,16,SOFT,0.0
1216,9286,3,44.0,12,16,SOFT,0.0
1217,9142,1,4.0,1,1,MEDIUM,0.0
1217,9142,1,81.0,1,1,MEDIUM,0.0
1217,9142,1,3.0,1,2,MEDIUM,0.0
1217,9142,1,14.0,1,2,MEDIUM,0.0
1217,9142,1,18.0,1,2,HARD,0.0
1217,9142,1,22.0,1,2,MEDIUM,0.0
1217,9142,1,24.0,1,2,HARD,0.0
1217,9142,1,77.0,1,2,MEDIUM,0.0
1217,9142,1,20.0,1,5,HARD,0.0
1217,9142,1,63.0,1,7,HARD,0.0
1217,9142,1,23.0,1,8,HARD,0.0
1217,9142,1,39.0,1,8,HARD,0.0
1217,9142,1,27.0,1,8,MEDIUM,0.0
1217,9142,1,1.0,1,9,HARD,0.0
1217,9142,1,16.0,1,9,HARD,0.0
1217,9142,1,44.0,1,9,HARD,0.0
1217,9142,1,2.0,1,10,MEDIUM,0.0
1217,9142,1,11.0,1,11,HARD,0.0
1217,9142,1,10.0,1,12,HARD,0.0
1217,9142,1,31.0,1,12,MEDIUM,0.0
1217,9142,2,81.0,2,2,MEDIUM,1.0
1217,9142,2,4.0,2,2,MEDIUM,1.0
1217,9142,3,4.0,3,3,MEDIUM,0.0
1217,9142,2,22.0,3,4,MEDIUM,2.0
1217,9142,2,14.0,3,7,MEDIUM,2.0
1217,9142,2,24.0,3,9,HARD,2.0
1217,9142,2,77.0,3,11,MEDIUM,2.0
1217,9142,3,81.0,3,11,MEDIUM,2.0
1217,9142,2,3.0,3,12,MEDIUM,2.0
1217,9142,4,4.0,4,4,MEDIUM,3.0
1217,9142,5,4.0,5,5,MEDIUM,4.0
1217,9142,3,22.0,5,12,MEDIUM,0.0
1217,9142,6,4.0,6,7,MEDIUM,5.0
1217,9142,2,20.0,6,10,HARD,5.0
1217,9142,7,4.0,8,8,MEDIUM,7.0
1217,9142,3,14.0,8,13,MEDIUM,7.0
1217,9142,2,63.0,8,14,HARD,7.0
1217,9142,2,27.0,9,11,SOFT,0.0
1217,9142,8,4.0,9,13,MEDIUM,8.0
1217,9142,2,23.0,9,14,SOFT,0.0
1217,9142,2,39.0,9,16,HARD,8.0
1217,9142,3,24.0,10,11,MEDIUM,0.0
1217,9142,2,44.0,10,14,HARD,9.0
1217,9142,2,16.0,10,16,MEDIUM,0.0
1217,9142,2,1.0,10,22,HARD,9.0
1217,9142,3,20.0,11,13,HARD,10.0
1217,9142,2,2.0,11,16,SOFT,0.0
1217,9142,3,77.0,12,12,MEDIUM,11.0
1217,9142,3,27.0,12,13,SOFT,3.0
1217,9142,2,11.0,12,17,SOFT,0.0
1217,9142,4,24.0,12,20,MEDIUM,2.0
1217,9142,4,81.0,12,21,SOFT,0.0
1217,9142,3,3.0,13,17,SOFT,0.0
1217,9142,4,22.0,13,17,SOFT,0.0
1217,9142,2,31.0,13,18,SOFT,0.0
1217,9142,4,77.0,13,19,MEDIUM,0.0
1217,9142,2,10.0,13,20,SOFT,0.0
1217,9142,4,20.0,14,16,HARD,13.0
1217,9142,4,14.0,14,22,SOFT,0.0
1217,9142,9,4.0,14,22,SOFT,0.0
1217,9142,3,63.0,15,15,SOFT,0.0
1217,9142,3,44.0,15,16,SOFT,0.0
1217,9142,3,23.0,15,25,SOFT,6.0
1217,9142,4,63.0,16,23,SOFT,1.0
1217,9142,3,2.0,17,19,SOFT,0.0
1217,9142,5,20.0,17,20,SOFT,0.0
1217,9142,4,44.0,17,24,SOFT,0.0
1217,9142,3,39.0,17,25,MEDIUM,0.0
1217,9142,3,16.0,17,26,MEDIUM,7.0
1217,9142,5,22.0,18,21,SOFT,5.0
1217,9142,4,3.0,18,26,SOFT,5.0
1217,9142,3,11.0,18,27,SOFT,6.0
1217,9142,3,31.0,19,29,SOFT,6.0
1217,9142,4,2.0,20,30,MEDIUM,10.0
1217,9142,5,77.0,20,30,MEDIUM,7.0
1217,9142,3,10.0,21,30,SOFT,8.0
1217,9142,6,20.0,21,30,SOFT,4.0
1217,9142,3,1.0,23,31,SOFT,0.0
1217,9143,1,1.0,1,5,MEDIUM,0.0
1217,9143,1,20.0,1,5,MEDIUM,0.0
1217,9143,1,4.0,1,6,HARD,0.0
1217,9143,1,11.0,1,6,MEDIUM,0.0
1217,9143,1,10.0,1,6,MEDIUM,0.0
1217,9143,1,14.0,1,6,HARD,0.0
1217,9143,1,16.0,1,6,MEDIUM,0.0
1217,9143,1,22.0,1,6,HARD,0.0
1217,9143,1,31.0,1,6,HARD,0.0
1217,9143,1,44.0,1,6,MEDIUM,0.0
1217,9143,1,55.0,1,6,MEDIUM,0.0
1217,9143,1,63.0,1,6,MEDIUM,0.0
1217,9143,1,81.0,1,6,HARD,0.0
1217,9143,1,2.0,1,7,HARD,0.0
1217,9143,1,3.0,1,7,HARD,0.0
1217,9143,1,18.0,1,7,MEDIUM,0.0
1217,9143,1,23.0,1,7,MEDIUM,0.0
1217,9143,1,24.0,1,7,MEDIUM,0.0
1217,9143,1,27.0,1,7,HARD,0.0
1217,9143,1,77.0,1,7,HARD,0.0
1217,9143,2,20.0,6,11,SOFT,0.0
1217,9143,2,1.0,6,11,SOFT,0.0
1217,9143,2,55.0,7,9,MEDIUM,6.0
1217,9143,2,63.0,7,9,SOFT,0.0
1217,9143,2,16.0,7,9,MEDIUM,6.0
1217,9143,2,44.0,7,12,SOFT,0.0
1217,9143,2,10.0,7,12,SOFT,0.0
1217,9143,2,31.0,7,12,SOFT,0.0
1217,9143,2,4.0,7,12,SOFT,0.0
1217,9143,2,11.0,7,13,SOFT,0.0
1217,9143,2,22.0,7,13,SOFT,0.0
1217,9143,2,14.0,7,14,SOFT,0.0
1217,9143,2,24.0,8,10,SOFT,0.0
1217,9143,2,77.0,8,10,SOFT,0.0
1217,9143,2,2.0,8,12,SOFT,0.0
1217,9143,2,23.0,8,13,SOFT,0.0
1217,9143,2,18.0,8,13,SOFT,0.0
1217,9143,2,27.0,8,15,SOFT,0.0
1217,9143,3,63.0,10,12,SOFT,0.0
1217,9143,3,16.0,10,15,SOFT,0.0
1217,9143,3,55.0,10,17,SOFT,0.0
1217,9143,3,24.0,11,13,SOFT,3.0
1217,9143,3,77.0,11,13,SOFT,0.0
1217,9143,3,1.0,12,26,SOFT,6.0
1217,9143,3,20.0,12,28,SOFT,6.0
1217,9143,3,2.0,13,20,SOFT,5.0
1217,9143,3,4.0,13,23,SOFT,6.0
1217,9143,4,63.0,13,23,SOFT,6.0
1217,9143,3,44.0,13,23,MEDIUM,6.0
1217,9143,3,31.0,13,30,HARD,6.0
1217,9143,3,10.0,13,30,SOFT,6.0
1217,9143,3,23.0,14,15,SOFT,6.0
1217,9143,4,24.0,14,16,SOFT,6.0
1217,9143,4,77.0,14,16,SOFT,6.0
1217,9143,3,18.0,14,24,MEDIUM,7.0
1217,9143,3,11.0,14,29,MEDIUM,6.0
1217,9143,3,22.0,14,31,HARD,6.0
1217,9143,3,14.0,15,25,HARD,6.0
1217,9143,4,16.0,16,30,SOFT,6.0
1217,9143,3,27.0,16,31,HARD,7.0
1217,9143,4,23.0,16,31,MEDIUM,7.0
1217,9143,5,77.0,17,17,SOFT,9.0
1217,9143,5,24.0,17,18,MEDIUM,7.0
1217,9143,4,55.0,18,31,SOFT,8.0
1217,9143,6,77.0,18,31,HARD,0.0
1217,9143,6,24.0,19,30,SOFT,9.0
1217,9143,4,2.0,21,32,HARD,7.0
1217,9143,4,44.0,24,27,SOFT,6.0
1217,9143,5,63.0,24,28,MEDIUM,6.0
1217,9143,4,4.0,24,30,HARD,6.0
1217,9143,4,18.0,25,31,SOFT,6.0
1217,9143,4,14.0,26,31,SOFT,8.0
1217,9144,1,55.0,1,1,WET,0.0
1217,9144,1,10.0,1,1,INTERMEDIATE,0.0
1217,9144,1,63.0,1,1,WET,0.0
1217,9144,1,27.0,1,1,WET,0.0
1217,9144,1,81.0,1,1,WET,0.0
1217,9144,1,44.0,1,1,WET,0.0
1217,9144,1,11.0,1,2,WET,0.0
1217,9144,1,18.0,1,2,WET,0.0
1217,9144,1,31.0,1,2,INTERMEDIATE,0.0
1217,9144,1,14.0,1,2,WET,0.0
1217,9144,1,4.0,1,3,INTERMEDIATE,0.0
1217,9144,1,24.0,1,3,WET,0.0
1217,9144,1,1.0,1,3,WET,0.0
1217,9144,1,77.0,1,3,WET,0.0
1217,9144,1,16.0,1,3,WET,0.0
1217,9144,1,2.0,1,3,WET,0.0
1217,9144,1,23.0,1,3,WET,0.0
1217,9144,1,22.0,1,4,WET,0.0
1217,9144,1,40.0,1,6,WET,0.0
1217,9144,2,63.0,2,2,INTERMEDIATE,0.0
1217,9144,2,81.0,2,4,INTERMEDIATE,0.0
1217,9144,2,44.0,2,5,INTERMEDIATE,0.0
1217,9144,2,55.0,2,5,WET,1.0
1217,9144,2,10.0,2,6,INTERMEDIATE,1.0
1217,9144,2,27.0,2,6,WET,1.0
1217,9144,3,63.0,3,4,INTERMEDIATE,0.0
1217,9144,2,31.0,3,5,INTERMEDIATE,2.0
1217,9144,2,14.0,3,8,INTERMEDIATE,0.0
1217,9144,2,18.0,3,9,INTERMEDIATE,0.0
1217,9144,2,11.0,3,10,INTERMEDIATE,0.0
1217,9144,2,24.0,4,4,INTERMEDIATE,0.0
1217,9144,2,16.0,4,4,INTERMEDIATE,0.0
1217,9144,2,1.0,4,7,INTERMEDIATE,0.0
1217,9144,2,4.0,4,8,INTERMEDIATE,3.0
1217,9144,2,77.0,4,9,INTERMEDIATE,0.0
1217,9144,2,23.0,4,11,INTERMEDIATE,0.0
1217,9144,2,2.0,4,12,INTERMEDIATE,0.0
1217,9144,3,16.0,5,6,INTERMEDIATE,1.0
1217,9144,2,22.0,5,7,WET,4.0
1217,9144,3,24.0,5,9,INTERMEDIATE,1.0
1217,9144,4,63.0,5,10,INTERMEDIATE,3.0
1217,9144,3,81.0,5,12,INTERMEDIATE,3.0
1217,9144,3,55.0,6,9,INTERMEDIATE,0.0
1217,9144,3,44.0,6,10,INTERMEDIATE,4.0
1217,9144,3,31.0,6,12,INTERMEDIATE,5.0
1217,9144,3,10.0,7,7,INTERMEDIATE,0.0
1217,9144,3,27.0,7,8,INTERMEDIATE,0.0
1217,9144,2,40.0,7,11,WET,6.0
1217,9144,4,16.0,7,12,INTERMEDIATE,3.0
1217,9144,3,22.0,8,10,INTERMEDIATE,0.0
1217,9144,3,1.0,8,10,INTERMEDIATE,4.0
1217,9144,4,10.0,8,15,INTERMEDIATE,7.0
1217,9144,4,27.0,9,12,INTERMEDIATE,2.0
1217,9144,3,14.0,9,14,INTERMEDIATE,6.0
1217,9144,3,4.0,9,17,INTERMEDIATE,8.0
1217,9144,3,18.0,10,15,INTERMEDIATE,0.0
1217,9144,3,77.0,10,17,INTERMEDIATE,6.0
1217,9144,4,55.0,10,17,INTERMEDIATE,0.0
1217,9144,4,1.0,11,18,INTERMEDIATE,7.0
1217,9144,4,22.0,11,18,INTERMEDIATE,3.0
1217,9144,5,63.0,11,18,INTERMEDIATE,9.0
1217,9144,3,11.0,11,18,INTERMEDIATE,8.0
1217,9144,4,44.0,11,18,INTERMEDIATE,9.0
1217,9144,3,40.0,12,14,WET,11.0
1217,9144,3,23.0,12,19,INTERMEDIATE,8.0
1217,9144,4,81.0,13,20,INTERMEDIATE,11.0
1217,9144,3,2.0,13,20,INTERMEDIATE,9.0
1217,9144,5,27.0,13,20,INTERMEDIATE,6.0
1217,9144,4,40.0,15,19,INTERMEDIATE,0.0
1217,9144,4,4.0,18,24,INTERMEDIATE,17.0
1217,9144,4,77.0,18,25,INTERMEDIATE,14.0
1217,9144,5,40.0,20,26,INTERMEDIATE,0.0
1217,9145,1,27.0,1,6,INTERMEDIATE,0.0
1217,9145,1,20.0,1,6,INTERMEDIATE,0.0
1217,9145,1,23.0,1,7,INTERMEDIATE,0.0
1217,9145,1,77.0,1,7,INTERMEDIATE,0.0
1217,9145,1,55.0,1,7,INTERMEDIATE,0.0
1217,9145,1,22.0,1,7,INTERMEDIATE,0.0
1217,9145,1,2.0,1,7,INTERMEDIATE,0.0
1217,9145,1,18.0,1,7,INTERMEDIATE,0.0
1217,9145,1,24.0,1,7,INTERMEDIATE,0.0
1217,9145,1,40.0,1,7,INTERMEDIATE,0.0
1217,9145,1,14.0,1,8,INTERMEDIATE,0.0
1217,9145,1,81.0,1,8,INTERMEDIATE,0.0
1217,9145,1,4.0,1,8,INTERMEDIATE,0.0
1217,9145,1,16.0,1,8,INTERMEDIATE,0.0
1217,9145,1,10.0,1,11,INTERMEDIATE,0.0
1217,9145,1,1.0,1,12,INTERMEDIATE,0.0
1217,9145,1,63.0,1,12,INTERMEDIATE,0.0
1217,9145,1,31.0,1,12,INTERMEDIATE,0.0
1217,9145,1,11.0,1,13,INTERMEDIATE,0.0
1217,9145,1,44.0,1,13,INTERMEDIATE,0.0
1217,9145,2,27.0,7,10,INTERMEDIATE,0.0
1217,9145,2,20.0,7,11,INTERMEDIATE,0.0
1217,9145,2,23.0,8,12,INTERMEDIATE,0.0
1217,9145,2,24.0,8,12,INTERMEDIATE,0.0
1217,9145,2,77.0,8,12,INTERMEDIATE,0.0
1217,9145,2,55.0,8,12,INTERMEDIATE,0.0
1217,9145,2,22.0,8,12,INTERMEDIATE,0.0
1217,9145,2,40.0,8,12,INTERMEDIATE,0.0
1217,9145,2,18.0,8,12,INTERMEDIATE,0.0
1217,9145,2,2.0,8,13,INTERMEDIATE,0.0
1217,9145,2,14.0,9,11,INTERMEDIATE,0.0
1217,9145,2,4.0,9,12,INTERMEDIATE,0.0
1217,9145,2,16.0,9,12,INTERMEDIATE,0.0
1217,9145,2,81.0,9,12,INTERMEDIATE,0.0
1217,9145,3,27.0,11,17,INTERMEDIATE,0.0
1217,9145,2,10.0,12,16,INTERMEDIATE,0.0
1217,9145,3,14.0,12,16,INTERMEDIATE,8.0
1217,9145,3,23.0,13,17,INTERMEDIATE,0.0
1217,9145,3,22.0,13,17,INTERMEDIATE,0.0
1217,9145,3,18.0,13,17,INTERMEDIATE,0.0
1217,9145,2,63.0,13,18,INTERMEDIATE,0.0
1217,9145,3,16.0,13,18,INTERMEDIATE,4.0
1217,9145,3,81.0,13,18,INTERMEDIATE,0.0
1217,9145,3,55.0,13,19,INTERMEDIATE,5.0
1217,9145,2,1.0,13,20,INTERMEDIATE,0.0
1217,9145,3,4.0,13,23,INTERMEDIATE,0.0
1217,9145,2,11.0,14,18,INTERMEDIATE,0.0
1217,9145,3,2.0,14,19,INTERMEDIATE,0.0
1217,9145,2,44.0,14,19,INTERMEDIATE,0.0
1217,9145,3,10.0,17,21,INTERMEDIATE,0.0
1217,9145,4,14.0,17,21,INTERMEDIATE,0.0
1217,9145,4,27.0,18,20,INTERMEDIATE,0.0
1217,9145,4,23.0,18,22,INTERMEDIATE,0.0
1217,9145,4,22.0,18,22,INTERMEDIATE,0.0
1217,9145,4,18.0,18,22,INTERMEDIATE,0.0
1217,9145,4,16.0,19,22,INTERMEDIATE,0.0
1217,9145,4,81.0,19,22,INTERMEDIATE,0.0
1217,9145,3,63.0,19,23,INTERMEDIATE,0.0
1217,9145,3,11.0,19,24,INTERMEDIATE,0.0
1217,9145,3,44.0,20,23,INTERMEDIATE,0.0
1217,9145,4,55.0,20,23,INTERMEDIATE,0.0
1217,9145,4,2.0,20,24,INTERMEDIATE,0.0
1217,9145,3,1.0,21,23,INTERMEDIATE,0.0
1217,9145,5,14.0,22,23,SOFT,0.0
1217,9145,5,81.0,23,23,INTERMEDIATE,4.0
1217,9145,5,16.0,23,23,INTERMEDIATE,10.0
1217,9145,5,23.0,23,25,SOFT,0.0
1217,9145,4,1.0,24,24,INTERMEDIATE,3.0
1217,9145,4,4.0,24,24,SOFT,0.0
1217,9145,6,16.0,24,24,SOFT,0.0
1217,9145,6,81.0,24,25,SOFT,0.0
1217,9145,4,63.0,24,26,SOFT,0.0
1217,9145,5,55.0,24,26,SOFT,0.0
1217,9145,6,14.0,24,26,SOFT,0.0
1217,9145,4,11.0,25,25,INTERMEDIATE,5.0
1217,9145,5,1.0,25,25,SOFT,0.0
1217,9145,5,2.0,25,27,SOFT,0.0
1217,9145,5,4.0,25,27,SOFT,0.0
1217,9145,7,16.0,25,27,SOFT,0.0
1217,9145,5,11.0,26,26,SOFT,0.0
1217,9145,6,23.0,26,27,SOFT,0.0
1217,9145,7,81.0,26,28,SOFT,0.0
1217,9145,6,1.0,26,28,SOFT,0.0
1217,9145,6,55.0,27,29,SOFT,0.0
1217,9145,5,63.0,27,29,SOFT,3.0
1217,9145,6,11.0,27,29,SOFT,0.0
1217,9145,7,14.0,27,30,SOFT,0.0
1217,9145,7,23.0,28,28,SOFT,0.0
1217,9145,6,4.0,28,30,SOFT,0.0
1217,9145,7,1.0,29,31,SOFT,0.0
1217,9145,8,81.0,29,31,SOFT,0.0
1217,9145,8,23.0,29,32,SOFT,0.0
1217,9145,7,55.0,30,32,SOFT,0.0
1217,9145,6,63.0,30,32,SOFT,0.0
1217,9145,7,11.0,30,33,SOFT,0.0
1217,9149,1,11.0,1,1,SOFT,0.0
1217,9149,1,16.0,1,1,SOFT,0.0
1217,9149,1,10.0,1,1,INTERMEDIATE,0.0
1217,9149,1,24.0,1,1,SOFT,0.0
1217,9149,1,22.0,1,1,SOFT,0.0
1217,9149,1,20.0,1,1,SOFT,0.0
1217,9149,1,40.0,1,1,SOFT,0.0
1217,9149,1,1.0,1,2,SOFT,0.0
1217,9149,1,14.0,1,2,SOFT,0.0
1217,9149,1,55.0,1,2,SOFT,0.0
1217,9149,1,31.0,1,2,SOFT,0.0
1217,9149,1,4.0,1,3,SOFT,0.0
1217,9149,1,44.0,1,3,MEDIUM,0.0
1217,9149,1,63.0,1,4,SOFT,0.0
1217,9149,1,18.0,1,4,SOFT,0.0
1217,9149,1,81.0,1,15,SOFT,0.0
1217,9149,1,2.0,1,15,SOFT,0.0
1217,9149,1,27.0,1,16,SOFT,0.0
1217,9149,1,77.0,1,16,SOFT,0.0
1217,9149,1,23.0,1,44,SOFT,0.0
1217,9149,2,20.0,2,9,INTERMEDIATE,0.0
1217,9149,2,24.0,2,10,INTERMEDIATE,0.0
1217,9149,2,22.0,2,10,INTERMEDIATE,5.0
1217,9149,2,40.0,2,10,INTERMEDIATE,5.0
1217,9149,2,10.0,2,11,SOFT,0.0
1217,9149,2,16.0,2,11,INTERMEDIATE,8.0
1217,9149,2,11.0,2,12,INTERMEDIATE,0.0
1217,9149,2,14.0,3,10,INTERMEDIATE,0.0
1217,9149,2,55.0,3,10,INTERMEDIATE,7.0
1217,9149,2,31.0,3,10,INTERMEDIATE,0.0
1217,9149,2,1.0,3,11,INTERMEDIATE,0.0
1217,9149,2,44.0,4,9,INTERMEDIATE,0.0
1217,9149,2,4.0,4,10,INTERMEDIATE,0.0
1217,9149,2,18.0,5,9,INTERMEDIATE,0.0
1217,9149,2,63.0,5,10,INTERMEDIATE,0.0
1217,9149,3,18.0,10,16,SOFT,0.0
1217,9149,3,20.0,10,35,SOFT,0.0
1217,9149,3,44.0,10,45,SOFT,0.0
1217,9149,3,63.0,11,16,SOFT,0.0
1217,9149,3,40.0,11,17,SOFT,0.0
1217,9149,3,24.0,11,37,MEDIUM,0.0
1217,9149,3,55.0,11,41,SOFT,0.0
1217,9149,3,4.0,11,42,SOFT,0.0
1217,9149,3,31.0,11,43,SOFT,0.0
1217,9149,3,14.0,11,48,SOFT,0.0
1217,9149,3,22.0,11,60,SOFT,0.0
1217,9149,3,16.0,12,41,SOFT,0.0
1217,9149,3,10.0,12,46,SOFT,0.0
1217,9149,3,1.0,12,49,SOFT,0.0
1217,9149,3,11.0,13,45,SOFT,0.0
1217,9149,2,81.0,16,46,SOFT,0.0
1217,9149,4,18.0,17,34,MEDIUM,0.0
1217,9149,2,77.0,17,47,MEDIUM,0.0
1217,9149,2,27.0,17,48,MEDIUM,0.0
1217,9149,4,63.0,17,60,HARD,0.0
1217,9149,4,40.0,18,46,MEDIUM,0.0
1217,9149,5,18.0,35,60,SOFT,0.0
1217,9149,4,20.0,36,60,MEDIUM,0.0
1217,9149,4,24.0,38,60,SOFT,0.0
1217,9149,4,55.0,42,60,SOFT,2.0
1217,9149,4,4.0,43,60,SOFT,3.0
1217,9149,4,31.0,44,61,SOFT,0.0
1217,9149,2,23.0,45,61,MEDIUM,0.0
1217,9149,4,11.0,46,60,SOFT,1.0
1217,9149,4,44.0,46,60,SOFT,3.0
1217,9149,5,40.0,47,59,SOFT,0.0
1217,9149,4,10.0,47,60,SOFT,0.0
1217,9149,3,81.0,47,60,MEDIUM,0.0
1217,9149,3,77.0,48,59,SOFT,0.0
1217,9149,3,27.0,49,60,SOFT,0.0
1217,9149,4,14.0,49,61,SOFT,2.0
1217,9149,4,1.0,50,61,SOFT,1.0
1217,9149,4,77.0,60,63,INTERMEDIATE,0.0
1217,9149,6,40.0,60,63,INTERMEDIATE,7.0
1217,9149,5,11.0,61,63,INTERMEDIATE,6.0
1217,9149,5,4.0,61,63,INTERMEDIATE,4.0
1217,9149,5,63.0,61,63,INTERMEDIATE,12.0
1217,9149,4,81.0,61,63,INTERMEDIATE,5.0
1217,9149,4,22.0,61,63,INTERMEDIATE,5.0
1217,9149,5,24.0,61,63,INTERMEDIATE,0.0
1217,9149,6,18.0,61,63,INTERMEDIATE,5.0
1217,9149,4,27.0,61,63,INTERMEDIATE,3.0
1217,9149,5,20.0,61,63,INTERMEDIATE,0.0
1217,9149,5,55.0,61,64,INTERMEDIATE,15.0
1217,9149,5,10.0,61,64,INTERMEDIATE,0.0
1217,9149,5,44.0,61,64,INTERMEDIATE,6.0
1217,9149,5,1.0,62,63,INTERMEDIATE,12.0
1217,9149,3,23.0,62,63,INTERMEDIATE,5.0
1217,9149,5,31.0,62,63,WET,0.0
1217,9149,5,14.0,62,64,INTERMEDIATE,3.0
1217,9149,6,1.0,64,64,WET,0.0
1217,9149,6,11.0,64,64,INTERMEDIATE,6.0
1217,9149,6,4.0,64,64,INTERMEDIATE,11.0
1217,9149,6,63.0,64,64,INTERMEDIATE,5.0
1217,9149,4,23.0,64,64,INTERMEDIATE,5.0
1217,9149,5,81.0,64,64,INTERMEDIATE,4.0
1217,9149,6,31.0,64,64,INTERMEDIATE,0.0
1217,9149,5,22.0,64,64,INTERMEDIATE,5.0
1217,9149,7,18.0,64,64,INTERMEDIATE,5.0
1217,9149,5,27.0,64,64,INTERMEDIATE,4.0
1217,9149,5,77.0,64,64,INTERMEDIATE,0.0
1217,9149,7,40.0,64,64,INTERMEDIATE,0.0
1217,9149,6,20.0,64,64,INTERMEDIATE,3.0
1217,9149,7,63.0,65,67,INTERMEDIATE,0.0
1217,9149,7,1.0,65,72,INTERMEDIATE,4.0
1217,9149,6,14.0,65,72,INTERMEDIATE,6.0
1217,9149,7,11.0,65,72,INTERMEDIATE,7.0
1217,9149,6,10.0,65,72,INTERMEDIATE,4.0
1217,9149,6,55.0,65,72,INTERMEDIATE,4.0
1217,9149,7,4.0,65,72,INTERMEDIATE,12.0
1217,9149,6,44.0,65,72,INTERMEDIATE,6.0
1217,9149,5,23.0,65,72,INTERMEDIATE,6.0
1217,9149,6,81.0,65,72,INTERMEDIATE,5.0
1217,9149,7,31.0,65,72,INTERMEDIATE,1.0
1217,9149,6,22.0,65,72,INTERMEDIATE,6.0
1217,9149,8,18.0,65,72,INTERMEDIATE,0.0
1217,9149,6,27.0,65,72,INTERMEDIATE,5.0
1217,9149,6,77.0,65,72,INTERMEDIATE,0.0
1217,9149,8,40.0,65,72,INTERMEDIATE,8.0
1217,9149,7,20.0,65,72,INTERMEDIATE,4.0
1217,9149,8,63.0,68,72,INTERMEDIATE,15.0
1218,9150,1,10.0,1,1,SOFT,0.0
1218,9150,1,4.0,1,1,MEDIUM,0.0
1218,9150,1,22.0,1,1,SOFT,0.0
1218,9150,1,14.0,1,2,MEDIUM,0.0
1218,9150,1,34.0,1,2,MEDIUM,0.0
1218,9150,1,77.0,1,3,SOFT,0.0
1218,9150,1,20.0,1,4,MEDIUM,0.0
1218,9150,1,2.0,1,5,SOFT,0.0
1218,9150,1,27.0,1,5,MEDIUM,0.0
1218,9150,1,23.0,1,6,SOFT,0.0
1218,9150,1,81.0,1,7,SOFT,0.0
1218,9150,1,24.0,1,7,SOFT,0.0
1218,9150,1,1.0,1,9,HARD,0.0
1218,9150,1,11.0,1,9,HARD,0.0
1218,9150,1,31.0,1,9,SOFT,0.0
1218,9150,1,44.0,1,9,HARD,0.0
1218,9150,1,55.0,1,9,HARD,0.0
1218,9150,1,16.0,1,10,HARD,0.0
1218,9150,1,63.0,1,10,HARD,0.0
1218,9150,1,40.0,1,14,SOFT,0.0
1218,9150,2,4.0,2,2,MEDIUM,0.0
1218,9150,2,22.0,2,9,SOFT,1.0
1218,9150,2,10.0,2,10,SOFT,1.0
1218,9150,3,4.0,3,7,SOFT,0.0
1218,9150,2,34.0,3,9,MEDIUM,2.0
1218,9150,2,14.0,3,9,MEDIUM,2.0
1218,9150,2,77.0,4,6,SOFT,3.0
1218,9150,2,20.0,5,8,MEDIUM,4.0
1218,9150,2,27.0,6,10,MEDIUM,5.0
1218,9150,2,2.0,6,11,SOFT,5.0
1218,9150,2,23.0,7,8,SOFT,6.0
1218,9150,3,77.0,7,11,SOFT,0.0
1218,9150,2,81.0,8,12,SOFT,7.0
1218,9150,2,24.0,8,12,SOFT,0.0
1218,9150,4,4.0,8,19,SOFT,0.0
1218,9150,3,20.0,9,15,MEDIUM,8.0
1218,9150,3,23.0,9,18,SOFT,0.0
1218,9150,3,22.0,10,12,SOFT,0.0
1218,9150,2,1.0,10,14,HARD,9.0
1218,9150,2,55.0,10,14,HARD,0.0
1218,9150,3,14.0,10,15,MEDIUM,9.0
1218,9150,2,11.0,10,16,HARD,9.0
1218,9150,2,44.0,10,16,HARD,9.0
1218,9150,2,31.0,10,17,SOFT,9.0
1218,9150,3,34.0,10,18,MEDIUM,9.0
1218,9150,3,10.0,11,13,SOFT,10.0
1218,9150,3,27.0,11,13,MEDIUM,10.0
1218,9150,2,16.0,11,15,HARD,0.0
1218,9150,2,63.0,11,18,HARD,10.0
1218,9150,4,77.0,12,17,SOFT,5.0
1218,9150,3,2.0,12,21,SOFT,11.0
1218,9150,4,22.0,13,15,SOFT,3.0
1218,9150,3,24.0,13,17,SOFT,5.0
1218,9150,3,81.0,13,18,SOFT,12.0
1218,9150,4,27.0,14,23,MEDIUM,13.0
1218,9150,4,10.0,14,26,SOFT,13.0
1218,9150,2,40.0,15,21,SOFT,0.0
1218,9150,3,55.0,15,22,HARD,14.0
1218,9150,3,1.0,15,31,HARD,14.0
1218,9150,3,16.0,16,22,HARD,15.0
1218,9150,5,22.0,16,23,SOFT,0.0
1218,9150,4,20.0,16,24,MEDIUM,15.0
1218,9150,4,14.0,16,24,MEDIUM,15.0
1218,9150,3,44.0,17,26,HARD,0.0
1218,9150,3,11.0,17,30,HARD,16.0
1218,9150,3,31.0,18,26,SOFT,0.0
1218,9150,4,81.0,19,21,SOFT,18.0
1218,9150,4,34.0,19,24,MEDIUM,18.0
1218,9150,3,63.0,19,28,HARD,18.0
1218,9150,5,4.0,20,22,SOFT,17.0
1218,9150,5,81.0,22,24,SOFT,0.0
1218,9150,3,40.0,22,29,SOFT,14.0
1218,9150,4,55.0,23,28,HARD,22.0
1218,9151,1,44.0,1,1,MEDIUM,0.0
1218,9151,1,4.0,1,2,MEDIUM,2.0
1218,9151,1,20.0,1,2,HARD,0.0
1218,9151,1,1.0,1,2,MEDIUM,0.0
1218,9151,1,31.0,1,2,MEDIUM,0.0
1218,9151,1,11.0,1,2,MEDIUM,0.0
1218,9151,1,22.0,1,2,MEDIUM,0.0
1218,9151,1,16.0,1,2,MEDIUM,0.0
1218,9151,1,18.0,1,2,HARD,0.0
1218,9151,1,2.0,1,2,SOFT,0.0
1218,9151,1,10.0,1,2,MEDIUM,0.0
1218,9151,1,81.0,1,2,HARD,0.0
1218,9151,1,27.0,1,2,HARD,0.0
1218,9151,1,40.0,1,2,MEDIUM,0.0
1218,9151,1,55.0,1,2,MEDIUM,0.0
1218,9151,1,24.0,1,3,MEDIUM,0.0
1218,9151,1,77.0,1,3,MEDIUM,0.0
1218,9151,1,14.0,1,5,SOFT,0.0
1218,9151,1,23.0,1,5,SOFT,0.0
1218,9151,1,63.0,1,9,MEDIUM,0.0
1218,9151,2,44.0,2,4,MEDIUM,0.0
1218,9151,2,2.0,3,5,SOFT,2.0
1218,9151,2,22.0,3,5,MEDIUM,2.0
1218,9151,2,1.0,3,7,MEDIUM,2.0
1218,9151,2,27.0,3,7,HARD,2.0
1218,9151,2,20.0,3,7,HARD,2.0
1218,9151,2,55.0,3,8,MEDIUM,2.0
1218,9151,2,31.0,3,8,MEDIUM,2.0
1218,9151,2,40.0,3,8,MEDIUM,2.0
1218,9151,2,16.0,3,8,MEDIUM,2.0
1218,9151,2,11.0,3,8,MEDIUM,2.0
1218,9151,2,4.0,3,9,MEDIUM,4.0
1218,9151,2,10.0,3,10,MEDIUM,2.0
1218,9151,2,81.0,3,10,HARD,2.0
1218,9151,2,77.0,4,8,MEDIUM,3.0
1218,9151,2,24.0,4,8,MEDIUM,3.0
1218,9151,3,44.0,5,9,HARD,3.0
1218,9151,3,22.0,6,8,MEDIUM,5.0
1218,9151,2,14.0,6,9,SOFT,0.0
1218,9151,2,23.0,6,10,MEDIUM,0.0
1218,9151,3,2.0,6,11,MEDIUM,0.0
1218,9151,3,1.0,8,10,SOFT,0.0
1218,9151,3,27.0,8,11,SOFT,0.0
1218,9151,3,20.0,8,13,SOFT,0.0
1218,9151,3,11.0,9,11,SOFT,0.0
1218,9151,4,22.0,9,11,SOFT,0.0
1218,9151,3,77.0,9,11,SOFT,0.0
1218,9151,3,24.0,9,12,SOFT,0.0
1218,9151,3,55.0,9,13,SOFT,0.0
1218,9151,3,31.0,9,13,SOFT,0.0
1218,9151,3,40.0,9,14,SOFT,0.0
1218,9151,3,16.0,9,15,SOFT,0.0
1218,9151,3,14.0,10,11,SOFT,9.0
1218,9151,3,4.0,10,12,SOFT,0.0
1218,9151,2,63.0,10,12,SOFT,0.0
1218,9151,4,44.0,10,18,MEDIUM,8.0
1218,9151,3,23.0,11,11,SOFT,5.0
1218,9151,3,81.0,11,13,SOFT,0.0
1218,9151,4,1.0,11,15,MEDIUM,0.0
1218,9151,3,10.0,11,16,SOFT,0.0
1218,9151,4,2.0,12,13,SOFT,5.0
1218,9151,5,22.0,12,14,SOFT,3.0
1218,9151,4,77.0,12,14,SOFT,3.0
1218,9151,4,23.0,12,14,MEDIUM,5.0
1218,9151,4,27.0,12,14,HARD,7.0
1218,9151,4,14.0,12,16,SOFT,11.0
1218,9151,4,11.0,12,17,MEDIUM,8.0
1218,9151,4,24.0,13,15,SOFT,4.0
1218,9151,4,4.0,13,15,MEDIUM,11.0
1218,9151,3,63.0,13,15,MEDIUM,9.0
1218,9151,4,81.0,14,16,HARD,0.0
1218,9151,4,20.0,14,16,HARD,7.0
1218,9151,4,31.0,14,17,MEDIUM,8.0
1218,9151,4,55.0,14,18,MEDIUM,8.0
1218,9151,5,2.0,14,19,MEDIUM,6.0
1218,9151,4,40.0,15,18,MEDIUM,8.0
1218,9151,6,22.0,15,18,MEDIUM,8.0
1218,9151,5,23.0,15,19,MEDIUM,8.0
1218,9151,5,27.0,15,19,HARD,10.0
1218,9151,5,77.0,15,19,MEDIUM,8.0
1218,9151,4,16.0,16,18,MEDIUM,8.0
1218,9151,5,1.0,16,20,MEDIUM,12.0
1218,9151,4,63.0,16,20,MEDIUM,12.0
1218,9151,5,24.0,16,20,MEDIUM,8.0
1218,9151,5,4.0,16,20,MEDIUM,14.0
1218,9151,4,10.0,17,17,MEDIUM,10.0
1218,9151,5,20.0,17,21,HARD,10.0
1218,9151,5,81.0,17,21,HARD,13.0
1218,9151,5,31.0,18,22,MEDIUM,12.0
1218,9151,5,10.0,18,22,MEDIUM,11.0
1218,9151,5,55.0,19,23,MEDIUM,13.0
1218,9151,7,22.0,19,23,MEDIUM,12.0
1218,9151,5,16.0,19,23,MEDIUM,11.0
1218,9151,5,40.0,19,23,MEDIUM,12.0
1218,9151,5,44.0,19,23,MEDIUM,18.0
1218,9151,6,2.0,20,24,MEDIUM,12.0
1218,9152,1,24.0,1,1,SOFT,7.0
1218,9152,1,77.0,1,1,MEDIUM,0.0
1218,9152,1,4.0,1,1,SOFT,3.0
1218,9152,1,23.0,1,3,SOFT,6.0
1218,9152,1,2.0,1,3,SOFT,7.0
1218,9152,1,1.0,1,3,SOFT,3.0
1218,9152,1,81.0,1,3,SOFT,3.0
1218,9152,1,44.0,1,3,SOFT,0.0
1218,9152,1,14.0,1,5,HARD,0.0
1218,9152,1,11.0,1,6,SOFT,3.0
1218,9152,1,16.0,1,6,SOFT,7.0
1218,9152,1,20.0,1,6,MEDIUM,0.0
1218,9152,1,10.0,1,6,SOFT,0.0
1218,9152,1,31.0,1,6,SOFT,5.0
1218,9152,1,55.0,1,7,SOFT,5.0
1218,9152,1,63.0,1,7,SOFT,0.0
1218,9152,1,18.0,1,10,HARD,0.0
1218,9152,1,22.0,1,12,MEDIUM,17.0
1218,9152,1,27.0,1,12,MEDIUM,0.0
1218,9152,1,40.0,1,12,MEDIUM,17.0
1218,9152,2,4.0,2,5,SOFT,4.0
1218,9152,2,77.0,2,12,MEDIUM,14.0
1218,9152,2,24.0,2,12,MEDIUM,13.0
1218,9152,2,23.0,4,4,SOFT,9.0
1218,9152,2,2.0,4,6,SOFT,10.0
1218,9152,2,1.0,4,6,SOFT,6.0
1218,9152,2,81.0,4,6,SOFT,6.0
1218,9152,2,44.0,4,7,SOFT,3.0
1218,9152,3,23.0,5,9,MEDIUM,0.0
1218,9152,2,14.0,6,10,HARD,5.0
1218,9152,3,4.0,6,10,HARD,0.0
1218,9152,3,81.0,7,8,MEDIUM,0.0
1218,9152,3,2.0,7,9,MEDIUM,0.0
1218,9152,2,31.0,7,12,SOFT,0.0
1218,9152,2,10.0,7,12,SOFT,6.0
1218,9152,2,20.0,7,12,SOFT,0.0
1218,9152,2,16.0,7,15,SOFT,13.0
1218,9152,3,1.0,7,15,SOFT,0.0
1218,9152,2,11.0,7,16,SOFT,9.0
1218,9152,3,44.0,8,14,SOFT,0.0
1218,9152,2,63.0,8,14,SOFT,10.0
1218,9152,2,55.0,8,16,SOFT,12.0
1218,9152,4,81.0,9,17,MEDIUM,2.0
1218,9152,4,2.0,10,12,UNKNOWN,3.0
1218,9152,4,23.0,10,15,HARD,0.0
1218,9152,3,14.0,11,14,HARD,10.0
1218,9152,2,18.0,11,20,HARD,12.0
1218,9152,4,4.0,11,21,HARD,5.0
1218,9152,2,27.0,13,13,MEDIUM,12.0
1218,9152,5,2.0,13,13,MEDIUM,0.0
1218,9152,3,10.0,13,16,HARD,0.0
1218,9152,2,40.0,13,17,HARD,0.0
1218,9152,2,22.0,13,17,HARD,0.0
1218,9152,3,31.0,13,17,HARD,0.0
1218,9152,3,20.0,13,18,SOFT,0.0
1218,9152,3,77.0,13,19,MEDIUM,0.0
1218,9152,3,24.0,13,19,MEDIUM,0.0
1218,9152,3,27.0,14,19,SOFT,0.0
1218,9152,6,2.0,14,20,HARD,0.0
1218,9152,3,63.0,15,17,SOFT,0.0
1218,9152,4,44.0,15,17,SOFT,0.0
1218,9152,4,14.0,15,24,SOFT,0.0
1218,9152,3,16.0,16,17,SOFT,0.0
1218,9152,4,1.0,16,18,SOFT,0.0
1218,9152,5,23.0,16,18,MEDIUM,5.0
1218,9152,3,55.0,17,19,SOFT,0.0
1218,9152,4,10.0,17,19,HARD,4.0
1218,9152,3,22.0,18,20,HARD,5.0
1218,9152,3,40.0,18,20,HARD,5.0
1218,9152,5,44.0,18,20,SOFT,3.0
1218,9152,4,31.0,18,20,SOFT,11.0
1218,9152,4,63.0,18,22,SOFT,3.0
1218,9152,4,16.0,18,23,SOFT,2.0
1218,9152,5,1.0,19,20,SOFT,3.0
1218,9152,4,20.0,19,21,SOFT,6.0
1218,9152,4,27.0,20,22,SOFT,0.0
1218,9152,5,10.0,20,22,SOFT,12.0
1218,9152,4,24.0,20,23,HARD,0.0
1218,9152,4,55.0,20,23,SOFT,3.0
1218,9152,4,77.0,20,30,HARD,0.0
1218,9152,3,18.0,21,21,HARD,22.0
1218,9152,4,40.0,21,23,MEDIUM,0.0
1218,9152,4,22.0,21,23,MEDIUM,0.0
1218,9152,6,1.0,21,23,SOFT,0.0
1218,9152,7,2.0,21,23,MEDIUM,7.0
1218,9152,6,44.0,21,23,SOFT,6.0
1218,9152,5,4.0,22,24,SOFT,8.0
1218,9152,4,18.0,22,31,SOFT,0.0
1218,9152,5,63.0,23,25,SOFT,8.0
1218,9152,5,27.0,23,27,SOFT,3.0
1218,9152,5,22.0,24,28,MEDIUM,3.0
1218,9152,5,40.0,24,29,MEDIUM,3.0
1218,9152,5,24.0,24,30,HARD,4.0
1218,9153,1,55.0,1,3,HARD,0.0
1218,9153,1,1.0,1,3,HARD,0.0
1218,9153,1,22.0,1,3,HARD,8.0
1218,9153,1,63.0,1,3,HARD,0.0
1218,9153,1,44.0,1,3,HARD,0.0
1218,9153,1,40.0,1,3,HARD,8.0
1218,9153,1,18.0,1,4,HARD,0.0
1218,9153,1,20.0,1,4,HARD,0.0
1218,9153,1,10.0,1,4,HARD,0.0
1218,9153,1,27.0,1,5,HARD,0.0
1218,9153,1,4.0,1,5,HARD,0.0
1218,9153,1,24.0,1,5,HARD,0.0
1218,9153,1,14.0,1,5,HARD,0.0
1218,9153,1,31.0,1,5,HARD,0.0
1218,9153,1,81.0,1,5,HARD,0.0
1218,9153,1,77.0,1,5,HARD,0.0
1218,9153,1,11.0,1,6,HARD,0.0
1218,9153,1,16.0,1,6,HARD,0.0
1218,9153,1,2.0,1,6,HARD,0.0
1218,9153,1,23.0,1,6,HARD,0.0
1218,9153,2,1.0,4,6,HARD,3.0
1218,9153,2,22.0,4,6,HARD,0.0
1218,9153,2,40.0,4,6,HARD,0.0
1218,9153,2,55.0,4,6,HARD,3.0
1218,9153,2,63.0,4,6,HARD,0.0
1218,9153,2,44.0,4,6,HARD,0.0
1218,9153,2,10.0,5,7,HARD,0.0
1218,9153,2,20.0,5,8,HARD,0.0
1218,9153,2,18.0,5,9,HARD,0.0
1218,9153,2,77.0,6,8,HARD,0.0
1218,9153,2,24.0,6,8,HARD,0.0
1218,9153,2,14.0,6,8,HARD,0.0
1218,9153,2,31.0,6,8,HARD,0.0
1218,9153,2,4.0,6,9,HARD,0.0
1218,9153,2,27.0,6,10,HARD,0.0
1218,9153,2,81.0,6,10,HARD,0.0
1218,9153,3,1.0,7,9,HARD,6.0
1218,9153,2,11.0,7,9,HARD,6.0
1218,9153,2,16.0,7,9,HARD,6.0
1218,9153,3,63.0,7,9,HARD,3.0
1218,9153,3,55.0,7,9,HARD,6.0
1218,9153,2,23.0,7,9,HARD,0.0
1218,9153,3,44.0,7,9,HARD,3.0
1218,9153,2,2.0,7,9,HARD,0.0
1218,9153,3,40.0,7,9,HARD,0.0
1218,9153,3,22.0,7,9,HARD,0.0
1218,9153,3,14.0,9,11,MEDIUM,0.0
1218,9153,3,77.0,9,11,MEDIUM,0.0
1218,9153,4,1.0,10,12,MEDIUM,0.0
1218,9153,3,11.0,10,12,MEDIUM,0.0
1218,9153,3,23.0,10,12,MEDIUM,0.0
1218,9153,4,22.0,10,12,MEDIUM,0.0
1218,9153,4,40.0,10,12,MEDIUM,0.0
1218,9153,3,2.0,10,12,MEDIUM,0.0
1218,9153,3,16.0,10,12,MEDIUM,0.0
1218,9153,4,55.0,10,12,MEDIUM,0.0
1218,9153,4,63.0,10,12,MEDIUM,0.0
1218,9153,4,44.0,10,12,MEDIUM,0.0
1218,9153,3,4.0,10,14,MEDIUM,0.0
1218,9153,3,27.0,11,13,MEDIUM,0.0
1218,9153,3,81.0,11,15,MEDIUM,0.0
1218,9153,4,14.0,12,13,MEDIUM,0.0
1218,9153,4,77.0,12,14,MEDIUM,0.0
1218,9153,5,55.0,13,14,MEDIUM,0.0
1218,9153,4,23.0,13,15,MEDIUM,0.0
1218,9153,4,2.0,13,15,MEDIUM,0.0
1218,9153,5,22.0,13,15,MEDIUM,0.0
1218,9153,5,63.0,13,15,MEDIUM,0.0
1218,9153,5,44.0,13,15,MEDIUM,0.0
1218,9153,4,16.0,13,15,MEDIUM,0.0
1218,9153,5,40.0,13,15,MEDIUM,0.0
1218,9153,5,1.0,13,15,MEDIUM,0.0
1218,9153,4,11.0,13,15,MEDIUM,0.0
1218,9153,4,27.0,14,16,MEDIUM,0.0
1218,9153,5,14.0,14,16,SOFT,0.0
1218,9153,4,4.0,15,17,MEDIUM,0.0
1218,9153,6,55.0,15,17,SOFT,0.0
1218,9153,4,81.0,16,18,MEDIUM,0.0
1218,9153,6,1.0,16,18,SOFT,0.0
1218,9153,5,11.0,16,18,SOFT,0.0
1218,9153,5,16.0,16,18,SOFT,0.0
1218,9153,5,23.0,16,18,SOFT,0.0
1218,9153,6,63.0,16,18,SOFT,0.0
1218,9153,6,44.0,16,18,SOFT,0.0
1218,9153,6,14.0,17,19,SOFT,0.0
1218,9153,5,4.0,18,20,SOFT,0.0
1218,9153,7,55.0,18,20,SOFT,0.0
1218,9153,5,81.0,19,21,SOFT,0.0
1218,9153,6,16.0,19,21,SOFT,0.0
1218,9153,7,1.0,19,21,SOFT,0.0
1218,9153,6,11.0,19,21,SOFT,0.0
1218,9153,6,23.0,19,21,SOFT,0.0
1218,9153,7,63.0,19,21,SOFT,0.0
1218,9153,7,44.0,19,21,SOFT,0.0
1218,9153,6,4.0,21,23,SOFT,0.0
1218,9153,6,81.0,22,24,SOFT,0.0
1218,9157,1,10.0,1,10,MEDIUM,0.0
1218,9157,1,24.0,1,11,MEDIUM,0.0
1218,9157,1,20.0,1,12,HARD,4.0
1218,9157,1,40.0,1,13,MEDIUM,3.0
1218,9157,1,27.0,1,14,MEDIUM,3.0
1218,9157,1,2.0,1,14,MEDIUM,3.0
1218,9157,1,23.0,1,15,MEDIUM,3.0
1218,9157,1,55.0,1,19,MEDIUM,0.0
1218,9157,1,63.0,1,19,MEDIUM,0.0
1218,9157,1,16.0,1,20,MEDIUM,0.0
1218,9157,1,1.0,1,20,MEDIUM,0.0
1218,9157,1,18.0,1,20,MEDIUM,0.0
1218,9157,1,14.0,1,21,MEDIUM,0.0
1218,9157,1,11.0,1,21,MEDIUM,0.0
1218,9157,1,4.0,1,22,MEDIUM,0.0
1218,9157,1,81.0,1,23,MEDIUM,0.0
1218,9157,1,31.0,1,24,MEDIUM,0.0
1218,9157,1,77.0,1,25,HARD,3.0
1218,9157,1,44.0,1,27,HARD,3.0
1218,9157,2,10.0,11,31,HARD,3.0
1218,9157,2,24.0,12,33,HARD,3.0
1218,9157,2,20.0,13,33,MEDIUM,0.0
1218,9157,2,40.0,14,33,HARD,3.0
1218,9157,2,27.0,15,39,HARD,5.0
1218,9157,2,2.0,15,51,HARD,3.0
1218,9157,2,23.0,16,52,HARD,3.0
1218,9157,2,55.0,20,52,HARD,0.0
1218,9157,2,63.0,20,52,HARD,0.0
1218,9157,2,18.0,21,51,HARD,4.0
1218,9157,2,1.0,21,52,HARD,0.0
1218,9157,2,16.0,21,52,HARD,0.0
1218,9157,2,11.0,22,52,HARD,0.0
1218,9157,2,14.0,22,52,HARD,3.0
1218,9157,2,4.0,23,52,HARD,4.0
1218,9157,2,81.0,24,41,HARD,5.0
1218,9157,2,31.0,25,39,HARD,3.0
1218,9157,2,77.0,26,51,MEDIUM,3.0
1218,9157,2,44.0,28,52,MEDIUM,0.0
1218,9157,3,10.0,32,51,MEDIUM,0.0
1218,9157,3,40.0,34,51,MEDIUM,0.0
1218,9157,3,24.0,34,51,MEDIUM,0.0
1218,9157,3,20.0,34,51,MEDIUM,0.0
1218,9157,3,27.0,40,51,MEDIUM,3.0
1218,9157,3,81.0,42,51,MEDIUM,3.0
1219,9158,1,18.0,1,2,HARD,0.0
1219,9158,1,63.0,1,4,HARD,0.0
1219,9158,1,4.0,1,5,MEDIUM,0.0
1219,9158,1,44.0,1,5,HARD,0.0
1219,9158,1,14.0,1,6,HARD,0.0
1219,9158,1,20.0,1,7,HARD,0.0
1219,9158,1,27.0,1,7,HARD,0.0
1219,9158,1,23.0,1,8,MEDIUM,0.0
1219,9158,1,10.0,1,8,MEDIUM,0.0
1219,9158,1,1.0,1,8,HARD,0.0
1219,9158,1,81.0,1,9,MEDIUM,0.0
1219,9158,1,55.0,1,9,HARD,0.0
1219,9158,1,77.0,1,9,MEDIUM,0.0
1219,9158,1,24.0,1,9,HARD,0.0
1219,9158,1,11.0,1,10,HARD,0.0
1219,9158,1,2.0,1,10,HARD,0.0
1219,9158,1,22.0,1,11,HARD,0.0
1219,9158,1,16.0,1,11,HARD,0.0
1219,9158,1,31.0,1,12,MEDIUM,0.0
1219,9158,1,40.0,1,12,HARD,0.0
1219,9158,2,18.0,3,8,HARD,2.0
1219,9158,2,63.0,5,12,HARD,4.0
1219,9158,2,44.0,6,9,HARD,0.0
1219,9158,2,4.0,6,10,MEDIUM,5.0
1219,9158,2,14.0,7,12,HARD,6.0
1219,9158,2,20.0,8,13,SOFT,0.0
1219,9158,2,27.0,8,14,SOFT,0.0
1219,9158,2,10.0,9,11,SOFT,0.0
1219,9158,2,23.0,9,11,SOFT,0.0
1219,9158,3,18.0,9,13,HARD,8.0
1219,9158,2,1.0,9,13,SOFT,0.0
1219,9158,2,81.0,10,12,SOFT,0.0
1219,9158,3,44.0,10,12,SOFT,0.0
1219,9158,2,55.0,10,13,SOFT,0.0
1219,9158,2,77.0,10,16,MEDIUM,0.0
1219,9158,2,24.0,10,17,MEDIUM,0.0
1219,9158,2,2.0,11,12,SOFT,0.0
1219,9158,3,4.0,11,15,SOFT,0.0
1219,9158,2,11.0,11,18,SOFT,0.0
1219,9158,3,23.0,12,14,SOFT,3.0
1219,9158,2,16.0,12,16,SOFT,0.0
1219,9158,2,22.0,12,17,SOFT,0.0
1219,9158,3,10.0,12,18,SOFT,3.0
1219,9158,3,63.0,13,15,SOFT,0.0
1219,9158,3,81.0,13,15,SOFT,3.0
1219,9158,3,2.0,13,15,SOFT,2.0
1219,9158,4,44.0,13,15,SOFT,3.0
1219,9158,3,14.0,13,16,HARD,0.0
1219,9158,2,31.0,13,18,SOFT,0.0
1219,9158,2,40.0,13,19,SOFT,0.0
1219,9158,3,55.0,14,17,SOFT,4.0
1219,9158,3,1.0,14,22,HARD,8.0
1219,9158,3,20.0,14,23,HARD,7.0
1219,9158,4,18.0,14,25,SOFT,0.0
1219,9158,4,23.0,15,19,MEDIUM,8.0
1219,9158,3,27.0,15,22,HARD,7.0
1219,9158,4,63.0,16,18,SOFT,0.0
1219,9158,5,44.0,16,21,HARD,9.0
1219,9158,4,81.0,16,22,MEDIUM,9.0
1219,9158,4,4.0,16,24,SOFT,5.0
1219,9158,4,2.0,16,24,HARD,10.0
1219,9158,3,16.0,17,20,SOFT,5.0
1219,9158,3,77.0,17,25,MEDIUM,0.0
1219,9158,4,14.0,17,28,SOFT,0.0
1219,9158,4,55.0,18,24,HARD,9.0
1219,9158,3,24.0,18,25,HARD,9.0
1219,9158,3,22.0,18,25,SOFT,6.0
1219,9158,3,11.0,19,22,SOFT,8.0
1219,9158,4,10.0,19,23,SOFT,10.0
1219,9158,3,31.0,19,24,SOFT,6.0
1219,9158,5,63.0,19,25,HARD,12.0
1219,9158,3,40.0,20,27,SOFT,7.0
1219,9158,4,16.0,21,25,HARD,11.0
1219,9159,1,44.0,1,3,MEDIUM,0.0
1219,9159,1,2.0,1,5,MEDIUM,0.0
1219,9159,1,4.0,1,5,HARD,0.0
1219,9159,1,23.0,1,5,HARD,0.0
1219,9159,1,27.0,1,5,MEDIUM,0.0
1219,9159,1,16.0,1,6,MEDIUM,0.0
1219,9159,1,1.0,1,7,MEDIUM,0.0
1219,9159,1,14.0,1,7,MEDIUM,0.0
1219,9159,1,18.0,1,7,MEDIUM,0.0
1219,9159,1,20.0,1,7,MEDIUM,0.0
1219,9159,1,31.0,1,7,HARD,0.0
1219,9159,1,55.0,1,7,MEDIUM,0.0
1219,9159,1,77.0,1,7,HARD,0.0
1219,9159,1,81.0,1,7,MEDIUM,0.0
1219,9159,1,40.0,1,8,MEDIUM,0.0
1219,9159,1,63.0,1,8,MEDIUM,0.0
1219,9159,1,10.0,1,9,HARD,0.0
1219,9159,1,11.0,1,9,MEDIUM,0.0
1219,9159,1,22.0,1,9,MEDIUM,0.0
1219,9159,1,24.0,1,9,MEDIUM,0.0
1219,9159,2,44.0,4,6,MEDIUM,0.0
1219,9159,2,27.0,6,6,MEDIUM,5.0
1219,9159,2,2.0,6,8,MEDIUM,5.0
1219,9159,2,4.0,6,11,SOFT,0.0
1219,9159,2,16.0,7,9,MEDIUM,6.0
1219,9159,3,44.0,7,11,SOFT,0.0
1219,9159,3,27.0,7,12,SOFT,0.0
1219,9159,2,55.0,8,10,SOFT,0.0
1219,9159,2,1.0,8,12,SOFT,0.0
1219,9159,2,14.0,8,13,SOFT,0.0
1219,9159,2,77.0,8,13,SOFT,0.0
1219,9159,2,20.0,8,13,SOFT,0.0
1219,9159,2,31.0,8,13,SOFT,0.0
1219,9159,2,81.0,8,13,SOFT,0.0
1219,9159,2,18.0,8,14,SOFT,0.0
1219,9159,3,2.0,9,14,SOFT,0.0
1219,9159,2,40.0,9,14,SOFT,0.0
1219,9159,2,63.0,9,14,SOFT,0.0
1219,9159,3,16.0,10,12,SOFT,0.0
1219,9159,2,24.0,10,12,SOFT,0.0
1219,9159,2,11.0,10,12,SOFT,0.0
1219,9159,2,22.0,10,13,SOFT,0.0
1219,9159,2,10.0,10,15,SOFT,0.0
1219,9159,3,55.0,11,13,SOFT,3.0
1219,9159,3,4.0,12,18,SOFT,6.0
1219,9159,4,44.0,12,23,MEDIUM,6.0
1219,9159,4,16.0,13,15,SOFT,3.0
1219,9159,3,24.0,13,15,SOFT,0.0
1219,9159,3,11.0,13,15,SOFT,3.0
1219,9159,4,27.0,13,22,MEDIUM,6.0
1219,9159,3,1.0,13,23,MEDIUM,7.0
1219,9159,3,14.0,14,14,SOFT,6.0
1219,9159,3,77.0,14,14,SOFT,0.0
1219,9159,3,81.0,14,14,SOFT,6.0
1219,9159,3,22.0,14,16,SOFT,4.0
1219,9159,3,20.0,14,25,SOFT,0.0
1219,9159,3,31.0,14,25,HARD,7.0
1219,9159,4,55.0,14,26,MEDIUM,7.0
1219,9159,4,2.0,15,15,SOFT,6.0
1219,9159,4,81.0,15,23,MEDIUM,7.0
1219,9159,4,77.0,15,24,HARD,0.0
1219,9159,3,63.0,15,25,MEDIUM,8.0
1219,9159,4,14.0,15,25,MEDIUM,7.0
1219,9159,3,18.0,15,25,MEDIUM,7.0
1219,9159,3,40.0,15,27,MEDIUM,8.0
1219,9159,4,24.0,16,16,SOFT,6.0
1219,9159,4,11.0,16,23,MEDIUM,9.0
1219,9159,3,10.0,16,24,HARD,9.0
1219,9159,5,16.0,16,27,MEDIUM,9.0
1219,9159,5,2.0,16,28,MEDIUM,0.0
1219,9159,5,24.0,17,25,MEDIUM,9.0
1219,9159,4,22.0,17,27,MEDIUM,9.0
1219,9159,4,4.0,19,23,HARD,5.0
1219,9160,1,1.0,1,3,MEDIUM,0.0
1219,9160,1,11.0,1,3,MEDIUM,0.0
1219,9160,1,44.0,1,3,SOFT,0.0
1219,9160,1,24.0,1,3,SOFT,0.0
1219,9160,1,27.0,1,3,MEDIUM,0.0
1219,9160,1,4.0,1,5,MEDIUM,0.0
1219,9160,1,55.0,1,5,MEDIUM,0.0
1219,9160,1,81.0,1,5,HARD,0.0
1219,9160,1,2.0,1,6,SOFT,0.0
1219,9160,1,23.0,1,6,SOFT,0.0
1219,9160,1,77.0,1,6,SOFT,0.0
1219,9160,1,18.0,1,7,MEDIUM,0.0
1219,9160,1,20.0,1,7,MEDIUM,0.0
1219,9160,1,40.0,1,7,MEDIUM,0.0
1219,9160,1,14.0,1,8,MEDIUM,0.0
1219,9160,1,16.0,1,9,MEDIUM,0.0
1219,9160,1,22.0,1,9,MEDIUM,0.0
1219,9160,1,31.0,1,9,MEDIUM,0.0
1219,9160,1,63.0,1,9,SOFT,0.0
1219,9160,1,10.0,1,10,MEDIUM,0.0
1219,9160,2,24.0,4,6,SOFT,3.0
1219,9160,2,11.0,4,6,MEDIUM,3.0
1219,9160,2,1.0,4,6,MEDIUM,3.0
1219,9160,2,44.0,4,6,SOFT,3.0
1219,9160,2,27.0,4,7,MEDIUM,0.0
1219,9160,2,4.0,6,8,MEDIUM,5.0
1219,9160,2,55.0,6,9,MEDIUM,5.0
1219,9160,2,81.0,6,9,HARD,5.0
1219,9160,2,23.0,7,7,SOFT,6.0
1219,9160,3,44.0,7,9,SOFT,6.0
1219,9160,3,1.0,7,12,MEDIUM,6.0
1219,9160,3,11.0,7,12,MEDIUM,6.0
1219,9160,2,2.0,7,12,SOFT,0.0
1219,9160,3,24.0,7,17,SOFT,6.0
1219,9160,2,77.0,7,18,SOFT,6.0
1219,9160,2,20.0,8,8,MEDIUM,7.0
1219,9160,2,40.0,8,8,MEDIUM,7.0
1219,9160,3,27.0,8,10,MEDIUM,7.0
1219,9160,3,23.0,8,10,SOFT,0.0
1219,9160,2,18.0,8,13,MEDIUM,7.0
1219,9160,2,14.0,9,11,SOFT,0.0
1219,9160,3,4.0,9,14,SOFT,0.0
1219,9160,3,20.0,9,16,SOFT,0.0
1219,9160,3,40.0,9,19,SOFT,0.0
1219,9160,2,22.0,10,10,MEDIUM,9.0
1219,9160,2,16.0,10,11,MEDIUM,9.0
1219,9160,2,63.0,10,12,SOFT,0.0
1219,9160,4,44.0,10,12,SOFT,0.0
1219,9160,3,81.0,10,12,SOFT,0.0
1219,9160,3,55.0,10,14,MEDIUM,9.0
1219,9160,2,31.0,10,15,SOFT,0.0
1219,9160,3,22.0,11,11,MEDIUM,0.0
1219,9160,4,23.0,11,12,SOFT,3.0
1219,9160,2,10.0,11,16,SOFT,0.0
1219,9160,4,27.0,11,18,SOFT,0.0
1219,9160,3,16.0,12,16,MEDIUM,11.0
1219,9160,4,22.0,12,18,SOFT,0.0
1219,9160,3,14.0,12,19,SOFT,3.0
1219,9160,3,2.0,13,13,SOFT,6.0
1219,9160,4,1.0,13,15,SOFT,0.0
1219,9160,4,11.0,13,15,SOFT,0.0
1219,9160,5,44.0,13,15,SOFT,3.0
1219,9160,4,81.0,13,15,SOFT,3.0
1219,9160,5,23.0,13,15,SOFT,7.0
1219,9160,3,63.0,13,17,SOFT,3.0
1219,9160,3,18.0,14,16,SOFT,0.0
1219,9160,4,2.0,14,16,SOFT,6.0
1219,9160,4,55.0,15,17,SOFT,0.0
1219,9160,4,4.0,15,17,SOFT,6.0
1219,9160,5,1.0,16,16,SOFT,3.0
1219,9160,3,31.0,16,16,MEDIUM,9.0
1219,9160,6,44.0,16,18,SOFT,9.0
1219,9160,5,81.0,16,18,SOFT,6.0
1219,9160,5,11.0,16,20,SOFT,3.0
1219,9160,3,10.0,17,19,MEDIUM,10.0
1219,9160,4,31.0,17,19,MEDIUM,10.0
1219,9160,4,16.0,17,20,SOFT,0.0
1219,9160,4,18.0,17,20,SOFT,3.0
1219,9160,6,1.0,17,21,SOFT,4.0
1219,9160,4,24.0,18,20,SOFT,0.0
1219,9160,4,63.0,18,20,SOFT,0.0
1219,9160,5,55.0,18,23,SOFT,3.0
1219,9160,3,77.0,19,26,SOFT,0.0
1219,9160,5,18.0,21,23,SOFT,7.0
1219,9160,5,24.0,21,24,SOFT,3.0
1219,9160,5,16.0,21,25,SOFT,4.0
1219,9161,1,63.0,1,3,SOFT,0.0
1219,9161,1,44.0,1,3,SOFT,0.0
1219,9161,1,22.0,1,3,SOFT,0.0
1219,9161,1,31.0,1,3,SOFT,0.0
1219,9161,1,40.0,1,3,SOFT,0.0
1219,9161,1,10.0,1,3,SOFT,0.0
1219,9161,1,23.0,1,3,SOFT,0.0
1219,9161,1,2.0,1,3,SOFT,0.0
1219,9161,1,14.0,1,4,SOFT,0.0
1219,9161,1,11.0,1,5,SOFT,0.0
1219,9161,1,55.0,1,6,SOFT,0.0
1219,9161,1,4.0,1,6,SOFT,0.0
1219,9161,1,1.0,1,6,SOFT,0.0
1219,9161,1,16.0,1,6,SOFT,0.0
1219,9161,1,81.0,1,6,SOFT,0.0
1219,9161,1,27.0,1,6,SOFT,0.0
1219,9161,1,20.0,1,6,SOFT,0.0
1219,9161,1,18.0,1,6,SOFT,0.0
1219,9161,1,77.0,1,6,SOFT,0.0
1219,9161,1,24.0,1,6,SOFT,0.0
1219,9161,2,44.0,4,5,SOFT,3.0
1219,9161,2,2.0,4,6,SOFT,0.0
1219,9161,2,40.0,4,6,SOFT,0.0
1219,9161,2,23.0,4,6,SOFT,0.0
1219,9161,2,22.0,4,6,SOFT,0.0
1219,9161,2,31.0,4,6,SOFT,0.0
1219,9161,2,10.0,4,6,SOFT,0.0
1219,9161,2,63.0,4,6,SOFT,3.0
1219,9161,2,14.0,5,6,SOFT,0.0
1219,9161,2,11.0,6,8,SOFT,0.0
1219,9161,3,44.0,6,8,SOFT,0.0
1219,9161,2,1.0,7,8,SOFT,0.0
1219,9161,2,55.0,7,8,SOFT,0.0
1219,9161,2,18.0,7,8,SOFT,0.0
1219,9161,3,22.0,7,8,SOFT,0.0
1219,9161,3,2.0,7,9,SOFT,0.0
1219,9161,2,77.0,7,9,SOFT,0.0
1219,9161,2,24.0,7,9,SOFT,0.0
1219,9161,2,20.0,7,9,SOFT,0.0
1219,9161,2,27.0,7,9,SOFT,0.0
1219,9161,3,40.0,7,9,SOFT,0.0
1219,9161,2,4.0,7,9,SOFT,0.0
1219,9161,2,16.0,7,9,SOFT,0.0
1219,9161,2,81.0,7,9,SOFT,0.0
1219,9161,3,14.0,7,9,SOFT,0.0
1219,9161,3,31.0,7,9,SOFT,0.0
1219,9161,3,10.0,7,9,SOFT,0.0
1219,9161,3,23.0,7,9,SOFT,3.0
1219,9161,3,63.0,7,9,SOFT,0.0
1219,9161,4,22.0,9,10,SOFT,0.0
1219,9161,4,44.0,9,10,SOFT,0.0
1219,9161,3,11.0,9,11,SOFT,0.0
1219,9161,3,1.0,9,11,SOFT,0.0
1219,9161,3,55.0,9,11,SOFT,2.0
1219,9161,4,14.0,10,11,SOFT,0.0
1219,9161,4,63.0,10,11,SOFT,0.0
1219,9161,3,20.0,10,12,SOFT,0.0
1219,9161,3,27.0,10,12,SOFT,0.0
1219,9161,3,4.0,10,12,SOFT,0.0
1219,9161,3,16.0,10,12,SOFT,3.0
1219,9161,4,40.0,10,12,SOFT,3.0
1219,9161,4,31.0,10,12,SOFT,0.0
1219,9161,4,10.0,10,12,SOFT,0.0
1219,9161,4,23.0,10,12,SOFT,0.0
1219,9161,5,44.0,11,13,SOFT,2.0
1219,9161,4,11.0,12,13,SOFT,0.0
1219,9161,4,1.0,12,14,SOFT,0.0
1219,9161,4,55.0,12,14,SOFT,0.0
1219,9161,5,14.0,12,14,SOFT,2.0
1219,9161,5,63.0,12,14,SOFT,0.0
1219,9161,4,4.0,13,14,SOFT,0.0
1219,9161,4,20.0,13,15,SOFT,0.0
1219,9161,4,27.0,13,15,SOFT,0.0
1219,9161,5,40.0,13,15,SOFT,0.0
1219,9161,4,16.0,13,15,SOFT,0.0
1219,9161,5,31.0,13,15,SOFT,3.0
1219,9161,6,44.0,14,16,SOFT,0.0
1219,9161,5,55.0,15,17,SOFT,0.0
1219,9161,5,4.0,15,17,SOFT,0.0
1219,9161,6,14.0,15,17,SOFT,0.0
1219,9161,6,63.0,15,17,SOFT,0.0
1219,9161,5,20.0,16,18,SOFT,3.0
1219,9161,5,27.0,16,18,SOFT,3.0
1219,9161,5,16.0,16,18,SOFT,0.0
1219,9161,6,40.0,16,18,SOFT,3.0
1219,9161,6,31.0,16,18,SOFT,0.0
1219,9161,6,55.0,18,20,SOFT,0.0
1219,9161,6,4.0,18,20,SOFT,0.0
1219,9161,6,20.0,19,21,SOFT,0.0
1219,9161,6,27.0,19,21,SOFT,0.0
1219,9161,6,16.0,19,21,SOFT,0.0
1219,9161,7,40.0,19,21,SOFT,0.0
1219,9165,1,22.0,1,1,SOFT,0.0
1219,9165,1,24.0,1,2,SOFT,0.0
1219,9165,1,2.0,1,19,MEDIUM,0.0
1219,9165,1,55.0,1,20,MEDIUM,0.0
1219,9165,1,63.0,1,20,MEDIUM,0.0
1219,9165,1,16.0,1,20,SOFT,3.0
1219,9165,1,4.0,1,20,MEDIUM,0.0
1219,9165,1,14.0,1,20,MEDIUM,0.0
1219,9165,1,27.0,1,20,MEDIUM,0.0
1219,9165,1,20.0,1,20,MEDIUM,0.0
1219,9165,1,44.0,1,20,MEDIUM,0.0
1219,9165,1,40.0,1,20,MEDIUM,0.0
1219,9165,1,31.0,1,20,MEDIUM,0.0
1219,9165,1,10.0,1,20,MEDIUM,0.0
1219,9165,1,23.0,1,20,MEDIUM,0.0
1219,9165,1,81.0,1,20,MEDIUM,0.0
1219,9165,1,11.0,1,39,HARD,0.0
1219,9165,1,1.0,1,40,HARD,0.0
1219,9165,1,77.0,1,40,HARD,0.0
1219,9165,2,24.0,3,20,HARD,0.0
1219,9165,2,2.0,20,43,HARD,0.0
1219,9165,2,31.0,21,43,HARD,0.0
1219,9165,2,20.0,21,43,HARD,0.0
1219,9165,2,23.0,21,43,HARD,0.0
1219,9165,2,63.0,21,44,HARD,0.0
1219,9165,2,44.0,21,44,HARD,0.0
1219,9165,2,14.0,21,44,HARD,0.0
1219,9165,2,27.0,21,61,HARD,0.0
1219,9165,2,55.0,21,62,HARD,0.0
1219,9165,2,16.0,21,62,HARD,0.0
1219,9165,2,4.0,21,62,HARD,0.0
1219,9165,2,40.0,21,62,HARD,0.0
1219,9165,2,10.0,21,62,HARD,0.0
1219,9165,2,81.0,21,62,HARD,0.0
1219,9165,3,24.0,21,62,MEDIUM,0.0
1219,9165,2,11.0,40,62,MEDIUM,0.0
1219,9165,2,77.0,41,52,MEDIUM,0.0
1219,9165,2,1.0,41,62,MEDIUM,0.0
1219,9165,3,23.0,44,62,MEDIUM,0.0
1219,9165,3,20.0,44,62,SOFT,3.0
1219,9165,3,2.0,44,62,MEDIUM,0.0
1219,9165,3,63.0,45,62,MEDIUM,0.0
1219,9165,3,44.0,45,62,MEDIUM,0.0
1219,9165,3,14.0,45,62,SOFT,2.0
1220,9166,1,23.0,1,1,TEST_UNKNOWN,0.0
1220,9166,1,22.0,1,1,TEST_UNKNOWN,0.0
1220,9166,1,4.0,1,2,MEDIUM,0.0
1220,9166,1,18.0,1,2,TEST_UNKNOWN,0.0
1220,9166,1,44.0,1,2,TEST_UNKNOWN,0.0
1220,9166,1,1.0,1,5,HARD,0.0
1220,9166,1,14.0,1,5,TEST_UNKNOWN,0.0
1220,9166,1,11.0,1,5,HARD,0.0
1220,9166,1,2.0,1,7,TEST_UNKNOWN,0.0
1220,9166,1,10.0,1,7,TEST_UNKNOWN,0.0
1220,9166,1,31.0,1,7,TEST_UNKNOWN,0.0
1220,9166,1,27.0,1,7,HARD,0.0
1220,9166,1,81.0,1,7,MEDIUM,0.0
1220,9166,1,20.0,1,7,TEST_UNKNOWN,0.0
1220,9166,1,77.0,1,8,MEDIUM,0.0
1220,9166,1,63.0,1,9,TEST_UNKNOWN,0.0
1220,9166,1,40.0,1,9,TEST_UNKNOWN,0.0
1220,9166,1,24.0,1,9,MEDIUM,0.0
1220,9166,1,16.0,1,10,TEST_UNKNOWN,0.0
1220,9166,1,55.0,1,10,TEST_UNKNOWN,0.0
1220,9166,2,23.0,2,2,TEST_UNKNOWN,1.0
1220,9166,2,22.0,2,6,MEDIUM,0.0
1220,9166,2,18.0,3,4,TEST_UNKNOWN,2.0
1220,9166,2,4.0,3,6,MEDIUM,0.0
1220,9166,2,44.0,3,6,TEST_UNKNOWN,2.0
1220,9166,3,23.0,3,9,TEST_UNKNOWN,2.0
1220,9166,3,18.0,5,8,MEDIUM,0.0
1220,9166,2,11.0,6,8,TEST_UNKNOWN,0.0
1220,9166,2,14.0,6,8,MEDIUM,0.0
1220,9166,2,1.0,6,10,TEST_UNKNOWN,0.0
1220,9166,3,22.0,7,12,MEDIUM,5.0
1220,9166,3,4.0,7,13,TEST_UNKNOWN,0.0
1220,9166,3,44.0,7,14,MEDIUM,0.0
1220,9166,2,2.0,8,10,TEST_UNKNOWN,7.0
1220,9166,2,27.0,8,11,SOFT,0.0
1220,9166,2,20.0,8,13,SOFT,0.0
1220,9166,2,81.0,8,14,TEST_UNKNOWN,0.0
1220,9166,2,31.0,8,15,MEDIUM,0.0
1220,9166,2,10.0,8,16,MEDIUM,0.0
1220,9166,3,14.0,9,11,MEDIUM,3.0
1220,9166,4,18.0,9,11,SOFT,0.0
1220,9166,2,77.0,9,14,MEDIUM,0.0
1220,9166,3,11.0,9,14,SOFT,0.0
1220,9166,4,23.0,10,15,SOFT,0.0
1220,9166,2,24.0,10,16,MEDIUM,0.0
1220,9166,2,63.0,10,17,MEDIUM,0.0
1220,9166,2,40.0,10,17,MEDIUM,0.0
1220,9166,3,1.0,11,13,SOFT,0.0
1220,9166,2,55.0,11,13,SOFT,0.0
1220,9166,3,2.0,11,16,SOFT,0.0
1220,9166,2,16.0,11,16,SOFT,0.0
1220,9166,4,14.0,12,14,SOFT,0.0
1220,9166,5,18.0,12,14,SOFT,3.0
1220,9166,3,27.0,12,18,SOFT,4.0
1220,9166,4,22.0,13,15,SOFT,0.0
1220,9166,4,1.0,14,19,SOFT,3.0
1220,9166,4,4.0,14,20,TEST_UNKNOWN,0.0
1220,9166,3,20.0,14,23,MEDIUM,0.0
1220,9166,3,55.0,14,24,HARD,0.0
1220,9166,6,18.0,15,17,SOFT,0.0
1220,9166,3,81.0,15,21,TEST_UNKNOWN,0.0
1220,9166,4,44.0,15,22,MEDIUM,0.0
1220,9166,5,14.0,15,23,MEDIUM,6.0
1220,9166,3,77.0,15,24,TEST_UNKNOWN,0.0
1220,9166,4,11.0,15,25,SOFT,6.0
1220,9166,5,22.0,16,21,SOFT,3.0
1220,9166,3,31.0,16,22,SOFT,0.0
1220,9166,5,23.0,16,24,HARD,0.0
1220,9166,3,10.0,17,23,SOFT,0.0
1220,9166,3,24.0,17,23,TEST_UNKNOWN,0.0
1220,9166,3,16.0,17,25,HARD,0.0
1220,9166,4,2.0,17,27,MEDIUM,0.0
1220,9166,3,40.0,18,24,SOFT,0.0
1220,9166,3,63.0,18,24,MEDIUM,0.0
1220,9166,4,27.0,19,24,HARD,7.0
1220,9166,5,1.0,20,25,HARD,5.0
1220,9166,5,4.0,21,24,SOFT,0.0
1220,9166,4,81.0,22,26,SOFT,0.0
1220,9166,4,40.0,25,28,SOFT,7.0
1220,9167,1,1.0,1,3,SOFT,0.0
1220,9167,1,10.0,1,3,TEST_UNKNOWN,0.0
1220,9167,1,14.0,1,3,TEST_UNKNOWN,0.0
1220,9167,1,18.0,1,3,TEST_UNKNOWN,0.0
1220,9167,1,23.0,1,3,TEST_UNKNOWN,0.0
1220,9167,1,31.0,1,3,TEST_UNKNOWN,0.0
1220,9167,1,2.0,1,5,TEST_UNKNOWN,0.0
1220,9167,1,4.0,1,5,MEDIUM,0.0
1220,9167,1,11.0,1,5,MEDIUM,0.0
1220,9167,1,16.0,1,5,TEST_UNKNOWN,0.0
1220,9167,1,44.0,1,5,TEST_UNKNOWN,0.0
1220,9167,1,55.0,1,5,TEST_UNKNOWN,0.0
1220,9167,1,40.0,1,5,HARD,0.0
1220,9167,1,63.0,1,5,TEST_UNKNOWN,0.0
1220,9167,1,81.0,1,5,MEDIUM,0.0
1220,9167,1,20.0,1,6,MEDIUM,0.0
1220,9167,1,22.0,1,7,HARD,0.0
1220,9167,1,24.0,1,7,TEST_UNKNOWN,0.0
1220,9167,1,27.0,1,7,TEST_UNKNOWN,0.0
1220,9167,1,77.0,1,7,TEST_UNKNOWN,0.0
1220,9167,2,18.0,4,6,MEDIUM,0.0
1220,9167,2,1.0,4,6,SOFT,3.0
1220,9167,2,23.0,4,7,MEDIUM,0.0
1220,9167,2,14.0,4,8,MEDIUM,0.0
1220,9167,2,10.0,4,9,MEDIUM,0.0
1220,9167,2,31.0,4,9,MEDIUM,0.0
1220,9167,2,55.0,6,8,MEDIUM,0.0
1220,9167,2,11.0,6,8,TEST_UNKNOWN,0.0
1220,9167,2,16.0,6,8,MEDIUM,0.0
1220,9167,2,44.0,6,8,SOFT,0.0
1220,9167,2,4.0,6,8,SOFT,0.0
1220,9167,2,81.0,6,8,SOFT,0.0
1220,9167,2,2.0,6,10,SOFT,0.0
1220,9167,2,63.0,6,10,SOFT,0.0
1220,9167,2,40.0,6,10,TEST_UNKNOWN,0.0
1220,9167,3,18.0,7,9,MEDIUM,3.0
1220,9167,3,1.0,7,9,SOFT,0.0
1220,9167,2,20.0,7,11,SOFT,0.0
1220,9167,2,24.0,8,10,SOFT,0.0
1220,9167,2,27.0,8,10,SOFT,0.0
1220,9167,3,23.0,8,10,SOFT,0.0
1220,9167,2,22.0,8,12,TEST_UNKNOWN,0.0
1220,9167,2,77.0,8,12,SOFT,0.0
1220,9167,3,44.0,9,11,SOFT,3.0
1220,9167,3,11.0,9,11,SOFT,0.0
1220,9167,3,55.0,9,11,SOFT,0.0
1220,9167,3,14.0,9,11,SOFT,0.0
1220,9167,3,16.0,9,13,SOFT,0.0
1220,9167,3,81.0,9,16,SOFT,3.0
1220,9167,3,4.0,9,19,SOFT,3.0
1220,9167,3,31.0,10,12,SOFT,0.0
1220,9167,3,10.0,10,12,SOFT,0.0
1220,9167,4,18.0,10,12,SOFT,0.0
1220,9167,4,1.0,10,18,TEST_UNKNOWN,0.0
1220,9167,3,27.0,11,11,SOFT,3.0
1220,9167,3,24.0,11,12,SOFT,3.0
1220,9167,3,40.0,11,13,SOFT,0.0
1220,9167,3,63.0,11,13,SOFT,0.0
1220,9167,4,23.0,11,13,TEST_UNKNOWN,0.0
1220,9167,3,2.0,11,16,SOFT,5.0
1220,9167,4,44.0,12,14,SOFT,0.0
1220,9167,3,20.0,12,20,MEDIUM,6.0
1220,9167,4,27.0,12,22,MEDIUM,0.0
1220,9167,4,14.0,12,22,SOFT,5.0
1220,9167,4,55.0,12,22,MEDIUM,3.0
1220,9167,4,11.0,12,23,MEDIUM,5.0
1220,9167,4,24.0,13,13,SOFT,5.0
1220,9167,4,10.0,13,13,MEDIUM,0.0
1220,9167,3,22.0,13,15,SOFT,0.0
1220,9167,5,18.0,13,18,MEDIUM,6.0
1220,9167,3,77.0,13,22,HARD,0.0
1220,9167,4,31.0,13,22,MEDIUM,6.0
1220,9167,5,24.0,14,15,HARD,0.0
1220,9167,4,40.0,14,21,SOFT,3.0
1220,9167,4,63.0,14,22,SOFT,3.0
1220,9167,5,10.0,14,22,MEDIUM,7.0
1220,9167,4,16.0,14,23,MEDIUM,3.0
1220,9167,5,23.0,14,23,MEDIUM,4.0
1220,9167,5,44.0,15,20,SOFT,3.0
1220,9167,6,24.0,16,16,HARD,2.0
1220,9167,4,22.0,16,25,SOFT,3.0
1220,9167,4,81.0,17,21,MEDIUM,11.0
1220,9167,4,2.0,17,24,HARD,0.0
1220,9167,6,18.0,19,21,MEDIUM,12.0
1220,9167,4,4.0,20,22,MEDIUM,5.0
1220,9167,4,20.0,21,23,SOFT,5.0
1220,9167,5,40.0,22,23,HARD,5.0
1220,9167,5,27.0,23,23,SOFT,4.0
1220,9168,1,1.0,1,3,SOFT,0.0
1220,9168,1,10.0,1,3,SOFT,0.0
1220,9168,1,11.0,1,3,SOFT,0.0
1220,9168,1,16.0,1,3,SOFT,0.0
1220,9168,1,24.0,1,3,SOFT,0.0
1220,9168,1,23.0,1,3,SOFT,0.0
1220,9168,1,31.0,1,3,SOFT,0.0
1220,9168,1,44.0,1,3,SOFT,0.0
1220,9168,1,55.0,1,3,SOFT,0.0
1220,9168,1,77.0,1,3,SOFT,0.0
1220,9168,1,63.0,1,3,SOFT,0.0
1220,9168,1,81.0,1,3,SOFT,0.0
1220,9168,1,4.0,1,4,SOFT,0.0
1220,9168,1,27.0,1,5,SOFT,0.0
1220,9168,1,2.0,1,6,SOFT,0.0
1220,9168,1,14.0,1,6,SOFT,0.0
1220,9168,1,18.0,1,6,HARD,0.0
1220,9168,1,20.0,1,6,SOFT,0.0
1220,9168,1,22.0,1,9,MEDIUM,0.0
1220,9168,1,40.0,1,9,MEDIUM,0.0
1220,9168,2,16.0,4,6,SOFT,3.0
1220,9168,2,55.0,4,6,SOFT,3.0
1220,9168,2,24.0,4,6,SOFT,3.0
1220,9168,2,77.0,4,6,SOFT,3.0
1220,9168,2,10.0,4,6,SOFT,3.0
1220,9168,2,31.0,4,6,SOFT,3.0
1220,9168,2,63.0,4,6,SOFT,3.0
1220,9168,2,44.0,4,6,SOFT,3.0
1220,9168,2,11.0,4,6,SOFT,3.0
1220,9168,2,1.0,4,6,SOFT,3.0
1220,9168,2,23.0,4,6,SOFT,0.0
1220,9168,2,81.0,4,8,SOFT,3.0
1220,9168,2,4.0,5,7,SOFT,4.0
1220,9168,2,27.0,6,6,SOFT,5.0
1220,9168,2,20.0,7,7,SOFT,6.0
1220,9168,2,14.0,7,7,SOFT,6.0
1220,9168,2,18.0,7,9,HARD,6.0
1220,9168,2,2.0,7,9,SOFT,0.0
1220,9168,3,24.0,7,9,SOFT,0.0
1220,9168,3,10.0,7,9,SOFT,0.0
1220,9168,3,23.0,7,9,SOFT,3.0
1220,9168,3,31.0,7,9,SOFT,0.0
1220,9168,3,63.0,7,9,SOFT,0.0
1220,9168,3,44.0,7,9,SOFT,0.0
1220,9168,3,1.0,7,9,SOFT,0.0
1220,9168,3,11.0,7,9,SOFT,0.0
1220,9168,3,27.0,7,10,SOFT,0.0
1220,9168,3,77.0,7,12,SOFT,0.0
1220,9168,3,55.0,7,13,SOFT,6.0
1220,9168,3,16.0,7,13,SOFT,6.0
1220,9168,3,4.0,8,12,SOFT,0.0
1220,9168,3,20.0,8,13,SOFT,0.0
1220,9168,3,14.0,8,13,SOFT,0.0
1220,9168,3,81.0,9,11,SOFT,0.0
1220,9168,3,18.0,10,10,HARD,9.0
1220,9168,2,40.0,10,10,MEDIUM,9.0
1220,9168,2,22.0,10,10,MEDIUM,0.0
1220,9168,3,2.0,10,10,SOFT,3.0
1220,9168,4,24.0,10,12,SOFT,3.0
1220,9168,4,10.0,10,12,SOFT,3.0
1220,9168,4,1.0,10,12,SOFT,3.0
1220,9168,4,11.0,10,12,SOFT,3.0
1220,9168,4,23.0,10,12,SOFT,6.0
1220,9168,4,31.0,10,13,SOFT,3.0
1220,9168,4,44.0,10,13,SOFT,0.0
1220,9168,4,2.0,11,13,SOFT,6.0
1220,9168,4,27.0,11,13,SOFT,4.0
1220,9168,4,18.0,11,16,SOFT,0.0
1220,9168,3,40.0,11,18,SOFT,0.0
1220,9168,3,22.0,11,18,SOFT,0.0
1220,9168,4,81.0,12,15,SOFT,3.0
1220,9168,4,77.0,13,15,SOFT,6.0
1220,9168,5,24.0,13,15,SOFT,6.0
1220,9168,5,10.0,13,15,SOFT,6.0
1220,9168,4,4.0,13,16,SOFT,5.0
1220,9168,4,55.0,14,16,SOFT,0.0
1220,9168,4,14.0,14,16,SOFT,6.0
1220,9168,4,20.0,14,16,SOFT,6.0
1220,9168,4,16.0,14,20,SOFT,0.0
1220,9168,5,18.0,17,19,SOFT,6.0
1220,9168,5,55.0,17,20,SOFT,3.0
1220,9169,1,16.0,1,2,SOFT,0.0
1220,9169,1,55.0,1,2,SOFT,0.0
1220,9169,1,77.0,1,2,SOFT,0.0
1220,9169,1,2.0,1,2,SOFT,0.0
1220,9169,1,1.0,1,3,SOFT,0.0
1220,9169,1,4.0,1,3,SOFT,0.0
1220,9169,1,81.0,1,3,SOFT,0.0
1220,9169,1,11.0,1,3,SOFT,0.0
1220,9169,1,44.0,1,3,SOFT,0.0
1220,9169,1,24.0,1,3,SOFT,0.0
1220,9169,1,14.0,1,3,SOFT,0.0
1220,9169,1,63.0,1,3,SOFT,0.0
1220,9169,1,20.0,1,3,SOFT,0.0
1220,9169,1,31.0,1,3,SOFT,0.0
1220,9169,1,22.0,1,3,SOFT,0.0
1220,9169,1,27.0,1,3,SOFT,0.0
1220,9169,1,23.0,1,3,SOFT,0.0
1220,9169,1,40.0,1,3,SOFT,0.0
1220,9169,1,18.0,1,3,SOFT,0.0
1220,9169,1,10.0,1,3,SOFT,0.0
1220,9169,2,16.0,3,5,SOFT,0.0
1220,9169,2,55.0,3,5,SOFT,0.0
1220,9169,2,77.0,3,5,SOFT,0.0
1220,9169,2,40.0,4,4,SOFT,0.0
1220,9169,2,18.0,4,4,SOFT,0.0
1220,9169,2,81.0,4,5,SOFT,0.0
1220,9169,2,11.0,4,6,SOFT,3.0
1220,9169,2,24.0,4,6,SOFT,0.0
1220,9169,2,27.0,4,6,SOFT,0.0
1220,9169,2,10.0,4,6,SOFT,0.0
1220,9169,2,20.0,4,6,SOFT,0.0
1220,9169,2,31.0,4,6,SOFT,0.0
1220,9169,2,63.0,4,6,SOFT,0.0
1220,9169,2,22.0,4,6,SOFT,0.0
1220,9169,2,14.0,4,6,SOFT,0.0
1220,9169,2,44.0,4,6,SOFT,0.0
1220,9169,2,23.0,4,6,SOFT,0.0
1220,9169,2,1.0,4,6,SOFT,0.0
1220,9169,2,4.0,4,6,SOFT,0.0
1220,9169,3,40.0,5,7,SOFT,1.0
1220,9169,3,18.0,5,7,SOFT,0.0
1220,9169,3,16.0,6,8,SOFT,2.0
1220,9169,3,55.0,6,8,SOFT,2.0
1220,9169,3,81.0,6,8,SOFT,0.0
1220,9169,3,23.0,7,9,SOFT,3.0
1220,9169,3,44.0,7,9,SOFT,3.0
1220,9169,3,11.0,7,9,SOFT,0.0
1220,9169,3,63.0,7,9,SOFT,3.0
1220,9169,3,10.0,7,9,SOFT,3.0
1220,9169,3,31.0,7,9,SOFT,3.0
1220,9169,3,22.0,7,9,SOFT,0.0
1220,9169,3,14.0,7,9,SOFT,3.0
1220,9169,3,20.0,7,9,SOFT,0.0
1220,9169,3,1.0,7,9,SOFT,0.0
1220,9169,3,4.0,7,9,SOFT,0.0
1220,9169,4,40.0,8,10,SOFT,0.0
1220,9169,4,16.0,9,11,SOFT,0.0
1220,9169,4,55.0,9,11,SOFT,0.0
1220,9169,4,81.0,9,11,SOFT,0.0
1220,9169,4,23.0,10,12,SOFT,0.0
1220,9169,4,14.0,10,12,SOFT,0.0
1220,9169,4,44.0,10,12,SOFT,0.0
1220,9169,4,31.0,10,12,SOFT,0.0
1220,9169,4,11.0,10,12,SOFT,0.0
1220,9169,4,63.0,10,12,SOFT,0.0
1220,9169,4,22.0,10,12,SOFT,0.0
1220,9169,4,10.0,10,12,SOFT,0.0
1220,9169,4,1.0,10,12,SOFT,0.0
1220,9169,4,4.0,10,12,SOFT,0.0
1220,9169,5,40.0,11,13,SOFT,3.0
1220,9169,5,16.0,12,14,SOFT,0.0
1220,9169,5,55.0,12,14,SOFT,0.0
1220,9169,5,81.0,12,14,SOFT,0.0
1220,9169,5,11.0,13,15,SOFT,3.0
1220,9169,5,44.0,13,15,SOFT,3.0
1220,9169,5,22.0,13,15,SOFT,3.0
1220,9169,5,63.0,13,15,SOFT,0.0
1220,9169,5,14.0,13,15,SOFT,0.0
1220,9169,6,40.0,14,16,SOFT,0.0
1220,9169,6,22.0,16,18,SOFT,0.0
1220,9169,6,11.0,16,18,SOFT,0.0
1220,9169,6,44.0,16,18,SOFT,0.0
1220,9173,1,31.0,1,1,MEDIUM,0.0
1220,9173,1,23.0,1,1,MEDIUM,0.0
1220,9173,1,77.0,1,1,SOFT,0.0
1220,9173,1,24.0,1,1,SOFT,0.0
1220,9173,1,11.0,1,2,MEDIUM,0.0
1220,9173,1,2.0,1,2,MEDIUM,0.0
1220,9173,1,27.0,1,8,SOFT,0.0
1220,9173,1,22.0,1,9,SOFT,3.0
1220,9173,1,40.0,1,10,SOFT,0.0
1220,9173,1,14.0,1,11,SOFT,3.0
1220,9173,1,20.0,1,12,MEDIUM,0.0
1220,9173,1,81.0,1,13,MEDIUM,0.0
1220,9173,1,18.0,1,14,SOFT,0.0
1220,9173,1,1.0,1,16,MEDIUM,0.0
1220,9173,1,44.0,1,16,MEDIUM,0.0
1220,9173,1,4.0,1,17,MEDIUM,0.0
1220,9173,1,16.0,1,17,MEDIUM,0.0
1220,9173,1,55.0,1,18,MEDIUM,0.0
1220,9173,1,10.0,1,18,MEDIUM,0.0
1220,9173,1,63.0,1,24,MEDIUM,0.0
1220,9173,2,77.0,2,6,SOFT,0.0
1220,9173,2,24.0,2,10,SOFT,0.0
1220,9173,2,23.0,2,13,MEDIUM,0.0
1220,9173,2,31.0,2,28,HARD,0.0
1220,9173,2,2.0,3,5,MEDIUM,2.0
1220,9173,2,11.0,3,12,HARD,0.0
1220,9173,3,2.0,6,21,MEDIUM,0.0
1220,9173,3,77.0,7,7,HARD,0.0
1220,9173,2,27.0,9,21,MEDIUM,0.0
1220,9173,2,22.0,10,30,MEDIUM,0.0
1220,9173,2,40.0,11,25,MEDIUM,0.0
1220,9173,3,24.0,11,29,SOFT,0.0
1220,9173,2,14.0,12,25,HARD,0.0
1220,9173,3,11.0,13,13,SOFT,3.0
1220,9173,2,20.0,13,31,HARD,0.0
1220,9173,4,11.0,14,14,SOFT,3.0
1220,9173,3,23.0,14,26,SOFT,0.0
1220,9173,2,81.0,14,35,HARD,0.0
1220,9173,5,11.0,15,15,SOFT,6.0
1220,9173,2,18.0,15,20,MEDIUM,0.0
1220,9173,2,44.0,17,34,HARD,0.0
1220,9173,2,1.0,17,37,MEDIUM,0.0
1220,9173,2,16.0,18,34,MEDIUM,0.0
1220,9173,2,4.0,18,36,HARD,0.0
1220,9173,2,10.0,19,34,HARD,0.0
1220,9173,2,55.0,19,38,MEDIUM,0.0
1220,9173,4,2.0,22,22,HARD,0.0
1220,9173,3,27.0,22,37,HARD,0.0
1220,9173,2,63.0,25,53,HARD,0.0
1220,9173,3,40.0,26,52,HARD,0.0
1220,9173,3,14.0,26,53,HARD,0.0
1220,9173,3,31.0,29,53,HARD,0.0
1220,9173,4,24.0,30,52,HARD,0.0
1220,9173,3,22.0,31,52,HARD,0.0
1220,9173,3,20.0,32,52,HARD,0.0
1220,9173,3,16.0,35,53,HARD,0.0
1220,9173,3,44.0,35,53,HARD,0.0
1220,9173,3,10.0,35,53,HARD,0.0
1220,9173,3,81.0,36,53,HARD,0.0
1220,9173,3,4.0,37,53,HARD,0.0
1220,9173,4,27.0,38,52,MEDIUM,0.0
1220,9173,3,1.0,38,53,HARD,0.0
1220,9173,3,55.0,39,53,HARD,0.0
1221,9214,1,31.0,1,1,HARD,0.0
1221,9214,1,27.0,1,2,MEDIUM,0.0
1221,9214,1,16.0,1,3,HARD,0.0
1221,9214,1,14.0,1,4,HARD,0.0
1221,9214,1,18.0,1,4,HARD,0.0
1221,9214,1,4.0,1,5,HARD,0.0
1221,9214,1,10.0,1,5,HARD,0.0
1221,9214,1,11.0,1,5,HARD,0.0
1221,9214,1,40.0,1,5,MEDIUM,0.0
1221,9214,1,2.0,1,8,MEDIUM,0.0
1221,9214,1,20.0,1,8,MEDIUM,0.0
1221,9214,1,23.0,1,8,MEDIUM,0.0
1221,9214,1,22.0,1,9,MEDIUM,0.0
1221,9214,1,44.0,1,10,HARD,0.0
1221,9214,1,63.0,1,10,HARD,0.0
1221,9214,1,77.0,1,10,MEDIUM,0.0
1221,9214,1,81.0,1,10,HARD,0.0
1221,9214,1,24.0,1,11,MEDIUM,0.0
1221,9214,1,1.0,1,12,HARD,0.0
1221,9214,1,55.0,1,13,HARD,0.0
1221,9214,2,31.0,2,8,HARD,0.0
1221,9214,2,27.0,3,7,MEDIUM,2.0
1221,9214,2,16.0,4,12,HARD,3.0
1221,9214,2,18.0,5,11,HARD,4.0
1221,9214,2,14.0,5,13,HARD,4.0
1221,9214,2,11.0,6,10,HARD,5.0
1221,9214,2,4.0,6,11,HARD,5.0
1221,9214,2,40.0,6,14,MEDIUM,5.0
1221,9214,2,10.0,6,15,HARD,5.0
1221,9214,3,27.0,8,14,MEDIUM,7.0
1221,9214,2,20.0,9,9,MEDIUM,8.0
1221,9214,3,31.0,9,14,HARD,7.0
1221,9214,2,23.0,9,15,MEDIUM,8.0
1221,9214,2,2.0,9,16,MEDIUM,8.0
1221,9214,2,22.0,10,12,MEDIUM,9.0
1221,9214,3,20.0,10,18,MEDIUM,9.0
1221,9214,2,81.0,11,15,HARD,10.0
1221,9214,3,11.0,11,18,HARD,0.0
1221,9214,2,44.0,11,18,HARD,10.0
1221,9214,2,63.0,11,19,HARD,10.0
1221,9214,2,77.0,11,19,MEDIUM,0.0
1221,9214,3,18.0,12,14,HARD,11.0
1221,9214,3,4.0,12,17,HARD,11.0
1221,9214,2,24.0,12,22,MEDIUM,11.0
1221,9214,2,1.0,13,20,HARD,12.0
1221,9214,3,22.0,13,20,MEDIUM,12.0
1221,9214,3,16.0,13,22,MEDIUM,0.0
1221,9214,2,55.0,14,16,MEDIUM,0.0
1221,9214,3,14.0,14,20,HARD,13.0
1221,9214,4,27.0,15,17,SOFT,0.0
1221,9214,4,18.0,15,19,HARD,14.0
1221,9214,3,40.0,15,22,MEDIUM,14.0
1221,9214,4,31.0,15,35,SOFT,0.0
1221,9214,3,81.0,16,17,MEDIUM,0.0
1221,9214,3,10.0,16,20,MEDIUM,0.0
1221,9214,3,23.0,16,35,SOFT,0.0
1221,9214,3,55.0,17,23,MEDIUM,3.0
1221,9214,3,2.0,17,33,SOFT,0.0
1221,9214,4,4.0,18,21,MEDIUM,0.0
1221,9214,5,27.0,18,28,SOFT,0.0
1221,9214,4,81.0,18,29,SOFT,15.0
1221,9214,4,11.0,19,21,SOFT,0.0
1221,9214,3,44.0,19,22,MEDIUM,0.0
1221,9214,4,20.0,19,34,SOFT,0.0
1221,9214,3,63.0,20,24,MEDIUM,0.0
1221,9214,3,77.0,20,35,SOFT,0.0
1221,9214,5,18.0,20,37,SOFT,0.0
1221,9214,4,22.0,21,23,SOFT,0.0
1221,9214,3,1.0,21,23,SOFT,0.0
1221,9214,4,10.0,21,33,SOFT,5.0
1221,9214,4,14.0,21,37,SOFT,0.0
1221,9214,5,4.0,22,31,SOFT,4.0
1221,9214,5,11.0,22,32,SOFT,18.0
1221,9214,4,40.0,23,25,SOFT,0.0
1221,9214,4,44.0,23,33,SOFT,0.0
1221,9214,3,24.0,23,37,SOFT,0.0
1221,9214,4,16.0,23,37,SOFT,0.0
1221,9214,4,1.0,24,34,SOFT,0.0
1221,9214,5,22.0,24,38,SOFT,3.0
1221,9214,4,55.0,24,38,SOFT,0.0
1221,9214,4,63.0,25,36,SOFT,5.0
1221,9214,5,40.0,26,37,SOFT,3.0
1221,9214,4,77.0,36,37,SOFT,0.0
1221,9215,1,63.0,1,2,MEDIUM,9.0
1221,9215,1,44.0,1,2,MEDIUM,8.0
1221,9215,1,27.0,1,3,SOFT,0.0
1221,9215,1,77.0,1,3,SOFT,0.0
1221,9215,1,24.0,1,3,SOFT,0.0
1221,9215,1,20.0,1,3,SOFT,0.0
1221,9215,1,81.0,1,4,SOFT,0.0
1221,9215,1,4.0,1,4,SOFT,0.0
1221,9215,1,1.0,1,5,SOFT,3.0
1221,9215,1,55.0,1,5,SOFT,4.0
1221,9215,1,16.0,1,5,SOFT,5.0
1221,9215,1,14.0,1,5,SOFT,0.0
1221,9215,1,11.0,1,5,SOFT,3.0
1221,9215,1,22.0,1,5,SOFT,0.0
1221,9215,1,2.0,1,5,SOFT,0.0
1221,9215,1,23.0,1,5,SOFT,0.0
1221,9215,1,18.0,1,5,SOFT,0.0
1221,9215,1,31.0,1,5,SOFT,0.0
1221,9215,1,10.0,1,5,SOFT,0.0
1221,9215,1,40.0,1,5,SOFT,0.0
1221,9215,2,63.0,3,6,SOFT,0.0
1221,9215,2,44.0,3,9,SOFT,0.0
1221,9215,2,20.0,4,6,SOFT,0.0
1221,9215,2,24.0,4,6,SOFT,0.0
1221,9215,2,77.0,4,6,SOFT,0.0
1221,9215,2,27.0,4,6,SOFT,0.0
1221,9215,2,4.0,5,7,SOFT,0.0
1221,9215,2,81.0,5,9,SOFT,0.0
1221,9215,2,1.0,6,8,SOFT,0.0
1221,9215,2,14.0,6,9,SOFT,0.0
1221,9215,2,55.0,6,10,SOFT,0.0
1221,9215,2,16.0,6,10,SOFT,0.0
1221,9215,2,11.0,6,10,SOFT,0.0
1221,9215,2,40.0,6,10,SOFT,0.0
1221,9215,2,2.0,6,10,SOFT,0.0
1221,9215,2,22.0,6,10,SOFT,0.0
1221,9215,2,18.0,6,10,SOFT,0.0
1221,9215,2,31.0,6,10,SOFT,0.0
1221,9215,2,10.0,6,10,SOFT,0.0
1221,9215,2,23.0,6,10,SOFT,0.0
1221,9215,3,20.0,7,9,SOFT,0.0
1221,9215,3,77.0,7,9,SOFT,0.0
1221,9215,3,24.0,7,9,SOFT,0.0
1221,9215,3,63.0,7,9,SOFT,0.0
1221,9215,3,27.0,7,9,SOFT,0.0
1221,9215,3,4.0,8,10,SOFT,3.0
1221,9215,3,1.0,9,11,SOFT,3.0
1221,9215,3,81.0,10,12,SOFT,5.0
1221,9215,4,77.0,10,12,SOFT,0.0
1221,9215,4,63.0,10,12,SOFT,0.0
1221,9215,3,44.0,10,12,SOFT,0.0
1221,9215,4,27.0,10,12,SOFT,0.0
1221,9215,3,14.0,10,13,SOFT,0.0
1221,9215,3,55.0,11,13,SOFT,5.0
1221,9215,3,16.0,11,13,SOFT,5.0
1221,9215,3,22.0,11,13,SOFT,0.0
1221,9215,3,11.0,11,13,SOFT,0.0
1221,9215,3,23.0,11,13,SOFT,0.0
1221,9215,3,10.0,11,14,SOFT,0.0
1221,9215,3,31.0,11,15,SOFT,0.0
1221,9215,4,4.0,11,15,SOFT,0.0
1221,9215,4,1.0,12,14,SOFT,0.0
1221,9215,5,77.0,13,15,SOFT,0.0
1221,9215,5,63.0,13,15,SOFT,3.0
1221,9215,4,44.0,13,15,SOFT,0.0
1221,9215,4,81.0,13,17,SOFT,0.0
1221,9215,4,14.0,14,15,SOFT,0.0
1221,9215,4,23.0,14,15,SOFT,0.0
1221,9215,4,11.0,14,16,SOFT,0.0
1221,9215,4,22.0,14,16,SOFT,0.0
1221,9215,4,55.0,14,18,SOFT,0.0
1221,9215,4,16.0,14,19,SOFT,0.0
1221,9215,4,10.0,15,17,SOFT,0.0
1221,9215,5,1.0,15,17,SOFT,0.0
1221,9215,4,31.0,16,18,SOFT,0.0
1221,9215,6,77.0,16,18,SOFT,3.0
1221,9215,5,14.0,16,18,SOFT,0.0
1221,9215,5,4.0,16,18,SOFT,0.0
1221,9215,6,63.0,16,18,SOFT,0.0
1221,9215,5,44.0,16,18,SOFT,0.0
1221,9215,6,1.0,18,19,SOFT,0.0
1221,9215,5,81.0,18,20,SOFT,0.0
1221,9215,5,10.0,18,20,SOFT,0.0
1221,9215,6,44.0,19,20,SOFT,0.0
1221,9215,5,31.0,19,21,SOFT,0.0
1221,9215,7,77.0,19,21,SOFT,3.0
1221,9215,6,14.0,19,21,SOFT,0.0
1221,9215,6,4.0,19,21,SOFT,0.0
1221,9215,7,63.0,19,21,SOFT,0.0
1221,9215,5,16.0,20,23,SOFT,0.0
1221,9215,6,81.0,21,23,SOFT,0.0
1221,9215,6,10.0,21,23,SOFT,0.0
1221,9215,6,31.0,22,24,SOFT,0.0
1221,9215,6,16.0,24,26,SOFT,0.0
1221,9220,1,40.0,1,1,MEDIUM,6.0
1221,9220,1,2.0,1,3,SOFT,0.0
1221,9220,1,27.0,1,11,MEDIUM,0.0
1221,9220,1,11.0,1,11,MEDIUM,0.0
1221,9220,1,31.0,1,11,SOFT,3.0
1221,9220,1,24.0,1,11,MEDIUM,5.0
1221,9220,1,18.0,1,11,SOFT,0.0
1221,9220,1,20.0,1,11,MEDIUM,5.0
1221,9220,1,81.0,1,19,MEDIUM,2.0
1221,9220,1,4.0,1,19,MEDIUM,3.0
1221,9220,1,1.0,1,19,MEDIUM,0.0
1221,9220,1,63.0,1,19,SOFT,3.0
1221,9220,1,55.0,1,19,SOFT,0.0
1221,9220,1,16.0,1,19,SOFT,6.0
1221,9220,1,14.0,1,19,SOFT,3.0
1221,9220,1,10.0,1,19,SOFT,3.0
1221,9220,1,44.0,1,19,MEDIUM,7.0
1221,9220,1,77.0,1,19,MEDIUM,5.0
1221,9220,1,23.0,1,19,MEDIUM,6.0
1221,9220,1,22.0,1,19,MEDIUM,6.0
1221,9220,2,24.0,12,19,SOFT,3.0
1221,9220,2,18.0,12,19,SOFT,6.0
1221,9220,2,20.0,12,19,SOFT,0.0
1221,9221,1,63.0,1,1,MEDIUM,7.0
1221,9221,1,44.0,1,1,SOFT,0.0
1221,9221,1,77.0,1,3,SOFT,3.0
1221,9221,1,18.0,1,3,MEDIUM,8.0
1221,9221,1,40.0,1,3,SOFT,0.0
1221,9221,1,20.0,1,3,SOFT,0.0
1221,9221,1,22.0,1,9,MEDIUM,0.0
1221,9221,1,31.0,1,10,MEDIUM,7.0
1221,9221,1,14.0,1,11,MEDIUM,5.0
1221,9221,1,10.0,1,11,MEDIUM,7.0
1221,9221,1,16.0,1,12,MEDIUM,8.0
1221,9221,1,81.0,1,12,MEDIUM,6.0
1221,9221,1,4.0,1,13,MEDIUM,7.0
1221,9221,1,27.0,1,13,MEDIUM,7.0
1221,9221,1,2.0,1,13,MEDIUM,0.0
1221,9221,1,1.0,1,17,MEDIUM,3.0
1221,9221,1,11.0,1,17,HARD,0.0
1221,9221,1,23.0,1,18,MEDIUM,0.0
1221,9221,1,24.0,1,18,MEDIUM,0.0
1221,9221,2,63.0,2,14,MEDIUM,7.0
1221,9221,2,77.0,4,21,MEDIUM,0.0
1221,9221,2,18.0,4,21,MEDIUM,0.0
1221,9221,2,40.0,4,21,HARD,0.0
1221,9221,2,20.0,4,21,MEDIUM,0.0
1221,9221,2,22.0,10,22,MEDIUM,0.0
1221,9221,2,31.0,11,25,MEDIUM,5.0
1221,9221,2,14.0,12,26,MEDIUM,5.0
1221,9221,2,10.0,12,26,MEDIUM,5.0
1221,9221,2,16.0,13,25,MEDIUM,0.0
1221,9221,2,81.0,13,25,MEDIUM,7.0
1221,9221,2,2.0,14,26,MEDIUM,0.0
1221,9221,2,4.0,14,27,MEDIUM,6.0
1221,9221,2,27.0,14,27,HARD,0.0
1221,9221,3,63.0,15,32,MEDIUM,0.0
1221,9221,2,11.0,18,31,MEDIUM,6.0
1221,9221,2,1.0,18,34,MEDIUM,3.0
1221,9221,2,23.0,19,31,MEDIUM,0.0
1221,9221,2,24.0,19,35,HARD,0.0
1221,9221,3,77.0,22,39,HARD,0.0
1221,9221,3,18.0,22,39,HARD,0.0
1221,9221,3,40.0,22,39,HARD,0.0
1221,9221,3,20.0,22,39,HARD,0.0
1221,9221,3,22.0,23,40,HARD,0.0
1221,9221,3,81.0,26,43,MEDIUM,0.0
1221,9221,3,16.0,26,43,HARD,0.0
1221,9221,3,31.0,26,43,HARD,0.0
1221,9221,3,2.0,27,40,HARD,0.0
1221,9221,3,14.0,27,44,HARD,0.0
1221,9221,3,10.0,27,44,HARD,0.0
1221,9221,3,27.0,28,39,MEDIUM,6.0
1221,9221,3,4.0,28,44,MEDIUM,0.0
1221,9221,3,11.0,32,43,MEDIUM,0.0
1221,9221,3,23.0,32,44,HARD,0.0
1221,9221,4,63.0,33,50,HARD,0.0
1221,9221,3,1.0,35,51,HARD,0.0
1221,9221,3,24.0,36,52,HARD,0.0
1221,9221,4,20.0,40,56,HARD,0.0
1221,9221,4,27.0,40,56,HARD,0.0
1221,9221,4,40.0,40,56,MEDIUM,0.0
1221,9221,4,77.0,40,57,HARD,1.0
1221,9221,4,18.0,40,57,MEDIUM,0.0
1221,9221,4,22.0,41,56,HARD,0.0
1221,9221,4,81.0,44,57,HARD,0.0
1221,9221,4,16.0,44,57,MEDIUM,0.0
1221,9221,4,31.0,44,57,MEDIUM,0.0
1221,9221,4,11.0,44,57,MEDIUM,0.0
1221,9221,4,4.0,45,57,HARD,0.0
1221,9221,4,14.0,45,57,MEDIUM,0.0
1221,9221,4,10.0,45,57,MEDIUM,0.0
1221,9221,4,23.0,45,57,HARD,0.0
1221,9221,5,63.0,51,57,SOFT,3.0
1221,9221,4,1.0,52,57,MEDIUM,0.0
1221,9221,4,24.0,53,57,SOFT,0.0
1221,9298,1,11.0,1,2,MEDIUM,1.0
1221,9298,1,1.0,1,3,MEDIUM,0.0
1221,9298,1,4.0,1,5,MEDIUM,1.0
1221,9298,1,14.0,1,5,MEDIUM,0.0
1221,9298,1,77.0,1,5,MEDIUM,0.0
1221,9298,1,24.0,1,5,MEDIUM,0.0
1221,9298,1,20.0,1,5,MEDIUM,0.0
1221,9298,1,16.0,1,6,MEDIUM,2.0
1221,9298,1,55.0,1,6,MEDIUM,2.0
1221,9298,1,27.0,1,6,MEDIUM,1.0
1221,9298,1,63.0,1,6,MEDIUM,1.0
1221,9298,1,81.0,1,6,MEDIUM,1.0
1221,9298,1,2.0,1,6,MEDIUM,1.0
1221,9298,1,44.0,1,6,MEDIUM,1.0
1221,9298,1,31.0,1,6,MEDIUM,1.0
1221,9298,1,10.0,1,6,MEDIUM,1.0
1221,9298,1,22.0,1,6,MEDIUM,0.0
1221,9298,1,40.0,1,6,MEDIUM,0.0
1221,9298,1,23.0,1,6,MEDIUM,0.0
1221,9298,1,18.0,1,7,MEDIUM,1.0
1221,9298,2,11.0,3,5,MEDIUM,3.0
1221,9298,2,1.0,4,6,MEDIUM,0.0
1221,9298,3,11.0,6,8,MEDIUM,0.0
1221,9298,2,4.0,6,8,MEDIUM,0.0
1221,9298,2,77.0,6,8,MEDIUM,0.0
1221,9298,2,24.0,6,10,MEDIUM,0.0
1221,9298,2,14.0,6,10,MEDIUM,0.0
1221,9298,2,27.0,7,9,MEDIUM,0.0
1221,9298,2,31.0,7,11,MEDIUM,0.0
1221,9298,2,10.0,7,11,MEDIUM,0.0
1221,9298,2,81.0,7,12,MEDIUM,0.0
1221,9298,2,40.0,7,12,MEDIUM,0.0
1221,9298,3,1.0,7,12,SOFT,0.0
1221,9298,2,63.0,7,13,MEDIUM,0.0
1221,9298,2,55.0,7,13,MEDIUM,0.0
1221,9298,2,44.0,7,13,MEDIUM,0.0
1221,9298,2,16.0,7,13,MEDIUM,0.0
1221,9298,4,11.0,9,11,MEDIUM,3.0
1221,9298,3,4.0,9,13,SOFT,0.0
1221,9298,3,27.0,10,12,MEDIUM,3.0
1221,9298,3,14.0,11,13,SOFT,2.0
1221,9298,3,31.0,12,14,SOFT,3.0
1221,9298,5,11.0,12,16,SOFT,0.0
1221,9298,4,27.0,13,15,SOFT,0.0
1221,9298,3,81.0,13,17,SOFT,0.0
1221,9298,3,63.0,14,16,SOFT,0.0
1221,9298,3,55.0,14,19,SOFT,0.0
1221,9298,3,16.0,14,19,SOFT,0.0
1222,9206,1,18.0,1,5,HARD,0.0
1222,9206,1,23.0,1,5,MEDIUM,0.0
1222,9206,1,14.0,1,5,HARD,0.0
1222,9206,1,10.0,1,7,HARD,0.0
1222,9206,1,31.0,1,7,HARD,0.0
1222,9206,1,24.0,1,7,MEDIUM,0.0
1222,9206,1,27.0,1,7,MEDIUM,0.0
1222,9206,1,1.0,1,7,HARD,0.0
1222,9206,1,20.0,1,7,MEDIUM,0.0
1222,9206,1,77.0,1,7,MEDIUM,0.0
1222,9206,1,11.0,1,7,HARD,0.0
1222,9206,1,81.0,1,8,MEDIUM,0.0
1222,9206,1,4.0,1,9,MEDIUM,0.0
1222,9206,1,2.0,1,9,MEDIUM,0.0
1222,9206,1,3.0,1,9,MEDIUM,0.0
1222,9206,1,44.0,1,9,HARD,0.0
1222,9206,1,63.0,1,9,HARD,0.0
1222,9206,1,55.0,1,9,HARD,0.0
1222,9206,1,22.0,1,9,MEDIUM,0.0
1222,9206,1,16.0,1,10,HARD,0.0
1222,9206,2,23.0,6,12,MEDIUM,5.0
1222,9206,2,14.0,6,12,HARD,5.0
1222,9206,2,20.0,8,8,MEDIUM,7.0
1222,9206,2,27.0,8,14,MEDIUM,7.0
1222,9206,2,77.0,8,16,MEDIUM,7.0
1222,9206,2,10.0,8,16,HARD,7.0
1222,9206,2,31.0,8,16,HARD,7.0
1222,9206,2,1.0,8,17,HARD,7.0
1222,9206,2,24.0,8,17,MEDIUM,7.0
1222,9206,2,11.0,8,17,HARD,7.0
1222,9206,3,20.0,9,15,MEDIUM,8.0
1222,9206,2,81.0,9,17,MEDIUM,8.0
1222,9206,2,4.0,10,12,MEDIUM,9.0
1222,9206,2,2.0,10,17,MEDIUM,9.0
1222,9206,2,3.0,10,17,MEDIUM,9.0
1222,9206,2,44.0,10,17,HARD,9.0
1222,9206,2,55.0,10,17,HARD,9.0
1222,9206,2,63.0,10,18,HARD,0.0
1222,9206,2,22.0,10,18,MEDIUM,9.0
1222,9206,2,16.0,11,18,HARD,10.0
1222,9206,3,23.0,13,18,SOFT,0.0
1222,9206,3,14.0,13,19,HARD,12.0
1222,9206,3,4.0,13,21,MEDIUM,12.0
1222,9206,3,27.0,15,17,SOFT,0.0
1222,9206,4,20.0,16,21,SOFT,0.0
1222,9206,3,31.0,17,19,SOFT,0.0
1222,9206,3,10.0,17,19,SOFT,0.0
1222,9206,3,77.0,17,24,SOFT,0.0
1222,9206,3,24.0,18,20,SOFT,0.0
1222,9206,3,1.0,18,20,SOFT,0.0
1222,9206,3,11.0,18,20,SOFT,0.0
1222,9206,3,44.0,18,20,SOFT,0.0
1222,9206,4,27.0,18,21,SOFT,3.0
1222,9206,3,81.0,18,22,MEDIUM,17.0
1222,9206,3,2.0,18,23,SOFT,0.0
1222,9206,3,3.0,18,24,SOFT,0.0
1222,9206,3,55.0,18,24,SOFT,0.0
1222,9206,3,63.0,19,21,SOFT,0.0
1222,9206,4,23.0,19,21,SOFT,6.0
1222,9206,3,22.0,19,25,SOFT,0.0
1222,9206,3,16.0,19,25,SOFT,0.0
1222,9206,4,31.0,20,22,HARD,16.0
1222,9206,4,10.0,20,22,HARD,16.0
1222,9206,4,11.0,21,23,HARD,17.0
1222,9206,4,44.0,21,23,HARD,17.0
1222,9206,4,1.0,21,23,HARD,17.0
1222,9206,4,24.0,21,25,SOFT,3.0
1222,9206,4,63.0,22,25,SOFT,3.0
1222,9206,4,2.0,24,26,MEDIUM,17.0
1222,9207,1,2.0,1,2,SOFT,0.0
1222,9207,1,1.0,1,3,SOFT,3.0
1222,9207,1,16.0,1,3,SOFT,7.0
1222,9207,1,44.0,1,3,SOFT,3.0
1222,9207,1,11.0,1,3,SOFT,3.0
1222,9207,1,20.0,1,3,SOFT,0.0
1222,9207,1,63.0,1,3,SOFT,0.0
1222,9207,1,23.0,1,3,SOFT,0.0
1222,9207,1,55.0,1,3,SOFT,7.0
1222,9207,1,27.0,1,3,SOFT,0.0
1222,9207,1,10.0,1,3,SOFT,3.0
1222,9207,1,31.0,1,3,SOFT,0.0
1222,9207,1,22.0,1,3,SOFT,0.0
1222,9207,1,3.0,1,3,SOFT,0.0
1222,9207,1,18.0,1,3,SOFT,0.0
1222,9207,1,4.0,1,5,SOFT,0.0
1222,9207,1,14.0,1,5,SOFT,0.0
1222,9207,1,24.0,1,6,SOFT,0.0
1222,9207,1,77.0,1,6,SOFT,0.0
1222,9207,1,81.0,1,6,SOFT,0.0
1222,9207,2,2.0,3,5,SOFT,0.0
1222,9207,2,31.0,4,6,SOFT,0.0
1222,9207,2,10.0,4,6,SOFT,0.0
1222,9207,2,18.0,4,6,SOFT,0.0
1222,9207,2,55.0,4,6,SOFT,0.0
1222,9207,2,1.0,4,6,SOFT,0.0
1222,9207,2,11.0,4,6,SOFT,0.0
1222,9207,2,44.0,4,6,SOFT,0.0
1222,9207,2,63.0,4,6,SOFT,0.0
1222,9207,2,23.0,4,6,SOFT,0.0
1222,9207,2,27.0,4,6,SOFT,0.0
1222,9207,2,3.0,4,6,SOFT,0.0
1222,9207,2,20.0,4,6,SOFT,0.0
1222,9207,2,22.0,4,6,SOFT,0.0
1222,9207,2,16.0,4,9,SOFT,0.0
1222,9207,3,2.0,6,8,SOFT,0.0
1222,9207,2,4.0,6,8,SOFT,0.0
1222,9207,2,14.0,6,8,SOFT,0.0
1222,9207,3,10.0,7,7,SOFT,0.0
1222,9207,2,24.0,7,9,SOFT,0.0
1222,9207,2,77.0,7,9,SOFT,0.0
1222,9207,2,81.0,7,9,SOFT,0.0
1222,9207,3,31.0,7,9,SOFT,0.0
1222,9207,3,18.0,7,9,SOFT,0.0
1222,9207,3,55.0,7,9,SOFT,0.0
1222,9207,3,44.0,7,9,SOFT,3.0
1222,9207,3,63.0,7,9,SOFT,0.0
1222,9207,3,20.0,7,9,SOFT,0.0
1222,9207,3,1.0,7,9,SOFT,3.0
1222,9207,3,3.0,7,9,SOFT,0.0
1222,9207,3,22.0,7,9,SOFT,0.0
1222,9207,3,11.0,7,9,SOFT,0.0
1222,9207,4,10.0,8,10,SOFT,0.0
1222,9207,3,4.0,9,11,SOFT,0.0
1222,9207,4,11.0,10,11,SOFT,0.0
1222,9207,3,16.0,10,12,SOFT,6.0
1222,9207,3,81.0,10,12,SOFT,0.0
1222,9207,3,24.0,10,12,SOFT,0.0
1222,9207,3,77.0,10,12,SOFT,0.0
1222,9207,4,31.0,10,12,SOFT,0.0
1222,9207,4,55.0,10,12,SOFT,0.0
1222,9207,4,1.0,10,12,SOFT,0.0
1222,9207,4,20.0,10,12,SOFT,0.0
1222,9207,4,3.0,10,12,SOFT,0.0
1222,9207,4,22.0,10,12,SOFT,0.0
1222,9207,4,44.0,10,12,SOFT,0.0
1222,9207,4,63.0,10,12,SOFT,0.0
1222,9207,5,10.0,11,13,SOFT,0.0
1222,9207,4,4.0,12,14,SOFT,0.0
1222,9207,5,11.0,12,14,SOFT,0.0
1222,9207,4,81.0,13,14,SOFT,0.0
1222,9207,4,16.0,13,15,SOFT,0.0
1222,9207,4,24.0,13,15,SOFT,0.0
1222,9207,4,77.0,13,15,SOFT,0.0
1222,9207,5,31.0,13,15,SOFT,0.0
1222,9207,5,1.0,13,15,SOFT,0.0
1222,9207,5,55.0,13,15,SOFT,0.0
1222,9207,5,63.0,13,15,SOFT,3.0
1222,9207,5,44.0,13,15,SOFT,0.0
1222,9207,6,10.0,14,16,SOFT,1.0
1222,9207,5,4.0,15,17,SOFT,3.0
1222,9207,5,81.0,15,17,SOFT,2.0
1222,9207,6,11.0,15,17,SOFT,0.0
1222,9207,5,16.0,16,18,SOFT,0.0
1222,9207,6,31.0,16,18,SOFT,3.0
1222,9207,6,55.0,16,18,SOFT,0.0
1222,9207,6,1.0,16,18,SOFT,0.0
1222,9207,6,44.0,16,18,SOFT,0.0
1222,9207,6,63.0,16,18,SOFT,0.0
1222,9207,7,10.0,17,19,SOFT,0.0
1222,9207,6,4.0,18,20,SOFT,0.0
1222,9207,6,81.0,18,20,SOFT,0.0
1222,9207,6,16.0,19,21,SOFT,0.0
1222,9207,7,31.0,19,21,SOFT,0.0
1222,9212,1,18.0,1,16,MEDIUM,6.0
1222,9212,1,1.0,1,19,MEDIUM,3.0
1222,9212,1,16.0,1,19,MEDIUM,5.0
1222,9212,1,44.0,1,19,MEDIUM,3.0
1222,9212,1,4.0,1,19,MEDIUM,5.0
1222,9212,1,81.0,1,19,MEDIUM,5.0
1222,9212,1,55.0,1,19,SOFT,3.0
1222,9212,1,11.0,1,19,MEDIUM,5.0
1222,9212,1,23.0,1,19,MEDIUM,0.0
1222,9212,1,10.0,1,19,MEDIUM,3.0
1222,9212,1,3.0,1,19,MEDIUM,6.0
1222,9212,1,63.0,1,19,MEDIUM,3.0
1222,9212,1,14.0,1,19,MEDIUM,3.0
1222,9212,1,31.0,1,19,MEDIUM,3.0
1222,9212,1,24.0,1,19,MEDIUM,5.0
1222,9212,1,27.0,1,19,MEDIUM,0.0
1222,9212,1,20.0,1,19,MEDIUM,6.0
1222,9212,1,77.0,1,19,MEDIUM,6.0
1222,9212,1,22.0,1,19,MEDIUM,5.0
1222,9212,1,2.0,1,19,MEDIUM,6.0
1222,9213,1,31.0,1,6,MEDIUM,0.0
1222,9213,1,24.0,1,9,MEDIUM,0.0
1222,9213,1,81.0,1,10,MEDIUM,0.0
1222,9213,1,77.0,1,10,MEDIUM,0.0
1222,9213,1,23.0,1,10,MEDIUM,3.0
1222,9213,1,20.0,1,10,MEDIUM,0.0
1222,9213,1,2.0,1,11,MEDIUM,0.0
1222,9213,1,1.0,1,16,MEDIUM,0.0
1222,9213,1,4.0,1,17,MEDIUM,0.0
1222,9213,1,55.0,1,17,MEDIUM,0.0
1222,9213,1,11.0,1,17,MEDIUM,0.0
1222,9213,1,22.0,1,17,MEDIUM,0.0
1222,9213,1,10.0,1,18,MEDIUM,0.0
1222,9213,1,27.0,1,19,HARD,0.0
1222,9213,1,14.0,1,19,MEDIUM,0.0
1222,9213,1,44.0,1,20,MEDIUM,0.0
1222,9213,1,63.0,1,20,MEDIUM,0.0
1222,9213,1,18.0,1,20,HARD,0.0
1222,9213,1,3.0,1,22,MEDIUM,0.0
1222,9213,1,16.0,1,23,MEDIUM,0.0
1222,9213,2,24.0,10,27,HARD,0.0
1222,9213,2,77.0,11,28,HARD,0.0
1222,9213,2,23.0,11,29,HARD,0.0
1222,9213,2,20.0,11,29,HARD,0.0
1222,9213,2,2.0,12,32,HARD,0.0
1222,9213,2,1.0,17,35,MEDIUM,0.0
1222,9213,2,4.0,18,34,HARD,0.0
1222,9213,2,22.0,18,34,HARD,0.0
1222,9213,2,55.0,18,35,MEDIUM,0.0
1222,9213,2,11.0,18,37,MEDIUM,0.0
1222,9213,2,10.0,19,37,MEDIUM,0.0
1222,9213,2,27.0,20,34,MEDIUM,0.0
1222,9213,2,14.0,20,42,MEDIUM,0.0
1222,9213,2,44.0,21,38,HARD,0.0
1222,9213,2,63.0,21,38,HARD,0.0
1222,9213,2,18.0,21,40,MEDIUM,0.0
1222,9213,2,3.0,23,47,HARD,0.0
1222,9213,2,16.0,24,56,HARD,0.0
1222,9213,3,24.0,28,55,HARD,0.0
1222,9213,3,77.0,29,56,HARD,0.0
1222,9213,3,20.0,30,55,MEDIUM,0.0
1222,9213,3,23.0,30,56,MEDIUM,6.0
1222,9213,3,2.0,33,56,MEDIUM,0.0
1222,9213,3,22.0,35,54,MEDIUM,0.0
1222,9213,3,4.0,35,56,HARD,0.0
1222,9213,3,27.0,35,56,MEDIUM,6.0
1222,9213,3,1.0,36,56,HARD,0.0
1222,9213,3,55.0,36,56,HARD,0.0
1222,9213,3,11.0,38,56,HARD,0.0
1222,9213,3,10.0,38,56,HARD,0.0
1222,9213,3,63.0,39,55,MEDIUM,0.0
1222,9213,3,44.0,39,56,MEDIUM,0.0
1222,9213,3,18.0,41,56,MEDIUM,0.0
1222,9213,3,14.0,43,49,HARD,0.0
1222,9213,3,3.0,48,55,SOFT,0.0
1222,9213,4,22.0,55,56,SOFT,0.0
1222,9294,1,1.0,1,3,MEDIUM,0.0
1222,9294,1,44.0,1,3,MEDIUM,0.0
1222,9294,1,20.0,1,3,MEDIUM,0.0
1222,9294,1,23.0,1,3,MEDIUM,0.0
1222,9294,1,27.0,1,3,MEDIUM,0.0
1222,9294,1,2.0,1,3,MEDIUM,0.0
1222,9294,1,22.0,1,3,MEDIUM,0.0
1222,9294,1,3.0,1,3,MEDIUM,0.0
1222,9294,1,77.0,1,3,MEDIUM,0.0
1222,9294,1,11.0,1,5,MEDIUM,0.0
1222,9294,1,24.0,1,5,MEDIUM,0.0
1222,9294,1,16.0,1,6,MEDIUM,0.0
1222,9294,1,63.0,1,6,MEDIUM,0.0
1222,9294,1,55.0,1,6,MEDIUM,0.0
1222,9294,1,10.0,1,6,MEDIUM,0.0
1222,9294,1,31.0,1,6,MEDIUM,0.0
1222,9294,1,14.0,1,6,MEDIUM,0.0
1222,9294,1,18.0,1,6,MEDIUM,0.0
1222,9294,1,4.0,1,7,MEDIUM,0.0
1222,9294,1,81.0,1,7,MEDIUM,0.0
1222,9294,2,22.0,4,5,MEDIUM,0.0
1222,9294,2,23.0,4,6,MEDIUM,3.0
1222,9294,2,27.0,4,6,MEDIUM,3.0
1222,9294,2,20.0,4,6,MEDIUM,3.0
1222,9294,2,77.0,4,6,MEDIUM,0.0
1222,9294,2,2.0,4,6,MEDIUM,3.0
1222,9294,2,3.0,4,6,MEDIUM,3.0
1222,9294,2,44.0,4,6,MEDIUM,0.0
1222,9294,2,1.0,4,8,MEDIUM,0.0
1222,9294,2,11.0,6,11,MEDIUM,0.0
1222,9294,2,24.0,6,11,MEDIUM,0.0
1222,9294,2,16.0,7,9,MEDIUM,0.0
1222,9294,2,55.0,7,9,MEDIUM,0.0
1222,9294,2,63.0,7,9,MEDIUM,0.0
1222,9294,2,14.0,7,9,MEDIUM,0.0
1222,9294,2,31.0,7,9,MEDIUM,0.0
1222,9294,3,44.0,7,9,MEDIUM,0.0
1222,9294,2,10.0,7,9,MEDIUM,0.0
1222,9294,3,23.0,7,9,MEDIUM,0.0
1222,9294,3,3.0,7,9,MEDIUM,0.0
1222,9294,2,18.0,7,11,MEDIUM,0.0
1222,9294,2,81.0,8,12,MEDIUM,0.0
1222,9294,2,4.0,8,12,MEDIUM,0.0
1222,9294,3,1.0,9,11,SOFT,0.0
1222,9294,3,16.0,10,11,MEDIUM,3.0
1222,9294,3,55.0,10,11,MEDIUM,3.0
1222,9294,3,10.0,10,12,SOFT,3.0
1222,9294,4,23.0,10,12,SOFT,0.0
1222,9294,4,44.0,10,12,SOFT,0.0
1222,9294,3,63.0,10,12,SOFT,2.0
1222,9294,4,16.0,12,14,SOFT,0.0
1222,9294,4,55.0,12,14,SOFT,0.0
1222,9294,3,11.0,12,14,SOFT,2.0
1222,9294,3,4.0,13,15,SOFT,0.0
1222,9294,3,81.0,13,15,SOFT,0.0
1223,9174,1,31.0,1,1,HARD,0.0
1223,9174,1,61.0,1,1,TEST_UNKNOWN,0.0
1223,9174,1,98.0,1,1,TEST_UNKNOWN,0.0
1223,9174,1,4.0,1,2,TEST_UNKNOWN,0.0
1223,9174,1,14.0,1,2,TEST_UNKNOWN,0.0
1223,9174,1,41.0,1,2,UNKNOWN,0.0
1223,9174,1,18.0,1,4,TEST_UNKNOWN,0.0
1223,9174,1,11.0,1,5,UNKNOWN,0.0
1223,9174,1,24.0,1,5,UNKNOWN,0.0
1223,9174,1,42.0,1,5,TEST_UNKNOWN,0.0
1223,9174,1,44.0,1,5,TEST_UNKNOWN,0.0
1223,9174,1,1.0,1,7,TEST_UNKNOWN,0.0
1223,9174,1,55.0,1,7,TEST_UNKNOWN,0.0
1223,9174,1,81.0,1,7,MEDIUM,0.0
1223,9174,1,3.0,1,8,TEST_UNKNOWN,0.0
1223,9174,1,27.0,1,8,TEST_UNKNOWN,0.0
1223,9174,1,50.0,1,8,TEST_UNKNOWN,0.0
1223,9174,1,16.0,1,9,TEST_UNKNOWN,0.0
1223,9174,1,23.0,1,10,TEST_UNKNOWN,0.0
1223,9174,1,2.0,1,11,TEST_UNKNOWN,0.0
1223,9174,2,98.0,2,2,MEDIUM,0.0
1223,9174,2,31.0,2,9,HARD,1.0
1223,9174,2,61.0,2,10,MEDIUM,0.0
1223,9174,3,98.0,3,3,MEDIUM,1.0
1223,9174,2,14.0,3,7,TEST_UNKNOWN,2.0
1223,9174,2,4.0,3,8,HARD,0.0
1223,9174,2,41.0,3,10,TEST_UNKNOWN,2.0
1223,9174,4,98.0,4,4,MEDIUM,2.0
1223,9174,2,18.0,5,12,HARD,0.0
1223,9174,2,24.0,6,9,TEST_UNKNOWN,5.0
1223,9174,2,42.0,6,10,TEST_UNKNOWN,0.0
1223,9174,2,44.0,6,10,TEST_UNKNOWN,5.0
1223,9174,2,11.0,6,12,TEST_UNKNOWN,0.0
1223,9174,2,55.0,8,10,SOFT,0.0
1223,9174,2,1.0,8,12,MEDIUM,0.0
1223,9174,2,81.0,8,12,SOFT,0.0
1223,9174,3,14.0,8,12,SOFT,0.0
1223,9174,2,3.0,9,11,MEDIUM,0.0
1223,9174,3,4.0,9,11,SOFT,0.0
1223,9174,2,50.0,9,23,HARD,0.0
1223,9174,2,27.0,9,23,HARD,0.0
1223,9174,2,16.0,10,12,SOFT,0.0
1223,9174,3,31.0,10,12,TEST_UNKNOWN,0.0
1223,9174,3,24.0,10,18,SOFT,0.0
1223,9174,3,44.0,11,13,SOFT,0.0
1223,9174,3,55.0,11,13,SOFT,0.0
1223,9174,2,23.0,11,15,MEDIUM,0.0
1223,9174,3,42.0,11,16,SOFT,0.0
1223,9174,3,41.0,11,17,SOFT,0.0
1223,9174,3,61.0,11,25,SOFT,0.0
1223,9174,3,3.0,12,14,MEDIUM,3.0
1223,9174,2,2.0,12,20,SOFT,0.0
1223,9174,4,4.0,12,20,SOFT,3.0
1223,9174,3,16.0,13,15,SOFT,0.0
1223,9174,3,1.0,13,15,SOFT,0.0
1223,9174,3,11.0,13,15,SOFT,0.0
1223,9174,3,18.0,13,17,SOFT,0.0
1223,9174,4,14.0,13,17,HARD,0.0
1223,9174,4,31.0,13,18,SOFT,0.0
1223,9174,3,81.0,13,19,TEST_UNKNOWN,0.0
1223,9174,4,55.0,14,23,HARD,0.0
1223,9174,4,44.0,14,25,HARD,0.0
1223,9174,4,3.0,15,20,SOFT,0.0
1223,9174,3,23.0,16,17,MEDIUM,10.0
1223,9174,4,11.0,16,18,SOFT,0.0
1223,9174,4,1.0,16,29,MEDIUM,5.0
1223,9174,4,16.0,16,30,HARD,0.0
1223,9174,4,42.0,17,26,HARD,0.0
1223,9174,4,23.0,18,18,TEST_UNKNOWN,10.0
1223,9174,4,41.0,18,25,SOFT,0.0
1223,9174,4,18.0,18,26,SOFT,5.0
1223,9174,5,23.0,19,21,SOFT,0.0
1223,9174,5,31.0,19,26,SOFT,6.0
1223,9174,4,24.0,19,27,MEDIUM,0.0
1223,9174,5,11.0,19,28,MEDIUM,7.0
1223,9174,4,81.0,20,32,TEST_UNKNOWN,0.0
1223,9174,3,2.0,21,30,HARD,0.0
1223,9174,5,3.0,21,30,MEDIUM,6.0
1223,9174,5,4.0,21,30,HARD,6.0
1223,9174,6,23.0,22,31,MEDIUM,7.0
1223,9174,3,27.0,24,29,SOFT,0.0
1223,9174,3,50.0,24,31,SOFT,0.0
1223,9175,1,31.0,1,1,TEST_UNKNOWN,0.0
1223,9175,1,2.0,1,3,TEST_UNKNOWN,0.0
1223,9175,1,11.0,1,3,TEST_UNKNOWN,0.0
1223,9175,1,1.0,1,5,TEST_UNKNOWN,0.0
1223,9175,1,3.0,1,5,HARD,0.0
1223,9175,1,10.0,1,5,HARD,0.0
1223,9175,1,14.0,1,5,TEST_UNKNOWN,0.0
1223,9175,1,18.0,1,5,TEST_UNKNOWN,0.0
1223,9175,1,20.0,1,5,TEST_UNKNOWN,0.0
1223,9175,1,24.0,1,5,TEST_UNKNOWN,0.0
1223,9175,1,27.0,1,5,TEST_UNKNOWN,0.0
1223,9175,1,23.0,1,6,TEST_UNKNOWN,0.0
1223,9175,1,4.0,1,7,TEST_UNKNOWN,0.0
1223,9175,1,16.0,1,7,TEST_UNKNOWN,0.0
1223,9175,1,55.0,1,7,TEST_UNKNOWN,0.0
1223,9175,1,63.0,1,7,TEST_UNKNOWN,0.0
1223,9175,1,77.0,1,7,MEDIUM,0.0
1223,9175,1,81.0,1,7,HARD,0.0
1223,9175,1,22.0,1,9,TEST_UNKNOWN,0.0
1223,9175,1,44.0,1,11,MEDIUM,0.0
1223,9175,2,31.0,2,6,TEST_UNKNOWN,1.0
1223,9175,2,2.0,4,9,MEDIUM,0.0
1223,9175,2,11.0,4,9,TEST_UNKNOWN,3.0
1223,9175,2,24.0,6,8,TEST_UNKNOWN,5.0
1223,9175,2,1.0,6,8,MEDIUM,0.0
1223,9175,2,14.0,6,9,MEDIUM,0.0
1223,9175,2,10.0,6,10,TEST_UNKNOWN,0.0
1223,9175,2,27.0,6,10,MEDIUM,0.0
1223,9175,2,3.0,6,10,TEST_UNKNOWN,0.0
1223,9175,2,20.0,6,11,MEDIUM,0.0
1223,9175,2,18.0,6,12,MEDIUM,0.0
1223,9175,3,31.0,7,9,MEDIUM,0.0
1223,9175,2,23.0,7,12,SOFT,0.0
1223,9175,2,55.0,8,10,MEDIUM,0.0
1223,9175,2,81.0,8,10,SOFT,0.0
1223,9175,2,63.0,8,12,MEDIUM,0.0
1223,9175,2,16.0,8,13,MEDIUM,0.0
1223,9175,2,77.0,8,14,TEST_UNKNOWN,0.0
1223,9175,2,4.0,8,15,SOFT,0.0
1223,9175,3,1.0,9,11,SOFT,0.0
1223,9175,3,24.0,9,14,SOFT,0.0
1223,9175,3,14.0,10,12,SOFT,0.0
1223,9175,3,2.0,10,15,SOFT,0.0
1223,9175,3,11.0,10,15,SOFT,0.0
1223,9175,4,31.0,10,15,SOFT,0.0
1223,9175,2,22.0,10,17,MEDIUM,0.0
1223,9175,3,81.0,11,11,HARD,0.0
1223,9175,3,55.0,11,13,MEDIUM,3.0
1223,9175,3,27.0,11,13,SOFT,0.0
1223,9175,3,3.0,11,15,SOFT,0.0
1223,9175,3,10.0,11,16,SOFT,0.0
1223,9175,2,44.0,12,17,SOFT,0.0
1223,9175,3,20.0,12,17,SOFT,0.0
1223,9175,4,1.0,12,23,MEDIUM,3.0
1223,9175,4,81.0,12,26,HARD,8.0
1223,9175,3,23.0,13,13,SOFT,6.0
1223,9175,3,18.0,13,14,SOFT,0.0
1223,9175,3,63.0,13,18,SOFT,0.0
1223,9175,4,14.0,13,27,MEDIUM,4.0
1223,9175,4,27.0,14,15,SOFT,3.0
1223,9175,4,55.0,14,16,SOFT,0.0
1223,9175,3,16.0,14,16,SOFT,0.0
1223,9175,4,23.0,14,23,HARD,0.0
1223,9175,3,77.0,15,17,SOFT,0.0
1223,9175,4,18.0,15,17,SOFT,0.0
1223,9175,4,24.0,15,27,MEDIUM,0.0
1223,9175,4,2.0,16,17,SOFT,6.0
1223,9175,4,11.0,16,26,HARD,0.0
1223,9175,5,27.0,16,26,MEDIUM,5.0
1223,9175,5,31.0,16,26,MEDIUM,3.0
1223,9175,4,3.0,16,27,HARD,5.0
1223,9175,3,4.0,16,31,MEDIUM,0.0
1223,9175,5,55.0,17,18,SOFT,3.0
1223,9175,4,10.0,17,26,HARD,5.0
1223,9175,4,16.0,17,33,MEDIUM,6.0
1223,9175,4,77.0,18,20,SOFT,3.0
1223,9175,3,22.0,18,20,SOFT,0.0
1223,9175,5,2.0,18,26,MEDIUM,0.0
1223,9175,4,20.0,18,27,SOFT,6.0
1223,9175,3,44.0,18,27,MEDIUM,11.0
1223,9175,4,63.0,19,28,MEDIUM,5.0
1223,9175,6,55.0,19,34,MEDIUM,6.0
1223,9175,5,77.0,21,33,MEDIUM,7.0
1223,9175,4,22.0,21,34,MEDIUM,8.0
1223,9175,5,1.0,24,26,SOFT,3.0
1223,9175,5,11.0,27,29,SOFT,0.0
1223,9175,6,31.0,27,29,SOFT,6.0
1223,9175,6,27.0,27,29,SOFT,5.0
1223,9175,5,10.0,27,29,SOFT,6.0
1223,9175,5,81.0,27,31,SOFT,0.0
1223,9175,5,20.0,28,30,MEDIUM,6.0
1223,9175,4,44.0,28,30,MEDIUM,21.0
1223,9175,5,14.0,28,30,TEST_UNKNOWN,0.0
1223,9175,5,3.0,28,31,HARD,17.0
1223,9175,5,63.0,29,31,MEDIUM,15.0
1223,9176,1,14.0,1,1,MEDIUM,0.0
1223,9176,1,18.0,1,1,HARD,0.0
1223,9176,1,20.0,1,1,SOFT,0.0
1223,9176,1,4.0,1,3,SOFT,0.0
1223,9176,1,11.0,1,3,SOFT,0.0
1223,9176,1,16.0,1,3,SOFT,0.0
1223,9176,1,22.0,1,3,SOFT,0.0
1223,9176,1,44.0,1,3,SOFT,0.0
1223,9176,1,55.0,1,3,SOFT,0.0
1223,9176,1,27.0,1,4,SOFT,0.0
1223,9176,1,3.0,1,5,MEDIUM,0.0
1223,9176,1,63.0,1,5,SOFT,0.0
1223,9176,1,81.0,1,5,SOFT,0.0
1223,9176,1,2.0,1,6,SOFT,0.0
1223,9176,1,77.0,1,7,HARD,0.0
1223,9176,1,23.0,1,9,MEDIUM,0.0
1223,9176,1,31.0,1,9,MEDIUM,0.0
1223,9176,1,1.0,1,10,SOFT,0.0
1223,9176,1,10.0,1,10,MEDIUM,0.0
1223,9176,1,24.0,1,11,HARD,0.0
1223,9176,2,18.0,2,2,MEDIUM,0.0
1223,9176,2,14.0,2,2,HARD,0.0
1223,9176,2,20.0,2,9,SOFT,0.0
1223,9176,3,14.0,3,7,MEDIUM,0.0
1223,9176,3,18.0,3,7,MEDIUM,0.0
1223,9176,2,55.0,4,5,SOFT,3.0
1223,9176,2,22.0,4,6,SOFT,3.0
1223,9176,2,44.0,4,6,SOFT,3.0
1223,9176,2,16.0,4,6,SOFT,3.0
1223,9176,2,11.0,4,10,SOFT,0.0
1223,9176,2,4.0,4,12,SOFT,3.0
1223,9176,2,27.0,5,10,SOFT,4.0
1223,9176,3,55.0,6,6,SOFT,0.0
1223,9176,2,3.0,6,6,MEDIUM,0.0
1223,9176,2,63.0,6,11,SOFT,5.0
1223,9176,2,81.0,6,14,SOFT,5.0
1223,9176,4,55.0,7,9,SOFT,0.0
1223,9176,2,2.0,7,9,SOFT,0.0
1223,9176,3,44.0,7,12,SOFT,6.0
1223,9176,3,3.0,7,12,SOFT,0.0
1223,9176,3,16.0,7,15,SOFT,6.0
1223,9176,3,22.0,7,16,SOFT,6.0
1223,9176,4,18.0,8,12,MEDIUM,5.0
1223,9176,4,14.0,8,12,MEDIUM,5.0
1223,9176,2,77.0,8,17,HARD,7.0
1223,9176,2,23.0,10,12,SOFT,0.0
1223,9176,3,2.0,10,12,SOFT,3.0
1223,9176,2,31.0,10,13,SOFT,0.0
1223,9176,5,55.0,10,16,SOFT,0.0
1223,9176,2,1.0,11,16,SOFT,0.0
1223,9176,3,27.0,11,18,SOFT,0.0
1223,9176,3,11.0,11,19,SOFT,0.0
1223,9176,2,10.0,11,19,SOFT,0.0
1223,9176,2,24.0,12,12,HARD,0.0
1223,9176,3,63.0,12,17,SOFT,0.0
1223,9176,4,44.0,13,15,SOFT,0.0
1223,9176,3,23.0,13,15,SOFT,3.0
1223,9176,4,2.0,13,15,SOFT,0.0
1223,9176,4,3.0,13,15,SOFT,6.0
1223,9176,3,24.0,13,18,SOFT,0.0
1223,9176,3,4.0,13,18,SOFT,0.0
1223,9176,5,14.0,13,21,SOFT,0.0
1223,9176,5,18.0,13,21,SOFT,0.0
1223,9176,3,31.0,14,16,SOFT,4.0
1223,9176,3,81.0,15,19,SOFT,0.0
1223,9176,4,23.0,16,16,MEDIUM,9.0
1223,9176,4,16.0,16,17,SOFT,0.0
1223,9176,5,44.0,16,18,SOFT,3.0
1223,9176,4,22.0,17,18,SOFT,16.0
1223,9176,6,55.0,17,19,SOFT,0.0
1223,9176,3,1.0,17,19,SOFT,0.0
1223,9176,4,31.0,17,19,MEDIUM,9.0
1223,9176,5,23.0,17,19,MEDIUM,0.0
1223,9176,4,63.0,18,20,SOFT,6.0
1223,9176,5,16.0,18,22,SOFT,2.0
1223,9176,3,77.0,18,23,SOFT,0.0
1223,9176,5,22.0,19,21,SOFT,0.0
1223,9176,4,4.0,19,21,SOFT,0.0
1223,9176,4,24.0,19,21,HARD,0.0
1223,9176,6,44.0,19,21,SOFT,6.0
1223,9176,4,81.0,20,22,SOFT,5.0
1223,9176,7,55.0,20,23,SOFT,3.0
1223,9176,6,22.0,22,26,SOFT,3.0
1223,9176,4,77.0,24,26,HARD,17.0
1223,9177,1,4.0,1,2,MEDIUM,0.0
1223,9177,1,1.0,1,3,SOFT,0.0
1223,9177,1,23.0,1,3,SOFT,0.0
1223,9177,1,11.0,1,3,SOFT,0.0
1223,9177,1,81.0,1,3,MEDIUM,0.0
1223,9177,1,77.0,1,3,SOFT,0.0
1223,9177,1,3.0,1,3,SOFT,0.0
1223,9177,1,2.0,1,3,SOFT,0.0
1223,9177,1,24.0,1,3,SOFT,0.0
1223,9177,1,16.0,1,3,MEDIUM,0.0
1223,9177,1,18.0,1,3,SOFT,0.0
1223,9177,1,55.0,1,3,MEDIUM,0.0
1223,9177,1,27.0,1,3,SOFT,0.0
1223,9177,1,14.0,1,3,SOFT,0.0
1223,9177,1,10.0,1,3,SOFT,0.0
1223,9177,1,20.0,1,3,SOFT,0.0
1223,9177,1,31.0,1,3,SOFT,0.0
1223,9177,1,22.0,1,4,SOFT,0.0
1223,9177,1,44.0,1,4,MEDIUM,0.0
1223,9177,1,63.0,1,5,MEDIUM,0.0
1223,9177,2,4.0,3,6,SOFT,0.0
1223,9177,2,55.0,4,5,SOFT,0.0
1223,9177,2,77.0,4,5,SOFT,0.0
1223,9177,2,16.0,4,5,SOFT,0.0
1223,9177,2,14.0,4,6,SOFT,0.0
1223,9177,2,18.0,4,6,SOFT,0.0
1223,9177,2,20.0,4,6,SOFT,0.0
1223,9177,2,10.0,4,6,SOFT,0.0
1223,9177,2,81.0,4,6,SOFT,0.0
1223,9177,2,23.0,4,6,SOFT,0.0
1223,9177,2,11.0,4,6,SOFT,3.0
1223,9177,2,1.0,4,6,SOFT,3.0
1223,9177,2,27.0,4,6,SOFT,0.0
1223,9177,2,2.0,4,6,SOFT,0.0
1223,9177,2,24.0,4,6,SOFT,0.0
1223,9177,2,31.0,4,6,SOFT,0.0
1223,9177,2,3.0,4,6,SOFT,0.0
1223,9177,2,44.0,5,6,SOFT,0.0
1223,9177,2,22.0,5,7,SOFT,0.0
1223,9177,2,63.0,6,7,SOFT,0.0
1223,9177,3,55.0,6,8,SOFT,2.0
1223,9177,3,16.0,6,8,SOFT,2.0
1223,9177,3,77.0,6,8,SOFT,0.0
1223,9177,3,14.0,7,8,SOFT,0.0
1223,9177,3,20.0,7,9,SOFT,0.0
1223,9177,3,18.0,7,9,SOFT,0.0
1223,9177,3,10.0,7,9,SOFT,0.0
1223,9177,3,11.0,7,9,SOFT,0.0
1223,9177,3,1.0,7,9,SOFT,0.0
1223,9177,3,44.0,7,9,SOFT,0.0
1223,9177,3,81.0,7,9,SOFT,0.0
1223,9177,3,27.0,7,9,SOFT,3.0
1223,9177,3,24.0,7,9,SOFT,0.0
1223,9177,3,23.0,7,9,SOFT,0.0
1223,9177,3,3.0,7,9,SOFT,0.0
1223,9177,3,22.0,8,9,SOFT,4.0
1223,9177,3,63.0,8,10,SOFT,0.0
1223,9177,4,14.0,9,11,SOFT,2.0
1223,9177,4,77.0,9,11,SOFT,0.0
1223,9177,4,16.0,9,11,SOFT,0.0
1223,9177,4,55.0,9,11,SOFT,0.0
1223,9177,4,11.0,10,10,SOFT,0.0
1223,9177,4,22.0,10,11,SOFT,3.0
1223,9177,4,10.0,10,12,SOFT,3.0
1223,9177,4,27.0,10,12,SOFT,0.0
1223,9177,4,24.0,10,12,SOFT,0.0
1223,9177,4,44.0,10,12,SOFT,0.0
1223,9177,4,81.0,10,12,SOFT,3.0
1223,9177,4,23.0,10,12,SOFT,0.0
1223,9177,4,1.0,10,12,SOFT,0.0
1223,9177,4,3.0,10,12,SOFT,0.0
1223,9177,4,63.0,11,13,SOFT,0.0
1223,9177,5,11.0,11,13,SOFT,1.0
1223,9177,5,14.0,12,14,SOFT,0.0
1223,9177,5,77.0,12,14,SOFT,2.0
1223,9177,5,55.0,12,14,SOFT,0.0
1223,9177,5,16.0,12,14,SOFT,0.0
1223,9177,5,10.0,13,15,SOFT,0.0
1223,9177,5,81.0,13,15,SOFT,0.0
1223,9177,5,44.0,13,15,SOFT,2.0
1223,9177,5,24.0,13,15,SOFT,0.0
1223,9177,5,3.0,13,15,SOFT,0.0
1223,9177,5,1.0,13,15,SOFT,0.0
1223,9177,5,63.0,14,16,SOFT,2.0
1223,9177,6,11.0,14,16,SOFT,0.0
1223,9177,6,77.0,15,17,SOFT,0.0
1223,9177,6,55.0,15,17,SOFT,0.0
1223,9177,6,16.0,15,17,SOFT,0.0
1223,9177,6,81.0,16,18,SOFT,0.0
1223,9177,6,44.0,16,18,SOFT,0.0
1223,9177,6,63.0,17,19,SOFT,0.0
1223,9181,1,11.0,1,1,MEDIUM,0.0
1223,9181,1,22.0,1,9,MEDIUM,0.0
1223,9181,1,4.0,1,11,SOFT,0.0
1223,9181,1,1.0,1,19,MEDIUM,0.0
1223,9181,1,24.0,1,21,MEDIUM,0.0
1223,9181,1,2.0,1,22,MEDIUM,0.0
1223,9181,1,27.0,1,23,MEDIUM,0.0
1223,9181,1,20.0,1,23,MEDIUM,0.0
1223,9181,1,44.0,1,24,MEDIUM,0.0
1223,9181,1,81.0,1,25,MEDIUM,0.0
1223,9181,1,63.0,1,26,MEDIUM,0.0
1223,9181,1,3.0,1,27,MEDIUM,0.0
1223,9181,1,10.0,1,28,MEDIUM,0.0
1223,9181,1,14.0,1,29,MEDIUM,1.0
1223,9181,1,55.0,1,30,MEDIUM,0.0
1223,9181,1,18.0,1,30,MEDIUM,1.0
1223,9181,1,16.0,1,31,MEDIUM,0.0
1223,9181,1,77.0,1,31,MEDIUM,0.0
1223,9181,1,23.0,1,33,HARD,0.0
1223,9181,1,31.0,1,34,HARD,0.0
1223,9181,2,22.0,10,34,HARD,0.0
1223,9181,2,4.0,12,33,HARD,0.0
1223,9181,2,1.0,20,33,HARD,0.0
1223,9181,2,24.0,22,34,HARD,0.0
1223,9181,2,2.0,23,34,HARD,0.0
1223,9181,2,20.0,24,32,HARD,0.0
1223,9181,2,27.0,24,34,HARD,0.0
1223,9181,2,44.0,25,34,HARD,0.0
1223,9181,2,81.0,26,34,HARD,0.0
1223,9181,2,63.0,27,34,HARD,0.0
1223,9181,2,3.0,28,34,HARD,0.0
1223,9181,2,10.0,29,34,HARD,0.0
1223,9181,2,14.0,30,34,HARD,1.0
1223,9181,2,55.0,31,34,HARD,0.0
1223,9181,2,18.0,31,34,HARD,1.0
1223,9181,2,16.0,32,34,HARD,0.0
1223,9181,2,77.0,32,34,HARD,0.0
1223,9181,3,1.0,34,34,HARD,0.0
1223,9181,3,4.0,34,34,MEDIUM,0.0
1223,9181,2,23.0,34,34,MEDIUM,0.0
1223,9181,3,14.0,35,47,HARD,6.0
1223,9181,3,18.0,35,66,HARD,5.0
1223,9181,3,16.0,35,71,HARD,3.0
1223,9181,4,1.0,35,71,HARD,1.0
1223,9181,3,44.0,35,71,MEDIUM,4.0
1223,9181,3,55.0,35,71,HARD,4.0
1223,9181,3,3.0,35,71,HARD,7.0
1223,9181,3,81.0,35,71,MEDIUM,3.0
1223,9181,3,63.0,35,71,MEDIUM,5.0
1223,9181,3,22.0,35,71,HARD,0.0
1223,9181,3,27.0,35,71,MEDIUM,0.0
1223,9181,4,4.0,35,71,MEDIUM,1.0
1223,9181,3,10.0,35,71,HARD,6.0
1223,9181,3,23.0,35,71,MEDIUM,1.0
1223,9181,3,24.0,35,71,HARD,13.0
1223,9181,2,31.0,35,71,MEDIUM,0.0
1223,9181,3,2.0,35,71,MEDIUM,0.0
1223,9181,3,77.0,35,71,HARD,3.0
1224,9198,1,18.0,1,5,HARD,0.0
1224,9198,1,14.0,1,6,HARD,0.0
1224,9198,1,1.0,1,7,HARD,0.0
1224,9198,1,16.0,1,7,HARD,0.0
1224,9198,1,24.0,1,7,HARD,0.0
1224,9198,1,27.0,1,7,HARD,0.0
1224,9198,1,77.0,1,7,HARD,0.0
1224,9198,1,11.0,1,8,HARD,0.0
1224,9198,1,22.0,1,8,HARD,0.0
1224,9198,1,44.0,1,8,HARD,0.0
1224,9198,1,2.0,1,9,HARD,0.0
1224,9198,1,3.0,1,9,HARD,0.0
1224,9198,1,4.0,1,9,HARD,0.0
1224,9198,1,20.0,1,9,HARD,0.0
1224,9198,1,23.0,1,9,HARD,0.0
1224,9198,1,63.0,1,10,HARD,0.0
1224,9198,1,81.0,1,11,HARD,0.0
1224,9198,1,10.0,1,12,HARD,0.0
1224,9198,1,55.0,1,12,HARD,0.0
1224,9198,1,31.0,1,13,HARD,0.0
1224,9198,2,18.0,6,13,HARD,5.0
1224,9198,2,14.0,7,9,HARD,6.0
1224,9198,2,27.0,8,10,HARD,7.0
1224,9198,2,1.0,8,12,HARD,7.0
1224,9198,2,16.0,8,13,HARD,7.0
1224,9198,2,24.0,8,13,HARD,0.0
1224,9198,2,77.0,8,19,HARD,7.0
1224,9198,2,11.0,9,12,HARD,8.0
1224,9198,2,22.0,9,14,MEDIUM,0.0
1224,9198,2,44.0,9,23,HARD,8.0
1224,9198,2,20.0,10,10,HARD,9.0
1224,9198,2,4.0,10,17,HARD,0.0
1224,9198,2,2.0,10,19,HARD,9.0
1224,9198,2,23.0,10,19,HARD,9.0
1224,9198,2,3.0,10,19,HARD,9.0
1224,9198,3,14.0,10,20,HARD,0.0
1224,9198,3,27.0,11,11,SOFT,0.0
1224,9198,2,63.0,11,13,MEDIUM,0.0
1224,9198,3,20.0,11,20,SOFT,0.0
1224,9198,4,27.0,12,16,SOFT,1.0
1224,9198,2,81.0,12,21,HARD,11.0
1224,9198,2,10.0,13,21,HARD,0.0
1224,9198,2,55.0,13,24,HARD,12.0
1224,9198,3,1.0,13,30,HARD,12.0
1224,9198,3,11.0,13,31,HARD,0.0
1224,9198,3,63.0,14,16,MEDIUM,3.0
1224,9198,3,18.0,14,19,HARD,13.0
1224,9198,3,24.0,14,19,MEDIUM,0.0
1224,9198,2,31.0,14,21,HARD,0.0
1224,9198,3,16.0,14,25,HARD,13.0
1224,9198,3,22.0,15,22,HARD,8.0
1224,9198,5,27.0,17,17,SOFT,6.0
1224,9198,4,63.0,17,31,MEDIUM,6.0
1224,9198,6,27.0,18,19,SOFT,0.0
1224,9198,3,4.0,18,20,HARD,0.0
1224,9198,4,18.0,20,22,MEDIUM,0.0
1224,9198,3,3.0,20,22,MEDIUM,0.0
1224,9198,3,2.0,20,23,SOFT,0.0
1224,9198,3,23.0,20,25,SOFT,0.0
1224,9198,4,24.0,20,27,SOFT,0.0
1224,9198,3,77.0,20,31,MEDIUM,0.0
1224,9198,4,4.0,21,22,MEDIUM,0.0
1224,9198,4,20.0,21,24,SOFT,10.0
1224,9198,4,14.0,21,28,HARD,11.0
1224,9198,3,81.0,22,23,SOFT,0.0
1224,9198,3,31.0,22,30,MEDIUM,0.0
1224,9198,3,10.0,22,31,MEDIUM,0.0
1224,9198,5,4.0,23,25,HARD,20.0
1224,9198,5,18.0,23,26,HARD,0.0
1224,9198,4,3.0,23,27,HARD,19.0
1224,9198,4,22.0,23,29,MEDIUM,6.0
1224,9198,4,81.0,24,24,HARD,21.0
1224,9198,3,44.0,24,26,MEDIUM,0.0
1224,9198,4,2.0,24,30,SOFT,4.0
1224,9198,3,55.0,25,27,SOFT,0.0
1224,9198,5,81.0,25,28,HARD,22.0
1224,9198,4,23.0,26,28,HARD,19.0
1224,9198,4,16.0,26,32,SOFT,0.0
1224,9198,4,44.0,27,30,HARD,0.0
1224,9198,4,55.0,28,30,SOFT,3.0
1224,9204,1,20.0,1,23,MEDIUM,4.0
1224,9204,1,4.0,1,24,SOFT,3.0
1224,9204,1,1.0,1,24,SOFT,3.0
1224,9204,1,11.0,1,24,SOFT,3.0
1224,9204,1,63.0,1,24,SOFT,3.0
1224,9204,1,44.0,1,24,SOFT,3.0
1224,9204,1,22.0,1,24,SOFT,0.0
1224,9204,1,16.0,1,24,SOFT,3.0
1224,9204,1,3.0,1,24,SOFT,0.0
1224,9204,1,55.0,1,24,SOFT,3.0
1224,9204,1,81.0,1,24,SOFT,3.0
1224,9204,1,27.0,1,24,MEDIUM,4.0
1224,9204,1,10.0,1,24,SOFT,3.0
1224,9204,1,77.0,1,24,SOFT,0.0
1224,9204,1,14.0,1,24,SOFT,3.0
1224,9204,1,31.0,1,24,SOFT,3.0
1224,9204,1,18.0,1,24,SOFT,3.0
1224,9204,1,24.0,1,24,SOFT,0.0
1224,9204,1,23.0,1,24,SOFT,3.0
1224,9204,1,2.0,1,24,MEDIUM,0.0
1224,9205,1,1.0,1,1,SOFT,3.0
1224,9205,1,18.0,1,1,SOFT,0.0
1224,9205,1,14.0,1,1,SOFT,3.0
1224,9205,1,44.0,1,1,SOFT,3.0
1224,9205,1,4.0,1,1,SOFT,3.0
1224,9205,1,55.0,1,1,SOFT,2.0
1224,9205,1,63.0,1,1,SOFT,3.0
1224,9205,1,11.0,1,1,SOFT,3.0
1224,9205,1,81.0,1,1,SOFT,2.0
1224,9205,1,27.0,1,1,SOFT,0.0
1224,9205,1,20.0,1,1,SOFT,0.0
1224,9205,1,23.0,1,1,SOFT,3.0
1224,9205,1,31.0,1,1,SOFT,3.0
1224,9205,1,10.0,1,1,SOFT,2.0
1224,9205,1,22.0,1,1,SOFT,3.0
1224,9205,1,3.0,1,1,SOFT,0.0
1224,9205,1,77.0,1,1,SOFT,0.0
1224,9205,1,2.0,1,1,MEDIUM,0.0
1224,9205,1,24.0,1,1,SOFT,0.0
1224,9205,2,1.0,2,2,SOFT,0.0
1224,9205,2,44.0,2,2,SOFT,4.0
1224,9205,2,4.0,2,2,SOFT,0.0
1224,9205,2,18.0,2,2,SOFT,1.0
1224,9205,2,14.0,2,2,SOFT,4.0
1224,9205,2,63.0,2,2,SOFT,4.0
1224,9205,2,11.0,2,2,SOFT,0.0
1224,9205,2,55.0,2,2,SOFT,3.0
1224,9205,2,31.0,2,2,SOFT,4.0
1224,9205,2,10.0,2,2,SOFT,3.0
1224,9205,2,22.0,2,2,SOFT,4.0
1224,9205,2,77.0,2,2,SOFT,1.0
1224,9205,2,24.0,2,2,SOFT,1.0
1224,9205,2,2.0,2,2,MEDIUM,1.0
1224,9205,2,27.0,2,2,MEDIUM,0.0
1224,9205,2,81.0,2,2,MEDIUM,0.0
1224,9205,2,3.0,2,2,SOFT,3.0
1224,9205,3,31.0,3,14,SOFT,3.0
1224,9205,3,24.0,3,15,SOFT,0.0
1224,9205,3,2.0,3,17,SOFT,0.0
1224,9205,3,44.0,3,18,SOFT,3.0
1224,9205,3,77.0,3,18,SOFT,0.0
1224,9205,3,63.0,3,19,SOFT,3.0
1224,9205,3,11.0,3,20,SOFT,3.0
1224,9205,3,27.0,3,21,SOFT,3.0
1224,9205,3,18.0,3,22,SOFT,3.0
1224,9205,3,81.0,3,24,MEDIUM,1.0
1224,9205,3,14.0,3,25,SOFT,3.0
1224,9205,3,55.0,3,26,SOFT,4.0
1224,9205,3,22.0,3,26,SOFT,0.0
1224,9205,3,10.0,3,26,SOFT,3.0
1224,9205,3,3.0,3,26,SOFT,4.0
1224,9205,3,1.0,3,27,SOFT,3.0
1224,9205,3,4.0,3,27,SOFT,0.0
1224,9205,4,31.0,15,31,MEDIUM,0.0
1224,9205,4,24.0,16,22,MEDIUM,0.0
1224,9205,4,2.0,18,44,SOFT,0.0
1224,9205,4,77.0,19,39,MEDIUM,0.0
1224,9205,4,44.0,19,46,MEDIUM,0.0
1224,9205,4,63.0,20,45,MEDIUM,0.0
1224,9205,4,11.0,21,46,MEDIUM,0.0
1224,9205,4,27.0,22,46,SOFT,3.0
1224,9205,4,18.0,23,52,MEDIUM,0.0
1224,9205,4,81.0,25,52,SOFT,2.0
1224,9205,4,14.0,26,47,MEDIUM,0.0
1224,9205,4,10.0,27,46,MEDIUM,0.0
1224,9205,4,55.0,27,51,MEDIUM,0.0
1224,9205,4,22.0,27,55,MEDIUM,0.0
1224,9205,4,3.0,27,55,MEDIUM,0.0
1224,9205,4,1.0,28,56,MEDIUM,0.0
1224,9205,4,4.0,28,59,MEDIUM,3.0
1224,9205,5,31.0,32,51,SOFT,3.0
1224,9205,5,2.0,45,70,SOFT,0.0
1224,9205,5,63.0,46,57,SOFT,3.0
1224,9205,5,27.0,47,70,SOFT,0.0
1224,9205,5,11.0,47,71,SOFT,3.0
1224,9205,5,44.0,47,71,SOFT,3.0
1224,9205,5,10.0,47,71,SOFT,0.0
1224,9205,5,14.0,48,71,SOFT,0.0
1224,9205,6,31.0,52,70,SOFT,0.0
1224,9205,5,55.0,52,71,SOFT,3.0
1224,9205,5,81.0,53,69,SOFT,5.0
1224,9205,5,18.0,53,71,SOFT,2.0
1224,9205,5,3.0,56,70,SOFT,0.0
1224,9205,5,22.0,56,71,SOFT,0.0
1224,9205,5,1.0,57,71,SOFT,0.0
1224,9205,5,4.0,60,71,SOFT,3.0
1224,9304,1,55.0,1,3,SOFT,6.0
1224,9304,1,16.0,1,3,SOFT,7.0
1224,9304,1,63.0,1,3,SOFT,0.0
1224,9304,1,27.0,1,3,SOFT,0.0
1224,9304,1,18.0,1,3,SOFT,0.0
1224,9304,1,10.0,1,3,SOFT,0.0
1224,9304,1,20.0,1,3,SOFT,0.0
1224,9304,1,14.0,1,3,SOFT,0.0
1224,9304,1,44.0,1,3,SOFT,0.0
1224,9304,1,22.0,1,3,SOFT,0.0
1224,9304,1,3.0,1,3,SOFT,0.0
1224,9304,1,31.0,1,3,SOFT,0.0
1224,9304,1,1.0,1,3,SOFT,0.0
1224,9304,1,11.0,1,3,SOFT,0.0
1224,9304,1,4.0,1,3,SOFT,0.0
1224,9304,1,81.0,1,3,SOFT,2.0
1224,9304,1,23.0,1,6,SOFT,0.0
1224,9304,1,24.0,1,6,SOFT,0.0
1224,9304,1,2.0,1,6,SOFT,0.0
1224,9304,1,77.0,1,6,SOFT,0.0
1224,9304,2,4.0,4,4,SOFT,0.0
1224,9304,2,16.0,4,6,SOFT,0.0
1224,9304,2,55.0,4,6,SOFT,0.0
1224,9304,2,14.0,4,6,SOFT,0.0
1224,9304,2,81.0,4,6,SOFT,0.0
1224,9304,2,18.0,4,6,SOFT,0.0
1224,9304,2,27.0,4,6,SOFT,3.0
1224,9304,2,20.0,4,6,SOFT,3.0
1224,9304,2,11.0,4,6,SOFT,0.0
1224,9304,2,31.0,4,6,SOFT,0.0
1224,9304,2,22.0,4,6,SOFT,0.0
1224,9304,2,44.0,4,6,SOFT,3.0
1224,9304,2,63.0,4,6,SOFT,3.0
1224,9304,2,1.0,4,6,SOFT,3.0
1224,9304,2,10.0,4,6,SOFT,0.0
1224,9304,2,3.0,4,6,SOFT,0.0
1224,9304,3,4.0,5,7,SOFT,1.0
1224,9304,3,18.0,7,7,SOFT,0.0
1224,9304,3,10.0,7,8,SOFT,0.0
1224,9304,3,11.0,7,8,SOFT,0.0
1224,9304,2,24.0,7,9,SOFT,0.0
1224,9304,2,77.0,7,9,SOFT,0.0
1224,9304,2,23.0,7,9,SOFT,0.0
1224,9304,3,55.0,7,9,SOFT,0.0
1224,9304,2,2.0,7,9,SOFT,0.0
1224,9304,3,44.0,7,9,SOFT,0.0
1224,9304,3,63.0,7,9,SOFT,0.0
1224,9304,3,27.0,7,9,SOFT,0.0
1224,9304,3,20.0,7,9,SOFT,0.0
1224,9304,3,14.0,7,9,SOFT,0.0
1224,9304,3,22.0,7,9,SOFT,0.0
1224,9304,3,31.0,7,9,SOFT,0.0
1224,9304,3,1.0,7,9,SOFT,0.0
1224,9304,3,16.0,7,9,SOFT,3.0
1224,9304,3,81.0,7,9,SOFT,0.0
1224,9304,4,18.0,8,10,SOFT,1.0
1224,9304,4,4.0,8,10,SOFT,0.0
1224,9304,4,11.0,9,11,SOFT,0.0
1224,9304,4,10.0,9,11,SOFT,0.0
1224,9304,4,81.0,10,11,SOFT,0.0
1224,9304,4,1.0,10,12,SOFT,0.0
1224,9304,3,23.0,10,12,SOFT,0.0
1224,9304,4,14.0,10,12,SOFT,0.0
1224,9304,4,44.0,10,12,SOFT,3.0
1224,9304,4,63.0,10,12,SOFT,3.0
1224,9304,4,55.0,10,12,SOFT,3.0
1224,9304,4,31.0,10,12,SOFT,0.0
1224,9304,4,27.0,10,12,SOFT,0.0
1224,9304,4,20.0,10,12,SOFT,0.0
1224,9304,4,16.0,10,12,SOFT,0.0
1224,9304,5,18.0,11,13,SOFT,0.0
1224,9304,5,4.0,11,13,SOFT,0.0
1224,9304,5,81.0,12,13,SOFT,0.0
1224,9304,5,11.0,12,14,SOFT,0.0
1224,9304,5,10.0,12,14,SOFT,0.0
1224,9304,5,44.0,13,15,SOFT,0.0
1224,9304,5,63.0,13,15,SOFT,0.0
1224,9304,5,55.0,13,15,SOFT,0.0
1224,9304,5,14.0,13,15,SOFT,0.0
1224,9304,4,23.0,13,15,SOFT,0.0
1224,9304,5,1.0,13,15,SOFT,3.0
1224,9304,5,27.0,13,15,SOFT,0.0
1224,9304,5,20.0,13,15,SOFT,0.0
1224,9304,5,31.0,13,15,SOFT,0.0
1224,9304,5,16.0,13,15,SOFT,0.0
1224,9304,6,81.0,14,15,SOFT,0.0
1224,9304,6,18.0,14,16,SOFT,0.0
1224,9304,6,11.0,15,17,SOFT,0.0
1224,9304,6,55.0,16,17,SOFT,0.0
1224,9304,6,44.0,16,18,SOFT,0.0
1224,9304,6,63.0,16,18,SOFT,0.0
1224,9304,6,14.0,16,18,SOFT,0.0
1224,9304,6,1.0,16,18,SOFT,0.0
1224,9304,6,16.0,16,18,SOFT,0.0
1224,9304,7,55.0,18,20,SOFT,0.0
1224,9304,7,44.0,19,21,SOFT,0.0
1224,9304,7,63.0,19,21,SOFT,0.0
1224,9308,1,55.0,1,3,MEDIUM,0.0
1224,9308,1,16.0,1,3,MEDIUM,0.0
1224,9308,1,63.0,1,3,MEDIUM,0.0
1224,9308,1,27.0,1,3,MEDIUM,0.0
1224,9308,1,23.0,1,3,MEDIUM,0.0
1224,9308,1,10.0,1,3,MEDIUM,0.0
1224,9308,1,2.0,1,3,MEDIUM,0.0
1224,9308,1,20.0,1,3,MEDIUM,0.0
1224,9308,1,44.0,1,3,MEDIUM,0.0
1224,9308,1,31.0,1,3,MEDIUM,0.0
1224,9308,1,24.0,1,5,MEDIUM,0.0
1224,9308,1,3.0,1,5,MEDIUM,0.0
1224,9308,1,77.0,1,5,MEDIUM,0.0
1224,9308,1,11.0,1,5,MEDIUM,0.0
1224,9308,1,18.0,1,6,MEDIUM,0.0
1224,9308,1,14.0,1,6,MEDIUM,0.0
1224,9308,1,22.0,1,6,MEDIUM,0.0
1224,9308,1,4.0,1,6,MEDIUM,0.0
1224,9308,1,81.0,1,6,MEDIUM,0.0
1224,9308,1,1.0,1,7,MEDIUM,0.0
1224,9308,2,27.0,4,4,MEDIUM,3.0
1224,9308,2,20.0,4,4,MEDIUM,3.0
1224,9308,2,55.0,4,4,MEDIUM,3.0
1224,9308,2,23.0,4,5,MEDIUM,0.0
1224,9308,2,2.0,4,5,MEDIUM,3.0
1224,9308,2,10.0,4,5,MEDIUM,3.0
1224,9308,2,31.0,4,5,MEDIUM,0.0
1224,9308,2,44.0,4,5,MEDIUM,3.0
1224,9308,2,63.0,4,5,MEDIUM,0.0
1224,9308,2,16.0,4,6,MEDIUM,3.0
1224,9308,3,27.0,5,7,MEDIUM,0.0
1224,9308,3,20.0,5,7,MEDIUM,0.0
1224,9308,3,55.0,5,7,MEDIUM,0.0
1224,9308,2,11.0,6,7,MEDIUM,5.0
1224,9308,3,44.0,6,8,MEDIUM,0.0
1224,9308,3,63.0,6,8,MEDIUM,0.0
1224,9308,2,77.0,6,8,MEDIUM,0.0
1224,9308,2,3.0,6,8,MEDIUM,0.0
1224,9308,3,10.0,6,8,MEDIUM,0.0
1224,9308,2,4.0,7,9,MEDIUM,0.0
1224,9308,2,81.0,7,9,MEDIUM,0.0
1224,9308,3,16.0,7,9,MEDIUM,0.0
1224,9308,2,22.0,7,9,MEDIUM,0.0
1224,9308,2,1.0,8,10,MEDIUM,0.0
1224,9308,3,11.0,8,10,MEDIUM,0.0
1224,9308,4,27.0,8,10,MEDIUM,3.0
1224,9308,4,20.0,8,10,MEDIUM,3.0
1224,9308,4,55.0,8,10,MEDIUM,3.0
1224,9308,4,44.0,9,11,MEDIUM,3.0
1224,9308,4,63.0,9,11,MEDIUM,3.0
1224,9308,3,3.0,9,11,SOFT,0.0
1224,9308,3,81.0,10,11,MEDIUM,3.0
1224,9308,3,4.0,10,12,MEDIUM,3.0
1224,9308,4,16.0,10,12,MEDIUM,3.0
1224,9308,3,22.0,10,12,SOFT,0.0
1224,9308,3,1.0,11,13,MEDIUM,3.0
1224,9308,4,11.0,11,13,MEDIUM,3.0
1224,9308,5,55.0,11,13,SOFT,3.0
1224,9308,4,81.0,12,14,SOFT,2.0
1224,9308,5,44.0,12,14,SOFT,0.0
1224,9308,5,63.0,12,14,SOFT,0.0
1224,9308,4,4.0,13,15,SOFT,0.0
1224,9308,5,16.0,13,15,SOFT,3.0
1224,9308,4,1.0,14,16,SOFT,0.0
1224,9308,5,11.0,14,16,SOFT,0.0
1225,9182,1,14.0,1,1,SOFT,0.0
1225,9182,1,18.0,1,1,SOFT,0.0
1225,9182,1,23.0,1,2,HARD,0.0
1225,9182,1,81.0,1,2,MEDIUM,0.0
1225,9182,1,4.0,1,3,MEDIUM,0.0
1225,9182,1,1.0,1,4,MEDIUM,0.0
1225,9182,1,3.0,1,4,MEDIUM,0.0
1225,9182,1,11.0,1,4,MEDIUM,0.0
1225,9182,1,16.0,1,4,SOFT,0.0
1225,9182,1,20.0,1,4,SOFT,0.0
1225,9182,1,22.0,1,4,MEDIUM,0.0
1225,9182,1,24.0,1,4,HARD,0.0
1225,9182,1,27.0,1,4,SOFT,0.0
1225,9182,1,31.0,1,4,MEDIUM,0.0
1225,9182,1,44.0,1,4,SOFT,0.0
1225,9182,1,55.0,1,4,SOFT,0.0
1225,9182,1,63.0,1,4,SOFT,0.0
1225,9182,1,10.0,1,5,MEDIUM,0.0
1225,9182,1,77.0,1,5,HARD,0.0
1225,9182,2,18.0,2,2,SOFT,1.0
1225,9183,1,4.0,1,2,SOFT,0.0
1225,9183,1,81.0,1,3,SOFT,0.0
1225,9183,1,16.0,1,7,SOFT,4.0
1225,9183,1,10.0,1,8,MEDIUM,5.0
1225,9183,1,20.0,1,8,SOFT,0.0
1225,9183,1,77.0,1,8,MEDIUM,0.0
1225,9183,1,1.0,1,9,MEDIUM,0.0
1225,9183,1,11.0,1,9,MEDIUM,4.0
1225,9183,1,14.0,1,9,SOFT,2.0
1225,9183,1,27.0,1,9,SOFT,0.0
1225,9183,1,18.0,1,10,SOFT,2.0
1225,9183,1,24.0,1,10,MEDIUM,0.0
1225,9183,1,44.0,1,10,SOFT,4.0
1225,9183,1,63.0,1,10,SOFT,0.0
1225,9183,1,2.0,1,11,SOFT,0.0
1225,9183,1,3.0,1,11,MEDIUM,4.0
1225,9183,1,23.0,1,11,SOFT,0.0
1225,9183,1,31.0,1,11,MEDIUM,5.0
1225,9183,1,55.0,1,11,SOFT,4.0
1225,9183,1,22.0,1,12,MEDIUM,5.0
1225,9183,2,4.0,3,7,SOFT,2.0
1225,9183,2,81.0,4,6,SOFT,3.0
1225,9183,3,81.0,7,9,SOFT,6.0
1225,9183,3,4.0,8,14,MEDIUM,3.0
1225,9183,2,16.0,8,18,SOFT,0.0
1225,9183,2,20.0,9,9,SOFT,0.0
1225,9183,2,77.0,9,15,SOFT,0.0
1225,9183,2,10.0,9,15,SOFT,0.0
1225,9183,2,27.0,10,10,SOFT,0.0
1225,9183,4,81.0,10,13,MEDIUM,2.0
1225,9183,2,14.0,10,15,MEDIUM,0.0
1225,9183,2,1.0,10,16,SOFT,0.0
1225,9183,2,11.0,10,16,SOFT,0.0
1225,9183,3,20.0,10,17,MEDIUM,0.0
1225,9183,2,18.0,11,16,MEDIUM,0.0
1225,9183,3,27.0,11,16,MEDIUM,0.0
1225,9183,2,24.0,11,17,SOFT,0.0
1225,9183,2,63.0,11,19,SOFT,0.0
1225,9183,2,44.0,11,21,SOFT,0.0
1225,9183,2,2.0,12,12,SOFT,11.0
1225,9183,2,31.0,12,17,SOFT,0.0
1225,9183,2,55.0,12,18,SOFT,0.0
1225,9183,2,3.0,12,18,SOFT,0.0
1225,9183,2,23.0,12,19,SOFT,0.0
1225,9183,2,22.0,13,20,SOFT,0.0
1225,9183,3,2.0,13,21,SOFT,0.0
1225,9183,5,81.0,14,21,SOFT,0.0
1225,9183,4,4.0,15,20,SOFT,0.0
1225,9183,3,14.0,16,22,SOFT,0.0
1225,9183,3,77.0,16,22,SOFT,0.0
1225,9183,3,10.0,16,23,SOFT,0.0
1225,9183,3,1.0,17,21,SOFT,0.0
1225,9183,4,27.0,17,21,SOFT,0.0
1225,9183,3,18.0,17,22,SOFT,0.0
1225,9183,3,11.0,17,23,SOFT,0.0
1225,9183,3,31.0,18,24,SOFT,0.0
1225,9183,4,20.0,18,26,SOFT,0.0
1225,9183,3,24.0,18,27,SOFT,0.0
1225,9183,3,16.0,19,26,SOFT,0.0
1225,9183,3,3.0,19,27,SOFT,0.0
1225,9183,3,55.0,19,28,SOFT,0.0
1225,9183,3,23.0,20,26,HARD,2.0
1225,9183,3,63.0,20,29,MEDIUM,0.0
1225,9183,3,22.0,21,28,SOFT,0.0
1225,9183,5,4.0,21,29,MEDIUM,10.0
1225,9183,4,2.0,22,25,MEDIUM,0.0
1225,9183,4,1.0,22,25,SOFT,5.0
1225,9183,6,81.0,22,30,MEDIUM,6.0
1225,9183,5,27.0,22,33,MEDIUM,6.0
1225,9183,3,44.0,22,35,MEDIUM,0.0
1225,9183,4,77.0,23,25,SOFT,7.0
1225,9183,4,14.0,23,27,SOFT,0.0
1225,9183,4,18.0,23,29,SOFT,0.0
1225,9183,4,10.0,24,30,SOFT,7.0
1225,9183,4,11.0,24,36,MEDIUM,13.0
1225,9183,4,31.0,25,37,MEDIUM,16.0
1225,9183,5,77.0,26,32,HARD,5.0
1225,9183,5,1.0,26,37,MEDIUM,13.0
1225,9183,5,2.0,26,42,HARD,0.0
1225,9183,5,20.0,27,37,SOFT,4.0
1225,9183,4,16.0,27,39,MEDIUM,0.0
1225,9183,4,23.0,27,42,MEDIUM,0.0
1225,9183,4,24.0,28,28,SOFT,10.0
1225,9183,5,14.0,28,38,MEDIUM,0.0
1225,9183,4,3.0,28,40,MEDIUM,0.0
1225,9183,5,24.0,29,36,MEDIUM,10.0
1225,9183,4,55.0,29,39,MEDIUM,0.0
1225,9183,4,22.0,29,41,HARD,0.0
1225,9183,6,4.0,30,33,SOFT,6.0
1225,9183,4,63.0,30,34,SOFT,9.0
1225,9183,5,18.0,30,41,MEDIUM,6.0
1225,9183,5,10.0,31,33,MEDIUM,13.0
1225,9183,7,81.0,31,35,SOFT,8.0
1225,9183,6,77.0,33,36,MEDIUM,0.0
1225,9183,5,63.0,35,37,SOFT,14.0
1225,9183,4,44.0,36,42,SOFT,11.0
1225,9184,1,4.0,1,1,MEDIUM,0.0
1225,9184,1,14.0,1,1,HARD,0.0
1225,9184,1,18.0,1,1,HARD,0.0
1225,9184,1,81.0,1,1,HARD,0.0
1225,9184,1,11.0,1,3,SOFT,0.0
1225,9184,1,24.0,1,3,SOFT,0.0
1225,9184,1,3.0,1,8,SOFT,0.0
1225,9184,1,55.0,1,8,MEDIUM,0.0
1225,9184,1,1.0,1,9,SOFT,0.0
1225,9184,1,2.0,1,9,SOFT,0.0
1225,9184,1,23.0,1,9,SOFT,0.0
1225,9184,1,10.0,1,10,SOFT,0.0
1225,9184,1,16.0,1,10,MEDIUM,0.0
1225,9184,1,22.0,1,10,SOFT,0.0
1225,9184,1,20.0,1,11,MEDIUM,0.0
1225,9184,1,27.0,1,11,MEDIUM,0.0
1225,9184,1,31.0,1,11,SOFT,0.0
1225,9184,1,77.0,1,11,SOFT,0.0
1225,9184,1,63.0,1,13,MEDIUM,0.0
1225,9184,1,44.0,1,15,MEDIUM,0.0
1225,9184,2,81.0,2,2,HARD,0.0
1225,9184,2,4.0,2,2,HARD,0.0
1225,9184,2,18.0,2,7,MEDIUM,0.0
1225,9184,2,14.0,2,7,MEDIUM,0.0
1225,9184,3,81.0,3,3,MEDIUM,0.0
1225,9184,3,4.0,3,12,MEDIUM,0.0
1225,9184,2,11.0,4,6,SOFT,3.0
1225,9184,4,81.0,4,13,MEDIUM,0.0
1225,9184,2,24.0,4,15,SOFT,0.0
1225,9184,3,11.0,7,10,SOFT,6.0
1225,9184,3,18.0,8,8,MEDIUM,6.0
1225,9184,3,14.0,8,10,MEDIUM,6.0
1225,9184,2,3.0,9,10,SOFT,8.0
1225,9184,4,18.0,9,13,MEDIUM,7.0
1225,9184,2,55.0,9,17,MEDIUM,8.0
1225,9184,2,1.0,10,13,SOFT,0.0
1225,9184,2,23.0,10,14,SOFT,0.0
1225,9184,2,2.0,10,17,SOFT,0.0
1225,9184,4,14.0,11,11,MEDIUM,9.0
1225,9184,2,10.0,11,12,SOFT,0.0
1225,9184,4,11.0,11,13,SOFT,0.0
1225,9184,3,3.0,11,14,SOFT,0.0
1225,9184,2,22.0,11,14,SOFT,0.0
1225,9184,2,16.0,11,18,MEDIUM,10.0
1225,9184,2,20.0,12,12,MEDIUM,11.0
1225,9184,2,27.0,12,12,MEDIUM,11.0
1225,9184,2,31.0,12,15,SOFT,0.0
1225,9184,5,14.0,12,17,SOFT,0.0
1225,9184,2,77.0,12,18,SOFT,0.0
1225,9184,3,27.0,13,16,SOFT,0.0
1225,9184,4,4.0,13,17,SOFT,0.0
1225,9184,3,20.0,13,18,SOFT,0.0
1225,9184,5,81.0,14,20,SOFT,0.0
1225,9184,5,18.0,14,20,SOFT,0.0
1225,9184,2,63.0,14,23,SOFT,0.0
1225,9184,4,3.0,15,15,SOFT,4.0
1225,9184,2,44.0,16,24,SOFT,0.0
1225,9184,6,14.0,18,18,SOFT,6.0
1225,9184,3,55.0,18,20,SOFT,0.0
1225,9184,3,16.0,19,21,SOFT,0.0
1225,9189,1,77.0,1,1,MEDIUM,0.0
1225,9189,1,14.0,1,1,MEDIUM,0.0
1225,9189,1,11.0,1,1,MEDIUM,0.0
1225,9189,1,55.0,1,3,MEDIUM,0.0
1225,9189,1,4.0,1,3,MEDIUM,1.0
1225,9189,1,18.0,1,3,SOFT,4.0
1225,9189,1,22.0,1,10,SOFT,0.0
1225,9189,1,27.0,1,12,MEDIUM,0.0
1225,9189,1,20.0,1,14,MEDIUM,0.0
1225,9189,1,63.0,1,15,MEDIUM,0.0
1225,9189,1,2.0,1,15,MEDIUM,0.0
1225,9189,1,1.0,1,16,MEDIUM,0.0
1225,9189,1,23.0,1,16,MEDIUM,0.0
1225,9189,1,81.0,1,16,HARD,1.0
1225,9189,1,10.0,1,17,MEDIUM,0.0
1225,9189,1,44.0,1,17,HARD,0.0
1225,9189,1,3.0,1,17,MEDIUM,0.0
1225,9189,1,31.0,1,20,MEDIUM,0.0
1225,9189,1,16.0,1,21,MEDIUM,0.0
1225,9189,1,24.0,1,26,HARD,0.0
1225,9189,2,77.0,2,24,HARD,0.0
1225,9189,2,11.0,2,26,HARD,0.0
1225,9189,2,14.0,2,26,HARD,0.0
1225,9189,2,18.0,4,26,HARD,1.0
1225,9189,2,55.0,4,26,HARD,0.0
1225,9189,2,22.0,11,21,MEDIUM,0.0
1225,9189,2,27.0,13,26,HARD,0.0
1225,9189,2,20.0,15,26,HARD,0.0
1225,9189,2,63.0,16,26,HARD,0.0
1225,9189,2,2.0,16,50,HARD,0.0
1225,9189,2,1.0,17,26,HARD,0.0
1225,9189,2,81.0,17,43,HARD,1.0
1225,9189,2,23.0,17,50,HARD,0.0
1225,9189,2,44.0,18,26,MEDIUM,0.0
1225,9189,2,10.0,18,50,HARD,0.0
1225,9189,2,3.0,18,50,HARD,0.0
1225,9189,2,31.0,21,50,HARD,0.0
1225,9189,3,22.0,22,47,HARD,0.0
1225,9189,2,16.0,22,50,HARD,0.0
1225,9189,3,77.0,25,50,MEDIUM,0.0
1225,9189,3,27.0,27,46,HARD,0.0
1225,9189,3,11.0,27,50,HARD,0.0
1225,9189,3,1.0,27,50,HARD,0.0
1225,9189,3,18.0,27,50,HARD,0.0
1225,9189,3,63.0,27,50,HARD,0.0
1225,9189,3,55.0,27,50,HARD,0.0
1225,9189,3,14.0,27,50,HARD,0.0
1225,9189,2,24.0,27,50,MEDIUM,0.0
1225,9189,3,20.0,27,50,HARD,0.0
1225,9189,3,44.0,27,50,HARD,0.0
1225,9189,3,81.0,44,50,MEDIUM,1.0
1225,9314,1,11.0,1,3,SOFT,0.0
1225,9314,1,2.0,1,4,SOFT,0.0
1225,9314,1,31.0,1,4,SOFT,0.0
1225,9314,1,10.0,1,4,SOFT,0.0
1225,9314,1,77.0,1,5,SOFT,0.0
1225,9314,1,20.0,1,5,SOFT,0.0
1225,9314,1,27.0,1,5,SOFT,0.0
1225,9314,1,24.0,1,5,SOFT,0.0
1225,9314,1,18.0,1,6,SOFT,0.0
1225,9314,1,22.0,1,6,SOFT,0.0
1225,9314,1,3.0,1,6,SOFT,0.0
1225,9314,1,44.0,1,7,SOFT,0.0
1225,9314,1,63.0,1,8,SOFT,0.0
1225,9314,1,1.0,1,8,SOFT,0.0
1225,9314,1,23.0,1,8,SOFT,0.0
1225,9314,1,16.0,1,8,SOFT,0.0
1225,9314,1,55.0,1,8,SOFT,0.0
1225,9314,1,14.0,1,9,SOFT,0.0
1225,9314,1,4.0,1,9,SOFT,0.0
1225,9314,1,81.0,1,10,SOFT,0.0
1225,9314,2,11.0,4,6,SOFT,3.0
1225,9314,2,2.0,5,10,SOFT,0.0
1225,9314,2,10.0,5,10,SOFT,0.0
1225,9314,2,31.0,5,10,SOFT,0.0
1225,9314,2,77.0,6,9,SOFT,0.0
1225,9314,2,20.0,6,10,SOFT,0.0
1225,9314,2,27.0,6,10,SOFT,0.0
1225,9314,2,24.0,6,10,SOFT,0.0
1225,9314,3,11.0,7,8,SOFT,6.0
1225,9314,2,22.0,7,9,SOFT,0.0
1225,9314,2,3.0,7,10,SOFT,0.0
1225,9314,2,18.0,7,10,SOFT,0.0
1225,9314,2,44.0,8,15,SOFT,0.0
1225,9314,2,55.0,9,11,SOFT,8.0
1225,9314,2,16.0,9,11,SOFT,0.0
1225,9314,2,23.0,9,12,SOFT,0.0
1225,9314,4,11.0,9,14,SOFT,0.0
1225,9314,2,1.0,9,14,SOFT,0.0
1225,9314,2,63.0,9,15,SOFT,0.0
1225,9314,2,14.0,10,13,SOFT,0.0
1225,9314,3,77.0,10,15,SOFT,0.0
1225,9314,3,27.0,11,12,SOFT,5.0
1225,9314,3,20.0,11,13,SOFT,5.0
1225,9314,3,18.0,11,14,SOFT,4.0
1225,9314,3,3.0,11,14,SOFT,4.0
1225,9314,3,2.0,11,14,SOFT,4.0
1225,9314,3,10.0,11,14,SOFT,4.0
1225,9314,3,55.0,12,16,SOFT,0.0
1225,9314,3,16.0,12,17,SOFT,0.0
1225,9314,3,23.0,13,16,SOFT,0.0
1225,9314,4,27.0,13,17,SOFT,0.0
1225,9314,4,20.0,14,17,SOFT,0.0
1225,9314,3,14.0,14,17,SOFT,0.0
1225,9314,3,1.0,15,17,SOFT,0.0
1225,9314,4,18.0,15,18,SOFT,0.0
1225,9314,4,2.0,15,18,SOFT,0.0
1225,9314,4,3.0,15,18,SOFT,0.0
1225,9314,4,10.0,15,18,SOFT,0.0
1225,9314,4,77.0,16,19,SOFT,0.0
1225,9314,3,63.0,16,22,SOFT,0.0
1225,9314,4,23.0,17,17,SOFT,4.0
1225,9314,4,55.0,17,19,SOFT,0.0
1225,9314,4,1.0,18,19,SOFT,3.0
1225,9314,5,20.0,18,20,SOFT,4.0
1225,9314,4,14.0,18,20,SOFT,0.0
1225,9314,4,16.0,18,20,SOFT,0.0
1225,9314,5,23.0,18,21,SOFT,0.0
1225,9314,5,2.0,19,19,SOFT,8.0
1225,9314,5,10.0,19,21,SOFT,4.0
1225,9314,5,55.0,20,23,SOFT,0.0
1225,9314,6,2.0,20,23,SOFT,0.0
1225,9314,6,20.0,21,23,SOFT,0.0
1225,9314,5,16.0,21,23,SOFT,0.0
1225,9314,5,14.0,21,24,SOFT,0.0
1225,9314,6,10.0,22,25,SOFT,0.0
1226,9190,1,10.0,1,1,MEDIUM,0.0
1226,9190,1,29.0,1,1,MEDIUM,0.0
1226,9190,1,61.0,1,1,MEDIUM,0.0
1226,9190,1,77.0,1,1,MEDIUM,0.0
1226,9190,1,81.0,1,1,MEDIUM,0.0
1226,9190,1,98.0,1,1,HARD,0.0
1226,9190,1,34.0,1,2,MEDIUM,0.0
1226,9190,1,36.0,1,2,MEDIUM,0.0
1226,9190,1,18.0,1,3,MEDIUM,0.0
1226,9190,1,63.0,1,3,MEDIUM,0.0
1226,9190,1,39.0,1,4,SOFT,0.0
1226,9190,1,2.0,1,5,MEDIUM,0.0
1226,9190,1,37.0,1,5,MEDIUM,0.0
1226,9190,1,55.0,1,5,SOFT,0.0
1226,9190,1,20.0,1,7,MEDIUM,0.0
1226,9190,1,50.0,1,7,MEDIUM,0.0
1226,9190,1,22.0,1,8,MEDIUM,0.0
1226,9190,1,45.0,1,9,MEDIUM,0.0
1226,9190,1,42.0,1,10,MEDIUM,0.0
1226,9190,1,3.0,1,11,MEDIUM,0.0
1226,9190,2,77.0,2,2,MEDIUM,1.0
1226,9190,2,81.0,2,2,MEDIUM,1.0
1226,9190,2,10.0,2,6,MEDIUM,0.0
1226,9190,2,61.0,2,6,MEDIUM,1.0
1226,9190,2,29.0,2,8,MEDIUM,0.0
1226,9190,2,98.0,2,9,HARD,1.0
1226,9190,2,34.0,3,4,MEDIUM,2.0
1226,9190,3,81.0,3,5,MEDIUM,2.0
1226,9190,2,36.0,3,9,MEDIUM,2.0
1226,9190,3,77.0,3,11,MEDIUM,2.0
1226,9190,2,63.0,4,6,MEDIUM,3.0
1226,9190,2,18.0,4,10,MEDIUM,3.0
1226,9190,2,39.0,5,15,SOFT,4.0
1226,9190,3,34.0,5,16,MEDIUM,4.0
1226,9190,2,55.0,6,8,SOFT,5.0
1226,9190,2,2.0,6,8,MEDIUM,0.0
1226,9190,4,81.0,6,10,MEDIUM,5.0
1226,9190,2,37.0,6,12,MEDIUM,0.0
1226,9190,3,61.0,7,7,MEDIUM,6.0
1226,9190,3,63.0,7,9,MEDIUM,6.0
1226,9190,3,10.0,7,11,MEDIUM,6.0
1226,9190,2,50.0,8,8,MEDIUM,0.0
1226,9190,2,20.0,8,8,MEDIUM,7.0
1226,9190,4,61.0,8,12,MEDIUM,7.0
1226,9190,2,22.0,9,11,MEDIUM,8.0
1226,9190,3,2.0,9,11,SOFT,0.0
1226,9190,3,20.0,9,14,SOFT,0.0
1226,9190,3,29.0,9,14,SOFT,0.0
1226,9190,3,50.0,9,15,SOFT,0.0
1226,9190,3,55.0,9,16,SOFT,8.0
1226,9190,4,63.0,10,12,SOFT,0.0
1226,9190,3,36.0,10,15,MEDIUM,9.0
1226,9190,2,45.0,10,15,SOFT,0.0
1226,9190,3,98.0,10,15,SOFT,0.0
1226,9190,3,18.0,11,13,MEDIUM,10.0
1226,9190,5,81.0,11,13,SOFT,0.0
1226,9190,2,42.0,11,16,SOFT,0.0
1226,9190,3,22.0,12,14,SOFT,0.0
1226,9190,4,10.0,12,14,SOFT,0.0
1226,9190,2,3.0,12,17,MEDIUM,11.0
1226,9190,4,2.0,12,17,SOFT,3.0
1226,9190,4,77.0,12,17,SOFT,0.0
1226,9190,5,61.0,13,13,MEDIUM,12.0
1226,9190,3,37.0,13,13,MEDIUM,12.0
1226,9190,5,63.0,13,15,SOFT,3.0
1226,9190,6,81.0,14,16,SOFT,0.0
1226,9190,4,37.0,14,16,SOFT,0.0
1226,9190,4,18.0,14,21,SOFT,0.0
1226,9190,6,61.0,14,23,SOFT,0.0
1226,9190,5,10.0,15,17,SOFT,3.0
1226,9190,4,22.0,15,17,SOFT,3.0
1226,9190,4,20.0,15,17,SOFT,6.0
1226,9190,4,29.0,15,23,MEDIUM,8.0
1226,9190,4,50.0,16,16,SOFT,7.0
1226,9190,3,45.0,16,18,SOFT,6.0
1226,9190,4,98.0,16,20,SOFT,6.0
1226,9190,4,36.0,16,24,SOFT,0.0
1226,9190,3,39.0,16,25,SOFT,0.0
1226,9190,6,63.0,16,26,MEDIUM,9.0
1226,9190,4,34.0,17,19,SOFT,0.0
1226,9190,5,37.0,17,20,SOFT,3.0
1226,9190,3,42.0,17,23,MEDIUM,10.0
1226,9190,4,55.0,17,24,SOFT,0.0
1226,9190,5,50.0,17,24,MEDIUM,8.0
1226,9190,7,81.0,17,25,MEDIUM,10.0
1226,9190,5,77.0,18,21,SOFT,6.0
1226,9190,3,3.0,18,23,SOFT,0.0
1226,9190,6,10.0,18,26,MEDIUM,11.0
1226,9190,5,20.0,18,26,MEDIUM,8.0
1226,9190,5,2.0,18,27,MEDIUM,8.0
1226,9190,5,22.0,18,27,SOFT,6.0
1226,9190,4,45.0,19,19,MEDIUM,9.0
1226,9190,5,34.0,20,26,SOFT,3.0
1226,9190,5,45.0,20,28,MEDIUM,10.0
1226,9190,4,3.0,24,26,SOFT,6.0
1226,9190,4,42.0,24,27,MEDIUM,17.0
1226,9191,1,1.0,1,3,MEDIUM,0.0
1226,9191,1,2.0,1,3,SOFT,0.0
1226,9191,1,4.0,1,3,MEDIUM,0.0
1226,9191,1,11.0,1,3,MEDIUM,0.0
1226,9191,1,23.0,1,3,MEDIUM,0.0
1226,9191,1,55.0,1,3,MEDIUM,0.0
1226,9191,1,3.0,1,4,MEDIUM,0.0
1226,9191,1,16.0,1,4,MEDIUM,0.0
1226,9191,1,20.0,1,4,MEDIUM,0.0
1226,9191,1,22.0,1,4,MEDIUM,0.0
1226,9191,1,44.0,1,4,MEDIUM,0.0
1226,9191,1,63.0,1,4,MEDIUM,0.0
1226,9191,1,81.0,1,4,MEDIUM,0.0
1226,9191,1,10.0,1,5,MEDIUM,0.0
1226,9191,1,14.0,1,5,MEDIUM,0.0
1226,9191,1,18.0,1,5,MEDIUM,0.0
1226,9191,1,24.0,1,5,MEDIUM,0.0
1226,9191,1,27.0,1,5,MEDIUM,0.0
1226,9191,1,31.0,1,5,MEDIUM,0.0
1226,9191,1,77.0,1,5,HARD,0.0
1226,9191,2,1.0,4,4,MEDIUM,3.0
1226,9191,2,11.0,4,4,MEDIUM,3.0
1226,9191,2,4.0,4,4,MEDIUM,3.0
1226,9191,2,23.0,4,5,MEDIUM,3.0
1226,9191,2,2.0,4,5,SOFT,0.0
1226,9191,2,3.0,5,5,SOFT,0.0
1226,9191,2,44.0,5,5,MEDIUM,4.0
1226,9191,2,22.0,5,5,SOFT,0.0
1226,9191,2,81.0,5,5,MEDIUM,4.0
1226,9191,2,16.0,5,5,MEDIUM,4.0
1226,9191,2,63.0,5,5,SOFT,0.0
1226,9191,2,20.0,5,6,SOFT,0.0
1226,9191,3,1.0,5,6,MEDIUM,4.0
1226,9191,3,4.0,5,6,MEDIUM,4.0
1226,9191,3,11.0,5,6,MEDIUM,4.0
1226,9191,2,27.0,6,6,SOFT,0.0
1226,9191,2,31.0,6,6,MEDIUM,5.0
1226,9191,2,14.0,6,6,MEDIUM,5.0
1226,9191,2,18.0,6,6,SOFT,0.0
1226,9191,2,10.0,6,6,SOFT,0.0
1226,9191,2,77.0,6,6,SOFT,0.0
1226,9191,3,23.0,6,7,SOFT,0.0
1226,9191,2,24.0,6,7,SOFT,0.0
1226,9191,3,81.0,6,8,SOFT,0.0
1226,9191,3,22.0,6,8,SOFT,1.0
1226,9191,3,3.0,6,8,SOFT,1.0
1226,9191,3,44.0,6,9,MEDIUM,5.0
1226,9191,3,63.0,6,13,MEDIUM,4.0
1226,9191,3,16.0,6,16,SOFT,0.0
1226,9191,3,2.0,6,17,MEDIUM,0.0
1226,9191,3,20.0,7,8,MEDIUM,4.0
1226,9191,4,4.0,7,9,MEDIUM,0.0
1226,9191,3,14.0,7,9,MEDIUM,6.0
1226,9191,3,77.0,7,9,SOFT,1.0
1226,9191,3,31.0,7,9,MEDIUM,6.0
1226,9191,3,10.0,7,9,SOFT,1.0
1226,9191,4,1.0,7,11,MEDIUM,6.0
1226,9191,4,11.0,7,11,MEDIUM,6.0
1226,9191,3,18.0,7,17,SOFT,1.0
1226,9191,4,23.0,8,10,SOFT,2.0
1226,9191,3,24.0,8,18,SOFT,2.0
1226,9191,4,3.0,9,16,MEDIUM,4.0
1226,9191,4,22.0,9,17,MEDIUM,4.0
1226,9191,4,20.0,9,18,MEDIUM,6.0
1226,9191,4,81.0,9,18,MEDIUM,0.0
1226,9191,4,10.0,10,15,MEDIUM,0.0
1226,9191,4,44.0,10,16,SOFT,0.0
1226,9191,4,77.0,10,16,HARD,5.0
1226,9191,4,14.0,10,17,SOFT,0.0
1226,9191,4,31.0,10,17,SOFT,0.0
1226,9191,5,4.0,10,18,SOFT,0.0
1226,9191,5,23.0,11,20,MEDIUM,5.0
1226,9191,5,1.0,12,17,SOFT,0.0
1226,9191,5,11.0,12,17,SOFT,0.0
1226,9191,4,63.0,14,17,SOFT,1.0
1226,9192,1,2.0,1,1,MEDIUM,0.0
1226,9192,1,14.0,1,1,HARD,0.0
1226,9192,1,18.0,1,1,HARD,0.0
1226,9192,1,23.0,1,1,MEDIUM,0.0
1226,9192,1,1.0,1,3,SOFT,0.0
1226,9192,1,4.0,1,3,SOFT,0.0
1226,9192,1,10.0,1,3,SOFT,0.0
1226,9192,1,16.0,1,3,MEDIUM,0.0
1226,9192,1,31.0,1,3,SOFT,0.0
1226,9192,1,63.0,1,3,SOFT,0.0
1226,9192,1,81.0,1,3,SOFT,0.0
1226,9192,1,27.0,1,5,SOFT,0.0
1226,9192,1,3.0,1,6,SOFT,0.0
1226,9192,1,11.0,1,6,SOFT,0.0
1226,9192,1,22.0,1,6,SOFT,0.0
1226,9192,1,24.0,1,6,SOFT,0.0
1226,9192,1,44.0,1,6,SOFT,0.0
1226,9192,1,55.0,1,6,MEDIUM,0.0
1226,9192,1,77.0,1,6,SOFT,0.0
1226,9192,1,20.0,1,9,SOFT,0.0
1226,9192,2,18.0,2,2,HARD,0.0
1226,9192,2,14.0,2,2,HARD,0.0
1226,9192,2,2.0,2,4,SOFT,2.0
1226,9192,2,23.0,2,7,SOFT,0.0
1226,9192,3,18.0,3,8,SOFT,0.0
1226,9192,3,14.0,3,8,SOFT,0.0
1226,9192,2,16.0,4,6,MEDIUM,3.0
1226,9192,2,31.0,4,6,SOFT,3.0
1226,9192,2,10.0,4,6,SOFT,3.0
1226,9192,2,63.0,4,6,SOFT,3.0
1226,9192,2,4.0,4,6,SOFT,3.0
1226,9192,2,81.0,4,6,SOFT,0.0
1226,9192,2,1.0,4,12,SOFT,3.0
1226,9192,3,2.0,5,7,SOFT,5.0
1226,9192,2,27.0,6,13,SOFT,5.0
1226,9192,3,4.0,7,7,SOFT,0.0
1226,9192,2,3.0,7,7,SOFT,0.0
1226,9192,2,22.0,7,7,SOFT,6.0
1226,9192,2,44.0,7,8,SOFT,6.0
1226,9192,2,55.0,7,9,MEDIUM,6.0
1226,9192,3,31.0,7,9,SOFT,6.0
1226,9192,3,10.0,7,9,SOFT,6.0
1226,9192,3,63.0,7,9,SOFT,0.0
1226,9192,3,81.0,7,12,SOFT,0.0
1226,9192,2,24.0,7,13,SOFT,6.0
1226,9192,2,77.0,7,13,SOFT,0.0
1226,9192,2,11.0,7,14,SOFT,0.0
1226,9192,3,16.0,7,19,MEDIUM,6.0
1226,9192,3,23.0,8,8,SOFT,0.0
1226,9192,4,2.0,8,8,SOFT,8.0
1226,9192,4,4.0,8,13,SOFT,0.0
1226,9192,3,3.0,8,15,SOFT,0.0
1226,9192,3,22.0,8,15,SOFT,0.0
1226,9192,4,23.0,9,11,SOFT,0.0
1226,9192,5,2.0,9,14,SOFT,0.0
1226,9192,4,18.0,9,16,SOFT,6.0
1226,9192,4,14.0,9,16,SOFT,6.0
1226,9192,3,44.0,9,18,SOFT,0.0
1226,9192,2,20.0,10,10,SOFT,9.0
1226,9192,4,63.0,10,11,SOFT,0.0
1226,9192,4,31.0,10,12,SOFT,0.0
1226,9192,4,10.0,10,12,SOFT,0.0
1226,9192,3,55.0,10,22,MEDIUM,0.0
1226,9192,3,20.0,11,20,SOFT,0.0
1226,9192,5,23.0,12,14,SOFT,3.0
1226,9192,5,63.0,12,14,SOFT,6.0
1226,9192,4,81.0,13,13,SOFT,6.0
1226,9192,3,1.0,13,14,SOFT,0.0
1226,9192,5,10.0,13,15,SOFT,3.0
1226,9192,5,31.0,13,15,SOFT,3.0
1226,9192,3,27.0,14,16,SOFT,0.0
1226,9192,3,77.0,14,16,SOFT,6.0
1226,9192,5,81.0,14,16,SOFT,7.0
1226,9192,5,4.0,14,16,SOFT,6.0
1226,9192,3,24.0,14,23,SOFT,0.0
1226,9192,6,23.0,15,17,SOFT,7.0
1226,9192,6,2.0,15,17,SOFT,9.0
1226,9192,4,1.0,15,19,SOFT,2.0
1226,9192,3,11.0,15,21,SOFT,0.0
1226,9192,6,10.0,16,18,SOFT,0.0
1226,9192,6,31.0,16,18,SOFT,0.0
1226,9192,5,14.0,17,17,SOFT,14.0
1226,9192,5,18.0,17,19,SOFT,0.0
1226,9192,4,27.0,17,22,SOFT,3.0
1226,9192,6,14.0,18,20,SOFT,0.0
1226,9192,4,44.0,19,21,SOFT,0.0
1226,9192,6,18.0,20,24,SOFT,0.0
1226,9192,4,16.0,20,27,SOFT,0.0
1226,9192,7,14.0,21,25,SOFT,3.0
1226,9192,5,44.0,22,26,SOFT,0.0
1226,9192,4,55.0,23,23,MEDIUM,0.0
1226,9192,5,55.0,24,29,SOFT,0.0
1226,9193,1,63.0,1,3,SOFT,0.0
1226,9193,1,4.0,1,3,SOFT,0.0
1226,9193,1,81.0,1,3,SOFT,0.0
1226,9193,1,23.0,1,3,SOFT,0.0
1226,9193,1,16.0,1,3,SOFT,0.0
1226,9193,1,1.0,1,3,SOFT,0.0
1226,9193,1,31.0,1,3,SOFT,0.0
1226,9193,1,2.0,1,3,SOFT,0.0
1226,9193,1,22.0,1,3,SOFT,0.0
1226,9193,1,24.0,1,3,SOFT,0.0
1226,9193,1,11.0,1,3,SOFT,0.0
1226,9193,1,44.0,1,3,SOFT,0.0
1226,9193,1,10.0,1,3,SOFT,0.0
1226,9193,1,14.0,1,3,SOFT,0.0
1226,9193,1,18.0,1,3,SOFT,0.0
1226,9193,1,77.0,1,3,SOFT,0.0
1226,9193,1,27.0,1,3,SOFT,13.0
1226,9193,1,3.0,1,3,SOFT,0.0
1226,9193,1,20.0,1,3,SOFT,10.0
1226,9193,1,55.0,1,3,SOFT,0.0
1226,9193,2,4.0,4,5,SOFT,0.0
1226,9193,2,23.0,4,6,SOFT,0.0
1226,9193,2,2.0,4,6,SOFT,0.0
1226,9193,2,44.0,4,6,SOFT,0.0
1226,9193,2,27.0,4,6,SOFT,0.0
1226,9193,2,63.0,4,6,SOFT,0.0
1226,9193,2,10.0,4,6,SOFT,0.0
1226,9193,2,18.0,4,6,SOFT,0.0
1226,9193,2,22.0,4,6,SOFT,0.0
1226,9193,2,16.0,4,6,SOFT,0.0
1226,9193,2,14.0,4,6,SOFT,0.0
1226,9193,2,3.0,4,6,SOFT,0.0
1226,9193,2,24.0,4,6,SOFT,0.0
1226,9193,2,77.0,4,6,SOFT,0.0
1226,9193,2,31.0,4,6,SOFT,0.0
1226,9193,2,20.0,4,6,SOFT,0.0
1226,9193,2,81.0,4,6,SOFT,0.0
1226,9193,2,55.0,4,6,SOFT,0.0
1226,9193,2,1.0,4,6,SOFT,3.0
1226,9193,2,11.0,4,6,SOFT,0.0
1226,9193,3,4.0,6,8,SOFT,2.0
1226,9193,3,23.0,7,9,SOFT,3.0
1226,9193,3,44.0,7,9,SOFT,0.0
1226,9193,3,63.0,7,9,SOFT,3.0
1226,9193,3,18.0,7,9,SOFT,3.0
1226,9193,3,1.0,7,9,SOFT,0.0
1226,9193,3,22.0,7,9,SOFT,3.0
1226,9193,3,3.0,7,9,SOFT,3.0
1226,9193,3,31.0,7,9,SOFT,3.0
1226,9193,3,10.0,7,9,SOFT,3.0
1226,9193,3,14.0,7,9,SOFT,0.0
1226,9193,3,27.0,7,9,SOFT,3.0
1226,9193,3,16.0,7,9,SOFT,0.0
1226,9193,3,11.0,7,9,SOFT,0.0
1226,9193,3,81.0,7,9,SOFT,3.0
1226,9193,4,4.0,9,10,SOFT,0.0
1226,9193,4,11.0,10,11,SOFT,0.0
1226,9193,4,81.0,10,11,SOFT,0.0
1226,9193,4,23.0,10,12,SOFT,0.0
1226,9193,4,27.0,10,12,SOFT,0.0
1226,9193,4,3.0,10,12,SOFT,0.0
1226,9193,4,16.0,10,12,SOFT,0.0
1226,9193,4,10.0,10,12,SOFT,0.0
1226,9193,4,22.0,10,12,SOFT,0.0
1226,9193,4,18.0,10,12,SOFT,0.0
1226,9193,4,31.0,10,12,SOFT,0.0
1226,9193,4,14.0,10,12,SOFT,0.0
1226,9193,4,44.0,10,12,SOFT,0.0
1226,9193,4,63.0,10,12,SOFT,0.0
1226,9193,4,1.0,10,12,SOFT,0.0
1226,9193,5,4.0,11,13,SOFT,0.0
1226,9193,5,11.0,12,14,SOFT,2.0
1226,9193,5,81.0,12,14,SOFT,2.0
1226,9193,5,22.0,13,15,SOFT,3.0
1226,9193,5,27.0,13,15,SOFT,3.0
1226,9193,5,14.0,13,15,SOFT,3.0
1226,9193,5,16.0,13,15,SOFT,3.0
1226,9193,5,10.0,13,15,SOFT,3.0
1226,9193,5,63.0,13,15,SOFT,3.0
1226,9193,5,1.0,13,15,SOFT,0.0
1226,9193,6,4.0,14,16,SOFT,0.0
1226,9193,6,81.0,15,17,SOFT,0.0
1226,9193,6,11.0,15,17,SOFT,0.0
1226,9193,6,16.0,16,18,SOFT,0.0
1226,9193,6,14.0,16,18,SOFT,0.0
1226,9193,6,22.0,16,18,SOFT,0.0
1226,9193,6,27.0,16,18,SOFT,0.0
1226,9193,6,63.0,16,18,SOFT,0.0
1226,9193,6,10.0,16,18,SOFT,0.0
1226,9197,1,20.0,1,5,MEDIUM,0.0
1226,9197,1,3.0,1,7,MEDIUM,0.0
1226,9197,1,14.0,1,12,MEDIUM,0.0
1226,9197,1,81.0,1,13,MEDIUM,0.0
1226,9197,1,27.0,1,13,MEDIUM,0.0
1226,9197,1,24.0,1,13,MEDIUM,0.0
1226,9197,1,63.0,1,14,MEDIUM,0.0
1226,9197,1,4.0,1,14,MEDIUM,0.0
1226,9197,1,44.0,1,15,MEDIUM,0.0
1226,9197,1,31.0,1,15,MEDIUM,0.0
1226,9197,1,2.0,1,15,MEDIUM,1.0
1226,9197,1,1.0,1,16,MEDIUM,0.0
1226,9197,1,23.0,1,16,MEDIUM,1.0
1226,9197,1,16.0,1,17,MEDIUM,0.0
1226,9197,1,11.0,1,17,MEDIUM,0.0
1226,9197,1,10.0,1,17,MEDIUM,0.0
1226,9197,1,22.0,1,22,MEDIUM,0.0
1226,9197,1,18.0,1,22,HARD,1.0
1226,9197,1,55.0,1,23,HARD,0.0
1226,9197,1,77.0,1,29,HARD,0.0
1226,9197,2,20.0,6,22,HARD,0.0
1226,9197,2,3.0,8,31,HARD,0.0
1226,9197,2,14.0,13,36,HARD,1.0
1226,9197,2,27.0,14,33,HARD,0.0
1226,9197,2,81.0,14,36,HARD,0.0
1226,9197,2,24.0,14,37,HARD,0.0
1226,9197,2,4.0,15,33,HARD,0.0
1226,9197,2,63.0,15,34,HARD,0.0
1226,9197,2,44.0,16,35,HARD,0.0
1226,9197,2,2.0,16,41,HARD,0.0
1226,9197,2,31.0,16,58,HARD,0.0
1226,9197,2,1.0,17,43,HARD,0.0
1226,9197,2,23.0,17,43,HARD,0.0
1226,9197,2,10.0,18,32,HARD,0.0
1226,9197,2,16.0,18,35,HARD,0.0
1226,9197,2,11.0,18,42,HARD,0.0
1226,9197,2,18.0,23,42,HARD,1.0
1226,9197,3,20.0,23,57,HARD,0.0
1226,9197,2,22.0,23,58,HARD,0.0
1226,9197,2,55.0,24,56,HARD,0.0
1226,9197,2,77.0,30,57,MEDIUM,0.0
1226,9197,3,3.0,32,58,HARD,0.0
1226,9197,3,10.0,33,58,HARD,0.0
1226,9197,3,4.0,34,58,HARD,0.0
1226,9197,3,27.0,34,58,HARD,0.0
1226,9197,3,63.0,35,58,HARD,0.0
1226,9197,3,16.0,36,58,HARD,0.0
1226,9197,3,44.0,36,58,HARD,0.0
1226,9197,3,81.0,37,58,HARD,0.0
1226,9197,3,14.0,37,58,HARD,1.0
1226,9197,3,24.0,38,58,MEDIUM,0.0
1226,9197,3,2.0,42,58,HARD,0.0
1226,9197,3,11.0,43,58,HARD,0.0
1226,9197,3,18.0,43,58,MEDIUM,0.0
1226,9197,3,1.0,44,58,HARD,0.0
1226,9197,3,23.0,44,58,HARD,0.0
1226,9197,3,55.0,57,57,SOFT,0.0
1229,9465,1,23.0,1,1,MEDIUM,0.0
1229,9465,1,14.0,1,2,MEDIUM,0.0
1229,9465,1,24.0,1,2,MEDIUM,0.0
1229,9465,1,77.0,1,2,MEDIUM,0.0
1229,9465,1,1.0,1,4,MEDIUM,0.0
1229,9465,1,11.0,1,4,MEDIUM,0.0
1229,9465,1,44.0,1,5,MEDIUM,0.0
1229,9465,1,27.0,1,6,MEDIUM,0.0
1229,9465,1,55.0,1,6,MEDIUM,0.0
1229,9465,1,16.0,1,7,MEDIUM,0.0
1229,9465,1,81.0,1,7,MEDIUM,0.0
1229,9465,1,4.0,1,8,MEDIUM,0.0
1229,9465,1,10.0,1,8,MEDIUM,0.0
1229,9465,1,18.0,1,8,MEDIUM,0.0
1229,9465,1,20.0,1,8,MEDIUM,0.0
1229,9465,1,31.0,1,8,MEDIUM,0.0
1229,9465,1,2.0,1,9,MEDIUM,0.0
1229,9465,1,22.0,1,10,MEDIUM,0.0
1229,9465,1,63.0,1,10,MEDIUM,0.0
1229,9465,1,3.0,1,11,MEDIUM,0.0
1229,9465,2,23.0,2,2,MEDIUM,0.0
1229,9465,2,14.0,3,8,MEDIUM,1.0
1229,9465,2,24.0,3,8,MEDIUM,1.0
1229,9465,2,77.0,3,9,MEDIUM,1.0
1229,9465,3,23.0,3,10,MEDIUM,1.0
1229,9465,2,1.0,5,7,MEDIUM,0.0
1229,9465,2,11.0,5,10,MEDIUM,3.0
1229,9465,2,44.0,6,8,MEDIUM,0.0
1229,9465,2,55.0,7,10,MEDIUM,5.0
1229,9465,2,27.0,7,11,MEDIUM,5.0
1229,9465,2,16.0,8,10,MEDIUM,6.0
1229,9465,2,81.0,8,12,SOFT,0.0
1229,9465,3,1.0,8,13,MEDIUM,0.0
1229,9465,2,20.0,9,9,MEDIUM,7.0
1229,9465,2,10.0,9,9,MEDIUM,7.0
1229,9465,2,31.0,9,9,MEDIUM,7.0
1229,9465,2,4.0,9,10,MEDIUM,7.0
1229,9465,3,44.0,9,11,MEDIUM,0.0
1229,9465,3,24.0,9,11,SOFT,0.0
1229,9465,2,18.0,9,12,MEDIUM,7.0
1229,9465,3,14.0,9,12,MEDIUM,7.0
1229,9465,3,77.0,10,10,MEDIUM,0.0
1229,9465,3,31.0,10,15,MEDIUM,0.0
1229,9465,3,10.0,10,16,MEDIUM,0.0
1229,9465,2,2.0,10,17,MEDIUM,0.0
1229,9465,3,20.0,10,26,MEDIUM,0.0
1229,9465,3,55.0,11,12,MEDIUM,9.0
1229,9465,3,11.0,11,13,MEDIUM,0.0
1229,9465,3,4.0,11,15,SOFT,0.0
1229,9465,2,63.0,11,16,MEDIUM,0.0
1229,9465,2,22.0,11,16,SOFT,0.0
1229,9465,3,16.0,11,16,MEDIUM,0.0
1229,9465,4,77.0,11,16,SOFT,0.0
1229,9465,4,23.0,11,18,MEDIUM,0.0
1229,9465,2,3.0,12,14,SOFT,0.0
1229,9465,4,24.0,12,14,SOFT,0.0
1229,9465,4,44.0,12,20,MEDIUM,3.0
1229,9465,3,27.0,12,25,MEDIUM,0.0
1229,9465,4,55.0,13,18,MEDIUM,0.0
1229,9465,4,14.0,13,21,MEDIUM,0.0
1229,9465,3,18.0,13,21,MEDIUM,0.0
1229,9465,3,81.0,13,26,MEDIUM,6.0
1229,9465,4,11.0,14,16,MEDIUM,0.0
1229,9465,4,1.0,14,22,MEDIUM,6.0
1229,9465,3,3.0,15,15,SOFT,3.0
1229,9465,5,24.0,15,17,SOFT,6.0
1229,9465,4,31.0,16,22,MEDIUM,6.0
1229,9465,4,3.0,16,24,SOFT,4.0
1229,9465,4,4.0,16,26,SOFT,5.0
1229,9465,5,77.0,17,22,SOFT,0.0
1229,9465,3,22.0,17,25,SOFT,6.0
1229,9465,4,10.0,17,25,MEDIUM,7.0
1229,9465,4,16.0,17,25,MEDIUM,6.0
1229,9465,5,11.0,17,25,MEDIUM,6.0
1229,9465,3,63.0,17,26,MEDIUM,6.0
1229,9465,3,2.0,18,20,MEDIUM,0.0
1229,9465,5,55.0,19,27,MEDIUM,0.0
1229,9465,5,44.0,21,23,MEDIUM,7.0
1229,9465,4,27.0,26,28,MEDIUM,14.0
1229,9466,1,11.0,1,4,SOFT,0.0
1229,9466,1,16.0,1,4,SOFT,0.0
1229,9466,1,23.0,1,4,MEDIUM,0.0
1229,9466,1,44.0,1,4,SOFT,0.0
1229,9466,1,55.0,1,4,SOFT,0.0
1229,9466,1,77.0,1,4,MEDIUM,0.0
1229,9466,1,14.0,1,5,SOFT,0.0
1229,9466,1,2.0,1,6,MEDIUM,0.0
1229,9466,1,3.0,1,6,MEDIUM,0.0
1229,9466,1,4.0,1,6,MEDIUM,0.0
1229,9466,1,63.0,1,6,SOFT,0.0
1229,9466,1,1.0,1,7,SOFT,0.0
1229,9466,1,10.0,1,7,SOFT,0.0
1229,9466,1,20.0,1,7,SOFT,0.0
1229,9466,1,24.0,1,7,MEDIUM,0.0
1229,9466,1,27.0,1,7,SOFT,0.0
1229,9466,1,31.0,1,7,SOFT,0.0
1229,9466,1,81.0,1,7,MEDIUM,0.0
1229,9466,1,18.0,1,9,SOFT,0.0
1229,9466,1,22.0,1,9,MEDIUM,0.0
1229,9466,2,11.0,5,7,SOFT,3.0
1229,9466,2,55.0,5,7,SOFT,3.0
1229,9466,2,16.0,5,7,SOFT,3.0
1229,9466,2,44.0,5,7,SOFT,3.0
1229,9466,2,77.0,5,8,SOFT,0.0
1229,9466,2,23.0,5,10,SOFT,0.0
1229,9466,2,14.0,6,8,SOFT,4.0
1229,9466,2,63.0,7,7,SOFT,0.0
1229,9466,2,2.0,7,9,SOFT,0.0
1229,9466,2,4.0,7,9,SOFT,0.0
1229,9466,2,3.0,7,12,SOFT,0.0
1229,9466,2,24.0,8,10,SOFT,0.0
1229,9466,2,27.0,8,10,SOFT,0.0
1229,9466,3,55.0,8,10,SOFT,0.0
1229,9466,2,81.0,8,10,SOFT,0.0
1229,9466,3,44.0,8,10,SOFT,0.0
1229,9466,3,11.0,8,10,SOFT,0.0
1229,9466,2,1.0,8,10,SOFT,0.0
1229,9466,3,63.0,8,10,SOFT,0.0
1229,9466,2,20.0,8,13,SOFT,0.0
1229,9466,3,16.0,8,13,SOFT,0.0
1229,9466,2,31.0,8,13,SOFT,0.0
1229,9466,2,10.0,8,13,SOFT,0.0
1229,9466,3,77.0,9,11,SOFT,0.0
1229,9466,3,14.0,9,11,SOFT,0.0
1229,9466,3,2.0,10,12,SOFT,0.0
1229,9466,2,18.0,10,13,SOFT,0.0
1229,9466,2,22.0,10,15,SOFT,0.0
1229,9466,3,4.0,10,22,SOFT,3.0
1229,9466,4,55.0,11,12,SOFT,3.0
1229,9466,3,24.0,11,13,SOFT,3.0
1229,9466,3,23.0,11,13,SOFT,0.0
1229,9466,3,81.0,11,23,SOFT,0.0
1229,9466,3,27.0,11,24,SOFT,3.0
1229,9466,4,63.0,11,24,SOFT,3.0
1229,9466,3,1.0,11,26,SOFT,3.0
1229,9466,4,44.0,11,26,SOFT,0.0
1229,9466,4,11.0,11,27,SOFT,3.0
1229,9466,4,77.0,12,12,MEDIUM,5.0
1229,9466,4,14.0,12,23,SOFT,3.0
1229,9466,4,2.0,13,16,SOFT,0.0
1229,9466,5,77.0,13,25,SOFT,6.0
1229,9466,5,55.0,13,26,SOFT,0.0
1229,9466,3,3.0,13,27,SOFT,6.0
1229,9466,4,24.0,14,14,MEDIUM,6.0
1229,9466,3,10.0,14,14,SOFT,6.0
1229,9466,4,23.0,14,24,SOFT,6.0
1229,9466,3,31.0,14,26,SOFT,6.0
1229,9466,3,18.0,14,27,SOFT,4.0
1229,9466,4,16.0,14,27,SOFT,0.0
1229,9466,3,20.0,14,28,SOFT,6.0
1229,9466,4,10.0,15,26,SOFT,7.0
1229,9466,5,24.0,15,29,SOFT,6.0
1229,9466,3,22.0,16,30,SOFT,6.0
1229,9466,5,2.0,17,17,SOFT,6.0
1229,9466,6,2.0,18,28,SOFT,0.0
1229,9466,4,4.0,23,26,MEDIUM,5.0
1229,9466,4,81.0,24,28,MEDIUM,6.0
1229,9466,5,23.0,25,27,SOFT,0.0
1229,9467,1,23.0,1,3,MEDIUM,3.0
1229,9467,1,4.0,1,4,SOFT,0.0
1229,9467,1,10.0,1,4,SOFT,0.0
1229,9467,1,11.0,1,4,HARD,0.0
1229,9467,1,16.0,1,4,SOFT,0.0
1229,9467,1,20.0,1,4,SOFT,0.0
1229,9467,1,24.0,1,4,SOFT,0.0
1229,9467,1,31.0,1,4,SOFT,0.0
1229,9467,1,44.0,1,4,SOFT,0.0
1229,9467,1,55.0,1,4,SOFT,0.0
1229,9467,1,63.0,1,4,SOFT,0.0
1229,9467,1,77.0,1,4,SOFT,0.0
1229,9467,1,2.0,1,5,SOFT,0.0
1229,9467,1,3.0,1,5,SOFT,0.0
1229,9467,1,81.0,1,5,SOFT,0.0
1229,9467,1,1.0,1,7,HARD,0.0
1229,9467,1,27.0,1,7,SOFT,0.0
1229,9467,1,18.0,1,8,SOFT,0.0
1229,9467,1,22.0,1,8,SOFT,0.0
1229,9467,1,14.0,1,9,SOFT,0.0
1229,9467,2,23.0,3,5,SOFT,0.0
1229,9467,2,3.0,5,6,SOFT,3.0
1229,9467,2,55.0,5,7,SOFT,3.0
1229,9467,2,16.0,5,7,SOFT,3.0
1229,9467,2,77.0,5,7,SOFT,3.0
1229,9467,2,24.0,5,7,SOFT,3.0
1229,9467,2,20.0,5,7,SOFT,0.0
1229,9467,2,11.0,5,7,HARD,3.0
1229,9467,2,2.0,5,7,SOFT,0.0
1229,9467,2,10.0,5,7,SOFT,3.0
1229,9467,2,63.0,5,7,SOFT,0.0
1229,9467,2,31.0,5,7,SOFT,0.0
1229,9467,2,4.0,5,8,SOFT,3.0
1229,9467,2,44.0,5,12,SOFT,3.0
1229,9467,3,23.0,6,8,SOFT,0.0
1229,9467,2,81.0,6,8,SOFT,0.0
1229,9467,3,3.0,7,7,SOFT,5.0
1229,9467,3,24.0,8,8,SOFT,0.0
1229,9467,3,2.0,8,8,SOFT,0.0
1229,9467,2,22.0,8,8,SOFT,0.0
1229,9467,3,77.0,8,9,SOFT,6.0
1229,9467,3,11.0,8,9,HARD,6.0
1229,9467,3,4.0,8,10,SOFT,0.0
1229,9467,3,63.0,8,10,SOFT,0.0
1229,9467,3,55.0,8,12,SOFT,0.0
1229,9467,3,16.0,8,12,SOFT,6.0
1229,9467,3,31.0,8,12,SOFT,0.0
1229,9467,3,20.0,8,14,SOFT,6.0
1229,9467,2,1.0,8,14,SOFT,0.0
1229,9467,2,27.0,8,14,SOFT,0.0
1229,9467,4,3.0,8,14,SOFT,0.0
1229,9467,3,10.0,8,15,SOFT,0.0
1229,9467,2,18.0,9,9,SOFT,7.0
1229,9467,4,24.0,9,11,SOFT,0.0
1229,9467,4,77.0,9,11,SOFT,0.0
1229,9467,4,2.0,9,11,SOFT,0.0
1229,9467,3,81.0,9,12,SOFT,0.0
1229,9467,4,23.0,9,14,SOFT,0.0
1229,9467,4,11.0,9,15,SOFT,0.0
1229,9467,3,22.0,9,15,SOFT,0.0
1229,9467,2,14.0,10,11,SOFT,8.0
1229,9467,3,18.0,10,15,SOFT,0.0
1229,9467,4,4.0,11,13,SOFT,3.0
1229,9467,4,63.0,11,13,SOFT,3.0
1229,9467,3,14.0,11,16,SOFT,0.0
1229,9467,5,24.0,12,14,SOFT,3.0
1229,9467,5,77.0,12,14,SOFT,3.0
1229,9467,5,2.0,12,14,SOFT,0.0
1229,9467,4,81.0,12,14,SOFT,3.0
1229,9467,3,44.0,13,15,SOFT,0.0
1229,9467,4,16.0,13,18,SOFT,0.0
1229,9467,4,55.0,13,19,SOFT,0.0
1229,9467,5,23.0,15,15,SOFT,6.0
1229,9467,3,1.0,15,17,SOFT,7.0
1229,9467,6,77.0,15,17,SOFT,0.0
1229,9467,6,2.0,15,17,SOFT,6.0
1229,9467,6,24.0,15,18,SOFT,6.0
1229,9467,4,20.0,15,21,SOFT,0.0
1229,9467,4,44.0,16,18,SOFT,3.0
1229,9467,4,18.0,16,18,SOFT,6.0
1229,9467,5,11.0,16,18,SOFT,7.0
1229,9467,6,23.0,16,18,SOFT,0.0
1229,9467,4,14.0,17,19,SOFT,6.0
1229,9467,5,44.0,19,21,SOFT,6.0
1229,9468,1,55.0,1,4,MEDIUM,0.0
1229,9468,1,14.0,1,4,SOFT,0.0
1229,9468,1,16.0,1,4,MEDIUM,0.0
1229,9468,1,4.0,1,4,SOFT,0.0
1229,9468,1,63.0,1,4,SOFT,0.0
1229,9468,1,81.0,1,4,SOFT,0.0
1229,9468,1,11.0,1,4,SOFT,0.0
1229,9468,1,27.0,1,4,SOFT,0.0
1229,9468,1,18.0,1,4,SOFT,0.0
1229,9468,1,3.0,1,4,SOFT,0.0
1229,9468,1,44.0,1,4,SOFT,0.0
1229,9468,1,20.0,1,4,SOFT,0.0
1229,9468,1,23.0,1,4,SOFT,0.0
1229,9468,1,24.0,1,4,SOFT,0.0
1229,9468,1,77.0,1,4,SOFT,0.0
1229,9468,1,31.0,1,4,MEDIUM,0.0
1229,9468,1,2.0,1,4,SOFT,0.0
1229,9468,1,10.0,1,4,MEDIUM,0.0
1229,9468,1,1.0,1,5,SOFT,0.0
1229,9468,1,22.0,1,5,SOFT,0.0
1229,9468,2,4.0,5,5,SOFT,0.0
1229,9468,2,31.0,5,7,SOFT,0.0
1229,9468,2,55.0,5,7,SOFT,0.0
1229,9468,2,10.0,5,7,SOFT,0.0
1229,9468,2,24.0,5,7,SOFT,0.0
1229,9468,2,77.0,5,7,SOFT,0.0
1229,9468,2,2.0,5,7,SOFT,0.0
1229,9468,2,44.0,5,7,SOFT,0.0
1229,9468,2,63.0,5,7,SOFT,3.0
1229,9468,2,14.0,5,7,SOFT,3.0
1229,9468,2,11.0,5,7,SOFT,3.0
1229,9468,2,16.0,5,8,SOFT,0.0
1229,9468,2,81.0,5,8,SOFT,0.0
1229,9468,2,27.0,5,8,SOFT,0.0
1229,9468,2,20.0,5,8,SOFT,0.0
1229,9468,2,23.0,5,8,SOFT,0.0
1229,9468,2,22.0,5,8,SOFT,0.0
1229,9468,2,3.0,5,8,SOFT,0.0
1229,9468,2,18.0,5,8,SOFT,0.0
1229,9468,2,1.0,5,8,SOFT,3.0
1229,9468,3,4.0,6,8,SOFT,1.0
1229,9468,3,14.0,7,9,SOFT,0.0
1229,9468,3,63.0,7,9,SOFT,5.0
1229,9468,3,16.0,8,9,SOFT,0.0
1229,9468,3,31.0,8,10,SOFT,0.0
1229,9468,3,10.0,8,10,SOFT,0.0
1229,9468,3,27.0,8,10,SOFT,3.0
1229,9468,3,20.0,8,10,SOFT,3.0
1229,9468,3,81.0,8,10,SOFT,3.0
1229,9468,3,18.0,8,10,SOFT,3.0
1229,9468,3,3.0,8,10,SOFT,3.0
1229,9468,3,22.0,8,10,SOFT,3.0
1229,9468,3,23.0,8,10,SOFT,3.0
1229,9468,3,55.0,8,10,SOFT,0.0
1229,9468,3,1.0,8,10,SOFT,0.0
1229,9468,3,11.0,8,10,SOFT,0.0
1229,9468,3,44.0,8,10,SOFT,3.0
1229,9468,4,4.0,9,11,SOFT,0.0
1229,9468,4,16.0,9,12,SOFT,3.0
1229,9468,4,14.0,10,12,SOFT,0.0
1229,9468,4,63.0,10,13,SOFT,0.0
1229,9468,4,20.0,11,13,SOFT,0.0
1229,9468,4,23.0,11,13,SOFT,0.0
1229,9468,4,18.0,11,13,SOFT,0.0
1229,9468,4,3.0,11,13,SOFT,0.0
1229,9468,4,22.0,11,13,SOFT,0.0
1229,9468,4,1.0,11,13,SOFT,3.0
1229,9468,4,11.0,11,13,SOFT,0.0
1229,9468,5,4.0,11,13,SOFT,2.0
1229,9468,4,27.0,11,14,SOFT,0.0
1229,9468,4,81.0,11,14,SOFT,0.0
1229,9468,4,55.0,11,14,SOFT,0.0
1229,9468,4,44.0,11,14,SOFT,0.0
1229,9468,5,16.0,12,15,SOFT,0.0
1229,9468,5,63.0,13,15,SOFT,0.0
1229,9468,5,1.0,13,15,SOFT,0.0
1229,9468,5,11.0,13,15,SOFT,2.0
1229,9468,5,14.0,13,15,SOFT,0.0
1229,9468,5,27.0,14,16,SOFT,3.0
1229,9468,5,81.0,14,16,SOFT,3.0
1229,9468,5,55.0,14,16,SOFT,0.0
1229,9468,6,4.0,14,16,SOFT,0.0
1229,9468,5,44.0,14,17,SOFT,3.0
1229,9468,6,16.0,15,16,SOFT,1.0
1229,9468,6,63.0,16,18,SOFT,0.0
1229,9468,6,1.0,16,18,SOFT,0.0
1229,9468,6,11.0,16,18,SOFT,0.0
1229,9468,6,81.0,17,19,SOFT,0.0
1229,9468,6,27.0,17,19,SOFT,3.0
1229,9468,6,44.0,17,19,SOFT,0.0
1229,9468,6,55.0,17,19,SOFT,0.0
1229,9468,7,16.0,17,20,SOFT,0.0
1229,9472,1,27.0,1,1,SOFT,0.0
1229,9472,1,18.0,1,9,SOFT,0.0
1229,9472,1,24.0,1,9,SOFT,0.0
1229,9472,1,2.0,1,10,SOFT,0.0
1229,9472,1,31.0,1,10,SOFT,0.0
1229,9472,1,16.0,1,11,SOFT,3.0
1229,9472,1,63.0,1,11,SOFT,3.0
1229,9472,1,20.0,1,11,SOFT,0.0
1229,9472,1,11.0,1,12,SOFT,3.0
1229,9472,1,81.0,1,12,SOFT,3.0
1229,9472,1,44.0,1,12,SOFT,3.0
1229,9472,1,77.0,1,12,SOFT,0.0
1229,9472,1,10.0,1,12,SOFT,0.0
1229,9472,1,4.0,1,13,SOFT,3.0
1229,9472,1,3.0,1,13,SOFT,3.0
1229,9472,1,55.0,1,14,SOFT,3.0
1229,9472,1,22.0,1,14,SOFT,0.0
1229,9472,1,14.0,1,15,SOFT,3.0
1229,9472,1,23.0,1,15,SOFT,0.0
1229,9472,1,1.0,1,17,SOFT,3.0
1229,9472,2,27.0,2,20,HARD,0.0
1229,9472,2,18.0,10,27,HARD,0.0
1229,9472,2,24.0,10,28,HARD,0.0
1229,9472,2,2.0,11,28,HARD,0.0
1229,9472,2,31.0,11,30,HARD,0.0
1229,9472,2,63.0,12,31,HARD,0.0
1229,9472,2,20.0,12,32,HARD,0.0
1229,9472,2,16.0,12,34,HARD,0.0
1229,9472,2,77.0,13,30,HARD,0.0
1229,9472,2,10.0,13,31,HARD,0.0
1229,9472,2,44.0,13,33,HARD,0.0
1229,9472,2,81.0,13,34,HARD,0.0
1229,9472,2,11.0,13,36,HARD,0.0
1229,9472,2,4.0,14,33,HARD,0.0
1229,9472,2,3.0,14,35,HARD,0.0
1229,9472,2,22.0,15,34,HARD,0.0
1229,9472,2,55.0,15,35,HARD,0.0
1229,9472,2,23.0,16,36,HARD,0.0
1229,9472,2,14.0,16,41,HARD,0.0
1229,9472,2,1.0,18,37,HARD,0.0
1229,9472,3,27.0,21,41,HARD,0.0
1229,9472,3,18.0,28,58,HARD,0.0
1229,9472,3,2.0,29,40,HARD,0.0
1229,9472,3,24.0,29,57,HARD,0.0
1229,9472,3,31.0,31,57,HARD,0.0
1229,9472,3,77.0,31,57,HARD,0.0
1229,9472,3,10.0,32,43,HARD,0.0
1229,9472,3,63.0,32,58,HARD,0.0
1229,9472,3,20.0,33,57,HARD,0.0
1229,9472,3,4.0,34,58,HARD,0.0
1229,9472,3,44.0,34,58,HARD,0.0
1229,9472,3,22.0,35,57,HARD,0.0
1229,9472,3,16.0,35,58,HARD,0.0
1229,9472,3,81.0,35,58,HARD,0.0
1229,9472,3,3.0,36,57,SOFT,0.0
1229,9472,3,55.0,36,58,HARD,0.0
1229,9472,3,23.0,37,57,HARD,0.0
1229,9472,3,11.0,37,58,SOFT,0.0
1229,9472,3,1.0,38,58,SOFT,0.0
1229,9472,4,2.0,41,56,SOFT,0.0
1229,9472,4,27.0,42,57,SOFT,0.0
1229,9472,3,14.0,42,58,HARD,0.0
1229,9472,4,10.0,44,57,SOFT,0.0
1230,9473,1,31.0,1,4,MEDIUM,0.0
1230,9473,1,18.0,1,6,HARD,0.0
1230,9473,1,27.0,1,6,MEDIUM,0.0
1230,9473,1,11.0,1,7,HARD,0.0
1230,9473,1,20.0,1,7,HARD,0.0
1230,9473,1,44.0,1,7,HARD,0.0
1230,9473,1,4.0,1,8,MEDIUM,0.0
1230,9473,1,77.0,1,8,MEDIUM,0.0
1230,9473,1,81.0,1,8,HARD,0.0
1230,9473,1,1.0,1,9,HARD,0.0
1230,9473,1,10.0,1,9,MEDIUM,0.0
1230,9473,1,14.0,1,9,HARD,0.0
1230,9473,1,16.0,1,9,HARD,0.0
1230,9473,1,2.0,1,10,HARD,0.0
1230,9473,1,23.0,1,10,MEDIUM,0.0
1230,9473,1,55.0,1,10,HARD,0.0
1230,9473,1,24.0,1,11,HARD,0.0
1230,9473,1,63.0,1,11,HARD,0.0
1230,9473,1,3.0,1,13,HARD,0.0
1230,9473,1,22.0,1,13,HARD,0.0
1230,9473,2,31.0,5,11,MEDIUM,3.0
1230,9473,2,27.0,7,9,MEDIUM,0.0
1230,9473,2,18.0,7,13,SOFT,5.0
1230,9473,2,44.0,8,10,HARD,5.0
1230,9473,2,11.0,8,12,HARD,4.0
1230,9473,2,20.0,8,12,MEDIUM,0.0
1230,9473,2,77.0,9,13,SOFT,0.0
1230,9473,2,81.0,9,14,SOFT,0.0
1230,9473,2,4.0,9,15,SOFT,0.0
1230,9473,2,16.0,10,11,HARD,8.0
1230,9473,3,27.0,10,12,MEDIUM,0.0
1230,9473,2,1.0,10,15,SOFT,0.0
1230,9473,2,14.0,10,17,HARD,8.0
1230,9473,2,10.0,10,17,SOFT,0.0
1230,9473,2,55.0,11,11,HARD,9.0
1230,9473,3,44.0,11,13,SOFT,0.0
1230,9473,2,23.0,11,18,SOFT,0.0
1230,9473,2,2.0,11,18,SOFT,0.0
1230,9473,3,55.0,12,14,SOFT,0.0
1230,9473,2,63.0,12,14,SOFT,0.0
1230,9473,2,24.0,12,16,SOFT,0.0
1230,9473,3,16.0,12,18,SOFT,0.0
1230,9473,3,31.0,12,19,SOFT,0.0
1230,9473,3,11.0,13,15,SOFT,12.0
1230,9473,3,20.0,13,19,MEDIUM,5.0
1230,9473,4,27.0,13,20,MEDIUM,6.0
1230,9473,4,44.0,14,16,SOFT,3.0
1230,9473,2,3.0,14,18,MEDIUM,0.0
1230,9473,3,77.0,14,19,SOFT,5.0
1230,9473,3,18.0,14,19,SOFT,7.0
1230,9473,2,22.0,14,26,MEDIUM,0.0
1230,9473,3,63.0,15,17,SOFT,3.0
1230,9473,4,55.0,15,18,SOFT,3.0
1230,9473,3,81.0,15,20,SOFT,6.0
1230,9473,4,11.0,16,18,SOFT,3.0
1230,9473,3,4.0,16,23,SOFT,7.0
1230,9473,3,1.0,16,25,HARD,0.0
1230,9473,3,24.0,17,19,SOFT,5.0
1230,9473,5,44.0,17,22,HARD,0.0
1230,9473,4,63.0,18,24,HARD,10.0
1230,9473,3,14.0,18,25,SOFT,0.0
1230,9473,3,10.0,18,26,MEDIUM,0.0
1230,9473,3,3.0,19,22,MEDIUM,5.0
1230,9473,5,11.0,19,24,SOFT,6.0
1230,9473,5,55.0,19,25,HARD,10.0
1230,9473,4,16.0,19,25,HARD,10.0
1230,9473,3,23.0,19,27,MEDIUM,9.0
1230,9473,3,2.0,19,28,HARD,9.0
1230,9473,4,24.0,20,25,SOFT,8.0
1230,9473,4,77.0,20,27,SOFT,11.0
1230,9473,4,31.0,20,28,MEDIUM,10.0
1230,9473,4,81.0,21,23,HARD,0.0
1230,9473,4,3.0,23,26,MEDIUM,0.0
1230,9473,4,4.0,24,27,MEDIUM,7.0
1230,9474,1,63.0,1,3,MEDIUM,0.0
1230,9474,1,1.0,1,4,MEDIUM,0.0
1230,9474,1,11.0,1,4,MEDIUM,0.0
1230,9474,1,81.0,1,5,MEDIUM,0.0
1230,9474,1,4.0,1,6,HARD,0.0
1230,9474,1,20.0,1,6,MEDIUM,0.0
1230,9474,1,77.0,1,7,HARD,0.0
1230,9474,1,2.0,1,8,MEDIUM,0.0
1230,9474,1,14.0,1,8,MEDIUM,0.0
1230,9474,1,16.0,1,8,MEDIUM,0.0
1230,9474,1,18.0,1,8,MEDIUM,0.0
1230,9474,1,23.0,1,8,HARD,0.0
1230,9474,1,24.0,1,8,MEDIUM,0.0
1230,9474,1,31.0,1,8,MEDIUM,0.0
1230,9474,1,55.0,1,8,MEDIUM,0.0
1230,9474,1,10.0,1,9,MEDIUM,0.0
1230,9474,1,22.0,1,9,SOFT,0.0
1230,9474,1,27.0,1,9,HARD,0.0
1230,9474,1,44.0,1,9,MEDIUM,0.0
1230,9474,1,3.0,1,11,SOFT,0.0
1230,9474,2,63.0,4,9,MEDIUM,2.0
1230,9474,2,11.0,5,7,MEDIUM,3.0
1230,9474,2,1.0,5,9,MEDIUM,3.0
1230,9474,2,81.0,6,9,MEDIUM,4.0
1230,9474,2,4.0,7,9,SOFT,0.0
1230,9474,2,20.0,7,11,SOFT,0.0
1230,9474,3,11.0,8,10,SOFT,0.0
1230,9474,2,77.0,8,14,SOFT,0.0
1230,9474,2,16.0,9,11,SOFT,0.0
1230,9474,2,55.0,9,12,SOFT,0.0
1230,9474,2,23.0,9,13,SOFT,0.0
1230,9474,2,2.0,9,14,SOFT,0.0
1230,9474,2,14.0,9,14,SOFT,0.0
1230,9474,2,18.0,9,14,SOFT,0.0
1230,9474,2,24.0,9,15,SOFT,0.0
1230,9474,2,31.0,9,16,SOFT,0.0
1230,9474,2,27.0,10,12,SOFT,0.0
1230,9474,2,22.0,10,14,SOFT,0.0
1230,9474,2,44.0,10,14,SOFT,0.0
1230,9474,3,4.0,10,14,SOFT,3.0
1230,9474,3,1.0,10,15,SOFT,0.0
1230,9474,3,63.0,10,16,SOFT,0.0
1230,9474,3,81.0,10,16,SOFT,0.0
1230,9474,2,10.0,10,17,SOFT,0.0
1230,9474,4,11.0,11,28,MEDIUM,6.0
1230,9474,3,16.0,12,13,SOFT,3.0
1230,9474,2,3.0,12,17,SOFT,0.0
1230,9474,3,20.0,12,25,SOFT,0.0
1230,9474,3,55.0,13,17,SOFT,4.0
1230,9474,3,27.0,13,23,HARD,8.0
1230,9474,3,23.0,14,14,SOFT,5.0
1230,9474,4,16.0,14,23,SOFT,5.0
1230,9474,3,2.0,15,15,SOFT,6.0
1230,9474,3,77.0,15,15,SOFT,7.0
1230,9474,4,4.0,15,16,SOFT,8.0
1230,9474,3,44.0,15,20,MEDIUM,8.0
1230,9474,3,18.0,15,25,MEDIUM,7.0
1230,9474,3,22.0,15,29,SOFT,5.0
1230,9474,3,14.0,15,29,MEDIUM,7.0
1230,9474,4,23.0,15,29,HARD,0.0
1230,9474,4,1.0,16,28,MEDIUM,0.0
1230,9474,4,2.0,16,28,MEDIUM,7.0
1230,9474,3,24.0,16,28,MEDIUM,7.0
1230,9474,4,77.0,16,28,HARD,6.0
1230,9474,4,63.0,17,19,MEDIUM,8.0
1230,9474,5,4.0,17,24,HARD,5.0
1230,9474,4,81.0,17,25,MEDIUM,8.0
1230,9474,3,31.0,17,28,MEDIUM,7.0
1230,9474,4,55.0,18,27,MEDIUM,7.0
1230,9474,3,3.0,18,30,SOFT,6.0
1230,9474,3,10.0,18,30,MEDIUM,8.0
1230,9474,5,63.0,20,25,MEDIUM,11.0
1230,9474,4,44.0,21,23,MEDIUM,14.0
1230,9474,5,16.0,24,26,MEDIUM,7.0
1230,9474,4,27.0,24,27,SOFT,0.0
1230,9474,5,81.0,26,28,SOFT,0.0
1230,9474,4,18.0,26,28,SOFT,6.0
1230,9475,1,81.0,1,2,HARD,0.0
1230,9475,1,14.0,1,2,HARD,0.0
1230,9475,1,18.0,1,2,HARD,0.0
1230,9475,1,4.0,1,2,HARD,0.0
1230,9475,1,2.0,1,3,SOFT,0.0
1230,9475,1,44.0,1,4,SOFT,0.0
1230,9475,1,16.0,1,4,MEDIUM,0.0
1230,9475,1,27.0,1,6,SOFT,0.0
1230,9475,1,31.0,1,6,SOFT,0.0
1230,9475,1,10.0,1,6,SOFT,0.0
1230,9475,1,3.0,1,7,MEDIUM,0.0
1230,9475,1,20.0,1,7,SOFT,0.0
1230,9475,1,63.0,1,7,SOFT,0.0
1230,9475,1,23.0,1,7,SOFT,0.0
1230,9475,1,38.0,1,8,MEDIUM,0.0
1230,9475,1,77.0,1,8,MEDIUM,0.0
1230,9475,1,11.0,1,10,SOFT,0.0
1230,9475,1,1.0,1,10,SOFT,0.0
1230,9475,1,24.0,1,10,MEDIUM,0.0
1230,9475,1,22.0,1,10,MEDIUM,0.0
1230,9475,2,18.0,3,3,MEDIUM,0.0
1230,9475,2,14.0,3,3,MEDIUM,0.0
1230,9475,2,4.0,3,8,SOFT,0.0
1230,9475,2,81.0,3,8,MEDIUM,0.0
1230,9475,3,18.0,4,10,MEDIUM,0.0
1230,9475,3,14.0,4,10,MEDIUM,0.0
1230,9475,2,44.0,5,7,SOFT,3.0
1230,9475,2,16.0,5,7,MEDIUM,0.0
1230,9475,2,27.0,7,7,SOFT,0.0
1230,9475,2,31.0,7,9,SOFT,5.0
1230,9475,2,10.0,7,9,SOFT,5.0
1230,9475,2,20.0,8,8,SOFT,0.0
1230,9475,2,3.0,8,10,MEDIUM,6.0
1230,9475,2,23.0,8,10,SOFT,0.0
1230,9475,3,16.0,8,12,MEDIUM,6.0
1230,9475,3,27.0,8,12,SOFT,0.0
1230,9475,2,63.0,8,13,SOFT,6.0
1230,9475,3,44.0,8,15,SOFT,0.0
1230,9475,2,38.0,9,9,MEDIUM,7.0
1230,9475,3,81.0,9,12,SOFT,0.0
1230,9475,3,4.0,9,12,SOFT,6.0
1230,9475,3,20.0,9,13,SOFT,0.0
1230,9475,2,77.0,9,15,MEDIUM,7.0
1230,9475,3,10.0,10,14,SOFT,0.0
1230,9475,3,31.0,10,14,SOFT,0.0
1230,9475,3,38.0,10,18,MEDIUM,8.0
1230,9475,2,24.0,11,11,MEDIUM,9.0
1230,9475,2,22.0,11,11,MEDIUM,9.0
1230,9475,3,3.0,11,11,MEDIUM,9.0
1230,9475,2,11.0,11,14,SOFT,0.0
1230,9475,3,23.0,11,14,SOFT,3.0
1230,9475,2,1.0,11,14,SOFT,0.0
1230,9475,4,14.0,11,15,SOFT,0.0
1230,9475,4,18.0,11,15,SOFT,0.0
1230,9475,3,24.0,12,13,SOFT,0.0
1230,9475,3,22.0,12,14,MEDIUM,10.0
1230,9475,4,3.0,12,16,SOFT,0.0
1230,9475,4,16.0,13,17,SOFT,0.0
1230,9475,3,63.0,14,18,SOFT,0.0
1230,9475,4,22.0,15,19,SOFT,0.0
1230,9475,3,77.0,16,17,SOFT,0.0
1230,9475,4,44.0,16,20,SOFT,0.0
1230,9475,4,77.0,18,22,SOFT,0.0
1230,9475,4,38.0,19,23,SOFT,0.0
1230,9476,1,24.0,1,3,SOFT,0.0
1230,9476,1,3.0,1,4,SOFT,0.0
1230,9476,1,22.0,1,4,SOFT,0.0
1230,9476,1,44.0,1,4,MEDIUM,0.0
1230,9476,1,11.0,1,4,SOFT,0.0
1230,9476,1,63.0,1,4,MEDIUM,0.0
1230,9476,1,1.0,1,4,SOFT,0.0
1230,9476,1,77.0,1,6,SOFT,0.0
1230,9476,1,27.0,1,6,SOFT,0.0
1230,9476,1,18.0,1,6,SOFT,0.0
1230,9476,1,81.0,1,6,SOFT,0.0
1230,9476,1,23.0,1,6,SOFT,0.0
1230,9476,1,20.0,1,6,SOFT,0.0
1230,9476,1,4.0,1,6,SOFT,0.0
1230,9476,1,2.0,1,7,SOFT,0.0
1230,9476,1,14.0,1,7,SOFT,0.0
1230,9476,1,10.0,1,7,SOFT,0.0
1230,9476,1,31.0,1,7,SOFT,0.0
1230,9476,1,38.0,1,8,SOFT,0.0
1230,9476,1,16.0,1,9,SOFT,0.0
1230,9476,2,11.0,5,7,SOFT,3.0
1230,9476,2,1.0,5,7,SOFT,3.0
1230,9476,2,3.0,5,7,SOFT,0.0
1230,9476,2,22.0,5,7,SOFT,0.0
1230,9476,2,63.0,5,9,SOFT,0.0
1230,9476,2,44.0,5,10,SOFT,0.0
1230,9476,2,20.0,7,9,SOFT,0.0
1230,9476,2,27.0,7,9,SOFT,0.0
1230,9476,2,4.0,7,9,SOFT,5.0
1230,9476,2,81.0,7,9,SOFT,5.0
1230,9476,2,23.0,7,9,SOFT,0.0
1230,9476,2,18.0,7,9,SOFT,0.0
1230,9476,2,77.0,7,10,SOFT,0.0
1230,9476,3,11.0,8,8,SOFT,0.0
1230,9476,2,14.0,8,9,SOFT,6.0
1230,9476,2,10.0,8,10,SOFT,0.0
1230,9476,2,2.0,8,10,SOFT,0.0
1230,9476,3,3.0,8,10,SOFT,0.0
1230,9476,3,1.0,8,10,SOFT,0.0
1230,9476,3,22.0,8,10,SOFT,0.0
1230,9476,2,31.0,8,11,SOFT,0.0
1230,9476,2,38.0,9,10,SOFT,0.0
1230,9476,4,11.0,9,11,SOFT,1.0
1230,9476,3,27.0,10,11,SOFT,0.0
1230,9476,2,16.0,10,11,SOFT,0.0
1230,9476,3,23.0,10,11,SOFT,3.0
1230,9476,3,20.0,10,12,SOFT,0.0
1230,9476,3,63.0,10,12,SOFT,0.0
1230,9476,3,81.0,10,12,SOFT,0.0
1230,9476,3,4.0,10,12,SOFT,0.0
1230,9476,3,14.0,10,12,SOFT,0.0
1230,9476,3,18.0,10,12,SOFT,0.0
1230,9476,3,38.0,11,12,SOFT,2.0
1230,9476,3,44.0,11,13,SOFT,0.0
1230,9476,4,22.0,11,13,SOFT,0.0
1230,9476,4,3.0,11,13,SOFT,0.0
1230,9476,4,1.0,11,13,SOFT,3.0
1230,9476,3,16.0,12,14,SOFT,2.0
1230,9476,4,23.0,12,14,SOFT,5.0
1230,9476,5,11.0,12,14,SOFT,4.0
1230,9476,4,38.0,13,14,SOFT,0.0
1230,9476,4,18.0,13,14,SOFT,0.0
1230,9476,4,63.0,13,15,SOFT,3.0
1230,9476,4,20.0,13,15,SOFT,3.0
1230,9476,4,14.0,13,15,SOFT,0.0
1230,9476,4,81.0,13,17,SOFT,0.0
1230,9476,4,4.0,13,17,SOFT,0.0
1230,9476,4,44.0,14,16,SOFT,3.0
1230,9476,5,22.0,14,16,SOFT,3.0
1230,9476,5,1.0,14,16,SOFT,0.0
1230,9476,5,23.0,15,17,SOFT,8.0
1230,9476,4,16.0,15,17,SOFT,0.0
1230,9476,6,11.0,15,17,SOFT,0.0
1230,9476,5,18.0,15,17,SOFT,2.0
1230,9476,5,38.0,15,19,SOFT,0.0
1230,9476,5,20.0,16,18,SOFT,0.0
1230,9476,5,63.0,16,18,SOFT,0.0
1230,9476,5,14.0,16,18,SOFT,0.0
1230,9476,5,44.0,17,19,SOFT,0.0
1230,9476,6,1.0,17,19,SOFT,0.0
1230,9476,6,22.0,17,19,SOFT,0.0
1230,9476,5,81.0,18,20,SOFT,0.0
1230,9476,5,4.0,18,20,SOFT,3.0
1230,9476,7,11.0,18,20,SOFT,0.0
1230,9476,6,18.0,18,20,SOFT,0.0
1230,9476,5,16.0,18,21,SOFT,0.0
1230,9476,6,63.0,19,21,SOFT,3.0
1230,9476,6,44.0,20,22,SOFT,6.0
1230,9476,6,4.0,21,23,SOFT,0.0
1230,9476,6,81.0,21,23,SOFT,0.0
1230,9476,7,63.0,22,23,SOFT,0.0
1230,9476,6,16.0,22,24,SOFT,0.0
1230,9476,7,44.0,23,25,SOFT,0.0
1230,9480,1,10.0,1,2,MEDIUM,0.0
1230,9480,1,18.0,1,6,MEDIUM,1.0
1230,9480,1,77.0,1,7,SOFT,0.0
1230,9480,1,81.0,1,7,MEDIUM,0.0
1230,9480,1,1.0,1,7,MEDIUM,0.0
1230,9480,1,11.0,1,7,MEDIUM,0.0
1230,9480,1,63.0,1,7,MEDIUM,0.0
1230,9480,1,20.0,1,7,MEDIUM,0.0
1230,9480,1,23.0,1,7,MEDIUM,0.0
1230,9480,1,38.0,1,7,SOFT,0.0
1230,9480,1,2.0,1,7,MEDIUM,0.0
1230,9480,1,31.0,1,7,MEDIUM,0.0
1230,9480,1,16.0,1,7,MEDIUM,0.0
1230,9480,1,14.0,1,7,MEDIUM,1.0
1230,9480,1,22.0,1,7,MEDIUM,0.0
1230,9480,1,3.0,1,7,MEDIUM,0.0
1230,9480,1,27.0,1,34,MEDIUM,0.0
1230,9480,1,44.0,1,36,MEDIUM,0.0
1230,9480,1,4.0,1,37,MEDIUM,0.0
1230,9480,1,24.0,1,41,MEDIUM,0.0
1230,9480,2,77.0,8,35,HARD,0.0
1230,9480,2,22.0,8,50,HARD,0.0
1230,9480,2,2.0,8,50,HARD,0.0
1230,9480,2,31.0,8,50,HARD,0.0
1230,9480,2,3.0,8,50,HARD,0.0
1230,9480,2,1.0,8,51,HARD,0.0
1230,9480,2,16.0,8,51,HARD,0.0
1230,9480,2,11.0,8,51,HARD,0.0
1230,9480,2,14.0,8,51,HARD,1.0
1230,9480,2,81.0,8,51,HARD,1.0
1230,9480,2,63.0,8,51,HARD,0.0
1230,9480,2,23.0,8,51,HARD,0.0
1230,9480,2,38.0,8,51,HARD,0.0
1230,9480,2,20.0,8,51,HARD,0.0
1230,9480,2,27.0,34,51,HARD,0.0
1230,9480,3,77.0,36,50,SOFT,0.0
1230,9480,2,44.0,37,51,SOFT,3.0
1230,9480,2,4.0,38,51,SOFT,1.0
1230,9480,2,24.0,42,50,SOFT,0.0
1231,9481,1,31.0,1,2,MEDIUM,0.0
1231,9481,1,77.0,1,2,MEDIUM,0.0
1231,9481,1,14.0,1,3,MEDIUM,0.0
1231,9481,1,1.0,1,4,SOFT,0.0
1231,9481,1,16.0,1,4,SOFT,0.0
1231,9481,1,44.0,1,6,MEDIUM,0.0
1231,9481,1,10.0,1,7,MEDIUM,0.0
1231,9481,1,18.0,1,7,MEDIUM,0.0
1231,9481,1,63.0,1,7,MEDIUM,0.0
1231,9481,1,4.0,1,8,MEDIUM,0.0
1231,9481,1,11.0,1,8,SOFT,0.0
1231,9481,1,20.0,1,8,MEDIUM,0.0
1231,9481,1,27.0,1,8,MEDIUM,0.0
1231,9481,1,55.0,1,8,SOFT,0.0
1231,9481,1,81.0,1,8,MEDIUM,0.0
1231,9481,1,2.0,1,10,MEDIUM,0.0
1231,9481,1,23.0,1,10,MEDIUM,0.0
1231,9481,1,24.0,1,10,MEDIUM,0.0
1231,9481,1,3.0,1,13,MEDIUM,0.0
1231,9481,1,22.0,1,14,MEDIUM,0.0
1231,9481,2,77.0,3,3,MEDIUM,1.0
1231,9481,2,31.0,3,14,MEDIUM,1.0
1231,9481,2,14.0,4,5,MEDIUM,2.0
1231,9481,3,77.0,4,12,MEDIUM,2.0
1231,9481,2,16.0,5,9,SOFT,2.0
1231,9481,2,1.0,5,9,SOFT,3.0
1231,9481,3,14.0,6,11,MEDIUM,4.0
1231,9481,2,44.0,7,12,MEDIUM,0.0
1231,9481,2,18.0,8,12,MEDIUM,0.0
1231,9481,2,63.0,8,12,MEDIUM,6.0
1231,9481,2,10.0,8,18,MEDIUM,6.0
1231,9481,2,81.0,9,11,MEDIUM,7.0
1231,9481,2,4.0,9,11,MEDIUM,0.0
1231,9481,2,11.0,9,11,SOFT,7.0
1231,9481,2,27.0,9,11,SOFT,0.0
1231,9481,2,55.0,9,11,SOFT,4.0
1231,9481,2,20.0,9,14,SOFT,0.0
1231,9481,3,1.0,10,13,SOFT,8.0
1231,9481,3,16.0,10,15,SOFT,0.0
1231,9481,2,24.0,11,11,MEDIUM,0.0
1231,9481,2,23.0,11,12,SOFT,0.0
1231,9481,2,2.0,11,15,SOFT,0.0
1231,9481,3,55.0,12,13,SOFT,0.0
1231,9481,3,4.0,12,14,SOFT,0.0
1231,9481,3,24.0,12,14,SOFT,0.0
1231,9481,3,27.0,12,14,SOFT,0.0
1231,9481,3,11.0,12,17,SOFT,0.0
1231,9481,4,14.0,12,17,SOFT,0.0
1231,9481,3,81.0,12,18,SOFT,0.0
1231,9481,3,44.0,13,13,SOFT,0.0
1231,9481,4,77.0,13,14,SOFT,0.0
1231,9481,3,63.0,13,15,SOFT,0.0
1231,9481,3,18.0,13,19,SOFT,0.0
1231,9481,2,3.0,14,15,SOFT,0.0
1231,9481,4,1.0,14,15,SOFT,0.0
1231,9481,4,44.0,14,21,SOFT,0.0
1231,9481,4,55.0,14,21,SOFT,5.0
1231,9481,4,4.0,15,15,SOFT,3.0
1231,9481,3,31.0,15,16,SOFT,0.0
1231,9481,4,24.0,15,17,SOFT,0.0
1231,9481,2,22.0,15,19,SOFT,0.0
1231,9481,4,27.0,15,22,MEDIUM,0.0
1231,9481,3,20.0,15,22,MEDIUM,0.0
1231,9481,5,77.0,15,22,MEDIUM,11.0
1231,9481,5,1.0,16,16,SOFT,2.0
1231,9481,3,3.0,16,18,SOFT,2.0
1231,9481,4,63.0,16,22,SOFT,3.0
1231,9481,3,2.0,16,23,MEDIUM,9.0
1231,9481,4,16.0,16,23,SOFT,6.0
1231,9481,5,4.0,16,24,SOFT,4.0
1231,9481,4,31.0,17,18,SOFT,2.0
1231,9481,6,1.0,17,20,SOFT,3.0
1231,9481,5,24.0,18,18,SOFT,6.0
1231,9481,4,11.0,18,24,SOFT,0.0
1231,9481,6,24.0,19,24,MEDIUM,10.0
1231,9481,5,31.0,19,26,SOFT,4.0
1231,9481,4,3.0,19,26,SOFT,5.0
1231,9481,3,10.0,19,26,SOFT,0.0
1231,9481,4,81.0,19,26,MEDIUM,0.0
1231,9481,4,18.0,20,27,MEDIUM,0.0
1231,9481,3,22.0,20,27,MEDIUM,13.0
1231,9482,1,23.0,1,1,,
1231,9482,1,27.0,1,4,MEDIUM,0.0
1231,9482,1,11.0,1,6,MEDIUM,0.0
1231,9482,1,14.0,1,6,MEDIUM,0.0
1231,9482,1,18.0,1,6,MEDIUM,0.0
1231,9482,1,81.0,1,6,MEDIUM,0.0
1231,9482,1,4.0,1,7,MEDIUM,0.0
1231,9482,1,2.0,1,8,MEDIUM,0.0
1231,9482,1,55.0,1,8,MEDIUM,0.0
1231,9482,1,63.0,1,8,MEDIUM,0.0
1231,9482,1,1.0,1,9,MEDIUM,0.0
1231,9482,1,20.0,1,9,MEDIUM,0.0
1231,9482,1,3.0,1,10,MEDIUM,0.0
1231,9482,1,16.0,1,10,MEDIUM,0.0
1231,9482,1,22.0,1,10,MEDIUM,0.0
1231,9482,1,24.0,1,10,MEDIUM,0.0
1231,9482,1,31.0,1,10,MEDIUM,0.0
1231,9482,1,44.0,1,10,MEDIUM,0.0
1231,9482,1,77.0,1,10,MEDIUM,0.0
1231,9482,1,10.0,1,12,MEDIUM,0.0
1231,9482,2,27.0,5,7,MEDIUM,0.0
1231,9482,2,11.0,7,9,MEDIUM,0.0
1231,9482,2,81.0,7,11,SOFT,0.0
1231,9482,2,18.0,7,13,SOFT,0.0
1231,9482,2,14.0,7,14,SOFT,0.0
1231,9482,2,4.0,8,10,SOFT,0.0
1231,9482,3,27.0,8,14,SOFT,0.0
1231,9482,2,55.0,9,11,SOFT,0.0
1231,9482,2,2.0,9,14,SOFT,0.0
1231,9482,2,63.0,9,15,SOFT,0.0
1231,9482,2,1.0,10,12,SOFT,0.0
1231,9482,2,20.0,10,16,SOFT,0.0
1231,9482,3,11.0,10,18,SOFT,0.0
1231,9482,2,77.0,11,13,SOFT,0.0
1231,9482,2,24.0,11,13,SOFT,0.0
1231,9482,2,16.0,11,13,SOFT,0.0
1231,9482,3,4.0,11,13,SOFT,3.0
1231,9482,2,3.0,11,16,SOFT,0.0
1231,9482,2,22.0,11,16,SOFT,0.0
1231,9482,2,44.0,11,17,SOFT,0.0
1231,9482,2,31.0,11,19,SOFT,0.0
1231,9482,3,55.0,12,14,SOFT,3.0
1231,9482,3,81.0,12,24,MEDIUM,5.0
1231,9482,3,1.0,13,15,SOFT,3.0
1231,9482,2,10.0,13,19,SOFT,0.0
1231,9482,3,77.0,14,15,SOFT,3.0
1231,9482,3,24.0,14,16,SOFT,3.0
1231,9482,3,16.0,14,16,SOFT,3.0
1231,9482,4,4.0,14,24,MEDIUM,6.0
1231,9482,3,18.0,14,26,MEDIUM,5.0
1231,9482,3,2.0,15,21,SOFT,6.0
1231,9482,4,27.0,15,26,MEDIUM,6.0
1231,9482,4,55.0,15,26,MEDIUM,7.0
1231,9482,3,14.0,15,29,MEDIUM,0.0
1231,9482,4,77.0,16,17,SOFT,5.0
1231,9482,4,1.0,16,22,MEDIUM,8.0
1231,9482,3,63.0,16,25,MEDIUM,7.0
1231,9482,4,24.0,17,18,SOFT,6.0
1231,9482,3,3.0,17,26,MEDIUM,9.0
1231,9482,4,16.0,17,27,MEDIUM,0.0
1231,9482,3,22.0,17,28,MEDIUM,9.0
1231,9482,3,20.0,17,32,MEDIUM,8.0
1231,9482,3,44.0,18,21,MEDIUM,9.0
1231,9482,5,77.0,18,33,MEDIUM,9.0
1231,9482,4,11.0,19,30,MEDIUM,8.0
1231,9482,5,24.0,19,33,MEDIUM,9.0
1231,9482,3,10.0,20,30,MEDIUM,11.0
1231,9482,3,31.0,20,33,MEDIUM,9.0
1231,9482,4,2.0,22,24,SOFT,0.0
1231,9482,4,44.0,22,24,MEDIUM,0.0
1231,9482,4,81.0,25,30,SOFT,0.0
1231,9482,5,27.0,27,29,SOFT,0.0
1231,9482,4,18.0,27,30,SOFT,18.0
1231,9482,4,3.0,27,31,MEDIUM,19.0
1231,9482,4,14.0,30,32,SOFT,8.0
1231,9482,4,10.0,31,34,SOFT,7.0
1231,9482,5,11.0,31,34,SOFT,0.0
1231,9483,1,4.0,1,2,HARD,0.0
1231,9483,1,14.0,1,2,HARD,0.0
1231,9483,1,18.0,1,2,HARD,0.0
1231,9483,1,24.0,1,2,HARD,0.0
1231,9483,1,77.0,1,2,MEDIUM,0.0
1231,9483,1,81.0,1,2,HARD,0.0
1231,9483,1,3.0,1,4,SOFT,0.0
1231,9483,1,44.0,1,4,SOFT,0.0
1231,9483,1,11.0,1,6,MEDIUM,0.0
1231,9483,1,20.0,1,7,SOFT,0.0
1231,9483,1,27.0,1,8,SOFT,0.0
1231,9483,1,55.0,1,8,MEDIUM,0.0
1231,9483,1,1.0,1,9,MEDIUM,0.0
1231,9483,1,16.0,1,9,MEDIUM,0.0
1231,9483,1,31.0,1,9,SOFT,0.0
1231,9483,1,22.0,1,10,SOFT,0.0
1231,9483,1,10.0,1,11,SOFT,0.0
1231,9483,1,23.0,1,11,MEDIUM,0.0
1231,9483,1,63.0,1,11,SOFT,0.0
1231,9483,2,4.0,3,3,HARD,0.0
1231,9483,2,77.0,3,3,HARD,0.0
1231,9483,2,24.0,3,3,MEDIUM,0.0
1231,9483,2,14.0,3,3,HARD,0.0
1231,9483,2,18.0,3,3,HARD,0.0
1231,9483,2,81.0,3,3,HARD,0.0
1231,9483,3,14.0,4,4,MEDIUM,0.0
1231,9483,3,18.0,4,4,MEDIUM,0.0
1231,9483,3,77.0,4,8,SOFT,0.0
1231,9483,3,24.0,4,8,SOFT,0.0
1231,9483,3,81.0,4,9,SOFT,0.0
1231,9483,3,4.0,4,12,SOFT,0.0
1231,9483,2,44.0,5,7,SOFT,3.0
1231,9483,2,3.0,5,10,SOFT,3.0
1231,9483,4,18.0,5,11,SOFT,0.0
1231,9483,4,14.0,5,11,SOFT,0.0
1231,9483,2,11.0,7,9,MEDIUM,5.0
1231,9483,2,20.0,8,8,SOFT,6.0
1231,9483,3,44.0,8,10,SOFT,0.0
1231,9483,2,27.0,9,9,SOFT,0.0
1231,9483,4,24.0,9,11,SOFT,0.0
1231,9483,4,77.0,9,12,SOFT,5.0
1231,9483,2,55.0,9,14,MEDIUM,7.0
1231,9483,3,20.0,9,15,SOFT,0.0
1231,9483,2,16.0,10,12,MEDIUM,0.0
1231,9483,4,81.0,10,14,SOFT,0.0
1231,9483,3,27.0,10,15,SOFT,0.0
1231,9483,2,1.0,10,19,MEDIUM,8.0
1231,9483,2,31.0,10,19,SOFT,0.0
1231,9483,3,11.0,10,21,MEDIUM,8.0
1231,9483,3,3.0,11,11,SOFT,0.0
1231,9483,2,22.0,11,11,SOFT,9.0
1231,9483,4,44.0,11,15,SOFT,0.0
1231,9483,5,18.0,12,12,SOFT,0.0
1231,9483,5,14.0,12,12,SOFT,0.0
1231,9483,3,22.0,12,12,SOFT,0.0
1231,9483,5,24.0,12,14,SOFT,0.0
1231,9483,2,23.0,12,18,SOFT,0.0
1231,9483,2,10.0,12,20,SOFT,0.0
1231,9483,2,63.0,12,21,SOFT,0.0
1231,9483,4,3.0,12,21,SOFT,0.0
1231,9483,3,16.0,13,15,MEDIUM,0.0
1231,9483,6,14.0,13,15,SOFT,0.0
1231,9483,6,18.0,13,17,SOFT,0.0
1231,9483,5,77.0,13,18,SOFT,0.0
1231,9483,4,4.0,13,19,SOFT,0.0
1231,9483,4,22.0,13,20,SOFT,0.0
1231,9483,5,81.0,15,15,SOFT,0.0
1231,9483,6,24.0,15,17,SOFT,3.0
1231,9483,3,55.0,15,17,SOFT,0.0
1231,9483,4,27.0,16,18,SOFT,6.0
1231,9483,4,20.0,16,19,SOFT,7.0
1231,9483,6,81.0,16,20,SOFT,0.0
1231,9483,5,44.0,16,21,SOFT,5.0
1231,9483,7,14.0,16,21,SOFT,3.0
1231,9483,4,16.0,16,23,SOFT,0.0
1231,9483,7,24.0,18,20,SOFT,6.0
1231,9483,4,55.0,18,21,SOFT,3.0
1231,9483,7,18.0,18,23,SOFT,5.0
1231,9483,3,23.0,19,21,SOFT,7.0
1231,9483,6,77.0,19,21,SOFT,0.0
1231,9483,5,4.0,20,23,SOFT,7.0
1231,9483,3,1.0,20,29,SOFT,0.0
1231,9483,4,11.0,22,24,SOFT,0.0
1231,9483,4,23.0,22,24,MEDIUM,10.0
1231,9483,3,63.0,22,24,SOFT,10.0
1231,9483,5,11.0,25,29,SOFT,0.0
1231,9484,1,1.0,1,4,SOFT,0.0
1231,9484,1,22.0,1,4,SOFT,0.0
1231,9484,1,3.0,1,4,SOFT,0.0
1231,9484,1,31.0,1,5,SOFT,0.0
1231,9484,1,20.0,1,5,SOFT,0.0
1231,9484,1,10.0,1,5,SOFT,0.0
1231,9484,1,81.0,1,6,SOFT,0.0
1231,9484,1,4.0,1,6,SOFT,0.0
1231,9484,1,27.0,1,6,SOFT,0.0
1231,9484,1,16.0,1,7,SOFT,0.0
1231,9484,1,55.0,1,7,SOFT,0.0
1231,9484,1,63.0,1,7,SOFT,0.0
1231,9484,1,14.0,1,7,SOFT,0.0
1231,9484,1,11.0,1,7,SOFT,0.0
1231,9484,1,18.0,1,7,SOFT,0.0
1231,9484,1,77.0,1,7,SOFT,0.0
1231,9484,1,23.0,1,7,SOFT,0.0
1231,9484,1,24.0,1,7,SOFT,0.0
1231,9484,1,44.0,1,10,SOFT,0.0
1231,9484,2,1.0,5,7,SOFT,0.0
1231,9484,2,3.0,5,7,SOFT,0.0
1231,9484,2,22.0,5,7,SOFT,0.0
1231,9484,2,20.0,6,8,SOFT,0.0
1231,9484,2,10.0,6,12,SOFT,0.0
1231,9484,2,31.0,6,12,SOFT,0.0
1231,9484,2,81.0,7,8,SOFT,5.0
1231,9484,2,4.0,7,8,SOFT,0.0
1231,9484,2,27.0,7,9,SOFT,0.0
1231,9484,2,11.0,8,10,SOFT,6.0
1231,9484,2,23.0,8,10,SOFT,0.0
1231,9484,3,1.0,8,10,SOFT,6.0
1231,9484,2,18.0,8,10,SOFT,0.0
1231,9484,2,77.0,8,10,SOFT,0.0
1231,9484,2,24.0,8,10,SOFT,0.0
1231,9484,2,63.0,8,10,SOFT,6.0
1231,9484,2,55.0,8,10,SOFT,0.0
1231,9484,2,16.0,8,10,SOFT,5.0
1231,9484,3,22.0,8,10,SOFT,3.0
1231,9484,2,14.0,8,11,SOFT,0.0
1231,9484,3,4.0,9,11,SOFT,0.0
1231,9484,3,81.0,9,11,SOFT,0.0
1231,9484,3,20.0,9,11,SOFT,3.0
1231,9484,4,1.0,11,13,SOFT,0.0
1231,9484,3,23.0,11,13,SOFT,0.0
1231,9484,3,11.0,11,13,SOFT,0.0
1231,9484,2,44.0,11,13,SOFT,0.0
1231,9484,3,77.0,11,13,SOFT,2.0
1231,9484,3,55.0,11,13,SOFT,0.0
1231,9484,3,16.0,11,13,SOFT,0.0
1231,9484,4,22.0,11,13,SOFT,0.0
1231,9484,3,18.0,11,14,SOFT,0.0
1231,9484,3,63.0,11,14,SOFT,0.0
1231,9484,4,81.0,12,13,SOFT,0.0
1231,9484,4,20.0,12,14,SOFT,0.0
1231,9484,4,4.0,12,14,SOFT,0.0
1231,9484,3,14.0,12,16,SOFT,0.0
1231,9484,3,31.0,13,15,SOFT,6.0
1231,9484,5,1.0,14,16,SOFT,3.0
1231,9484,4,11.0,14,16,SOFT,3.0
1231,9484,4,23.0,14,16,SOFT,0.0
1231,9484,3,44.0,14,16,SOFT,0.0
1231,9484,4,77.0,14,16,SOFT,0.0
1231,9484,4,16.0,14,16,SOFT,3.0
1231,9484,4,55.0,14,16,SOFT,0.0
1231,9484,5,22.0,14,16,SOFT,0.0
1231,9484,5,81.0,14,16,SOFT,0.0
1231,9484,4,63.0,15,17,SOFT,0.0
1231,9484,5,4.0,15,17,SOFT,0.0
1231,9484,4,18.0,15,19,SOFT,0.0
1231,9484,4,31.0,16,22,SOFT,0.0
1231,9484,5,11.0,17,17,SOFT,6.0
1231,9484,4,14.0,17,18,SOFT,4.0
1231,9484,5,16.0,17,19,SOFT,0.0
1231,9484,6,1.0,17,19,SOFT,0.0
1231,9484,5,55.0,17,19,SOFT,0.0
1231,9484,6,81.0,17,19,SOFT,0.0
1231,9484,6,22.0,17,19,SOFT,0.0
1231,9484,5,63.0,18,20,SOFT,3.0
1231,9484,6,11.0,18,20,SOFT,0.0
1231,9484,6,4.0,18,20,SOFT,0.0
1231,9484,5,14.0,19,22,SOFT,0.0
1231,9484,6,16.0,20,21,SOFT,0.0
1231,9484,7,1.0,20,22,SOFT,0.0
1231,9484,5,18.0,20,24,SOFT,0.0
1231,9484,7,11.0,21,23,SOFT,0.0
1231,9484,6,63.0,21,24,SOFT,0.0
1231,9488,1,1.0,1,4,MEDIUM,0.0
1231,9488,1,3.0,1,5,SOFT,0.0
1231,9488,1,23.0,1,6,MEDIUM,0.0
1231,9488,1,24.0,1,6,SOFT,1.0
1231,9488,1,44.0,1,7,SOFT,0.0
1231,9488,1,20.0,1,7,MEDIUM,0.0
1231,9488,1,63.0,1,8,MEDIUM,0.0
1231,9488,1,18.0,1,8,MEDIUM,1.0
1231,9488,1,77.0,1,8,MEDIUM,1.0
1231,9488,1,16.0,1,9,MEDIUM,0.0
1231,9488,1,81.0,1,9,MEDIUM,0.0
1231,9488,1,22.0,1,9,MEDIUM,0.0
1231,9488,1,31.0,1,9,MEDIUM,0.0
1231,9488,1,4.0,1,14,MEDIUM,0.0
1231,9488,1,11.0,1,14,MEDIUM,0.0
1231,9488,1,55.0,1,16,MEDIUM,0.0
1231,9488,1,14.0,1,17,HARD,1.0
1231,9488,1,27.0,1,17,HARD,0.0
1231,9488,1,10.0,1,17,MEDIUM,0.0
1231,9488,2,3.0,6,29,HARD,0.0
1231,9488,2,23.0,7,27,HARD,0.0
1231,9488,2,24.0,7,35,HARD,1.0
1231,9488,2,44.0,8,16,HARD,0.0
1231,9488,2,20.0,8,33,HARD,0.0
1231,9488,2,77.0,9,36,HARD,0.0
1231,9488,2,18.0,9,37,HARD,1.0
1231,9488,2,63.0,9,45,HARD,0.0
1231,9488,2,31.0,10,16,HARD,0.0
1231,9488,2,16.0,10,34,HARD,0.0
1231,9488,2,22.0,10,36,HARD,0.0
1231,9488,2,81.0,10,39,HARD,1.0
1231,9488,2,11.0,15,35,HARD,0.0
1231,9488,2,4.0,15,40,HARD,1.0
1231,9488,2,55.0,17,41,HARD,0.0
1231,9488,3,31.0,17,42,HARD,0.0
1231,9488,2,27.0,18,35,MEDIUM,0.0
1231,9488,2,14.0,18,41,MEDIUM,1.0
1231,9488,2,10.0,18,41,HARD,0.0
1231,9488,3,23.0,28,58,HARD,0.0
1231,9488,3,3.0,30,58,HARD,0.0
1231,9488,3,20.0,34,58,HARD,0.0
1231,9488,3,16.0,35,59,HARD,0.0
1231,9488,3,24.0,36,58,HARD,0.0
1231,9488,3,11.0,36,59,HARD,0.0
1231,9488,3,27.0,36,59,HARD,0.0
1231,9488,3,77.0,37,58,HARD,0.0
1231,9488,3,22.0,37,59,HARD,0.0
1231,9488,3,18.0,38,59,HARD,0.0
1231,9488,3,81.0,40,59,HARD,1.0
1231,9488,3,4.0,41,59,HARD,1.0
1231,9488,3,10.0,42,58,HARD,0.0
1231,9488,3,55.0,42,59,HARD,0.0
1231,9488,3,14.0,42,59,HARD,1.0
1231,9488,4,31.0,43,58,HARD,7.0
1231,9488,3,63.0,46,57,HARD,0.0
1232,9489,1,1.0,1,2,HARD,0.0
1232,9489,1,23.0,1,2,MEDIUM,0.0
1232,9489,1,77.0,1,2,MEDIUM,0.0
1232,9489,1,40.0,1,3,MEDIUM,0.0
1232,9489,1,18.0,1,3,MEDIUM,0.0
1232,9489,1,11.0,1,6,HARD,0.0
1232,9489,1,81.0,1,6,MEDIUM,0.0
1232,9489,1,10.0,1,6,MEDIUM,0.0
1232,9489,1,4.0,1,8,MEDIUM,0.0
1232,9489,1,24.0,1,8,MEDIUM,0.0
1232,9489,1,44.0,1,8,MEDIUM,0.0
1232,9489,1,27.0,1,8,MEDIUM,0.0
1232,9489,1,2.0,1,9,MEDIUM,0.0
1232,9489,1,63.0,1,9,MEDIUM,0.0
1232,9489,1,22.0,1,9,MEDIUM,0.0
1232,9489,1,20.0,1,9,HARD,0.0
1232,9489,1,16.0,1,9,HARD,0.0
1232,9489,1,14.0,1,10,MEDIUM,0.0
1232,9489,1,55.0,1,10,HARD,0.0
1232,9489,1,31.0,1,10,MEDIUM,0.0
1232,9489,2,23.0,3,3,MEDIUM,1.0
1232,9489,2,1.0,3,9,HARD,1.0
1232,9489,2,77.0,3,9,MEDIUM,1.0
1232,9489,3,23.0,4,4,MEDIUM,2.0
1232,9489,2,18.0,4,7,MEDIUM,2.0
1232,9489,2,40.0,4,12,MEDIUM,2.0
1232,9489,4,23.0,5,8,MEDIUM,0.0
1232,9489,2,81.0,7,9,MEDIUM,5.0
1232,9489,2,11.0,7,10,HARD,5.0
1232,9489,2,10.0,7,11,MEDIUM,5.0
1232,9489,3,18.0,8,12,MEDIUM,6.0
1232,9489,2,4.0,9,10,SOFT,0.0
1232,9489,2,27.0,9,10,SOFT,0.0
1232,9489,2,24.0,9,10,MEDIUM,0.0
1232,9489,2,44.0,9,11,SOFT,0.0
1232,9489,5,23.0,9,13,SOFT,0.0
1232,9489,2,20.0,10,10,SOFT,0.0
1232,9489,2,2.0,10,11,SOFT,0.0
1232,9489,3,81.0,10,11,SOFT,0.0
1232,9489,2,22.0,10,12,MEDIUM,8.0
1232,9489,3,1.0,10,12,SOFT,0.0
1232,9489,2,63.0,10,12,SOFT,0.0
1232,9489,2,16.0,10,13,SOFT,0.0
1232,9489,3,77.0,10,14,MEDIUM,0.0
1232,9489,3,11.0,11,13,SOFT,0.0
1232,9489,2,55.0,11,13,SOFT,0.0
1232,9489,2,14.0,11,13,SOFT,0.0
1232,9489,3,27.0,11,13,SOFT,2.0
1232,9489,3,4.0,11,13,SOFT,2.0
1232,9489,3,20.0,11,16,SOFT,0.0
1232,9489,3,24.0,11,16,MEDIUM,2.0
1232,9489,2,31.0,11,20,SOFT,0.0
1232,9489,3,10.0,12,12,MEDIUM,10.0
1232,9489,4,81.0,12,14,SOFT,2.0
1232,9489,3,44.0,12,20,SOFT,3.0
1232,9489,4,10.0,13,13,MEDIUM,0.0
1232,9489,3,22.0,13,18,SOFT,0.0
1232,9489,4,18.0,13,18,SOFT,0.0
1232,9489,4,1.0,13,19,HARD,8.0
1232,9489,3,63.0,13,19,SOFT,3.0
1232,9489,3,40.0,13,23,SOFT,0.0
1232,9489,4,11.0,14,16,SOFT,3.0
1232,9489,6,23.0,14,16,SOFT,5.0
1232,9489,5,10.0,14,19,SOFT,0.0
1232,9489,3,16.0,14,19,HARD,8.0
1232,9489,4,27.0,14,20,SOFT,5.0
1232,9489,3,55.0,14,21,SOFT,0.0
1232,9489,3,14.0,14,21,SOFT,3.0
1232,9489,4,4.0,14,23,MEDIUM,7.0
1232,9489,4,77.0,15,15,MEDIUM,5.0
1232,9489,5,81.0,15,24,MEDIUM,8.0
1232,9489,5,77.0,16,18,MEDIUM,8.0
1232,9489,7,23.0,17,19,MEDIUM,7.0
1232,9489,5,11.0,17,19,HARD,9.0
1232,9489,4,24.0,17,19,MEDIUM,0.0
1232,9489,4,20.0,17,22,SOFT,7.0
1232,9489,4,22.0,19,21,MEDIUM,11.0
1232,9489,6,10.0,20,24,SOFT,6.0
1232,9489,4,44.0,21,24,MEDIUM,0.0
1232,9490,1,11.0,1,1,,
1232,9490,1,18.0,1,1,,
1232,9490,1,2.0,1,1,,
1232,9490,1,1.0,1,1,,
1232,9490,1,14.0,1,1,,
1232,9490,1,63.0,1,1,,
1232,9490,1,10.0,1,1,,
1232,9490,1,77.0,1,2,INTERMEDIATE,0.0
1232,9490,1,81.0,1,2,INTERMEDIATE,0.0
1232,9490,1,3.0,1,2,MEDIUM,0.0
1232,9490,1,20.0,1,2,SOFT,0.0
1232,9490,1,23.0,1,2,INTERMEDIATE,0.0
1232,9490,1,24.0,1,2,INTERMEDIATE,0.0
1232,9490,1,44.0,1,3,MEDIUM,0.0
1232,9490,1,27.0,1,3,SOFT,0.0
1232,9490,1,31.0,1,4,SOFT,0.0
1232,9490,1,4.0,1,4,SOFT,0.0
1232,9490,1,55.0,1,4,SOFT,0.0
1232,9490,1,16.0,1,5,SOFT,0.0
1232,9490,1,22.0,1,6,INTERMEDIATE,0.0
1232,9490,2,24.0,3,3,INTERMEDIATE,1.0
1232,9490,2,77.0,3,3,INTERMEDIATE,1.0
1232,9490,2,23.0,3,3,INTERMEDIATE,0.0
1232,9490,2,20.0,3,5,INTERMEDIATE,0.0
1232,9490,2,3.0,3,7,INTERMEDIATE,0.0
1232,9490,2,81.0,3,8,SOFT,0.0
1232,9490,3,24.0,4,4,INTERMEDIATE,2.0
1232,9490,3,77.0,4,4,INTERMEDIATE,2.0
1232,9490,3,23.0,4,6,INTERMEDIATE,0.0
1232,9490,2,27.0,4,6,SOFT,2.0
1232,9490,2,44.0,4,7,SOFT,0.0
1232,9490,4,24.0,5,5,INTERMEDIATE,3.0
1232,9490,4,77.0,5,5,INTERMEDIATE,3.0
1232,9490,5,24.0,6,8,SOFT,0.0
1232,9490,5,77.0,6,8,SOFT,0.0
1232,9490,2,22.0,7,9,INTERMEDIATE,5.0
1232,9490,3,3.0,8,10,INTERMEDIATE,5.0
1232,9491,1,23.0,1,2,HARD,0.0
1232,9491,1,24.0,1,4,SOFT,0.0
1232,9491,1,77.0,1,4,SOFT,0.0
1232,9491,1,81.0,1,4,SOFT,0.0
1232,9491,1,4.0,1,4,SOFT,0.0
1232,9491,1,44.0,1,4,SOFT,0.0
1232,9491,1,27.0,1,6,MEDIUM,0.0
1232,9491,1,1.0,1,6,MEDIUM,0.0
1232,9491,1,20.0,1,7,MEDIUM,0.0
1232,9491,1,2.0,1,7,MEDIUM,0.0
1232,9491,1,22.0,1,7,SOFT,0.0
1232,9491,1,16.0,1,7,MEDIUM,0.0
1232,9491,1,14.0,1,8,HARD,0.0
1232,9491,1,55.0,1,8,MEDIUM,0.0
1232,9491,1,11.0,1,8,MEDIUM,0.0
1232,9491,1,18.0,1,8,HARD,0.0
1232,9491,1,3.0,1,8,SOFT,0.0
1232,9491,1,10.0,1,11,SOFT,0.0
1232,9491,1,31.0,1,11,SOFT,0.0
1232,9491,1,63.0,1,15,MEDIUM,0.0
1232,9491,2,23.0,3,9,MEDIUM,0.0
1232,9491,2,44.0,5,6,SOFT,3.0
1232,9491,2,77.0,5,7,SOFT,3.0
1232,9491,2,24.0,5,7,SOFT,3.0
1232,9491,2,4.0,5,7,SOFT,3.0
1232,9491,2,81.0,5,14,SOFT,3.0
1232,9491,2,1.0,7,9,MEDIUM,5.0
1232,9491,2,27.0,7,15,MEDIUM,5.0
1232,9491,3,44.0,7,16,SOFT,5.0
1232,9491,3,4.0,8,12,SOFT,0.0
1232,9491,2,22.0,8,13,SOFT,6.0
1232,9491,2,2.0,8,13,MEDIUM,6.0
1232,9491,2,20.0,8,16,MEDIUM,6.0
1232,9491,3,24.0,8,17,SOFT,0.0
1232,9491,3,77.0,8,18,SOFT,6.0
1232,9491,2,16.0,8,20,MEDIUM,6.0
1232,9491,2,3.0,9,10,SOFT,0.0
1232,9491,2,18.0,9,17,HARD,7.0
1232,9491,2,11.0,9,18,MEDIUM,7.0
1232,9491,2,14.0,9,19,HARD,7.0
1232,9491,2,55.0,9,21,MEDIUM,7.0
1232,9491,3,23.0,10,16,MEDIUM,0.0
1232,9491,3,1.0,10,18,MEDIUM,8.0
1232,9491,3,3.0,11,17,SOFT,9.0
1232,9491,2,10.0,12,12,SOFT,10.0
1232,9491,2,31.0,12,12,SOFT,10.0
1232,9491,3,10.0,13,15,SOFT,0.0
1232,9491,4,4.0,13,15,SOFT,0.0
1232,9491,3,31.0,13,19,SOFT,0.0
1232,9491,3,22.0,14,14,SOFT,12.0
1232,9491,3,2.0,14,18,SOFT,0.0
1232,9491,3,81.0,15,17,SOFT,0.0
1232,9491,4,22.0,15,22,SOFT,0.0
1232,9491,2,63.0,16,18,MEDIUM,14.0
1232,9491,3,27.0,16,19,SOFT,0.0
1232,9491,4,10.0,16,20,SOFT,3.0
1232,9491,4,23.0,17,19,SOFT,0.0
1232,9491,4,44.0,17,19,SOFT,0.0
1232,9491,3,20.0,17,23,SOFT,0.0
1232,9491,4,81.0,18,20,SOFT,13.0
1232,9491,3,18.0,18,24,SOFT,0.0
1232,9491,4,3.0,18,25,SOFT,0.0
1232,9491,3,63.0,19,21,SOFT,0.0
1232,9491,4,1.0,19,21,SOFT,0.0
1232,9491,4,2.0,19,21,SOFT,5.0
1232,9491,4,77.0,19,24,SOFT,0.0
1232,9491,3,11.0,19,26,SOFT,0.0
1232,9491,5,44.0,20,22,SOFT,0.0
1232,9491,4,27.0,20,22,SOFT,0.0
1232,9491,5,23.0,20,24,SOFT,0.0
1232,9491,3,14.0,20,25,SOFT,0.0
1232,9491,3,16.0,21,26,SOFT,0.0
1232,9491,5,1.0,22,24,SOFT,3.0
1232,9491,4,63.0,22,25,SOFT,3.0
1232,9491,3,55.0,22,28,SOFT,0.0
1232,9491,5,77.0,25,27,SOFT,0.0
1232,9492,1,11.0,1,4,SOFT,0.0
1232,9492,1,81.0,1,4,SOFT,0.0
1232,9492,1,20.0,1,4,SOFT,0.0
1232,9492,1,3.0,1,4,SOFT,0.0
1232,9492,1,2.0,1,4,SOFT,0.0
1232,9492,1,55.0,1,4,SOFT,0.0
1232,9492,1,24.0,1,4,SOFT,0.0
1232,9492,1,4.0,1,4,SOFT,0.0
1232,9492,1,23.0,1,4,SOFT,0.0
1232,9492,1,16.0,1,4,SOFT,0.0
1232,9492,1,77.0,1,4,SOFT,0.0
1232,9492,1,10.0,1,4,SOFT,0.0
1232,9492,1,18.0,1,4,SOFT,0.0
1232,9492,1,22.0,1,4,SOFT,0.0
1232,9492,1,31.0,1,4,SOFT,0.0
1232,9492,1,1.0,1,4,SOFT,0.0
1232,9492,1,63.0,1,4,SOFT,0.0
1232,9492,1,44.0,1,4,SOFT,0.0
1232,9492,1,14.0,1,4,SOFT,0.0
1232,9492,1,27.0,1,4,SOFT,0.0
1232,9492,2,4.0,5,5,SOFT,3.0
1232,9492,2,20.0,5,7,SOFT,0.0
1232,9492,2,23.0,5,7,SOFT,0.0
1232,9492,2,2.0,5,7,SOFT,0.0
1232,9492,2,10.0,5,7,SOFT,0.0
1232,9492,2,16.0,5,7,SOFT,0.0
1232,9492,2,18.0,5,7,SOFT,0.0
1232,9492,2,27.0,5,7,SOFT,0.0
1232,9492,2,31.0,5,7,SOFT,0.0
1232,9492,2,3.0,5,7,SOFT,0.0
1232,9492,2,22.0,5,7,SOFT,0.0
1232,9492,2,77.0,5,7,SOFT,0.0
1232,9492,2,24.0,5,7,SOFT,0.0
1232,9492,2,11.0,5,7,SOFT,0.0
1232,9492,2,1.0,5,7,SOFT,0.0
1232,9492,2,81.0,5,7,SOFT,0.0
1232,9492,2,14.0,5,7,SOFT,0.0
1232,9492,2,44.0,5,7,SOFT,3.0
1232,9492,2,63.0,5,7,SOFT,3.0
1232,9492,2,55.0,5,7,SOFT,0.0
1232,9492,3,4.0,6,8,SOFT,0.0
1232,9492,3,20.0,8,10,SOFT,0.0
1232,9492,3,27.0,8,10,SOFT,3.0
1232,9492,3,22.0,8,10,SOFT,3.0
1232,9492,3,31.0,8,10,SOFT,3.0
1232,9492,3,3.0,8,10,SOFT,0.0
1232,9492,3,16.0,8,10,SOFT,0.0
1232,9492,3,77.0,8,10,SOFT,3.0
1232,9492,3,44.0,8,10,SOFT,0.0
1232,9492,3,63.0,8,10,SOFT,0.0
1232,9492,3,23.0,8,10,SOFT,0.0
1232,9492,3,1.0,8,10,SOFT,0.0
1232,9492,3,11.0,8,10,SOFT,0.0
1232,9492,3,14.0,8,10,SOFT,0.0
1232,9492,3,55.0,8,10,SOFT,0.0
1232,9492,3,81.0,8,10,SOFT,0.0
1232,9492,4,4.0,9,11,SOFT,0.0
1232,9492,4,27.0,11,13,SOFT,0.0
1232,9492,4,31.0,11,13,SOFT,0.0
1232,9492,4,3.0,11,13,SOFT,0.0
1232,9492,4,22.0,11,13,SOFT,0.0
1232,9492,4,77.0,11,13,SOFT,0.0
1232,9492,4,44.0,11,13,SOFT,0.0
1232,9492,4,63.0,11,13,SOFT,0.0
1232,9492,4,16.0,11,13,SOFT,0.0
1232,9492,4,11.0,11,13,SOFT,0.0
1232,9492,4,1.0,11,13,SOFT,0.0
1232,9492,4,55.0,11,13,SOFT,0.0
1232,9492,4,14.0,11,13,SOFT,0.0
1232,9492,4,81.0,11,13,SOFT,0.0
1232,9492,5,4.0,12,14,SOFT,0.0
1232,9492,5,22.0,14,16,SOFT,3.0
1232,9492,5,44.0,14,16,SOFT,0.0
1232,9492,5,63.0,14,16,SOFT,0.0
1232,9492,6,22.0,17,19,SOFT,0.0
1232,9496,1,23.0,1,1,SOFT,0.0
1232,9496,1,63.0,1,1,MEDIUM,0.0
1232,9496,1,18.0,1,1,SOFT,0.0
1232,9496,1,55.0,1,1,MEDIUM,0.0
1232,9496,1,1.0,1,1,MEDIUM,0.0
1232,9496,1,22.0,1,1,MEDIUM,0.0
1232,9496,1,20.0,1,1,MEDIUM,0.0
1232,9496,1,44.0,1,1,MEDIUM,0.0
1232,9496,1,24.0,1,1,MEDIUM,0.0
1232,9496,1,14.0,1,1,SOFT,0.0
1232,9496,1,3.0,1,1,MEDIUM,0.0
1232,9496,1,27.0,1,1,SOFT,0.0
1232,9496,1,11.0,1,1,MEDIUM,0.0
1232,9496,1,10.0,1,1,SOFT,0.0
1232,9496,1,4.0,1,1,MEDIUM,0.0
1232,9496,1,81.0,1,1,MEDIUM,0.0
1232,9496,1,16.0,1,1,MEDIUM,0.0
1232,9496,1,31.0,1,1,SOFT,0.0
1232,9496,1,77.0,1,1,SOFT,0.0
1232,9496,1,2.0,1,1,SOFT,0.0
1232,9496,2,27.0,2,5,SOFT,1.0
1232,9496,2,77.0,2,6,SOFT,0.0
1232,9496,2,22.0,2,7,SOFT,0.0
1232,9496,2,24.0,2,7,SOFT,0.0
1232,9496,2,4.0,2,11,MEDIUM,0.0
1232,9496,2,81.0,2,12,MEDIUM,1.0
1232,9496,2,18.0,2,12,SOFT,0.0
1232,9496,2,14.0,2,13,SOFT,1.0
1232,9496,2,11.0,2,15,MEDIUM,1.0
1232,9496,2,55.0,2,15,MEDIUM,0.0
1232,9496,2,1.0,2,16,MEDIUM,1.0
1232,9496,2,10.0,2,16,HARD,0.0
1232,9496,2,31.0,2,19,HARD,0.0
1232,9496,2,63.0,2,22,HARD,0.0
1232,9496,2,20.0,2,22,MEDIUM,0.0
1232,9496,2,2.0,2,22,HARD,0.0
1232,9496,2,44.0,2,23,HARD,0.0
1232,9496,2,16.0,2,26,MEDIUM,0.0
1232,9496,3,27.0,6,33,HARD,0.0
1232,9496,3,77.0,7,22,HARD,0.0
1232,9496,3,24.0,8,11,HARD,0.0
1232,9496,3,22.0,8,22,HARD,0.0
1232,9496,4,24.0,12,13,HARD,4.0
1232,9496,3,4.0,12,26,HARD,0.0
1232,9496,3,18.0,13,22,MEDIUM,0.0
1232,9496,3,81.0,13,32,HARD,0.0
1232,9496,3,14.0,14,33,MEDIUM,0.0
1232,9496,3,11.0,16,33,MEDIUM,0.0
1232,9496,3,55.0,16,36,MEDIUM,1.0
1232,9496,3,10.0,17,32,MEDIUM,0.0
1232,9496,3,1.0,17,34,MEDIUM,0.0
1232,9496,3,31.0,20,33,HARD,0.0
1232,9496,4,18.0,23,34,HARD,0.0
1232,9496,3,2.0,23,34,HARD,0.0
1232,9496,3,63.0,23,37,HARD,0.0
1232,9496,4,22.0,23,53,HARD,0.0
1232,9496,4,77.0,23,53,HARD,0.0
1232,9496,3,20.0,23,53,HARD,0.0
1232,9496,3,44.0,24,39,HARD,0.0
1232,9496,3,16.0,27,54,HARD,0.0
1232,9496,4,4.0,27,54,HARD,0.0
1232,9496,4,10.0,33,53,HARD,0.0
1232,9496,4,81.0,33,54,HARD,0.0
1232,9496,4,27.0,34,53,HARD,0.0
1232,9496,4,31.0,34,53,MEDIUM,0.0
1232,9496,4,11.0,34,54,HARD,0.0
1232,9496,4,14.0,34,54,HARD,0.0
1232,9496,4,2.0,35,41,MEDIUM,0.0
1232,9496,5,18.0,35,53,SOFT,0.0
1232,9496,4,1.0,35,54,HARD,0.0
1232,9496,4,55.0,37,54,HARD,0.0
1232,9496,4,63.0,38,54,MEDIUM,1.0
1232,9496,4,44.0,40,54,MEDIUM,0.0
1232,9496,5,2.0,42,53,SOFT,0.0
1233,9663,1,81.0,1,2,MEDIUM,0.0
1233,9663,1,63.0,1,3,HARD,0.0
1233,9663,1,16.0,1,4,SOFT,0.0
1233,9663,1,55.0,1,4,SOFT,0.0
1233,9663,1,44.0,1,5,HARD,0.0
1233,9663,1,2.0,1,6,MEDIUM,0.0
1233,9663,1,23.0,1,6,MEDIUM,0.0
1233,9663,1,3.0,1,7,HARD,0.0
1233,9663,1,22.0,1,7,HARD,0.0
1233,9663,1,4.0,1,7,HARD,0.0
1233,9663,1,14.0,1,7,HARD,0.0
1233,9663,1,24.0,1,8,MEDIUM,0.0
1233,9663,1,31.0,1,8,SOFT,0.0
1233,9663,1,20.0,1,8,MEDIUM,0.0
1233,9663,1,1.0,1,8,MEDIUM,0.0
1233,9663,1,10.0,1,8,SOFT,0.0
1233,9663,1,18.0,1,8,HARD,0.0
1233,9663,1,11.0,1,8,MEDIUM,0.0
1233,9663,1,77.0,1,8,MEDIUM,0.0
1233,9663,1,27.0,1,9,MEDIUM,0.0
1233,9663,2,81.0,3,6,HARD,0.0
1233,9663,2,63.0,4,17,HARD,2.0
1233,9663,2,55.0,5,10,SOFT,3.0
1233,9663,2,16.0,5,12,SOFT,0.0
1233,9663,2,44.0,6,7,HARD,4.0
1233,9663,2,23.0,7,14,MEDIUM,5.0
1233,9663,2,2.0,7,14,MEDIUM,5.0
1233,9663,3,81.0,7,19,HARD,4.0
1233,9663,3,44.0,8,8,HARD,6.0
1233,9663,2,14.0,8,15,HARD,6.0
1233,9663,2,4.0,8,17,HARD,6.0
1233,9663,2,3.0,8,18,HARD,6.0
1233,9663,2,22.0,8,20,HARD,6.0
1233,9663,4,44.0,9,10,HARD,0.0
1233,9663,2,10.0,9,16,SOFT,7.0
1233,9663,2,24.0,9,16,MEDIUM,7.0
1233,9663,2,20.0,9,17,MEDIUM,0.0
1233,9663,2,11.0,9,17,MEDIUM,7.0
1233,9663,2,77.0,9,17,MEDIUM,7.0
1233,9663,2,31.0,9,17,SOFT,0.0
1233,9663,2,18.0,9,17,HARD,7.0
1233,9663,2,1.0,9,18,MEDIUM,7.0
1233,9663,2,27.0,10,18,MEDIUM,8.0
1233,9663,3,55.0,11,20,SOFT,9.0
1233,9663,5,44.0,11,21,HARD,9.0
1233,9663,3,16.0,13,21,SOFT,11.0
1233,9663,3,2.0,15,15,MEDIUM,0.0
1233,9663,3,23.0,15,15,MEDIUM,13.0
1233,9663,4,23.0,16,20,SOFT,0.0
1233,9663,4,2.0,16,21,SOFT,0.0
1233,9663,3,14.0,16,23,HARD,14.0
1233,9663,3,10.0,17,22,SOFT,15.0
1233,9663,3,24.0,17,25,SOFT,0.0
1233,9663,3,4.0,18,19,SOFT,0.0
1233,9663,3,11.0,18,20,SOFT,0.0
1233,9663,3,18.0,18,22,SOFT,0.0
1233,9663,3,63.0,18,22,HARD,16.0
1233,9663,3,31.0,18,24,SOFT,0.0
1233,9663,3,20.0,18,24,SOFT,0.0
1233,9663,3,77.0,18,25,SOFT,0.0
1233,9663,3,1.0,19,21,SOFT,0.0
1233,9663,3,27.0,19,24,SOFT,0.0
1233,9663,3,3.0,19,26,SOFT,0.0
1233,9663,4,81.0,20,22,SOFT,0.0
1233,9663,4,4.0,20,22,HARD,16.0
1233,9663,4,11.0,21,25,SOFT,3.0
1233,9663,3,22.0,21,28,SOFT,0.0
1233,9663,5,2.0,22,24,SOFT,0.0
1233,9663,6,44.0,22,25,HARD,0.0
1233,9663,4,1.0,22,26,SOFT,3.0
1233,9663,5,81.0,23,25,HARD,0.0
1233,9664,1,11.0,1,3,SOFT,0.0
1233,9664,1,81.0,1,3,SOFT,3.0
1233,9664,1,2.0,1,3,SOFT,0.0
1233,9664,1,24.0,1,3,SOFT,0.0
1233,9664,1,23.0,1,3,SOFT,0.0
1233,9664,1,1.0,1,4,SOFT,0.0
1233,9664,1,31.0,1,4,SOFT,7.0
1233,9664,1,22.0,1,4,SOFT,0.0
1233,9664,1,55.0,1,4,MEDIUM,6.0
1233,9664,1,27.0,1,4,SOFT,0.0
1233,9664,1,4.0,1,4,SOFT,0.0
1233,9664,1,18.0,1,4,SOFT,0.0
1233,9664,1,20.0,1,4,SOFT,0.0
1233,9664,1,3.0,1,4,SOFT,0.0
1233,9664,1,10.0,1,4,SOFT,0.0
1233,9664,1,44.0,1,4,SOFT,0.0
1233,9664,1,14.0,1,4,SOFT,0.0
1233,9664,1,77.0,1,4,SOFT,0.0
1233,9664,1,16.0,1,6,SOFT,0.0
1233,9664,1,63.0,1,7,SOFT,0.0
1233,9664,2,2.0,4,6,SOFT,0.0
1233,9664,2,24.0,4,6,SOFT,0.0
1233,9664,2,23.0,4,6,SOFT,0.0
1233,9664,2,81.0,4,6,SOFT,0.0
1233,9664,2,11.0,4,8,SOFT,2.0
1233,9664,2,27.0,5,7,SOFT,3.0
1233,9664,2,10.0,5,7,SOFT,0.0
1233,9664,2,31.0,5,7,SOFT,0.0
1233,9664,2,22.0,5,7,SOFT,0.0
1233,9664,2,55.0,5,7,SOFT,0.0
1233,9664,2,4.0,5,7,SOFT,0.0
1233,9664,2,77.0,5,7,SOFT,0.0
1233,9664,2,20.0,5,7,SOFT,0.0
1233,9664,2,44.0,5,7,SOFT,0.0
1233,9664,2,3.0,5,7,SOFT,0.0
1233,9664,2,18.0,5,7,SOFT,0.0
1233,9664,2,1.0,5,7,SOFT,3.0
1233,9664,2,14.0,5,7,SOFT,0.0
1233,9664,3,2.0,7,8,SOFT,0.0
1233,9664,3,24.0,7,9,SOFT,0.0
1233,9664,3,23.0,7,9,SOFT,0.0
1233,9664,2,16.0,7,9,SOFT,0.0
1233,9664,3,81.0,7,9,SOFT,0.0
1233,9664,3,55.0,8,9,SOFT,0.0
1233,9664,3,27.0,8,10,SOFT,0.0
1233,9664,2,63.0,8,10,SOFT,0.0
1233,9664,3,10.0,8,10,SOFT,0.0
1233,9664,3,31.0,8,10,SOFT,0.0
1233,9664,3,22.0,8,10,SOFT,0.0
1233,9664,3,18.0,8,10,SOFT,0.0
1233,9664,3,3.0,8,10,SOFT,0.0
1233,9664,3,77.0,8,10,SOFT,0.0
1233,9664,3,4.0,8,10,SOFT,0.0
1233,9664,3,1.0,8,10,SOFT,0.0
1233,9664,3,14.0,8,10,SOFT,0.0
1233,9664,3,11.0,9,11,SOFT,0.0
1233,9664,4,81.0,10,11,SOFT,0.0
1233,9664,4,23.0,10,12,SOFT,0.0
1233,9664,3,16.0,10,12,SOFT,3.0
1233,9664,4,55.0,10,12,SOFT,0.0
1233,9664,3,63.0,11,12,SOFT,0.0
1233,9664,4,27.0,11,13,SOFT,0.0
1233,9664,4,31.0,11,13,SOFT,0.0
1233,9664,4,10.0,11,13,SOFT,0.0
1233,9664,4,1.0,11,13,SOFT,0.0
1233,9664,4,18.0,11,13,SOFT,0.0
1233,9664,4,3.0,11,13,SOFT,0.0
1233,9664,4,77.0,11,13,SOFT,0.0
1233,9664,4,14.0,11,13,SOFT,0.0
1233,9664,4,4.0,11,13,SOFT,0.0
1233,9664,4,11.0,12,14,SOFT,0.0
1233,9664,5,81.0,12,14,SOFT,0.0
1233,9664,4,63.0,13,15,SOFT,0.0
1233,9664,5,23.0,13,15,SOFT,0.0
1233,9664,4,16.0,13,15,SOFT,0.0
1233,9664,5,55.0,13,15,SOFT,0.0
1233,9664,5,10.0,14,16,SOFT,0.0
1233,9664,5,31.0,14,16,SOFT,0.0
1233,9664,5,27.0,14,16,SOFT,0.0
1233,9664,5,1.0,14,16,SOFT,0.0
1233,9664,5,77.0,14,16,SOFT,0.0
1233,9664,5,4.0,14,16,SOFT,0.0
1233,9664,5,14.0,14,16,SOFT,0.0
1233,9664,5,11.0,15,17,SOFT,0.0
1233,9664,6,81.0,15,17,SOFT,0.0
1233,9664,5,63.0,16,18,SOFT,2.0
1233,9664,5,16.0,16,18,SOFT,0.0
1233,9664,6,55.0,16,18,SOFT,0.0
1233,9664,6,27.0,17,19,SOFT,3.0
1233,9664,6,1.0,17,19,SOFT,0.0
1233,9664,6,11.0,18,20,SOFT,0.0
1233,9664,6,63.0,19,21,SOFT,0.0
1233,9664,6,16.0,19,21,SOFT,0.0
1233,9664,7,27.0,20,22,SOFT,0.0
1233,9668,1,44.0,1,4,MEDIUM,0.0
1233,9668,1,63.0,1,4,MEDIUM,0.0
1233,9668,1,23.0,1,4,MEDIUM,0.0
1233,9668,1,2.0,1,4,MEDIUM,0.0
1233,9668,1,1.0,1,5,MEDIUM,0.0
1233,9668,1,11.0,1,5,MEDIUM,0.0
1233,9668,1,18.0,1,6,MEDIUM,0.0
1233,9668,1,4.0,1,6,MEDIUM,0.0
1233,9668,1,20.0,1,7,MEDIUM,0.0
1233,9668,1,22.0,1,7,MEDIUM,0.0
1233,9668,1,55.0,1,7,MEDIUM,0.0
1233,9668,1,3.0,1,7,MEDIUM,0.0
1233,9668,1,10.0,1,7,MEDIUM,0.0
1233,9668,1,27.0,1,7,MEDIUM,0.0
1233,9668,1,14.0,1,7,MEDIUM,0.0
1233,9668,1,16.0,1,7,MEDIUM,0.0
1233,9668,1,31.0,1,7,MEDIUM,0.0
1233,9668,1,81.0,1,8,MEDIUM,0.0
1233,9668,1,77.0,1,8,MEDIUM,0.0
1233,9668,1,24.0,1,8,MEDIUM,0.0
1233,9668,2,23.0,5,7,MEDIUM,3.0
1233,9668,2,2.0,5,7,MEDIUM,3.0
1233,9668,2,63.0,5,7,MEDIUM,3.0
1233,9668,2,44.0,5,7,MEDIUM,3.0
1233,9668,2,1.0,6,8,MEDIUM,0.0
1233,9668,2,11.0,6,8,MEDIUM,0.0
1233,9668,2,4.0,7,9,MEDIUM,0.0
1233,9668,2,18.0,7,9,MEDIUM,0.0
1233,9668,2,20.0,8,10,MEDIUM,0.0
1233,9668,2,14.0,8,10,MEDIUM,0.0
1233,9668,2,27.0,8,10,MEDIUM,0.0
1233,9668,2,3.0,8,10,MEDIUM,0.0
1233,9668,2,55.0,8,11,MEDIUM,0.0
1233,9668,2,16.0,8,11,MEDIUM,0.0
1233,9668,3,63.0,8,11,MEDIUM,0.0
1233,9668,3,44.0,8,11,MEDIUM,0.0
1233,9668,2,81.0,9,11,MEDIUM,0.0
1233,9668,2,24.0,9,12,MEDIUM,0.0
1233,9668,2,77.0,9,12,MEDIUM,0.0
1233,9668,3,1.0,9,13,INTERMEDIATE,0.0
1233,9668,3,11.0,9,13,INTERMEDIATE,0.0
1233,9668,3,4.0,10,14,INTERMEDIATE,0.0
1233,9668,3,20.0,11,11,MEDIUM,0.0
1233,9668,3,27.0,11,11,MEDIUM,3.0
1233,9668,3,14.0,11,15,INTERMEDIATE,0.0
1233,9668,3,16.0,12,12,INTERMEDIATE,0.0
1233,9668,4,44.0,12,12,INTERMEDIATE,0.0
1233,9668,3,81.0,12,16,INTERMEDIATE,0.0
1233,9668,3,55.0,12,16,INTERMEDIATE,0.0
1233,9668,4,16.0,13,16,INTERMEDIATE,0.0
1233,9668,5,44.0,13,16,INTERMEDIATE,0.0
1233,9668,3,24.0,13,17,INTERMEDIATE,0.0
1233,9668,3,77.0,13,17,INTERMEDIATE,0.0
1233,9672,1,14.0,1,16,MEDIUM,3.0
1233,9672,1,1.0,1,20,MEDIUM,3.0
1233,9672,1,63.0,1,20,SOFT,0.0
1233,9672,1,23.0,1,20,MEDIUM,6.0
1233,9672,1,77.0,1,20,MEDIUM,4.0
1233,9672,1,2.0,1,20,MEDIUM,6.0
1233,9672,1,20.0,1,20,MEDIUM,4.0
1233,9672,1,27.0,1,20,MEDIUM,4.0
1233,9672,1,18.0,1,20,MEDIUM,3.0
1233,9672,1,4.0,1,20,MEDIUM,0.0
1233,9672,1,55.0,1,20,MEDIUM,0.0
1233,9672,1,3.0,1,20,MEDIUM,3.0
1233,9672,1,11.0,1,20,MEDIUM,3.0
1233,9672,1,16.0,1,20,MEDIUM,4.0
1233,9672,1,10.0,1,20,MEDIUM,0.0
1233,9672,1,22.0,1,20,MEDIUM,0.0
1233,9672,1,81.0,1,20,MEDIUM,3.0
1233,9672,1,24.0,1,20,MEDIUM,4.0
1233,9672,1,44.0,1,20,MEDIUM,0.0
1233,9672,1,31.0,1,20,MEDIUM,0.0
1233,9672,2,14.0,17,18,MEDIUM,6.0
1233,9673,1,24.0,1,8,MEDIUM,0.0
1233,9673,1,22.0,1,8,SOFT,0.0
1233,9673,1,27.0,1,8,MEDIUM,0.0
1233,9673,1,31.0,1,9,MEDIUM,0.0
1233,9673,1,77.0,1,9,MEDIUM,0.0
1233,9673,1,23.0,1,9,MEDIUM,0.0
1233,9673,1,18.0,1,9,SOFT,0.0
1233,9673,1,44.0,1,9,SOFT,0.0
1233,9673,1,63.0,1,11,MEDIUM,0.0
1233,9673,1,14.0,1,11,MEDIUM,0.0
1233,9673,1,10.0,1,11,MEDIUM,0.0
1233,9673,1,2.0,1,12,SOFT,0.0
1233,9673,1,11.0,1,13,MEDIUM,0.0
1233,9673,1,1.0,1,13,MEDIUM,0.0
1233,9673,1,3.0,1,14,MEDIUM,0.0
1233,9673,1,81.0,1,16,MEDIUM,0.0
1233,9673,1,55.0,1,17,MEDIUM,0.0
1233,9673,1,20.0,1,17,HARD,0.0
1233,9673,1,16.0,1,21,MEDIUM,0.0
1233,9673,1,4.0,1,22,MEDIUM,0.0
1233,9673,2,27.0,9,23,HARD,0.0
1233,9673,2,22.0,9,23,MEDIUM,0.0
1233,9673,2,24.0,9,23,HARD,0.0
1233,9673,2,77.0,10,20,HARD,0.0
1233,9673,2,18.0,10,21,MEDIUM,0.0
1233,9673,2,44.0,10,21,MEDIUM,0.0
1233,9673,2,23.0,10,23,MEDIUM,0.0
1233,9673,2,31.0,10,23,HARD,0.0
1233,9673,2,14.0,12,23,HARD,0.0
1233,9673,2,63.0,12,23,MEDIUM,0.0
1233,9673,2,10.0,12,23,HARD,0.0
1233,9673,2,2.0,13,24,MEDIUM,0.0
1233,9673,2,1.0,14,23,HARD,0.0
1233,9673,2,11.0,14,23,HARD,0.0
1233,9673,2,3.0,15,34,MEDIUM,0.0
1233,9673,2,81.0,17,24,MEDIUM,1.0
1233,9673,2,20.0,18,27,HARD,0.0
1233,9673,2,55.0,18,57,HARD,0.0
1233,9673,3,18.0,22,26,HARD,0.0
1233,9673,2,16.0,22,57,HARD,0.0
1233,9673,3,44.0,22,57,HARD,0.0
1233,9673,2,4.0,23,57,HARD,0.0
1233,9673,3,22.0,24,27,HARD,0.0
1233,9673,3,10.0,24,38,HARD,0.0
1233,9673,3,24.0,24,40,HARD,0.0
1233,9673,3,14.0,24,43,SOFT,0.0
1233,9673,3,1.0,24,57,HARD,0.0
1233,9673,3,11.0,24,57,HARD,0.0
1233,9673,3,63.0,24,57,HARD,0.0
1233,9673,3,27.0,24,57,HARD,0.0
1233,9673,3,31.0,24,57,HARD,0.0
1233,9673,3,23.0,24,57,HARD,0.0
1233,9673,3,81.0,25,57,HARD,0.0
1233,9673,3,2.0,25,57,HARD,0.0
1233,9673,4,18.0,27,35,MEDIUM,0.0
1233,9673,3,20.0,28,57,MEDIUM,0.0
1233,9673,5,18.0,36,57,HARD,0.0
1233,9673,4,10.0,39,57,MEDIUM,0.0
1233,9673,4,24.0,41,57,SOFT,0.0
1233,9673,4,14.0,44,57,MEDIUM,0.0
1234,9497,1,4.0,1,2,HARD,0.0
1234,9497,1,14.0,1,2,MEDIUM,0.0
1234,9497,1,18.0,1,2,MEDIUM,0.0
1234,9497,1,2.0,1,3,HARD,0.0
1234,9497,1,16.0,1,4,HARD,0.0
1234,9497,1,1.0,1,5,MEDIUM,0.0
1234,9497,1,3.0,1,5,HARD,0.0
1234,9497,1,11.0,1,5,MEDIUM,0.0
1234,9497,1,22.0,1,5,HARD,0.0
1234,9497,1,27.0,1,5,HARD,0.0
1234,9497,1,44.0,1,5,MEDIUM,0.0
1234,9497,1,55.0,1,5,HARD,0.0
1234,9497,1,63.0,1,5,MEDIUM,0.0
1234,9497,1,10.0,1,6,HARD,0.0
1234,9497,1,20.0,1,6,HARD,0.0
1234,9497,1,23.0,1,6,HARD,0.0
1234,9497,1,24.0,1,6,MEDIUM,0.0
1234,9497,1,31.0,1,6,HARD,0.0
1234,9497,1,77.0,1,6,HARD,0.0
1234,9497,1,81.0,1,6,HARD,0.0
1234,9497,2,14.0,3,3,HARD,0.0
1234,9497,2,18.0,3,3,HARD,0.0
1234,9497,2,4.0,3,7,HARD,1.0
1234,9497,2,2.0,4,7,HARD,2.0
1234,9497,3,14.0,4,10,HARD,0.0
1234,9497,3,18.0,4,18,HARD,0.0
1234,9497,2,11.0,6,8,MEDIUM,4.0
1234,9497,2,44.0,6,8,MEDIUM,4.0
1234,9497,2,27.0,6,9,HARD,0.0
1234,9497,2,63.0,6,10,MEDIUM,4.0
1234,9497,2,22.0,6,11,HARD,4.0
1234,9497,2,55.0,6,17,HARD,4.0
1234,9497,2,1.0,6,18,MEDIUM,4.0
1234,9497,2,3.0,6,19,HARD,4.0
1234,9497,2,81.0,7,9,HARD,5.0
1234,9497,2,77.0,7,9,HARD,0.0
1234,9497,2,24.0,7,14,MEDIUM,0.0
1234,9497,2,23.0,7,14,HARD,5.0
1234,9497,2,31.0,7,17,HARD,5.0
1234,9497,2,10.0,7,19,HARD,5.0
1234,9497,2,20.0,7,20,HARD,5.0
1234,9497,3,2.0,8,15,HARD,6.0
1234,9497,3,4.0,8,17,HARD,6.0
1234,9497,3,44.0,9,11,MEDIUM,7.0
1234,9497,3,11.0,9,18,MEDIUM,7.0
1234,9497,3,81.0,10,14,HARD,8.0
1234,9497,3,77.0,10,14,HARD,0.0
1234,9497,3,27.0,10,19,HARD,0.0
1234,9497,3,63.0,11,19,MEDIUM,9.0
1234,9497,4,14.0,11,23,HARD,7.0
1234,9497,3,22.0,12,16,HARD,0.0
1234,9497,4,44.0,12,19,MEDIUM,10.0
1234,9497,4,81.0,15,20,HARD,13.0
1234,9497,3,23.0,15,22,SOFT,0.0
1234,9497,4,77.0,15,24,SOFT,0.0
1234,9497,3,24.0,15,25,SOFT,0.0
1234,9497,4,2.0,16,21,MEDIUM,0.0
1234,9497,4,22.0,17,17,HARD,15.0
1234,9497,5,22.0,18,18,HARD,0.0
1234,9497,4,4.0,18,19,SOFT,0.0
1234,9497,3,55.0,18,20,SOFT,0.0
1234,9497,3,31.0,18,24,SOFT,0.0
1234,9497,3,1.0,19,21,SOFT,0.0
1234,9497,4,11.0,19,21,SOFT,0.0
1234,9497,6,22.0,19,26,MEDIUM,0.0
1234,9497,4,18.0,19,26,SOFT,0.0
1234,9497,3,3.0,20,20,HARD,18.0
1234,9497,4,63.0,20,22,SOFT,0.0
1234,9497,5,44.0,20,22,SOFT,0.0
1234,9497,5,4.0,20,22,HARD,16.0
1234,9497,4,27.0,20,26,SOFT,0.0
1234,9497,3,10.0,20,28,SOFT,0.0
1234,9497,4,55.0,21,25,SOFT,3.0
1234,9497,5,81.0,21,25,SOFT,0.0
1234,9497,3,20.0,21,27,SOFT,0.0
1234,9497,4,3.0,21,28,MEDIUM,0.0
1234,9497,5,2.0,22,24,MEDIUM,6.0
1234,9497,5,11.0,22,24,MEDIUM,17.0
1234,9497,4,1.0,22,26,SOFT,3.0
1234,9497,4,23.0,23,25,HARD,13.0
1234,9497,6,44.0,23,25,MEDIUM,18.0
1234,9497,5,63.0,23,27,SOFT,0.0
1234,9498,1,2.0,1,3,SOFT,0.0
1234,9498,1,1.0,1,4,SOFT,3.0
1234,9498,1,3.0,1,4,SOFT,0.0
1234,9498,1,4.0,1,4,SOFT,2.0
1234,9498,1,10.0,1,4,SOFT,0.0
1234,9498,1,11.0,1,4,SOFT,3.0
1234,9498,1,14.0,1,4,SOFT,0.0
1234,9498,1,16.0,1,4,SOFT,2.0
1234,9498,1,20.0,1,4,SOFT,0.0
1234,9498,1,24.0,1,4,SOFT,0.0
1234,9498,1,27.0,1,4,SOFT,0.0
1234,9498,1,31.0,1,4,SOFT,0.0
1234,9498,1,44.0,1,4,SOFT,3.0
1234,9498,1,55.0,1,4,SOFT,8.0
1234,9498,1,63.0,1,4,SOFT,8.0
1234,9498,1,77.0,1,4,SOFT,0.0
1234,9498,1,81.0,1,4,SOFT,5.0
1234,9498,1,18.0,1,7,SOFT,0.0
1234,9498,1,22.0,1,7,SOFT,0.0
1234,9498,1,23.0,1,7,SOFT,0.0
1234,9498,2,2.0,4,6,SOFT,0.0
1234,9498,2,27.0,5,7,SOFT,3.0
1234,9498,2,20.0,5,7,SOFT,3.0
1234,9498,2,14.0,5,7,SOFT,0.0
1234,9498,2,3.0,5,7,SOFT,0.0
1234,9498,2,10.0,5,7,SOFT,0.0
1234,9498,2,44.0,5,7,SOFT,0.0
1234,9498,2,31.0,5,7,SOFT,0.0
1234,9498,2,63.0,5,7,SOFT,0.0
1234,9498,2,24.0,5,7,SOFT,0.0
1234,9498,2,55.0,5,7,SOFT,2.0
1234,9498,2,16.0,5,7,SOFT,0.0
1234,9498,2,81.0,5,7,SOFT,0.0
1234,9498,2,11.0,5,7,SOFT,0.0
1234,9498,2,1.0,5,7,SOFT,0.0
1234,9498,2,77.0,5,7,SOFT,0.0
1234,9498,2,4.0,5,10,SOFT,0.0
1234,9498,3,2.0,7,9,SOFT,0.0
1234,9498,3,81.0,8,9,SOFT,3.0
1234,9498,3,16.0,8,10,SOFT,0.0
1234,9498,3,20.0,8,10,SOFT,0.0
1234,9498,3,27.0,8,10,SOFT,0.0
1234,9498,2,23.0,8,10,SOFT,0.0
1234,9498,3,31.0,8,10,SOFT,0.0
1234,9498,2,22.0,8,10,SOFT,0.0
1234,9498,3,3.0,8,10,SOFT,0.0
1234,9498,3,44.0,8,10,SOFT,0.0
1234,9498,3,63.0,8,10,SOFT,0.0
1234,9498,3,10.0,8,10,SOFT,0.0
1234,9498,3,14.0,8,10,SOFT,3.0
1234,9498,2,18.0,8,10,SOFT,0.0
1234,9498,3,55.0,8,10,SOFT,5.0
1234,9498,3,24.0,8,10,SOFT,0.0
1234,9498,3,11.0,8,10,SOFT,0.0
1234,9498,3,1.0,8,10,SOFT,3.0
1234,9498,4,81.0,10,12,SOFT,0.0
1234,9498,3,22.0,11,13,SOFT,0.0
1234,9498,3,18.0,11,13,SOFT,0.0
1234,9498,3,4.0,11,13,SOFT,0.0
1234,9498,4,44.0,11,13,SOFT,0.0
1234,9498,4,63.0,11,13,SOFT,0.0
1234,9498,4,16.0,11,13,SOFT,0.0
1234,9498,4,55.0,11,13,SOFT,0.0
1234,9498,4,14.0,11,13,SOFT,0.0
1234,9498,4,31.0,11,13,SOFT,0.0
1234,9498,4,10.0,11,13,SOFT,0.0
1234,9498,4,27.0,11,13,SOFT,0.0
1234,9498,3,23.0,11,13,SOFT,0.0
1234,9498,4,11.0,11,13,SOFT,0.0
1234,9498,4,1.0,11,13,SOFT,0.0
1234,9498,5,81.0,13,14,SOFT,3.0
1234,9498,4,22.0,14,16,SOFT,0.0
1234,9498,5,27.0,14,16,SOFT,0.0
1234,9498,5,14.0,14,16,SOFT,0.0
1234,9498,4,18.0,14,16,SOFT,0.0
1234,9498,5,16.0,14,16,SOFT,0.0
1234,9498,5,44.0,14,16,SOFT,0.0
1234,9498,5,55.0,14,16,SOFT,0.0
1234,9498,5,63.0,14,16,SOFT,0.0
1234,9498,5,31.0,14,16,SOFT,0.0
1234,9498,5,10.0,14,16,SOFT,0.0
1234,9498,4,4.0,14,16,MEDIUM,3.0
1234,9498,4,23.0,14,16,SOFT,0.0
1234,9498,5,11.0,14,16,SOFT,0.0
1234,9498,5,1.0,14,16,SOFT,0.0
1234,9498,6,81.0,15,17,SOFT,0.0
1234,9498,6,27.0,17,19,SOFT,0.0
1234,9498,5,22.0,17,19,SOFT,0.0
1234,9498,6,44.0,17,19,SOFT,0.0
1234,9498,6,63.0,17,19,SOFT,0.0
1234,9498,5,4.0,17,19,MEDIUM,0.0
1234,9498,6,16.0,17,19,SOFT,0.0
1234,9498,6,55.0,17,19,SOFT,0.0
1234,9498,6,11.0,17,19,SOFT,0.0
1234,9498,6,1.0,17,19,SOFT,0.0
1234,9498,7,81.0,18,20,SOFT,0.0
1234,9498,7,27.0,20,22,SOFT,0.0
1234,9498,6,22.0,20,22,SOFT,0.0
1234,9498,6,4.0,20,22,SOFT,0.0
1234,9498,7,16.0,20,22,SOFT,0.0
1234,9498,7,55.0,20,22,SOFT,0.0
1234,9498,7,44.0,20,22,MEDIUM,0.0
1234,9498,7,63.0,20,22,MEDIUM,0.0
1234,9502,1,63.0,1,4,MEDIUM,0.0
1234,9502,1,18.0,1,4,MEDIUM,0.0
1234,9502,1,11.0,1,4,MEDIUM,0.0
1234,9502,1,44.0,1,4,MEDIUM,0.0
1234,9502,1,3.0,1,4,MEDIUM,0.0
1234,9502,1,27.0,1,4,MEDIUM,0.0
1234,9502,1,14.0,1,4,MEDIUM,0.0
1234,9502,1,1.0,1,7,MEDIUM,0.0
1234,9502,1,22.0,1,7,MEDIUM,0.0
1234,9502,1,31.0,1,7,MEDIUM,0.0
1234,9502,1,10.0,1,7,MEDIUM,0.0
1234,9502,1,20.0,1,7,MEDIUM,0.0
1234,9502,1,23.0,1,7,MEDIUM,0.0
1234,9502,1,24.0,1,7,MEDIUM,0.0
1234,9502,1,4.0,1,7,MEDIUM,0.0
1234,9502,1,2.0,1,7,MEDIUM,0.0
1234,9502,1,81.0,1,8,MEDIUM,0.0
1234,9502,1,55.0,1,8,MEDIUM,0.0
1234,9502,1,77.0,1,8,MEDIUM,0.0
1234,9502,1,16.0,1,9,MEDIUM,0.0
1234,9502,2,3.0,5,7,MEDIUM,3.0
1234,9502,2,44.0,5,7,MEDIUM,3.0
1234,9502,2,27.0,5,7,MEDIUM,3.0
1234,9502,2,63.0,5,7,MEDIUM,3.0
1234,9502,2,18.0,5,7,MEDIUM,3.0
1234,9502,2,14.0,5,7,MEDIUM,3.0
1234,9502,2,11.0,5,7,MEDIUM,0.0
1234,9502,3,11.0,8,9,MEDIUM,3.0
1234,9502,3,27.0,8,10,MEDIUM,0.0
1234,9502,3,18.0,8,10,MEDIUM,0.0
1234,9502,3,3.0,8,10,MEDIUM,0.0
1234,9502,3,14.0,8,10,MEDIUM,0.0
1234,9502,3,44.0,8,10,MEDIUM,0.0
1234,9502,3,63.0,8,10,MEDIUM,0.0
1234,9502,2,4.0,8,10,MEDIUM,0.0
1234,9502,2,22.0,8,10,MEDIUM,0.0
1234,9502,2,1.0,8,10,MEDIUM,0.0
1234,9502,2,20.0,8,13,MEDIUM,0.0
1234,9502,2,31.0,8,13,MEDIUM,0.0
1234,9502,2,81.0,9,13,MEDIUM,0.0
1234,9502,2,55.0,9,14,MEDIUM,0.0
1234,9502,4,11.0,10,12,SOFT,0.0
1234,9502,2,16.0,10,15,MEDIUM,0.0
1234,9502,4,3.0,11,12,MEDIUM,3.0
1234,9502,4,14.0,11,12,MEDIUM,3.0
1234,9502,4,18.0,11,13,MEDIUM,3.0
1234,9502,4,27.0,11,13,MEDIUM,3.0
1234,9502,4,44.0,11,13,MEDIUM,3.0
1234,9502,4,63.0,11,13,MEDIUM,3.0
1234,9502,3,1.0,11,13,SOFT,0.0
1234,9502,3,4.0,11,13,SOFT,0.0
1234,9502,5,3.0,13,15,SOFT,0.0
1234,9502,5,14.0,13,15,SOFT,0.0
1234,9502,5,27.0,14,16,SOFT,7.0
1234,9502,5,18.0,14,16,SOFT,8.0
1234,9502,3,81.0,14,17,SOFT,0.0
1234,9502,3,55.0,15,17,SOFT,0.0
1234,9502,3,16.0,16,18,SOFT,0.0
1234,9506,1,1.0,1,1,MEDIUM,3.0
1234,9506,1,16.0,1,1,MEDIUM,0.0
1234,9506,1,11.0,1,1,MEDIUM,3.0
1234,9506,1,3.0,1,1,MEDIUM,0.0
1234,9506,1,55.0,1,1,MEDIUM,0.0
1234,9506,1,81.0,1,1,MEDIUM,0.0
1234,9506,1,14.0,1,1,MEDIUM,5.0
1234,9506,1,4.0,1,1,MEDIUM,3.0
1234,9506,1,27.0,1,1,MEDIUM,6.0
1234,9506,1,63.0,1,1,MEDIUM,6.0
1234,9506,1,44.0,1,1,MEDIUM,6.0
1234,9506,1,31.0,1,1,MEDIUM,0.0
1234,9506,1,20.0,1,1,MEDIUM,6.0
1234,9506,1,22.0,1,1,SOFT,0.0
1234,9506,1,10.0,1,1,MEDIUM,0.0
1234,9506,1,24.0,1,1,MEDIUM,0.0
1234,9506,1,2.0,1,1,SOFT,0.0
1234,9506,1,77.0,1,1,MEDIUM,0.0
1234,9506,1,23.0,1,1,MEDIUM,0.0
1234,9506,1,18.0,1,2,MEDIUM,6.0
1234,9506,2,1.0,2,2,MEDIUM,4.0
1234,9506,2,16.0,2,2,MEDIUM,0.0
1234,9506,2,3.0,2,2,MEDIUM,1.0
1234,9506,2,11.0,2,2,MEDIUM,4.0
1234,9506,2,55.0,2,2,MEDIUM,1.0
1234,9506,2,81.0,2,2,MEDIUM,1.0
1234,9506,2,27.0,2,2,MEDIUM,0.0
1234,9506,2,20.0,2,2,MEDIUM,0.0
1234,9506,2,44.0,2,2,MEDIUM,7.0
1234,9506,2,22.0,2,2,SOFT,1.0
1234,9506,2,10.0,2,2,MEDIUM,0.0
1234,9506,2,24.0,2,2,MEDIUM,0.0
1234,9506,2,2.0,2,2,SOFT,0.0
1234,9506,2,63.0,2,2,MEDIUM,7.0
1234,9506,2,77.0,2,2,MEDIUM,1.0
1234,9506,2,23.0,2,2,MEDIUM,0.0
1234,9506,2,31.0,2,2,MEDIUM,1.0
1234,9506,2,14.0,2,2,MEDIUM,6.0
1234,9506,3,14.0,3,18,MEDIUM,7.0
1234,9506,3,1.0,3,20,MEDIUM,0.0
1234,9506,3,16.0,3,20,MEDIUM,2.0
1234,9506,3,3.0,3,20,MEDIUM,2.0
1234,9506,3,11.0,3,20,MEDIUM,5.0
1234,9506,3,55.0,3,20,MEDIUM,2.0
1234,9506,3,81.0,3,20,MEDIUM,2.0
1234,9506,3,27.0,3,20,MEDIUM,0.0
1234,9506,3,20.0,3,20,MEDIUM,0.0
1234,9506,3,44.0,3,20,MEDIUM,8.0
1234,9506,3,22.0,3,20,SOFT,2.0
1234,9506,3,10.0,3,20,MEDIUM,2.0
1234,9506,3,63.0,3,20,MEDIUM,8.0
1234,9506,3,24.0,3,20,MEDIUM,2.0
1234,9506,3,2.0,3,20,SOFT,0.0
1234,9506,3,77.0,3,20,MEDIUM,2.0
1234,9506,3,31.0,3,20,MEDIUM,2.0
1234,9506,3,23.0,3,20,MEDIUM,0.0
1234,9506,4,14.0,19,20,MEDIUM,23.0
1234,9507,1,23.0,1,10,MEDIUM,0.0
1234,9507,1,77.0,1,10,SOFT,0.0
1234,9507,1,18.0,1,11,MEDIUM,0.0
1234,9507,1,2.0,1,11,MEDIUM,0.0
1234,9507,1,27.0,1,12,MEDIUM,0.0
1234,9507,1,10.0,1,12,MEDIUM,0.0
1234,9507,1,11.0,1,17,MEDIUM,0.0
1234,9507,1,16.0,1,19,MEDIUM,0.0
1234,9507,1,31.0,1,22,MEDIUM,0.0
1234,9507,1,14.0,1,22,HARD,1.0
1234,9507,1,20.0,1,22,HARD,0.0
1234,9507,1,1.0,1,23,MEDIUM,0.0
1234,9507,1,63.0,1,24,MEDIUM,3.0
1234,9507,1,55.0,1,27,MEDIUM,0.0
1234,9507,1,81.0,1,27,MEDIUM,0.0
1234,9507,1,44.0,1,27,HARD,0.0
1234,9507,1,22.0,1,28,MEDIUM,0.0
1234,9507,1,24.0,1,28,MEDIUM,0.0
1234,9507,1,3.0,1,28,HARD,0.0
1234,9507,1,4.0,1,29,MEDIUM,0.0
1234,9507,2,77.0,11,28,HARD,0.0
1234,9507,2,23.0,11,53,HARD,0.0
1234,9507,2,18.0,12,28,HARD,1.0
1234,9507,2,2.0,12,28,HARD,0.0
1234,9507,2,27.0,13,28,HARD,0.0
1234,9507,2,10.0,13,58,HARD,0.0
1234,9507,2,11.0,18,28,HARD,0.0
1234,9507,2,16.0,20,58,HARD,0.0
1234,9507,2,20.0,23,28,MEDIUM,0.0
1234,9507,2,31.0,23,58,HARD,0.0
1234,9507,2,14.0,23,58,MEDIUM,1.0
1234,9507,2,1.0,24,58,HARD,0.0
1234,9507,2,63.0,25,58,HARD,0.0
1234,9507,2,44.0,27,58,MEDIUM,3.0
1234,9507,2,81.0,28,40,HARD,0.0
1234,9507,2,55.0,28,58,HARD,0.0
1234,9507,3,20.0,29,31,MEDIUM,0.0
1234,9507,3,77.0,29,57,MEDIUM,0.0
1234,9507,3,11.0,29,58,MEDIUM,5.0
1234,9507,2,22.0,29,58,HARD,0.0
1234,9507,2,24.0,29,58,SOFT,0.0
1234,9507,2,3.0,29,58,MEDIUM,5.0
1234,9507,3,27.0,29,58,MEDIUM,0.0
1234,9507,3,18.0,29,58,MEDIUM,0.0
1234,9507,2,4.0,30,58,HARD,0.0
1234,9507,4,20.0,32,58,MEDIUM,3.0
1234,9507,3,81.0,41,58,MEDIUM,6.0
1234,9507,3,23.0,54,58,SOFT,0.0
1235,9508,1,1.0,1,0,MEDIUM,0.0
1235,9508,1,2.0,1,0,MEDIUM,0.0
1235,9508,1,3.0,1,0,MEDIUM,0.0
1235,9508,1,4.0,1,0,MEDIUM,0.0
1235,9508,1,10.0,1,0,MEDIUM,0.0
1235,9508,1,11.0,1,0,MEDIUM,0.0
1235,9508,1,14.0,1,0,MEDIUM,0.0
1235,9508,1,16.0,1,0,MEDIUM,0.0
1235,9508,1,22.0,1,0,MEDIUM,0.0
1235,9508,1,23.0,1,0,MEDIUM,0.0
1235,9508,1,24.0,1,0,MEDIUM,0.0
1235,9508,2,1.0,1,0,MEDIUM,6.0
1235,9508,2,10.0,1,0,MEDIUM,13.0
1235,9508,2,22.0,1,0,MEDIUM,0.0
1235,9508,2,23.0,1,0,MEDIUM,0.0
1235,9508,2,24.0,1,0,MEDIUM,0.0
1235,9508,1,,1,0,,
1235,9508,1,77.0,1,3,MEDIUM,0.0
1235,9508,1,81.0,1,3,MEDIUM,0.0
1235,9508,2,4.0,1,4,SOFT,9.0
1235,9508,1,27.0,1,6,HARD,0.0
1235,9508,1,18.0,1,8,MEDIUM,0.0
1235,9508,1,44.0,1,8,MEDIUM,0.0
1235,9508,3,23.0,1,9,HARD,10.0
1235,9508,1,31.0,1,10,MEDIUM,0.0
1235,9508,1,63.0,1,10,MEDIUM,0.0
1235,9508,1,50.0,1,11,MEDIUM,0.0
1235,9508,1,55.0,1,12,HARD,0.0
1235,9508,2,14.0,1,13,MEDIUM,8.0
1235,9508,3,1.0,1,14,SOFT,11.0
1235,9508,2,2.0,1,14,SOFT,8.0
1235,9508,2,11.0,1,16,SOFT,8.0
1235,9508,2,16.0,1,18,SOFT,10.0
1235,9508,3,22.0,1,19,SOFT,10.0
1235,9508,3,24.0,1,19,SOFT,10.0
1235,9508,3,10.0,1,22,SOFT,14.0
1235,9508,2,3.0,1,23,SOFT,9.0
1235,9508,2,81.0,4,8,MEDIUM,2.0
1235,9508,2,77.0,4,9,MEDIUM,2.0
1235,9508,3,4.0,5,5,SOFT,3.0
1235,9508,4,4.0,6,10,SOFT,4.0
1235,9508,2,27.0,7,7,SOFT,0.0
1235,9508,3,27.0,8,11,SOFT,0.0
1235,9508,3,81.0,9,11,MEDIUM,7.0
1235,9508,2,44.0,9,11,MEDIUM,7.0
1235,9508,2,18.0,9,13,SOFT,0.0
1235,9508,3,77.0,10,16,SOFT,0.0
1235,9508,2,31.0,11,11,MEDIUM,9.0
1235,9508,5,4.0,11,11,SOFT,9.0
1235,9508,2,63.0,11,17,SOFT,0.0
1235,9508,2,50.0,12,16,SOFT,0.0
1235,9508,4,81.0,12,16,SOFT,0.0
1235,9508,3,44.0,12,18,SOFT,0.0
1235,9508,6,4.0,12,18,SOFT,10.0
1235,9508,3,31.0,12,20,SOFT,0.0
1235,9508,4,27.0,12,21,HARD,5.0
1235,9508,2,55.0,13,15,SOFT,0.0
1235,9508,3,14.0,14,18,SOFT,0.0
1235,9508,3,18.0,14,20,SOFT,5.0
1235,9508,4,1.0,15,17,SOFT,1.0
1235,9508,3,2.0,15,23,MEDIUM,8.0
1235,9508,3,55.0,16,17,SOFT,3.0
1235,9508,4,77.0,17,17,SOFT,7.0
1235,9508,3,11.0,17,24,SOFT,0.0
1235,9508,5,81.0,17,26,MEDIUM,0.0
1235,9508,3,50.0,17,32,MEDIUM,0.0
1235,9508,5,1.0,18,22,SOFT,4.0
1235,9508,5,77.0,18,24,MEDIUM,8.0
1235,9508,4,55.0,18,26,HARD,11.0
1235,9508,3,63.0,18,29,MEDIUM,9.0
1235,9508,4,14.0,19,19,SOFT,5.0
1235,9508,4,44.0,19,25,MEDIUM,10.0
1235,9508,3,16.0,19,31,HARD,9.0
1235,9508,4,22.0,20,30,HARD,11.0
1235,9508,4,18.0,21,23,SOFT,12.0
1235,9508,4,31.0,21,30,MEDIUM,10.0
1235,9508,3,3.0,24,27,HARD,11.0
1235,9508,5,44.0,26,28,MEDIUM,17.0
1235,9509,1,27.0,1,3,MEDIUM,0.0
1235,9509,1,11.0,1,5,MEDIUM,0.0
1235,9509,1,2.0,1,6,HARD,0.0
1235,9509,1,20.0,1,6,HARD,0.0
1235,9509,1,55.0,1,6,MEDIUM,0.0
1235,9509,1,81.0,1,6,HARD,0.0
1235,9509,1,1.0,1,7,MEDIUM,0.0
1235,9509,1,3.0,1,7,MEDIUM,0.0
1235,9509,1,18.0,1,7,MEDIUM,0.0
1235,9509,1,4.0,1,8,MEDIUM,0.0
1235,9509,1,16.0,1,8,MEDIUM,0.0
1235,9509,1,77.0,1,8,MEDIUM,0.0
1235,9509,1,14.0,1,9,MEDIUM,0.0
1235,9509,1,23.0,1,9,MEDIUM,0.0
1235,9509,1,31.0,1,9,HARD,0.0
1235,9509,1,44.0,1,9,HARD,0.0
1235,9509,1,10.0,1,10,HARD,0.0
1235,9509,1,22.0,1,10,MEDIUM,0.0
1235,9509,1,24.0,1,10,MEDIUM,0.0
1235,9509,1,63.0,1,11,HARD,0.0
1235,9509,2,27.0,4,8,MEDIUM,2.0
1235,9509,2,11.0,6,8,MEDIUM,4.0
1235,9509,2,55.0,7,9,MEDIUM,5.0
1235,9509,2,81.0,7,9,HARD,5.0
1235,9509,2,2.0,7,9,SOFT,0.0
1235,9509,2,20.0,7,10,HARD,5.0
1235,9509,2,3.0,8,10,MEDIUM,6.0
1235,9509,2,1.0,8,13,SOFT,0.0
1235,9509,2,18.0,8,16,SOFT,0.0
1235,9509,2,4.0,9,10,SOFT,0.0
1235,9509,2,16.0,9,11,SOFT,0.0
1235,9509,3,11.0,9,11,SOFT,0.0
1235,9509,3,27.0,9,14,SOFT,0.0
1235,9509,2,77.0,9,15,SOFT,0.0
1235,9509,3,55.0,10,12,SOFT,0.0
1235,9509,2,23.0,10,12,SOFT,0.0
1235,9509,3,81.0,10,14,SOFT,0.0
1235,9509,2,44.0,10,15,SOFT,0.0
1235,9509,2,14.0,10,17,SOFT,0.0
1235,9509,2,31.0,10,17,SOFT,0.0
1235,9509,3,2.0,10,23,HARD,5.0
1235,9509,3,3.0,11,16,SOFT,0.0
1235,9509,3,20.0,11,16,SOFT,0.0
1235,9509,2,22.0,11,16,SOFT,0.0
1235,9509,2,24.0,11,16,SOFT,0.0
1235,9509,2,10.0,11,18,SOFT,0.0
1235,9509,3,4.0,11,27,MEDIUM,0.0
1235,9509,3,16.0,12,15,SOFT,3.0
1235,9509,4,11.0,12,15,SOFT,0.0
1235,9509,2,63.0,12,20,SOFT,0.0
1235,9509,4,55.0,13,17,SOFT,3.0
1235,9509,3,23.0,13,24,MEDIUM,8.0
1235,9509,3,1.0,14,24,MEDIUM,6.0
1235,9509,4,27.0,15,25,MEDIUM,7.0
1235,9509,4,81.0,15,27,HARD,8.0
1235,9509,3,77.0,16,16,SOFT,7.0
1235,9509,3,44.0,16,18,SOFT,6.0
1235,9509,5,11.0,16,26,MEDIUM,7.0
1235,9509,4,16.0,16,30,MEDIUM,7.0
1235,9509,3,24.0,17,18,SOFT,6.0
1235,9509,3,18.0,17,27,MEDIUM,6.0
1235,9509,4,77.0,17,29,MEDIUM,7.0
1235,9509,3,22.0,17,33,MEDIUM,0.0
1235,9509,4,20.0,17,33,HARD,9.0
1235,9509,4,3.0,17,33,MEDIUM,9.0
1235,9509,3,14.0,18,30,MEDIUM,8.0
1235,9509,5,55.0,18,31,MEDIUM,8.0
1235,9509,3,31.0,18,32,HARD,8.0
1235,9509,4,44.0,19,19,SOFT,9.0
1235,9509,3,10.0,19,28,HARD,9.0
1235,9509,4,24.0,19,29,MEDIUM,9.0
1235,9509,5,44.0,20,30,HARD,8.0
1235,9509,3,63.0,21,21,SOFT,9.0
1235,9509,4,63.0,22,33,HARD,10.0
1235,9509,5,27.0,26,29,SOFT,6.0
1235,9509,4,4.0,28,31,SOFT,2.0
1235,9509,5,81.0,28,31,SOFT,5.0
1235,9509,4,10.0,29,33,SOFT,8.0
1235,9510,1,4.0,1,2,HARD,0.0
1235,9510,1,14.0,1,2,MEDIUM,0.0
1235,9510,1,18.0,1,2,MEDIUM,0.0
1235,9510,1,81.0,1,2,HARD,0.0
1235,9510,1,22.0,1,3,MEDIUM,0.0
1235,9510,1,2.0,1,4,SOFT,0.0
1235,9510,1,3.0,1,4,MEDIUM,0.0
1235,9510,1,23.0,1,4,SOFT,0.0
1235,9510,1,24.0,1,4,SOFT,0.0
1235,9510,1,55.0,1,4,SOFT,0.0
1235,9510,1,63.0,1,4,SOFT,0.0
1235,9510,1,77.0,1,4,SOFT,0.0
1235,9510,1,16.0,1,6,SOFT,0.0
1235,9510,1,44.0,1,6,SOFT,0.0
1235,9510,1,1.0,1,7,MEDIUM,0.0
1235,9510,1,10.0,1,7,MEDIUM,0.0
1235,9510,1,11.0,1,7,MEDIUM,0.0
1235,9510,1,20.0,1,7,MEDIUM,0.0
1235,9510,1,27.0,1,7,MEDIUM,0.0
1235,9510,1,31.0,1,7,MEDIUM,0.0
1235,9510,2,18.0,3,3,HARD,0.0
1235,9510,2,14.0,3,3,HARD,0.0
1235,9510,2,4.0,3,3,HARD,0.0
1235,9510,2,81.0,3,3,SOFT,0.0
1235,9510,3,4.0,4,6,MEDIUM,0.0
1235,9510,3,81.0,4,6,SOFT,1.0
1235,9510,2,22.0,4,9,MEDIUM,2.0
1235,9510,3,14.0,4,11,HARD,0.0
1235,9510,3,18.0,4,12,HARD,0.0
1235,9510,2,63.0,5,5,SOFT,3.0
1235,9510,2,24.0,5,6,SOFT,3.0
1235,9510,2,77.0,5,7,SOFT,3.0
1235,9510,2,23.0,5,7,SOFT,3.0
1235,9510,2,2.0,5,7,SOFT,3.0
1235,9510,2,3.0,5,9,MEDIUM,0.0
1235,9510,2,55.0,5,11,SOFT,3.0
1235,9510,3,63.0,6,8,SOFT,4.0
1235,9510,3,24.0,7,9,SOFT,5.0
1235,9510,4,81.0,7,9,SOFT,4.0
1235,9510,2,16.0,7,10,SOFT,5.0
1235,9510,4,4.0,7,11,MEDIUM,3.0
1235,9510,2,44.0,7,12,SOFT,5.0
1235,9510,3,2.0,8,8,SOFT,0.0
1235,9510,2,1.0,8,10,MEDIUM,6.0
1235,9510,2,31.0,8,10,MEDIUM,6.0
1235,9510,2,10.0,8,10,MEDIUM,6.0
1235,9510,2,27.0,8,10,MEDIUM,0.0
1235,9510,3,23.0,8,10,SOFT,0.0
1235,9510,3,77.0,8,10,SOFT,0.0
1235,9510,2,20.0,8,10,SOFT,0.0
1235,9510,2,11.0,8,12,MEDIUM,6.0
1235,9510,4,63.0,9,11,SOFT,7.0
1235,9510,4,2.0,9,14,SOFT,0.0
1235,9510,3,3.0,10,10,MEDIUM,0.0
1235,9510,3,22.0,10,10,MEDIUM,8.0
1235,9510,4,24.0,10,12,SOFT,0.0
1235,9510,5,81.0,10,12,SOFT,0.0
1235,9510,3,1.0,11,11,MEDIUM,9.0
1235,9510,4,23.0,11,11,SOFT,3.0
1235,9510,4,22.0,11,12,SOFT,0.0
1235,9510,3,31.0,11,13,MEDIUM,9.0
1235,9510,3,10.0,11,13,MEDIUM,9.0
1235,9510,4,77.0,11,13,SOFT,3.0
1235,9510,3,27.0,11,13,SOFT,0.0
1235,9510,4,3.0,11,13,SOFT,0.0
1235,9510,3,20.0,11,13,SOFT,3.0
1235,9510,3,16.0,11,15,SOFT,9.0
1235,9510,5,4.0,12,12,SOFT,0.0
1235,9510,5,63.0,12,14,SOFT,0.0
1235,9510,5,23.0,12,15,SOFT,0.0
1235,9510,3,55.0,12,16,SOFT,10.0
1235,9510,4,1.0,12,17,MEDIUM,10.0
1235,9510,5,24.0,13,13,SOFT,3.0
1235,9510,3,44.0,13,14,SOFT,0.0
1235,9510,5,22.0,13,15,SOFT,2.0
1235,9510,6,4.0,13,16,SOFT,1.0
1235,9510,6,81.0,13,16,SOFT,3.0
1235,9510,3,11.0,13,17,MEDIUM,11.0
1235,9510,4,18.0,13,18,HARD,9.0
1235,9510,4,10.0,14,14,SOFT,0.0
1235,9510,4,31.0,14,16,SOFT,0.0
1235,9510,5,3.0,14,16,SOFT,3.0
1235,9510,6,24.0,14,16,SOFT,4.0
1235,9510,4,27.0,14,16,SOFT,0.0
1235,9510,5,77.0,14,16,SOFT,6.0
1235,9510,5,2.0,15,17,SOFT,6.0
1235,9510,6,63.0,15,17,SOFT,3.0
1235,9510,4,44.0,15,17,SOFT,2.0
1235,9510,5,10.0,15,18,SOFT,1.0
1235,9510,4,16.0,16,17,SOFT,0.0
1235,9510,4,55.0,17,17,SOFT,15.0
1235,9510,5,31.0,17,20,SOFT,3.0
1235,9510,4,11.0,18,19,SOFT,0.0
1235,9510,5,1.0,18,19,SOFT,0.0
1235,9510,5,55.0,18,19,SOFT,0.0
1235,9510,5,16.0,18,21,SOFT,2.0
1235,9510,5,18.0,19,21,SOFT,0.0
1235,9510,6,1.0,20,22,SOFT,2.0
1235,9510,6,55.0,20,23,SOFT,0.0
1235,9510,6,18.0,22,25,SOFT,3.0
1235,9511,1,63.0,1,3,MEDIUM,0.0
1235,9511,1,24.0,1,3,SOFT,0.0
1235,9511,1,81.0,1,4,SOFT,0.0
1235,9511,1,4.0,1,4,SOFT,0.0
1235,9511,1,1.0,1,4,SOFT,0.0
1235,9511,1,23.0,1,4,SOFT,0.0
1235,9511,1,31.0,1,4,SOFT,0.0
1235,9511,1,18.0,1,4,SOFT,0.0
1235,9511,1,27.0,1,4,SOFT,0.0
1235,9511,1,3.0,1,4,SOFT,0.0
1235,9511,1,11.0,1,4,SOFT,0.0
1235,9511,1,22.0,1,4,SOFT,0.0
1235,9511,1,77.0,1,4,SOFT,0.0
1235,9511,1,2.0,1,4,SOFT,0.0
1235,9511,1,20.0,1,4,SOFT,0.0
1235,9511,1,44.0,1,4,SOFT,0.0
1235,9511,1,14.0,1,4,SOFT,0.0
1235,9511,1,10.0,1,4,SOFT,0.0
1235,9511,1,55.0,1,7,MEDIUM,0.0
1235,9511,1,16.0,1,7,MEDIUM,0.0
1235,9511,2,24.0,4,4,SOFT,2.0
1235,9511,2,63.0,4,6,SOFT,0.0
1235,9511,2,11.0,5,5,SOFT,0.0
1235,9511,2,81.0,5,5,SOFT,3.0
1235,9511,2,2.0,5,6,SOFT,0.0
1235,9511,2,14.0,5,6,SOFT,0.0
1235,9511,3,24.0,5,7,SOFT,3.0
1235,9511,2,27.0,5,7,SOFT,3.0
1235,9511,2,18.0,5,7,SOFT,0.0
1235,9511,2,20.0,5,7,SOFT,3.0
1235,9511,2,31.0,5,7,SOFT,0.0
1235,9511,2,10.0,5,7,SOFT,0.0
1235,9511,2,44.0,5,7,SOFT,3.0
1235,9511,2,4.0,5,7,SOFT,3.0
1235,9511,2,23.0,5,7,SOFT,0.0
1235,9511,2,77.0,5,7,SOFT,0.0
1235,9511,2,1.0,5,7,SOFT,3.0
1235,9511,2,3.0,5,7,SOFT,0.0
1235,9511,2,22.0,5,7,SOFT,0.0
1235,9511,3,11.0,6,8,SOFT,1.0
1235,9511,3,81.0,6,8,SOFT,0.0
1235,9511,3,63.0,7,7,SOFT,0.0
1235,9511,3,14.0,7,8,SOFT,0.0
1235,9511,3,2.0,7,9,SOFT,0.0
1235,9511,3,4.0,8,8,SOFT,6.0
1235,9511,3,20.0,8,9,SOFT,0.0
1235,9511,3,10.0,8,9,SOFT,0.0
1235,9511,2,55.0,8,9,MEDIUM,6.0
1235,9511,3,44.0,8,9,SOFT,0.0
1235,9511,3,18.0,8,10,SOFT,0.0
1235,9511,3,31.0,8,10,SOFT,0.0
1235,9511,4,24.0,8,10,SOFT,0.0
1235,9511,3,27.0,8,10,SOFT,0.0
1235,9511,2,16.0,8,10,MEDIUM,6.0
1235,9511,4,63.0,8,10,SOFT,3.0
1235,9511,3,23.0,8,10,SOFT,3.0
1235,9511,3,1.0,8,10,SOFT,0.0
1235,9511,3,3.0,8,10,SOFT,0.0
1235,9511,3,22.0,8,10,SOFT,0.0
1235,9511,4,81.0,9,10,SOFT,4.0
1235,9511,4,4.0,9,11,SOFT,0.0
1235,9511,4,11.0,9,11,SOFT,0.0
1235,9511,4,44.0,10,12,SOFT,2.0
1235,9511,4,10.0,10,12,SOFT,2.0
1235,9511,3,55.0,10,12,SOFT,0.0
1235,9511,4,27.0,11,13,SOFT,0.0
1235,9511,4,18.0,11,13,SOFT,3.0
1235,9511,4,31.0,11,13,SOFT,3.0
1235,9511,3,16.0,11,13,SOFT,0.0
1235,9511,4,23.0,11,13,SOFT,0.0
1235,9511,5,63.0,11,13,SOFT,0.0
1235,9511,4,3.0,11,13,SOFT,0.0
1235,9511,4,1.0,11,13,SOFT,3.0
1235,9511,4,22.0,11,13,SOFT,0.0
1235,9511,5,81.0,11,13,SOFT,0.0
1235,9511,5,4.0,12,14,SOFT,0.0
1235,9511,5,10.0,13,15,SOFT,0.0
1235,9511,5,44.0,13,15,SOFT,0.0
1235,9511,4,55.0,13,15,SOFT,0.0
1235,9511,5,31.0,14,16,SOFT,0.0
1235,9511,5,27.0,14,16,SOFT,0.0
1235,9511,5,18.0,14,16,SOFT,0.0
1235,9511,4,16.0,14,16,SOFT,0.0
1235,9511,5,1.0,14,16,SOFT,0.0
1235,9511,6,63.0,14,16,SOFT,1.0
1235,9511,5,3.0,14,16,SOFT,0.0
1235,9511,5,22.0,14,16,SOFT,0.0
1235,9511,6,81.0,14,16,SOFT,0.0
1235,9511,6,4.0,15,17,SOFT,0.0
1235,9511,5,55.0,16,18,SOFT,0.0
1235,9511,6,44.0,16,18,SOFT,5.0
1235,9511,6,27.0,17,19,SOFT,3.0
1235,9511,5,16.0,17,19,SOFT,0.0
1235,9511,7,63.0,17,19,SOFT,0.0
1235,9511,6,1.0,17,19,SOFT,0.0
1235,9511,7,4.0,18,20,SOFT,0.0
1235,9511,6,55.0,19,21,SOFT,0.0
1235,9511,7,44.0,19,21,SOFT,0.0
1235,9511,7,27.0,20,22,SOFT,0.0
1235,9511,6,16.0,20,22,SOFT,0.0
1235,9515,1,14.0,1,7,SOFT,0.0
1235,9515,1,23.0,1,8,MEDIUM,0.0
1235,9515,1,10.0,1,8,SOFT,0.0
1235,9515,1,77.0,1,8,MEDIUM,0.0
1235,9515,1,3.0,1,11,MEDIUM,0.0
1235,9515,1,22.0,1,12,MEDIUM,0.0
1235,9515,1,27.0,1,13,MEDIUM,0.0
1235,9515,1,63.0,1,21,MEDIUM,0.0
1235,9515,1,4.0,1,22,MEDIUM,0.0
1235,9515,1,81.0,1,23,MEDIUM,0.0
1235,9515,1,1.0,1,24,MEDIUM,0.0
1235,9515,1,16.0,1,25,MEDIUM,0.0
1235,9515,1,31.0,1,25,MEDIUM,0.0
1235,9515,1,55.0,1,27,MEDIUM,0.0
1235,9515,1,44.0,1,27,MEDIUM,0.0
1235,9515,1,2.0,1,31,HARD,0.0
1235,9515,1,24.0,1,33,HARD,0.0
1235,9515,1,11.0,1,37,HARD,0.0
1235,9515,1,18.0,1,37,MEDIUM,1.0
1235,9515,1,20.0,1,37,MEDIUM,0.0
1235,9515,2,14.0,8,40,HARD,1.0
1235,9515,2,23.0,9,9,HARD,0.0
1235,9515,2,10.0,9,30,HARD,0.0
1235,9515,2,77.0,9,63,HARD,0.0
1235,9515,3,23.0,10,23,MEDIUM,8.0
1235,9515,2,3.0,12,63,HARD,0.0
1235,9515,2,22.0,13,63,HARD,0.0
1235,9515,2,27.0,14,63,HARD,0.0
1235,9515,2,63.0,22,52,HARD,0.0
1235,9515,2,4.0,23,64,HARD,1.0
1235,9515,4,23.0,24,28,MEDIUM,14.0
1235,9515,2,81.0,24,64,HARD,1.0
1235,9515,2,1.0,25,64,HARD,0.0
1235,9515,2,31.0,26,63,HARD,0.0
1235,9515,2,16.0,26,64,HARD,0.0
1235,9515,2,55.0,28,64,HARD,0.0
1235,9515,2,44.0,28,64,HARD,0.0
1235,9515,5,23.0,29,52,MEDIUM,8.0
1235,9515,3,10.0,31,63,MEDIUM,0.0
1235,9515,2,2.0,32,63,MEDIUM,0.0
1235,9515,2,24.0,34,63,MEDIUM,0.0
1235,9515,2,20.0,38,63,HARD,0.0
1235,9515,2,11.0,38,64,MEDIUM,0.0
1235,9515,2,18.0,38,64,HARD,1.0
1235,9515,3,14.0,41,59,MEDIUM,1.0
1235,9515,3,63.0,53,64,MEDIUM,2.0
1235,9515,4,14.0,60,63,SOFT,0.0
1236,9516,1,10.0,1,6,HARD,0.0
1236,9516,1,20.0,1,7,HARD,0.0
1236,9516,1,27.0,1,7,HARD,0.0
1236,9516,1,1.0,1,10,MEDIUM,0.0
1236,9516,1,11.0,1,10,HARD,0.0
1236,9516,1,44.0,1,11,HARD,0.0
1236,9516,1,63.0,1,11,HARD,0.0
1236,9516,1,24.0,1,12,HARD,0.0
1236,9516,1,2.0,1,14,HARD,0.0
1236,9516,1,4.0,1,14,HARD,0.0
1236,9516,1,14.0,1,14,HARD,0.0
1236,9516,1,77.0,1,14,HARD,0.0
1236,9516,1,81.0,1,14,MEDIUM,0.0
1236,9516,1,18.0,1,15,HARD,0.0
1236,9516,1,23.0,1,15,HARD,0.0
1236,9516,1,3.0,1,18,MEDIUM,0.0
1236,9516,1,22.0,1,18,MEDIUM,0.0
1236,9516,1,31.0,1,20,HARD,0.0
1236,9516,1,16.0,1,22,HARD,0.0
1236,9516,1,55.0,1,22,HARD,0.0
1236,9516,2,10.0,7,7,HARD,5.0
1236,9516,3,10.0,8,11,MEDIUM,0.0
1236,9516,2,20.0,8,12,HARD,6.0
1236,9516,2,27.0,8,14,HARD,6.0
1236,9516,2,1.0,11,17,MEDIUM,0.0
1236,9516,2,11.0,11,19,HARD,9.0
1236,9516,2,63.0,12,20,MEDIUM,0.0
1236,9516,2,44.0,12,20,MEDIUM,0.0
1236,9516,2,24.0,13,17,HARD,11.0
1236,9516,3,20.0,13,25,MEDIUM,0.0
1236,9516,2,2.0,15,21,MEDIUM,0.0
1236,9516,2,77.0,15,21,SOFT,0.0
1236,9516,2,81.0,15,22,SOFT,0.0
1236,9516,2,4.0,15,22,MEDIUM,0.0
1236,9516,2,14.0,15,22,SOFT,0.0
1236,9516,3,27.0,15,27,MEDIUM,0.0
1236,9516,2,18.0,16,22,SOFT,0.0
1236,9516,2,23.0,16,25,MEDIUM,0.0
1236,9516,3,1.0,18,20,MEDIUM,0.0
1236,9516,3,24.0,18,23,SOFT,0.0
1236,9516,2,22.0,19,27,SOFT,0.0
1236,9516,2,3.0,19,28,SOFT,0.0
1236,9516,3,11.0,20,21,HARD,18.0
1236,9516,4,1.0,21,22,MEDIUM,0.0
1236,9516,2,31.0,21,25,MEDIUM,0.0
1236,9516,3,63.0,21,26,SOFT,0.0
1236,9516,3,44.0,21,28,SOFT,0.0
1236,9516,3,77.0,21,29,SOFT,5.0
1236,9516,4,11.0,22,24,MEDIUM,0.0
1236,9516,3,4.0,22,26,SOFT,0.0
1236,9516,2,16.0,22,28,MEDIUM,0.0
1236,9516,3,2.0,22,28,MEDIUM,0.0
1236,9516,5,1.0,22,30,MEDIUM,0.0
1236,9516,3,14.0,23,27,SOFT,7.0
1236,9516,3,18.0,23,27,SOFT,6.0
1236,9516,2,55.0,23,28,MEDIUM,0.0
1236,9516,3,81.0,23,32,MEDIUM,13.0
1236,9516,4,24.0,24,31,SOFT,5.0
1236,9516,5,11.0,25,27,MEDIUM,2.0
1236,9516,3,31.0,25,34,MEDIUM,3.0
1236,9516,4,20.0,26,34,HARD,11.0
1236,9516,4,4.0,26,34,MEDIUM,7.0
1236,9516,3,23.0,26,35,HARD,14.0
1236,9516,4,27.0,27,35,MEDIUM,11.0
1236,9516,4,63.0,27,36,MEDIUM,9.0
1236,9516,6,11.0,28,30,HARD,20.0
1236,9516,3,22.0,28,35,SOFT,8.0
1236,9516,3,55.0,28,36,MEDIUM,4.0
1236,9516,4,44.0,28,36,HARD,10.0
1236,9516,4,2.0,28,37,HARD,13.0
1236,9516,3,16.0,29,29,MEDIUM,6.0
1236,9516,3,3.0,29,37,SOFT,9.0
1236,9516,4,16.0,30,30,MEDIUM,6.0
1236,9516,5,16.0,31,31,HARD,20.0
1236,9516,6,16.0,32,34,HARD,20.0
1236,9517,1,55.0,1,6,MEDIUM,0.0
1236,9517,1,2.0,1,7,MEDIUM,0.0
1236,9517,1,27.0,1,9,MEDIUM,0.0
1236,9517,1,77.0,1,10,MEDIUM,0.0
1236,9517,1,4.0,1,11,MEDIUM,0.0
1236,9517,1,11.0,1,11,MEDIUM,0.0
1236,9517,1,20.0,1,11,MEDIUM,0.0
1236,9517,1,31.0,1,12,MEDIUM,0.0
1236,9517,1,63.0,1,12,MEDIUM,0.0
1236,9517,1,81.0,1,12,HARD,0.0
1236,9517,1,1.0,1,13,HARD,0.0
1236,9517,1,14.0,1,13,MEDIUM,0.0
1236,9517,1,16.0,1,13,MEDIUM,0.0
1236,9517,1,18.0,1,13,MEDIUM,0.0
1236,9517,1,44.0,1,13,MEDIUM,0.0
1236,9517,1,3.0,1,14,HARD,0.0
1236,9517,1,22.0,1,14,HARD,0.0
1236,9517,1,23.0,1,14,MEDIUM,0.0
1236,9517,1,10.0,1,15,MEDIUM,0.0
1236,9517,1,24.0,1,16,MEDIUM,0.0
1236,9517,2,55.0,7,16,MEDIUM,5.0
1236,9517,2,2.0,8,12,MEDIUM,0.0
1236,9517,2,27.0,10,20,SOFT,0.0
1236,9517,2,77.0,11,24,MEDIUM,0.0
1236,9517,2,11.0,12,17,SOFT,0.0
1236,9517,2,4.0,12,19,SOFT,0.0
1236,9517,2,20.0,12,22,SOFT,0.0
1236,9517,2,63.0,13,13,MEDIUM,11.0
1236,9517,2,81.0,13,14,MEDIUM,0.0
1236,9517,3,2.0,13,19,SOFT,0.0
1236,9517,2,31.0,13,26,SOFT,0.0
1236,9517,2,1.0,14,16,SOFT,0.0
1236,9517,2,14.0,14,20,SOFT,0.0
1236,9517,2,44.0,14,20,SOFT,7.0
1236,9517,2,16.0,14,21,SOFT,0.0
1236,9517,2,23.0,14,22,SOFT,0.0
1236,9517,3,63.0,14,22,SOFT,6.0
1236,9517,2,18.0,14,23,SOFT,0.0
1236,9517,3,81.0,15,19,MEDIUM,2.0
1236,9517,2,3.0,15,25,MEDIUM,0.0
1236,9517,2,22.0,15,25,MEDIUM,0.0
1236,9517,2,10.0,15,26,SOFT,0.0
1236,9517,3,55.0,16,26,SOFT,0.0
1236,9517,3,1.0,17,18,SOFT,0.0
1236,9517,2,24.0,17,20,MEDIUM,0.0
1236,9517,3,11.0,18,21,SOFT,0.0
1236,9517,4,1.0,19,23,SOFT,5.0
1236,9517,4,2.0,20,21,SOFT,7.0
1236,9517,3,4.0,20,32,MEDIUM,10.0
1236,9517,4,81.0,20,33,MEDIUM,7.0
1236,9517,3,14.0,21,25,SOFT,7.0
1236,9517,3,24.0,21,25,MEDIUM,4.0
1236,9517,3,27.0,21,31,MEDIUM,8.0
1236,9517,3,44.0,21,33,MEDIUM,12.0
1236,9517,3,16.0,22,26,SOFT,8.0
1236,9517,4,11.0,22,32,MEDIUM,10.0
1236,9517,5,2.0,22,33,MEDIUM,11.0
1236,9517,3,23.0,23,24,SOFT,9.0
1236,9517,4,63.0,23,28,MEDIUM,12.0
1236,9517,3,20.0,23,32,SOFT,11.0
1236,9517,5,1.0,24,29,HARD,12.0
1236,9517,3,77.0,25,32,MEDIUM,9.0
1236,9517,4,23.0,25,39,MEDIUM,12.0
1236,9517,4,24.0,26,33,MEDIUM,15.0
1236,9517,3,22.0,26,37,MEDIUM,11.0
1236,9517,3,3.0,26,38,MEDIUM,11.0
1236,9517,4,14.0,26,38,MEDIUM,12.0
1236,9517,3,31.0,27,35,MEDIUM,11.0
1236,9517,3,10.0,27,36,MEDIUM,13.0
1236,9517,4,55.0,27,37,MEDIUM,14.0
1236,9517,4,16.0,27,38,MEDIUM,0.0
1236,9517,5,63.0,29,31,MEDIUM,18.0
1236,9517,6,1.0,30,38,HARD,18.0
1236,9517,4,27.0,32,35,SOFT,0.0
1236,9517,4,4.0,33,36,SOFT,12.0
1236,9517,5,81.0,34,36,HARD,11.0
1236,9517,6,2.0,34,37,SOFT,9.0
1236,9518,1,3.0,1,2,HARD,0.0
1236,9518,1,4.0,1,2,HARD,0.0
1236,9518,1,14.0,1,2,MEDIUM,0.0
1236,9518,1,18.0,1,2,MEDIUM,0.0
1236,9518,1,22.0,1,2,HARD,0.0
1236,9518,1,81.0,1,2,HARD,0.0
1236,9518,1,24.0,1,3,SOFT,0.0
1236,9518,1,27.0,1,3,SOFT,0.0
1236,9518,1,63.0,1,3,SOFT,0.0
1236,9518,1,77.0,1,3,SOFT,0.0
1236,9518,1,44.0,1,5,SOFT,0.0
1236,9518,1,20.0,1,6,SOFT,0.0
1236,9518,1,11.0,1,8,SOFT,0.0
1236,9518,1,55.0,1,8,SOFT,0.0
1236,9518,1,2.0,1,11,SOFT,0.0
1236,9518,1,23.0,1,12,SOFT,0.0
1236,9518,1,31.0,1,13,SOFT,0.0
1236,9518,1,1.0,1,14,SOFT,0.0
1236,9518,1,10.0,1,14,SOFT,0.0
1236,9518,1,16.0,1,15,SOFT,0.0
1236,9518,2,4.0,3,2,MEDIUM,0.0
1236,9518,2,81.0,3,3,MEDIUM,0.0
1236,9518,2,18.0,3,3,HARD,0.0
1236,9518,2,14.0,3,3,HARD,0.0
1236,9518,3,4.0,3,3,SOFT,0.0
1236,9518,2,22.0,3,15,SOFT,0.0
1236,9518,2,3.0,3,15,SOFT,0.0
1236,9518,2,63.0,4,6,SOFT,2.0
1236,9518,3,14.0,4,12,MEDIUM,0.0
1236,9518,3,81.0,4,13,SOFT,0.0
1236,9518,2,27.0,4,13,SOFT,2.0
1236,9518,3,18.0,4,13,MEDIUM,0.0
1236,9518,4,4.0,4,14,SOFT,0.0
1236,9518,2,24.0,4,15,SOFT,2.0
1236,9518,2,44.0,6,8,SOFT,4.0
1236,9518,3,63.0,7,18,SOFT,5.0
1236,9518,2,20.0,7,18,SOFT,5.0
1236,9518,2,11.0,9,11,SOFT,7.0
1236,9518,2,55.0,9,13,SOFT,7.0
1236,9518,3,44.0,9,15,SOFT,0.0
1236,9518,2,2.0,12,18,SOFT,0.0
1236,9518,3,11.0,12,21,SOFT,0.0
1236,9518,2,23.0,13,16,SOFT,0.0
1236,9518,4,14.0,13,23,SOFT,0.0
1236,9518,3,55.0,14,16,SOFT,0.0
1236,9518,4,81.0,14,20,SOFT,0.0
1236,9518,2,31.0,14,22,SOFT,0.0
1236,9518,3,27.0,14,25,SOFT,0.0
1236,9518,4,18.0,14,26,SOFT,0.0
1236,9518,5,4.0,15,22,SOFT,0.0
1236,9518,2,10.0,15,27,SOFT,0.0
1236,9518,2,1.0,15,28,SOFT,0.0
1236,9518,4,44.0,16,18,SOFT,7.0
1236,9518,2,16.0,16,20,SOFT,0.0
1236,9518,3,3.0,16,21,SOFT,0.0
1236,9518,3,22.0,16,28,SOFT,0.0
1236,9518,3,24.0,16,29,SOFT,0.0
1236,9518,3,23.0,17,21,SOFT,0.0
1236,9518,4,55.0,17,22,SOFT,3.0
1236,9518,3,2.0,19,22,SOFT,10.0
1236,9518,5,44.0,19,26,SOFT,0.0
1236,9518,3,20.0,19,32,SOFT,0.0
1236,9518,4,63.0,19,34,SOFT,0.0
1236,9518,3,16.0,21,23,SOFT,5.0
1236,9518,5,81.0,21,23,SOFT,7.0
1236,9518,4,11.0,22,25,SOFT,10.0
1236,9518,4,23.0,22,25,SOFT,0.0
1236,9518,4,3.0,22,29,SOFT,6.0
1236,9518,6,4.0,23,25,SOFT,8.0
1236,9518,3,31.0,23,26,SOFT,12.0
1236,9518,5,55.0,23,27,SOFT,9.0
1236,9518,5,14.0,24,26,SOFT,11.0
1236,9518,6,81.0,24,26,SOFT,10.0
1236,9518,4,16.0,24,27,SOFT,14.0
1236,9519,1,16.0,1,6,SOFT,0.0
1236,9519,1,22.0,1,6,SOFT,0.0
1236,9519,1,27.0,1,6,SOFT,0.0
1236,9519,1,20.0,1,6,SOFT,0.0
1236,9519,1,14.0,1,7,SOFT,0.0
1236,9519,1,18.0,1,7,SOFT,0.0
1236,9519,1,2.0,1,7,SOFT,0.0
1236,9519,1,3.0,1,7,SOFT,0.0
1236,9519,1,24.0,1,7,SOFT,0.0
1236,9519,1,77.0,1,7,SOFT,0.0
1236,9519,1,81.0,1,8,SOFT,0.0
1236,9519,1,11.0,1,8,SOFT,0.0
1236,9519,1,55.0,1,8,SOFT,0.0
1236,9519,1,10.0,1,8,SOFT,0.0
1236,9519,1,31.0,1,8,SOFT,0.0
1236,9519,1,63.0,1,9,SOFT,0.0
1236,9519,1,4.0,1,9,SOFT,0.0
1236,9519,1,23.0,1,9,SOFT,0.0
1236,9519,1,44.0,1,10,SOFT,0.0
1236,9519,1,1.0,1,13,SOFT,0.0
1236,9519,2,16.0,7,11,SOFT,5.0
1236,9519,2,27.0,7,11,SOFT,0.0
1236,9519,2,22.0,7,11,SOFT,0.0
1236,9519,2,20.0,7,12,SOFT,0.0
1236,9519,2,14.0,8,12,SOFT,0.0
1236,9519,2,18.0,8,12,SOFT,0.0
1236,9519,2,77.0,8,12,SOFT,0.0
1236,9519,2,24.0,8,12,SOFT,0.0
1236,9519,2,2.0,8,13,SOFT,0.0
1236,9519,2,3.0,8,13,SOFT,0.0
1236,9519,2,55.0,9,12,SOFT,0.0
1236,9519,2,31.0,9,13,SOFT,0.0
1236,9519,2,10.0,9,13,SOFT,0.0
1236,9519,2,81.0,9,13,SOFT,0.0
1236,9519,2,11.0,9,13,SOFT,0.0
1236,9519,2,4.0,10,11,SOFT,0.0
1236,9519,2,63.0,10,13,SOFT,0.0
1236,9519,2,23.0,10,14,SOFT,0.0
1236,9519,2,44.0,11,13,SOFT,0.0
1236,9519,3,4.0,12,14,SOFT,2.0
1236,9519,3,16.0,12,16,SOFT,0.0
1236,9519,3,27.0,12,17,SOFT,0.0
1236,9519,3,22.0,12,17,SOFT,0.0
1236,9519,3,55.0,13,15,SOFT,2.0
1236,9519,3,20.0,13,15,SOFT,0.0
1236,9519,3,18.0,13,15,SOFT,0.0
1236,9519,3,81.0,14,16,SOFT,3.0
1236,9519,3,44.0,14,17,SOFT,2.0
1236,9519,3,63.0,14,17,SOFT,3.0
1236,9519,2,1.0,14,18,SOFT,0.0
1236,9519,3,31.0,14,18,SOFT,0.0
1236,9519,3,3.0,14,19,SOFT,0.0
1236,9519,3,10.0,14,19,SOFT,0.0
1236,9519,4,4.0,15,19,SOFT,0.0
1236,9519,3,23.0,15,20,SOFT,0.0
1236,9519,4,18.0,16,18,SOFT,0.0
1236,9519,4,20.0,16,19,SOFT,0.0
1236,9519,4,55.0,16,21,SOFT,0.0
1236,9519,4,81.0,17,19,SOFT,0.0
1236,9519,4,16.0,17,21,SOFT,0.0
1236,9519,4,44.0,18,20,SOFT,0.0
1236,9519,4,63.0,18,20,SOFT,0.0
1236,9519,4,22.0,18,20,SOFT,0.0
1236,9519,4,27.0,18,21,SOFT,0.0
1236,9519,4,31.0,19,21,SOFT,0.0
1236,9519,3,1.0,19,22,SOFT,0.0
1236,9519,5,4.0,20,22,SOFT,0.0
1236,9519,4,3.0,20,22,SOFT,0.0
1236,9519,5,81.0,20,22,SOFT,0.0
1236,9519,4,10.0,20,23,SOFT,0.0
1236,9519,5,63.0,21,22,SOFT,0.0
1236,9519,5,44.0,21,23,SOFT,0.0
1236,9519,5,22.0,21,23,SOFT,0.0
1236,9519,4,23.0,21,24,SOFT,0.0
1236,9519,5,16.0,22,24,SOFT,0.0
1236,9519,5,55.0,22,25,SOFT,0.0
1236,9519,6,4.0,23,25,SOFT,3.0
1236,9519,6,81.0,23,25,SOFT,0.0
1236,9519,6,63.0,23,26,SOFT,0.0
1236,9519,4,1.0,23,26,SOFT,0.0
1236,9519,6,44.0,24,26,SOFT,0.0
1236,9519,6,22.0,24,26,SOFT,0.0
1236,9519,5,10.0,24,27,SOFT,4.0
1236,9519,5,23.0,25,27,SOFT,4.0
1236,9519,6,16.0,25,27,SOFT,0.0
1236,9519,7,4.0,26,28,SOFT,0.0
1236,9519,6,55.0,26,29,SOFT,0.0
1236,9519,5,1.0,27,29,SOFT,0.0
1236,9519,7,44.0,27,29,SOFT,0.0
1236,9519,7,63.0,27,29,SOFT,0.0
1236,9519,6,23.0,28,30,SOFT,0.0
1236,9519,6,10.0,28,31,SOFT,0.0
1236,9523,1,16.0,1,1,MEDIUM,0.0
1236,9523,1,81.0,1,1,MEDIUM,1.0
1236,9523,1,55.0,1,1,MEDIUM,0.0
1236,9523,1,4.0,1,1,MEDIUM,1.0
1236,9523,1,63.0,1,1,HARD,0.0
1236,9523,1,1.0,1,1,HARD,0.0
1236,9523,1,44.0,1,1,HARD,0.0
1236,9523,1,22.0,1,1,MEDIUM,0.0
1236,9523,1,23.0,1,1,MEDIUM,0.0
1236,9523,1,10.0,1,1,HARD,0.0
1236,9523,1,31.0,1,1,HARD,0.0
1236,9523,1,3.0,1,1,MEDIUM,0.0
1236,9523,1,18.0,1,1,HARD,1.0
1236,9523,1,14.0,1,1,HARD,1.0
1236,9523,1,2.0,1,1,HARD,0.0
1236,9523,1,11.0,1,1,HARD,0.0
1236,9523,1,77.0,1,1,HARD,0.0
1236,9523,1,24.0,1,1,MEDIUM,0.0
1236,9523,1,27.0,1,1,MEDIUM,0.0
1236,9523,1,20.0,1,1,HARD,0.0
1236,9523,2,77.0,2,15,MEDIUM,0.0
1236,9523,2,18.0,2,42,MEDIUM,1.0
1236,9523,2,44.0,2,51,MEDIUM,0.0
1236,9523,2,1.0,2,52,MEDIUM,0.0
1236,9523,2,2.0,2,57,HARD,1.0
1236,9523,2,24.0,2,70,HARD,0.0
1236,9523,2,3.0,2,77,HARD,1.0
1236,9523,2,14.0,2,77,MEDIUM,1.0
1236,9523,2,22.0,2,78,HARD,1.0
1236,9523,2,23.0,2,78,HARD,0.0
1236,9523,2,10.0,2,78,MEDIUM,0.0
1236,9523,2,16.0,2,79,HARD,0.0
1236,9523,2,81.0,2,79,HARD,1.0
1236,9523,2,55.0,2,79,HARD,0.0
1236,9523,2,4.0,2,79,HARD,0.0
1236,9523,2,63.0,2,79,MEDIUM,0.0
1236,9523,3,77.0,16,77,HARD,1.0
1236,9523,3,18.0,43,48,HARD,0.0
1236,9523,4,18.0,49,77,SOFT,0.0
1236,9523,3,44.0,52,79,HARD,0.0
1236,9523,3,1.0,53,79,HARD,0.0
1236,9523,3,2.0,58,77,MEDIUM,0.0
1236,9523,3,24.0,71,77,SOFT,0.0
1237,9524,1,27.0,1,2,WET,0.0
1237,9524,1,20.0,1,2,WET,0.0
1237,9524,1,61.0,1,2,WET,0.0
1237,9524,1,18.0,1,2,INTERMEDIATE,0.0
1237,9524,1,55.0,1,2,INTERMEDIATE,0.0
1237,9524,1,14.0,1,2,INTERMEDIATE,0.0
1237,9524,1,16.0,1,2,INTERMEDIATE,0.0
1237,9524,1,23.0,1,3,WET,0.0
1237,9524,1,81.0,1,3,WET,0.0
1237,9524,1,4.0,1,3,WET,0.0
1237,9524,1,2.0,1,3,WET,0.0
1237,9524,1,24.0,1,3,WET,0.0
1237,9524,1,63.0,1,3,INTERMEDIATE,0.0
1237,9524,1,77.0,1,3,WET,0.0
1237,9524,1,1.0,1,4,INTERMEDIATE,0.0
1237,9524,1,10.0,1,5,INTERMEDIATE,0.0
1237,9524,1,44.0,1,5,INTERMEDIATE,0.0
1237,9524,1,22.0,1,6,INTERMEDIATE,0.0
1237,9524,1,3.0,1,6,INTERMEDIATE,0.0
1237,9524,1,11.0,1,7,INTERMEDIATE,0.0
1237,9524,2,27.0,3,3,WET,1.0
1237,9524,2,20.0,3,3,WET,1.0
1237,9524,2,61.0,3,4,SOFT,0.0
1237,9524,2,14.0,3,5,SOFT,0.0
1237,9524,2,18.0,3,5,SOFT,0.0
1237,9524,2,16.0,3,6,INTERMEDIATE,1.0
1237,9524,2,55.0,3,7,INTERMEDIATE,1.0
1237,9524,2,4.0,4,4,INTERMEDIATE,0.0
1237,9524,2,81.0,4,4,INTERMEDIATE,0.0
1237,9524,2,24.0,4,5,INTERMEDIATE,0.0
1237,9524,2,23.0,4,5,SOFT,0.0
1237,9524,2,77.0,4,6,INTERMEDIATE,0.0
1237,9524,2,63.0,4,6,INTERMEDIATE,2.0
1237,9524,2,2.0,4,6,SOFT,0.0
1237,9524,3,27.0,4,6,SOFT,0.0
1237,9524,3,20.0,4,7,INTERMEDIATE,0.0
1237,9524,2,1.0,5,6,INTERMEDIATE,3.0
1237,9524,3,81.0,5,8,SOFT,0.0
1237,9524,3,4.0,5,9,SOFT,0.0
1237,9524,2,44.0,6,8,INTERMEDIATE,0.0
1237,9524,2,10.0,6,9,SOFT,0.0
1237,9524,3,77.0,7,9,INTERMEDIATE,3.0
1237,9524,3,63.0,7,10,SOFT,0.0
1237,9524,2,3.0,7,10,SOFT,0.0
1237,9524,2,22.0,7,10,SOFT,0.0
1237,9524,3,1.0,7,11,SOFT,0.0
1237,9524,3,16.0,7,12,SOFT,0.0
1237,9524,4,20.0,8,9,SOFT,0.0
1237,9524,2,11.0,8,11,SOFT,0.0
1237,9524,3,55.0,8,12,SOFT,0.0
1237,9524,3,44.0,9,12,SOFT,0.0
1237,9524,4,77.0,10,12,SOFT,0.0
1237,9525,1,18.0,1,2,SOFT,0.0
1237,9525,1,55.0,1,2,MEDIUM,0.0
1237,9525,1,11.0,1,2,SOFT,0.0
1237,9525,1,16.0,1,2,MEDIUM,5.0
1237,9525,1,14.0,1,2,SOFT,0.0
1237,9525,1,77.0,1,2,SOFT,0.0
1237,9525,1,24.0,1,2,INTERMEDIATE,0.0
1237,9525,1,31.0,1,2,SOFT,0.0
1237,9525,1,1.0,1,2,SOFT,0.0
1237,9525,1,63.0,1,3,SOFT,0.0
1237,9525,1,27.0,1,3,SOFT,0.0
1237,9525,1,44.0,1,4,SOFT,0.0
1237,9525,1,4.0,1,4,MEDIUM,0.0
1237,9525,1,22.0,1,4,SOFT,0.0
1237,9525,1,81.0,1,5,MEDIUM,0.0
1237,9525,1,3.0,1,5,SOFT,0.0
1237,9525,1,10.0,1,10,SOFT,0.0
1237,9525,1,23.0,1,12,SOFT,0.0
1237,9525,1,2.0,1,13,SOFT,0.0
1237,9525,1,20.0,1,13,SOFT,2.0
1237,9525,2,11.0,3,4,SOFT,1.0
1237,9525,2,1.0,3,5,SOFT,1.0
1237,9525,2,24.0,3,8,SOFT,0.0
1237,9525,2,77.0,3,10,SOFT,1.0
1237,9525,2,18.0,3,14,SOFT,1.0
1237,9525,2,16.0,3,15,INTERMEDIATE,0.0
1237,9525,2,14.0,3,16,SOFT,1.0
1237,9525,2,55.0,3,16,MEDIUM,1.0
1237,9525,2,31.0,3,17,SOFT,1.0
1237,9525,2,63.0,4,6,SOFT,2.0
1237,9525,2,27.0,4,10,SOFT,2.0
1237,9525,2,4.0,5,8,MEDIUM,3.0
1237,9525,3,11.0,5,10,SOFT,3.0
1237,9525,2,22.0,5,11,SOFT,3.0
1237,9525,2,44.0,5,18,SOFT,3.0
1237,9525,2,81.0,6,10,MEDIUM,4.0
1237,9525,2,3.0,6,12,SOFT,4.0
1237,9525,3,63.0,7,14,SOFT,5.0
1237,9525,3,24.0,9,18,INTERMEDIATE,1.0
1237,9525,3,4.0,9,22,INTERMEDIATE,1.0
1237,9525,2,10.0,11,14,SOFT,0.0
1237,9525,4,11.0,11,20,INTERMEDIATE,0.0
1237,9525,3,27.0,11,21,INTERMEDIATE,0.0
1237,9525,3,81.0,11,21,INTERMEDIATE,1.0
1237,9525,3,77.0,11,22,INTERMEDIATE,0.0
1237,9525,3,22.0,12,23,INTERMEDIATE,5.0
1237,9525,2,23.0,13,20,INTERMEDIATE,0.0
1237,9525,3,3.0,13,24,INTERMEDIATE,5.0
1237,9525,2,20.0,14,16,INTERMEDIATE,4.0
1237,9525,2,2.0,14,20,INTERMEDIATE,0.0
1237,9525,3,18.0,15,20,INTERMEDIATE,1.0
1237,9525,4,63.0,15,20,INTERMEDIATE,5.0
1237,9525,3,10.0,15,27,INTERMEDIATE,4.0
1237,9525,3,16.0,16,22,INTERMEDIATE,6.0
1237,9525,3,14.0,17,22,INTERMEDIATE,1.0
1237,9525,3,55.0,17,28,INTERMEDIATE,6.0
1237,9525,3,31.0,18,32,INTERMEDIATE,0.0
1237,9525,3,44.0,19,22,INTERMEDIATE,7.0
1237,9525,3,2.0,21,23,INTERMEDIATE,7.0
1237,9525,3,23.0,21,23,INTERMEDIATE,8.0
1237,9525,5,63.0,21,25,INTERMEDIATE,11.0
1237,9525,4,18.0,21,28,INTERMEDIATE,0.0
1237,9525,4,16.0,23,25,INTERMEDIATE,0.0
1237,9525,4,14.0,23,26,INTERMEDIATE,7.0
1237,9525,4,44.0,23,28,INTERMEDIATE,11.0
1237,9526,1,81.0,1,2,HARD,0.0
1237,9526,1,18.0,1,2,MEDIUM,0.0
1237,9526,1,22.0,1,2,MEDIUM,0.0
1237,9526,1,3.0,1,2,MEDIUM,0.0
1237,9526,1,14.0,1,2,MEDIUM,0.0
1237,9526,1,4.0,1,2,HARD,0.0
1237,9526,1,20.0,1,3,MEDIUM,0.0
1237,9526,1,27.0,1,3,MEDIUM,0.0
1237,9526,1,10.0,1,4,MEDIUM,0.0
1237,9526,1,23.0,1,4,MEDIUM,0.0
1237,9526,1,24.0,1,5,MEDIUM,0.0
1237,9526,1,16.0,1,5,MEDIUM,0.0
1237,9526,1,31.0,1,5,MEDIUM,0.0
1237,9526,1,77.0,1,5,MEDIUM,0.0
1237,9526,1,11.0,1,5,MEDIUM,0.0
1237,9526,1,55.0,1,5,MEDIUM,0.0
1237,9526,1,44.0,1,5,MEDIUM,0.0
1237,9526,1,2.0,1,5,MEDIUM,0.0
1237,9526,1,63.0,1,5,MEDIUM,0.0
1237,9526,1,1.0,1,5,MEDIUM,0.0
1237,9526,2,3.0,3,3,HARD,0.0
1237,9526,2,81.0,3,3,HARD,0.0
1237,9526,2,18.0,3,3,MEDIUM,0.0
1237,9526,2,4.0,3,3,HARD,0.0
1237,9526,2,14.0,3,3,MEDIUM,0.0
1237,9526,2,22.0,3,3,HARD,0.0
1237,9526,3,3.0,4,4,MEDIUM,0.0
1237,9526,3,81.0,4,4,MEDIUM,0.0
1237,9526,3,18.0,4,4,HARD,0.0
1237,9526,3,4.0,4,4,MEDIUM,0.0
1237,9526,2,20.0,4,10,MEDIUM,2.0
1237,9526,2,27.0,4,10,MEDIUM,2.0
1237,9526,3,14.0,4,11,HARD,0.0
1237,9526,3,22.0,4,16,MEDIUM,1.0
1237,9526,2,10.0,5,11,MEDIUM,3.0
1237,9526,4,18.0,5,12,HARD,0.0
1237,9526,2,23.0,5,14,MEDIUM,3.0
1237,9526,4,81.0,5,16,MEDIUM,1.0
1237,9526,4,4.0,5,16,MEDIUM,0.0
1237,9526,4,3.0,5,17,MEDIUM,1.0
1237,9526,2,16.0,6,10,MEDIUM,0.0
1237,9526,2,1.0,6,11,MEDIUM,4.0
1237,9526,2,55.0,6,13,MEDIUM,4.0
1237,9526,2,2.0,6,13,MEDIUM,4.0
1237,9526,2,63.0,6,14,MEDIUM,4.0
1237,9526,2,31.0,6,14,MEDIUM,4.0
1237,9526,2,77.0,6,14,MEDIUM,4.0
1237,9526,2,44.0,6,14,MEDIUM,4.0
1237,9526,2,11.0,6,21,MEDIUM,4.0
1237,9526,3,16.0,11,13,MEDIUM,0.0
1237,9526,3,27.0,11,19,MEDIUM,9.0
1237,9526,3,20.0,11,23,MEDIUM,9.0
1237,9526,3,10.0,12,21,MEDIUM,10.0
1237,9526,4,14.0,12,21,MEDIUM,0.0
1237,9526,3,1.0,12,22,MEDIUM,10.0
1237,9526,5,18.0,13,20,MEDIUM,0.0
1237,9526,4,16.0,14,16,SOFT,0.0
1237,9526,3,55.0,14,19,SOFT,0.0
1237,9526,3,2.0,14,22,SOFT,0.0
1237,9526,3,23.0,15,20,SOFT,0.0
1237,9526,3,63.0,15,21,SOFT,0.0
1237,9526,3,44.0,15,21,SOFT,0.0
1237,9526,3,31.0,15,22,MEDIUM,13.0
1237,9526,3,77.0,15,22,SOFT,0.0
1237,9526,4,22.0,17,17,MEDIUM,0.0
1237,9526,5,16.0,17,21,SOFT,0.0
1237,9526,5,4.0,17,23,SOFT,0.0
1237,9526,5,81.0,17,23,SOFT,0.0
1237,9526,5,22.0,18,22,SOFT,0.0
1237,9526,5,3.0,18,25,SOFT,0.0
1237,9526,4,55.0,20,26,SOFT,0.0
1237,9526,4,27.0,20,28,SOFT,0.0
1237,9526,4,23.0,21,23,SOFT,0.0
1237,9526,6,18.0,21,28,SOFT,0.0
1237,9526,6,16.0,22,29,SOFT,0.0
1237,9526,4,10.0,22,30,SOFT,0.0
1237,9526,3,11.0,22,30,SOFT,0.0
1237,9526,5,14.0,22,31,SOFT,0.0
1237,9526,4,44.0,22,32,SOFT,0.0
1237,9526,4,63.0,22,34,SOFT,0.0
1237,9526,4,77.0,23,28,SOFT,0.0
1237,9526,4,2.0,23,29,SOFT,0.0
1237,9526,6,22.0,23,29,SOFT,0.0
1237,9526,4,31.0,23,32,SOFT,0.0
1237,9526,4,1.0,23,33,SOFT,0.0
1237,9526,4,20.0,24,31,SOFT,0.0
1237,9526,6,81.0,24,33,SOFT,0.0
1237,9526,6,4.0,24,33,SOFT,0.0
1237,9526,6,3.0,26,31,SOFT,0.0
1237,9526,5,55.0,27,34,SOFT,0.0
1237,9526,5,77.0,29,33,SOFT,6.0
1237,9526,7,22.0,30,32,SOFT,7.0
1237,9526,5,2.0,30,32,MEDIUM,12.0
1237,9526,7,3.0,32,35,SOFT,6.0
1237,9527,1,20.0,1,5,SOFT,0.0
1237,9527,1,22.0,1,6,SOFT,0.0
1237,9527,1,3.0,1,6,SOFT,0.0
1237,9527,1,27.0,1,6,SOFT,0.0
1237,9527,1,81.0,1,6,SOFT,0.0
1237,9527,1,10.0,1,6,SOFT,0.0
1237,9527,1,77.0,1,6,SOFT,0.0
1237,9527,1,44.0,1,7,SOFT,0.0
1237,9527,1,18.0,1,7,SOFT,0.0
1237,9527,1,2.0,1,7,SOFT,0.0
1237,9527,1,63.0,1,7,SOFT,0.0
1237,9527,1,23.0,1,7,SOFT,0.0
1237,9527,1,14.0,1,7,SOFT,0.0
1237,9527,1,4.0,1,7,SOFT,0.0
1237,9527,1,24.0,1,7,SOFT,0.0
1237,9527,1,31.0,1,7,SOFT,0.0
1237,9527,1,16.0,1,9,SOFT,0.0
1237,9527,1,55.0,1,9,SOFT,0.0
1237,9527,1,11.0,1,9,SOFT,0.0
1237,9527,1,1.0,1,9,SOFT,0.0
1237,9527,2,20.0,6,10,SOFT,0.0
1237,9527,2,77.0,7,8,SOFT,0.0
1237,9527,2,10.0,7,11,SOFT,0.0
1237,9527,2,27.0,7,11,SOFT,0.0
1237,9527,2,81.0,7,11,SOFT,0.0
1237,9527,2,3.0,7,11,SOFT,0.0
1237,9527,2,22.0,7,11,SOFT,0.0
1237,9527,2,4.0,8,10,SOFT,0.0
1237,9527,2,63.0,8,10,SOFT,6.0
1237,9527,2,44.0,8,10,SOFT,6.0
1237,9527,2,14.0,8,11,SOFT,0.0
1237,9527,2,24.0,8,12,SOFT,0.0
1237,9527,2,18.0,8,12,SOFT,0.0
1237,9527,2,31.0,8,12,SOFT,0.0
1237,9527,2,23.0,8,12,SOFT,0.0
1237,9527,2,2.0,8,13,SOFT,0.0
1237,9527,3,77.0,9,11,SOFT,0.0
1237,9527,2,55.0,10,12,SOFT,0.0
1237,9527,2,11.0,10,12,SOFT,0.0
1237,9527,2,1.0,10,12,SOFT,0.0
1237,9527,2,16.0,10,13,SOFT,0.0
1237,9527,3,20.0,11,15,SOFT,0.0
1237,9527,3,4.0,11,15,SOFT,0.0
1237,9527,3,63.0,11,18,SOFT,0.0
1237,9527,3,44.0,11,18,SOFT,0.0
1237,9527,3,14.0,12,14,SOFT,3.0
1237,9527,3,22.0,12,15,SOFT,5.0
1237,9527,3,3.0,12,15,SOFT,5.0
1237,9527,3,10.0,12,15,SOFT,5.0
1237,9527,3,81.0,12,16,SOFT,0.0
1237,9527,3,23.0,13,15,SOFT,3.0
1237,9527,3,18.0,13,15,SOFT,4.0
1237,9527,3,1.0,13,18,SOFT,1.0
1237,9527,3,55.0,13,19,SOFT,0.0
1237,9527,3,2.0,14,18,SOFT,4.0
1237,9527,3,16.0,14,19,SOFT,0.0
1237,9527,4,14.0,15,18,SOFT,0.0
1237,9527,4,20.0,16,17,SOFT,4.0
1237,9527,4,4.0,16,18,SOFT,3.0
1237,9527,4,22.0,16,18,SOFT,0.0
1237,9527,4,10.0,16,19,SOFT,0.0
1237,9527,4,3.0,16,19,SOFT,0.0
1237,9527,4,23.0,16,20,SOFT,0.0
1237,9527,4,18.0,16,20,SOFT,0.0
1237,9527,4,81.0,17,21,SOFT,5.0
1237,9527,4,1.0,19,21,SOFT,0.0
1237,9527,4,44.0,19,21,SOFT,0.0
1237,9527,4,63.0,19,21,SOFT,0.0
1237,9527,5,4.0,19,21,SOFT,0.0
1237,9527,5,14.0,19,21,SOFT,3.0
1237,9527,5,22.0,19,22,SOFT,5.0
1237,9527,4,2.0,19,23,SOFT,0.0
1237,9527,4,16.0,20,22,SOFT,4.0
1237,9527,4,55.0,20,23,SOFT,3.0
1237,9527,5,3.0,20,23,SOFT,0.0
1237,9527,5,18.0,21,23,SOFT,4.0
1237,9527,5,23.0,21,23,SOFT,4.0
1237,9527,5,81.0,22,24,SOFT,5.0
1237,9527,5,63.0,22,24,SOFT,3.0
1237,9527,5,44.0,22,24,SOFT,3.0
1237,9527,6,14.0,22,24,SOFT,0.0
1237,9527,5,1.0,22,25,SOFT,2.0
1237,9527,6,4.0,22,26,SOFT,0.0
1237,9527,6,22.0,23,25,SOFT,0.0
1237,9527,6,18.0,24,26,SOFT,0.0
1237,9527,6,3.0,24,26,SOFT,0.0
1237,9527,6,23.0,24,27,SOFT,0.0
1237,9527,6,63.0,25,27,SOFT,0.0
1237,9527,6,44.0,25,27,SOFT,0.0
1237,9527,6,81.0,25,30,SOFT,0.0
1237,9527,6,1.0,26,28,SOFT,0.0
1237,9531,1,,1,0,,
1237,9531,1,20.0,1,7,WET,0.0
1237,9531,1,27.0,1,12,WET,0.0
1237,9531,1,24.0,1,24,INTERMEDIATE,0.0
1237,9531,1,2.0,1,24,INTERMEDIATE,0.0
1237,9531,1,63.0,1,25,INTERMEDIATE,0.0
1237,9531,1,1.0,1,25,INTERMEDIATE,0.0
1237,9531,1,16.0,1,25,INTERMEDIATE,0.0
1237,9531,1,10.0,1,25,INTERMEDIATE,0.0
1237,9531,1,14.0,1,25,INTERMEDIATE,0.0
1237,9531,1,81.0,1,25,INTERMEDIATE,0.0
1237,9531,1,11.0,1,25,INTERMEDIATE,0.0
1237,9531,1,23.0,1,25,INTERMEDIATE,0.0
1237,9531,1,55.0,1,25,INTERMEDIATE,0.0
1237,9531,1,18.0,1,25,INTERMEDIATE,0.0
1237,9531,1,44.0,1,25,INTERMEDIATE,0.0
1237,9531,1,4.0,1,26,INTERMEDIATE,0.0
1237,9531,1,3.0,1,26,INTERMEDIATE,0.0
1237,9531,1,77.0,1,42,INTERMEDIATE,0.0
1237,9531,1,31.0,1,44,INTERMEDIATE,0.0
1237,9531,1,22.0,1,44,INTERMEDIATE,0.0
1237,9531,2,20.0,8,25,INTERMEDIATE,0.0
1237,9531,2,27.0,13,25,INTERMEDIATE,0.0
1237,9531,2,24.0,25,44,INTERMEDIATE,0.0
1237,9531,2,16.0,26,28,INTERMEDIATE,0.0
1237,9531,2,10.0,26,40,INTERMEDIATE,0.0
1237,9531,3,20.0,26,41,INTERMEDIATE,0.0
1237,9531,2,44.0,26,43,INTERMEDIATE,0.0
1237,9531,2,55.0,26,43,INTERMEDIATE,0.0
1237,9531,2,11.0,26,43,INTERMEDIATE,0.0
1237,9531,2,81.0,26,44,INTERMEDIATE,0.0
1237,9531,2,14.0,26,44,INTERMEDIATE,0.0
1237,9531,2,18.0,26,44,INTERMEDIATE,0.0
1237,9531,2,23.0,26,44,INTERMEDIATE,0.0
1237,9531,3,27.0,26,44,INTERMEDIATE,0.0
1237,9531,2,1.0,26,45,INTERMEDIATE,0.0
1237,9531,2,63.0,26,45,INTERMEDIATE,0.0
1237,9531,2,3.0,27,43,INTERMEDIATE,0.0
1237,9531,2,4.0,27,47,INTERMEDIATE,0.0
1237,9531,3,16.0,29,31,HARD,0.0
1237,9531,4,16.0,32,41,INTERMEDIATE,0.0
1237,9531,3,10.0,41,71,HARD,0.0
1237,9531,4,20.0,42,54,MEDIUM,0.0
1237,9531,2,77.0,43,71,MEDIUM,0.0
1237,9531,3,11.0,44,52,MEDIUM,0.0
1237,9531,3,55.0,44,53,MEDIUM,0.0
1237,9531,3,44.0,44,54,MEDIUM,0.0
1237,9531,3,3.0,44,71,MEDIUM,1.0
1237,9531,3,24.0,45,52,MEDIUM,0.0
1237,9531,3,23.0,45,53,MEDIUM,0.0
1237,9531,3,81.0,45,71,MEDIUM,0.0
1237,9531,3,14.0,45,71,HARD,0.0
1237,9531,2,22.0,45,71,MEDIUM,0.0
1237,9531,3,18.0,45,71,HARD,1.0
1237,9531,2,31.0,45,71,MEDIUM,0.0
1237,9531,4,27.0,45,71,MEDIUM,0.0
1237,9531,3,63.0,46,54,HARD,0.0
1237,9531,3,1.0,46,71,MEDIUM,0.0
1237,9531,3,4.0,48,71,MEDIUM,0.0
1237,9531,4,24.0,53,70,MEDIUM,0.0
1237,9531,4,63.0,55,71,MEDIUM,0.0
1237,9531,4,44.0,55,71,HARD,0.0
1237,9531,5,20.0,55,71,MEDIUM,0.0
1238,9532,1,77.0,1,2,HARD,0.0
1238,9532,1,2.0,1,2,MEDIUM,0.0
1238,9532,1,81.0,1,2,MEDIUM,0.0
1238,9532,1,4.0,1,2,HARD,0.0
1238,9532,1,14.0,1,3,HARD,0.0
1238,9532,1,10.0,1,3,HARD,0.0
1238,9532,1,44.0,1,4,HARD,0.0
1238,9532,1,11.0,1,4,HARD,0.0
1238,9532,1,1.0,1,4,HARD,0.0
1238,9532,1,50.0,1,6,MEDIUM,0.0
1238,9532,1,20.0,1,6,MEDIUM,0.0
1238,9532,1,22.0,1,6,HARD,0.0
1238,9532,1,18.0,1,6,HARD,0.0
1238,9532,1,63.0,1,6,HARD,0.0
1238,9532,1,16.0,1,7,HARD,0.0
1238,9532,1,31.0,1,8,HARD,0.0
1238,9532,1,23.0,1,9,MEDIUM,0.0
1238,9532,1,3.0,1,11,HARD,0.0
1238,9532,1,24.0,1,11,MEDIUM,0.0
1238,9532,1,55.0,1,12,HARD,0.0
1238,9532,2,81.0,3,3,MEDIUM,1.0
1238,9532,2,77.0,3,3,HARD,1.0
1238,9532,2,2.0,3,4,MEDIUM,0.0
1238,9532,2,4.0,3,9,HARD,1.0
1238,9532,2,10.0,4,5,HARD,2.0
1238,9532,2,14.0,4,5,HARD,0.0
1238,9532,3,81.0,4,12,MEDIUM,2.0
1238,9532,3,77.0,4,12,HARD,2.0
1238,9532,2,1.0,5,7,HARD,3.0
1238,9532,2,11.0,5,10,HARD,3.0
1238,9532,2,44.0,5,11,HARD,3.0
1238,9532,3,2.0,5,12,MEDIUM,0.0
1238,9532,3,10.0,6,12,HARD,4.0
1238,9532,3,14.0,6,13,HARD,4.0
1238,9532,2,18.0,7,9,HARD,5.0
1238,9532,2,22.0,7,9,HARD,5.0
1238,9532,2,20.0,7,11,MEDIUM,0.0
1238,9532,2,63.0,7,12,HARD,5.0
1238,9532,2,50.0,7,14,MEDIUM,5.0
1238,9532,3,1.0,8,9,HARD,6.0
1238,9532,2,16.0,8,10,HARD,6.0
1238,9532,2,31.0,9,13,HARD,7.0
1238,9532,3,22.0,10,11,SOFT,0.0
1238,9532,4,1.0,10,12,SOFT,0.0
1238,9532,2,23.0,10,12,MEDIUM,0.0
1238,9532,3,4.0,10,12,SOFT,0.0
1238,9532,3,18.0,10,16,HARD,8.0
1238,9532,3,16.0,11,13,HARD,0.0
1238,9532,3,11.0,11,14,SOFT,0.0
1238,9532,2,24.0,12,12,MEDIUM,10.0
1238,9532,2,3.0,12,14,HARD,10.0
1238,9532,3,44.0,12,14,MEDIUM,0.0
1238,9532,4,22.0,12,14,SOFT,0.0
1238,9532,3,20.0,12,16,MEDIUM,10.0
1238,9532,3,23.0,13,14,SOFT,0.0
1238,9532,4,81.0,13,14,SOFT,0.0
1238,9532,2,55.0,13,15,MEDIUM,0.0
1238,9532,3,24.0,13,15,SOFT,0.0
1238,9532,4,2.0,13,15,SOFT,0.0
1238,9532,4,77.0,13,15,SOFT,0.0
1238,9532,3,63.0,13,18,MEDIUM,0.0
1238,9532,4,10.0,13,19,MEDIUM,0.0
1238,9532,5,1.0,13,22,SOFT,0.0
1238,9532,4,4.0,13,24,HARD,8.0
1238,9532,4,16.0,14,15,MEDIUM,0.0
1238,9532,3,31.0,14,16,MEDIUM,0.0
1238,9532,4,14.0,14,27,SOFT,0.0
1238,9532,4,44.0,15,16,MEDIUM,3.0
1238,9532,5,81.0,15,17,SOFT,2.0
1238,9532,3,50.0,15,18,SOFT,0.0
1238,9532,3,3.0,15,19,SOFT,0.0
1238,9532,5,22.0,15,22,SOFT,5.0
1238,9532,4,23.0,15,23,MEDIUM,8.0
1238,9532,4,11.0,15,29,SOFT,4.0
1238,9532,4,24.0,16,16,SOFT,3.0
1238,9532,3,55.0,16,17,MEDIUM,3.0
1238,9532,5,2.0,16,17,SOFT,0.0
1238,9532,5,16.0,16,18,MEDIUM,2.0
1238,9532,5,77.0,16,18,SOFT,3.0
1238,9532,4,20.0,17,19,SOFT,0.0
1238,9532,5,24.0,17,19,SOFT,4.0
1238,9532,4,18.0,17,29,SOFT,0.0
1238,9532,5,44.0,17,29,MEDIUM,5.0
1238,9532,4,31.0,17,31,MEDIUM,3.0
1238,9532,4,55.0,18,18,HARD,11.0
1238,9532,6,81.0,18,26,MEDIUM,11.0
1238,9532,6,2.0,18,26,SOFT,5.0
1238,9532,4,50.0,19,21,SOFT,4.0
1238,9532,6,77.0,19,21,SOFT,6.0
1238,9532,4,63.0,19,24,HARD,11.0
1238,9532,6,16.0,19,24,MEDIUM,5.0
1238,9532,5,55.0,19,32,MEDIUM,0.0
1238,9532,5,20.0,20,22,SOFT,0.0
1238,9532,5,10.0,20,22,MEDIUM,0.0
1238,9532,6,24.0,20,25,SOFT,7.0
1238,9532,4,3.0,20,26,HARD,13.0
1238,9532,7,77.0,22,25,SOFT,9.0
1238,9532,5,50.0,22,30,MEDIUM,13.0
1238,9532,6,1.0,23,28,HARD,8.0
1238,9532,6,20.0,23,31,MEDIUM,15.0
1238,9532,5,23.0,24,26,SOFT,5.0
1238,9532,7,16.0,25,27,HARD,12.0
1238,9532,5,4.0,25,28,SOFT,3.0
1238,9532,5,63.0,25,32,HARD,17.0
1238,9532,5,3.0,27,27,SOFT,5.0
1238,9532,7,81.0,27,30,SOFT,5.0
1238,9532,6,3.0,28,31,SOFT,6.0
1238,9533,1,10.0,1,4,MEDIUM,0.0
1238,9533,1,11.0,1,4,MEDIUM,0.0
1238,9533,1,44.0,1,4,MEDIUM,0.0
1238,9533,1,55.0,1,4,MEDIUM,0.0
1238,9533,1,1.0,1,5,MEDIUM,0.0
1238,9533,1,16.0,1,6,MEDIUM,0.0
1238,9533,1,81.0,1,6,HARD,0.0
1238,9533,1,63.0,1,7,MEDIUM,0.0
1238,9533,1,18.0,1,7,MEDIUM,0.0
1238,9533,1,27.0,1,7,MEDIUM,0.0
1238,9533,1,14.0,1,8,MEDIUM,0.0
1238,9533,1,77.0,1,8,MEDIUM,0.0
1238,9533,1,2.0,1,8,HARD,0.0
1238,9533,1,4.0,1,8,MEDIUM,0.0
1238,9533,1,3.0,1,9,MEDIUM,0.0
1238,9533,1,23.0,1,10,HARD,0.0
1238,9533,1,24.0,1,10,HARD,0.0
1238,9533,1,22.0,1,10,MEDIUM,0.0
1238,9533,1,20.0,1,11,MEDIUM,0.0
1238,9533,1,31.0,1,11,MEDIUM,0.0
1238,9533,2,44.0,5,7,MEDIUM,3.0
1238,9533,2,11.0,5,7,MEDIUM,3.0
1238,9533,2,55.0,5,7,MEDIUM,3.0
1238,9533,2,1.0,5,7,MEDIUM,3.0
1238,9533,2,10.0,5,10,MEDIUM,3.0
1238,9533,2,16.0,7,8,MEDIUM,5.0
1238,9533,2,81.0,7,8,HARD,5.0
1238,9533,3,11.0,8,9,MEDIUM,6.0
1238,9533,2,18.0,8,10,MEDIUM,6.0
1238,9533,3,44.0,8,10,MEDIUM,6.0
1238,9533,2,63.0,8,10,MEDIUM,6.0
1238,9533,3,55.0,8,10,SOFT,0.0
1238,9533,3,1.0,8,10,SOFT,0.0
1238,9533,3,81.0,8,10,SOFT,0.0
1238,9533,2,27.0,8,12,SOFT,0.0
1238,9533,2,2.0,9,11,SOFT,0.0
1238,9533,3,16.0,9,11,SOFT,0.0
1238,9533,2,4.0,9,11,SOFT,0.0
1238,9533,2,77.0,9,11,SOFT,0.0
1238,9533,2,14.0,9,14,SOFT,0.0
1238,9533,4,44.0,10,12,SOFT,0.0
1238,9533,2,3.0,10,12,SOFT,0.0
1238,9533,4,11.0,10,12,SOFT,0.0
1238,9533,2,23.0,11,13,SOFT,0.0
1238,9533,2,24.0,11,13,SOFT,0.0
1238,9533,2,22.0,11,13,SOFT,0.0
1238,9533,3,18.0,11,13,SOFT,0.0
1238,9533,2,20.0,11,16,SOFT,0.0
1238,9533,3,63.0,11,16,SOFT,0.0
1238,9533,2,31.0,11,17,SOFT,0.0
1238,9533,3,10.0,11,17,SOFT,0.0
1238,9533,4,81.0,11,19,SOFT,3.0
1238,9533,4,1.0,11,20,MEDIUM,6.0
1238,9533,4,55.0,11,21,SOFT,3.0
1238,9533,3,2.0,12,14,SOFT,3.0
1238,9533,3,77.0,12,14,SOFT,0.0
1238,9533,4,16.0,12,15,SOFT,3.0
1238,9533,3,4.0,12,22,SOFT,3.0
1238,9533,5,44.0,13,15,SOFT,2.0
1238,9533,5,11.0,13,19,MEDIUM,8.0
1238,9533,3,3.0,13,21,MEDIUM,8.0
1238,9533,3,27.0,13,21,MEDIUM,6.0
1238,9533,3,24.0,14,16,SOFT,3.0
1238,9533,4,18.0,14,16,SOFT,3.0
1238,9533,3,23.0,14,17,SOFT,3.0
1238,9533,3,22.0,14,27,SOFT,3.0
1238,9533,4,77.0,15,15,SOFT,6.0
1238,9533,4,2.0,15,16,SOFT,6.0
1238,9533,5,16.0,15,20,SOFT,9.0
1238,9533,3,14.0,15,21,MEDIUM,7.0
1238,9533,6,44.0,16,24,SOFT,6.0
1238,9533,5,77.0,16,26,MEDIUM,7.0
1238,9533,4,24.0,17,18,SOFT,6.0
1238,9533,4,23.0,17,19,HARD,9.0
1238,9533,4,63.0,17,20,SOFT,6.0
1238,9533,4,10.0,17,23,MEDIUM,9.0
1238,9533,5,18.0,17,24,SOFT,0.0
1238,9533,3,20.0,17,28,SOFT,6.0
1238,9533,5,2.0,17,29,HARD,7.0
1238,9533,3,31.0,18,26,SOFT,7.0
1238,9533,5,24.0,19,21,HARD,9.0
1238,9533,5,81.0,19,24,HARD,6.0
1238,9533,5,63.0,20,24,SOFT,14.0
1238,9533,5,23.0,20,30,SOFT,6.0
1238,9533,5,1.0,21,25,SOFT,6.0
1238,9533,5,55.0,21,26,MEDIUM,7.0
1238,9533,4,3.0,22,22,SOFT,3.0
1238,9533,4,14.0,22,24,SOFT,6.0
1238,9533,4,27.0,22,25,SOFT,0.0
1238,9533,4,4.0,22,27,MEDIUM,7.0
1238,9533,5,3.0,23,26,SOFT,0.0
1238,9534,1,14.0,1,2,HARD,0.0
1238,9534,1,18.0,1,2,HARD,0.0
1238,9534,1,2.0,1,4,SOFT,0.0
1238,9534,1,24.0,1,4,MEDIUM,0.0
1238,9534,1,55.0,1,4,SOFT,0.0
1238,9534,1,63.0,1,4,SOFT,0.0
1238,9534,1,81.0,1,4,MEDIUM,0.0
1238,9534,1,16.0,1,4,SOFT,0.0
1238,9534,1,44.0,1,4,SOFT,0.0
1238,9534,1,23.0,1,4,SOFT,0.0
1238,9534,1,10.0,1,4,SOFT,0.0
1238,9534,1,11.0,1,4,MEDIUM,0.0
1238,9534,1,77.0,1,4,MEDIUM,0.0
1238,9534,1,22.0,1,7,MEDIUM,0.0
1238,9534,1,4.0,1,7,MEDIUM,0.0
1238,9534,1,1.0,1,7,MEDIUM,0.0
1238,9534,1,31.0,1,7,SOFT,0.0
1238,9534,1,27.0,1,8,HARD,0.0
1238,9534,1,3.0,1,11,MEDIUM,0.0
1238,9534,1,20.0,1,17,HARD,0.0
1238,9534,2,18.0,3,3,MEDIUM,0.0
1238,9534,2,14.0,3,3,MEDIUM,0.0
1238,9534,3,18.0,4,11,MEDIUM,0.0
1238,9534,3,14.0,4,12,MEDIUM,0.0
1238,9534,2,63.0,5,6,SOFT,3.0
1238,9534,2,23.0,5,6,SOFT,3.0
1238,9534,2,44.0,5,7,SOFT,0.0
1238,9534,2,11.0,5,7,MEDIUM,3.0
1238,9534,2,16.0,5,7,SOFT,3.0
1238,9534,2,55.0,5,7,SOFT,3.0
1238,9534,2,81.0,5,7,MEDIUM,3.0
1238,9534,2,24.0,5,7,MEDIUM,3.0
1238,9534,2,10.0,5,7,SOFT,3.0
1238,9534,2,2.0,5,7,SOFT,0.0
1238,9534,2,77.0,5,13,MEDIUM,3.0
1238,9534,3,23.0,7,9,SOFT,0.0
1238,9534,3,63.0,7,15,SOFT,5.0
1238,9534,3,10.0,8,8,SOFT,6.0
1238,9534,3,44.0,8,9,SOFT,6.0
1238,9534,2,4.0,8,9,SOFT,0.0
1238,9534,3,24.0,8,10,MEDIUM,0.0
1238,9534,3,11.0,8,10,MEDIUM,6.0
1238,9534,3,2.0,8,10,SOFT,0.0
1238,9534,2,31.0,8,11,SOFT,6.0
1238,9534,3,81.0,8,11,SOFT,0.0
1238,9534,3,55.0,8,13,SOFT,6.0
1238,9534,2,22.0,8,14,MEDIUM,6.0
1238,9534,3,16.0,8,14,SOFT,0.0
1238,9534,2,1.0,8,18,MEDIUM,6.0
1238,9534,2,27.0,9,12,HARD,7.0
1238,9534,4,10.0,9,15,SOFT,0.0
1238,9534,3,4.0,10,12,SOFT,2.0
1238,9534,4,23.0,10,12,SOFT,3.0
1238,9534,4,44.0,10,18,SOFT,0.0
1238,9534,4,24.0,11,12,MEDIUM,0.0
1238,9534,4,11.0,11,13,MEDIUM,9.0
1238,9534,4,2.0,11,13,SOFT,3.0
1238,9534,2,3.0,12,12,MEDIUM,10.0
1238,9534,3,31.0,12,12,SOFT,10.0
1238,9534,4,18.0,12,12,MEDIUM,0.0
1238,9534,4,81.0,12,12,MEDIUM,6.0
1238,9534,5,24.0,12,14,SOFT,0.0
1238,9534,4,14.0,13,13,MEDIUM,0.0
1238,9534,3,3.0,13,15,SOFT,0.0
1238,9534,4,31.0,13,15,SOFT,0.0
1238,9534,4,4.0,13,15,SOFT,5.0
1238,9534,5,81.0,13,15,SOFT,4.0
1238,9534,5,23.0,13,15,SOFT,0.0
1238,9534,5,18.0,13,17,SOFT,0.0
1238,9534,3,27.0,13,18,SOFT,0.0
1238,9534,5,14.0,14,16,SOFT,0.0
1238,9534,5,11.0,14,16,SOFT,0.0
1238,9534,3,77.0,14,16,SOFT,0.0
1238,9534,4,55.0,14,17,SOFT,0.0
1238,9534,3,22.0,15,15,MEDIUM,13.0
1238,9534,4,16.0,15,17,SOFT,0.0
1238,9534,6,24.0,15,18,SOFT,3.0
1238,9534,4,63.0,16,18,SOFT,0.0
1238,9534,4,22.0,16,18,SOFT,0.0
1238,9534,4,3.0,16,18,SOFT,3.0
1238,9534,5,31.0,16,19,SOFT,3.0
1238,9534,6,14.0,17,19,SOFT,3.0
1238,9534,5,55.0,17,20,SOFT,3.0
1238,9534,4,77.0,17,20,SOFT,3.0
1238,9534,6,11.0,17,20,SOFT,3.0
1238,9534,2,20.0,18,18,HARD,0.0
1238,9534,5,16.0,18,19,SOFT,3.0
1238,9534,5,44.0,19,21,SOFT,0.0
1238,9534,3,1.0,19,21,SOFT,0.0
1238,9534,4,27.0,19,21,SOFT,6.0
1238,9534,5,63.0,19,21,SOFT,0.0
1238,9534,5,22.0,19,23,SOFT,3.0
1238,9534,3,20.0,19,24,SOFT,0.0
1238,9534,7,14.0,20,22,SOFT,6.0
1238,9534,6,44.0,22,24,SOFT,3.0
1238,9534,4,1.0,22,25,SOFT,3.0
1238,9534,7,44.0,25,27,SOFT,6.0
1238,9534,4,20.0,25,28,SOFT,6.0
1238,9535,1,14.0,1,4,SOFT,0.0
1238,9535,1,24.0,1,4,SOFT,0.0
1238,9535,1,31.0,1,4,SOFT,0.0
1238,9535,1,23.0,1,4,SOFT,0.0
1238,9535,1,81.0,1,4,SOFT,0.0
1238,9535,1,4.0,1,4,SOFT,0.0
1238,9535,1,77.0,1,4,SOFT,0.0
1238,9535,1,3.0,1,4,SOFT,0.0
1238,9535,1,18.0,1,4,SOFT,0.0
1238,9535,1,44.0,1,4,SOFT,0.0
1238,9535,1,22.0,1,4,SOFT,0.0
1238,9535,1,2.0,1,4,SOFT,0.0
1238,9535,1,20.0,1,4,SOFT,0.0
1238,9535,1,10.0,1,4,SOFT,0.0
1238,9535,1,16.0,1,4,SOFT,0.0
1238,9535,1,63.0,1,4,SOFT,0.0
1238,9535,1,27.0,1,5,SOFT,0.0
1238,9535,1,55.0,1,5,SOFT,0.0
1238,9535,1,1.0,1,5,SOFT,0.0
1238,9535,1,11.0,1,5,SOFT,0.0
1238,9535,2,63.0,5,6,SOFT,3.0
1238,9535,2,18.0,5,7,SOFT,0.0
1238,9535,2,24.0,5,7,SOFT,0.0
1238,9535,2,22.0,5,7,SOFT,0.0
1238,9535,2,3.0,5,7,SOFT,0.0
1238,9535,2,23.0,5,7,SOFT,0.0
1238,9535,2,11.0,5,7,SOFT,0.0
1238,9535,2,20.0,5,7,SOFT,0.0
1238,9535,2,44.0,5,7,SOFT,0.0
1238,9535,2,10.0,5,7,SOFT,0.0
1238,9535,2,2.0,5,8,SOFT,0.0
1238,9535,2,77.0,5,8,SOFT,0.0
1238,9535,2,31.0,5,8,SOFT,0.0
1238,9535,2,81.0,5,8,SOFT,0.0
1238,9535,2,14.0,5,8,SOFT,0.0
1238,9535,2,27.0,5,8,SOFT,0.0
1238,9535,2,16.0,5,8,SOFT,0.0
1238,9535,2,55.0,5,8,SOFT,0.0
1238,9535,2,4.0,5,8,SOFT,0.0
1238,9535,2,1.0,5,8,SOFT,0.0
1238,9535,3,63.0,6,8,SOFT,0.0
1238,9535,3,24.0,8,10,SOFT,0.0
1238,9535,3,3.0,8,10,SOFT,0.0
1238,9535,3,22.0,8,10,SOFT,0.0
1238,9535,3,2.0,8,10,SOFT,0.0
1238,9535,3,31.0,8,10,SOFT,0.0
1238,9535,3,10.0,8,10,SOFT,0.0
1238,9535,3,11.0,8,10,SOFT,0.0
1238,9535,3,27.0,8,10,SOFT,0.0
1238,9535,3,14.0,8,10,SOFT,0.0
1238,9535,3,77.0,8,10,SOFT,0.0
1238,9535,3,81.0,8,10,SOFT,0.0
1238,9535,3,44.0,8,10,SOFT,0.0
1238,9535,3,1.0,8,10,SOFT,0.0
1238,9535,3,55.0,8,10,SOFT,0.0
1238,9535,3,4.0,8,10,SOFT,0.0
1238,9535,3,16.0,8,10,SOFT,0.0
1238,9535,3,18.0,8,11,SOFT,0.0
1238,9535,4,63.0,9,12,SOFT,0.0
1238,9535,4,81.0,11,12,SOFT,0.0
1238,9535,4,18.0,11,13,SOFT,3.0
1238,9535,4,24.0,11,13,SOFT,3.0
1238,9535,4,77.0,11,13,SOFT,0.0
1238,9535,4,27.0,11,13,SOFT,0.0
1238,9535,4,14.0,11,13,SOFT,0.0
1238,9535,4,55.0,11,13,SOFT,0.0
1238,9535,4,16.0,11,13,SOFT,0.0
1238,9535,4,1.0,11,13,SOFT,0.0
1238,9535,4,4.0,11,13,SOFT,0.0
1238,9535,4,44.0,11,14,SOFT,0.0
1238,9535,4,31.0,11,14,SOFT,0.0
1238,9535,4,10.0,11,14,SOFT,0.0
1238,9535,4,11.0,11,14,SOFT,0.0
1238,9535,5,63.0,12,14,SOFT,0.0
1238,9535,5,81.0,13,15,SOFT,2.0
1238,9535,5,18.0,14,16,SOFT,0.0
1238,9535,5,24.0,14,16,SOFT,0.0
1238,9535,5,11.0,14,16,SOFT,3.0
1238,9535,5,31.0,14,16,SOFT,3.0
1238,9535,5,10.0,14,16,SOFT,3.0
1238,9535,5,44.0,14,16,SOFT,0.0
1238,9535,6,63.0,15,17,SOFT,0.0
1238,9535,6,81.0,16,17,SOFT,0.0
1238,9535,6,11.0,17,19,SOFT,0.0
1238,9535,6,31.0,17,19,SOFT,0.0
1238,9535,6,10.0,17,19,SOFT,0.0
1238,9535,6,44.0,17,19,SOFT,0.0
1238,9539,1,24.0,1,9,SOFT,0.0
1238,9539,1,22.0,1,9,SOFT,0.0
1238,9539,1,20.0,1,10,SOFT,0.0
1238,9539,1,77.0,1,11,SOFT,0.0
1238,9539,1,27.0,1,12,SOFT,0.0
1238,9539,1,11.0,1,13,SOFT,3.0
1238,9539,1,31.0,1,13,SOFT,3.0
1238,9539,1,10.0,1,14,SOFT,3.0
1238,9539,1,2.0,1,14,SOFT,0.0
1238,9539,1,63.0,1,15,SOFT,3.0
1238,9539,1,55.0,1,15,SOFT,0.0
1238,9539,1,44.0,1,16,SOFT,8.0
1238,9539,1,3.0,1,16,SOFT,0.0
1238,9539,1,1.0,1,17,SOFT,3.0
1238,9539,1,18.0,1,17,SOFT,0.0
1238,9539,1,23.0,1,18,MEDIUM,0.0
1238,9539,1,14.0,1,19,SOFT,0.0
1238,9539,1,81.0,1,21,SOFT,3.0
1238,9539,1,4.0,1,23,SOFT,0.0
1238,9539,1,16.0,1,24,SOFT,0.0
1238,9539,2,22.0,10,27,MEDIUM,0.0
1238,9539,2,24.0,10,42,MEDIUM,0.0
1238,9539,2,20.0,11,29,MEDIUM,0.0
1238,9539,2,77.0,12,28,SOFT,3.0
1238,9539,2,27.0,13,38,MEDIUM,0.0
1238,9539,2,11.0,14,31,SOFT,3.0
1238,9539,2,31.0,14,37,MEDIUM,0.0
1238,9539,2,2.0,15,34,MEDIUM,0.0
1238,9539,2,10.0,15,38,MEDIUM,0.0
1238,9539,2,63.0,16,36,MEDIUM,0.0
1238,9539,2,55.0,16,36,MEDIUM,0.0
1238,9539,2,3.0,17,42,MEDIUM,0.0
1238,9539,2,44.0,17,43,MEDIUM,0.0
1238,9539,2,18.0,18,37,MEDIUM,1.0
1238,9539,2,1.0,18,44,MEDIUM,0.0
1238,9539,2,23.0,19,43,SOFT,0.0
1238,9539,2,14.0,20,45,MEDIUM,1.0
1238,9539,2,81.0,22,46,MEDIUM,0.0
1238,9539,2,4.0,24,47,MEDIUM,0.0
1238,9539,2,16.0,25,47,MEDIUM,0.0
1238,9539,3,22.0,28,44,HARD,0.0
1238,9539,3,77.0,29,66,HARD,0.0
1238,9539,3,20.0,30,66,HARD,0.0
1238,9539,3,11.0,32,49,MEDIUM,0.0
1238,9539,3,2.0,35,65,HARD,0.0
1238,9539,3,63.0,37,67,HARD,0.0
1238,9539,3,55.0,37,67,HARD,0.0
1238,9539,3,18.0,38,66,HARD,1.0
1238,9539,3,31.0,38,67,HARD,0.0
1238,9539,3,10.0,39,67,HARD,0.0
1238,9539,3,27.0,39,67,HARD,0.0
1238,9539,3,24.0,42,66,HARD,0.0
1238,9539,3,3.0,43,66,HARD,0.0
1238,9539,3,23.0,44,66,SOFT,0.0
1238,9539,3,44.0,44,67,SOFT,3.0
1238,9539,4,22.0,45,66,SOFT,0.0
1238,9539,3,1.0,45,67,SOFT,0.0
1238,9539,3,14.0,46,66,HARD,0.0
1238,9539,3,81.0,47,67,SOFT,3.0
1238,9539,3,4.0,48,67,SOFT,0.0
1238,9539,3,16.0,48,67,SOFT,3.0
1238,9539,4,11.0,50,67,SOFT,3.0
1239,9540,1,18.0,1,2,MEDIUM,0.0
1239,9540,1,14.0,1,2,MEDIUM,0.0
1239,9540,1,27.0,1,4,MEDIUM,0.0
1239,9540,1,11.0,1,6,MEDIUM,0.0
1239,9540,1,20.0,1,6,MEDIUM,0.0
1239,9540,1,55.0,1,6,HARD,0.0
1239,9540,1,44.0,1,7,HARD,0.0
1239,9540,1,81.0,1,7,HARD,0.0
1239,9540,1,16.0,1,8,HARD,0.0
1239,9540,1,4.0,1,8,HARD,0.0
1239,9540,1,63.0,1,9,HARD,0.0
1239,9540,1,1.0,1,9,MEDIUM,0.0
1239,9540,1,2.0,1,9,SOFT,0.0
1239,9540,1,23.0,1,10,SOFT,0.0
1239,9540,1,77.0,1,10,MEDIUM,0.0
1239,9540,1,31.0,1,11,HARD,0.0
1239,9540,1,24.0,1,11,MEDIUM,0.0
1239,9540,1,10.0,1,13,HARD,0.0
1239,9540,1,3.0,1,13,MEDIUM,0.0
1239,9540,1,22.0,1,15,MEDIUM,0.0
1239,9540,2,14.0,3,3,HARD,0.0
1239,9540,2,18.0,3,3,HARD,0.0
1239,9540,3,14.0,4,13,HARD,0.0
1239,9540,3,18.0,4,13,HARD,0.0
1239,9540,2,27.0,5,7,MEDIUM,3.0
1239,9540,2,11.0,7,11,MEDIUM,5.0
1239,9540,2,20.0,7,12,MEDIUM,5.0
1239,9540,2,55.0,7,13,HARD,5.0
1239,9540,2,44.0,8,11,HARD,6.0
1239,9540,2,81.0,8,12,HARD,6.0
1239,9540,3,27.0,8,12,MEDIUM,6.0
1239,9540,2,4.0,9,13,HARD,7.0
1239,9540,2,16.0,9,14,HARD,7.0
1239,9540,2,63.0,10,12,HARD,8.0
1239,9540,2,1.0,10,12,MEDIUM,8.0
1239,9540,2,2.0,10,18,SOFT,8.0
1239,9540,2,23.0,11,16,SOFT,9.0
1239,9540,2,77.0,11,17,MEDIUM,9.0
1239,9540,2,31.0,12,14,HARD,10.0
1239,9540,3,44.0,12,15,HARD,10.0
1239,9540,2,24.0,12,19,MEDIUM,10.0
1239,9540,3,11.0,12,19,MEDIUM,10.0
1239,9540,4,18.0,13,15,HARD,9.0
1239,9540,3,81.0,13,17,HARD,11.0
1239,9540,4,27.0,13,17,MEDIUM,11.0
1239,9540,3,20.0,13,17,MEDIUM,11.0
1239,9540,3,1.0,13,18,MEDIUM,0.0
1239,9540,3,63.0,13,19,HARD,11.0
1239,9540,3,4.0,14,15,HARD,12.0
1239,9540,4,14.0,14,17,HARD,10.0
1239,9540,3,55.0,14,18,HARD,12.0
1239,9540,2,3.0,14,19,MEDIUM,0.0
1239,9540,2,10.0,14,22,HARD,12.0
1239,9540,3,31.0,15,17,HARD,13.0
1239,9540,3,16.0,15,17,HARD,13.0
1239,9540,4,4.0,16,17,HARD,14.0
1239,9540,3,23.0,16,18,SOFT,14.0
1239,9540,2,22.0,16,19,MEDIUM,14.0
1239,9540,4,44.0,16,19,HARD,14.0
1239,9540,5,18.0,16,21,HARD,12.0
1239,9540,3,77.0,17,20,MEDIUM,15.0
1239,9540,4,20.0,17,24,MEDIUM,15.0
1239,9540,4,16.0,17,24,HARD,15.0
1239,9540,5,4.0,17,26,HARD,15.0
1239,9540,4,31.0,18,18,HARD,0.0
1239,9540,3,2.0,18,19,SOFT,16.0
1239,9540,4,1.0,18,22,MEDIUM,16.0
1239,9540,5,27.0,18,25,MEDIUM,16.0
1239,9540,5,14.0,18,25,HARD,0.0
1239,9540,4,55.0,18,25,HARD,16.0
1239,9540,4,81.0,18,28,HARD,0.0
1239,9540,3,24.0,19,19,MEDIUM,17.0
1239,9540,4,23.0,19,19,SOFT,17.0
1239,9540,5,31.0,19,25,HARD,0.0
1239,9540,5,44.0,19,40,HARD,17.0
1239,9540,4,2.0,20,20,SOFT,18.0
1239,9540,5,23.0,20,20,SOFT,0.0
1239,9540,4,24.0,20,22,SOFT,0.0
1239,9540,4,11.0,20,22,SOFT,0.0
1239,9540,3,3.0,20,23,MEDIUM,18.0
1239,9540,3,22.0,20,24,MEDIUM,18.0
1239,9540,4,63.0,20,28,HARD,18.0
1239,9540,4,77.0,21,23,SOFT,0.0
1239,9540,6,23.0,21,26,MEDIUM,0.0
1239,9540,5,2.0,21,27,MEDIUM,0.0
1239,9540,6,18.0,22,24,SOFT,0.0
1239,9540,5,1.0,23,25,SOFT,0.0
1239,9540,3,10.0,23,25,SOFT,0.0
1239,9540,5,24.0,23,25,SOFT,3.0
1239,9540,5,11.0,23,25,MEDIUM,18.0
1239,9540,5,77.0,24,26,SOFT,3.0
1239,9540,4,3.0,24,28,SOFT,0.0
1239,9540,4,22.0,25,27,SOFT,0.0
1239,9540,5,16.0,25,27,SOFT,0.0
1239,9540,7,18.0,25,28,HARD,18.0
1239,9540,5,20.0,25,32,SOFT,0.0
1239,9540,6,27.0,26,28,SOFT,0.0
1239,9540,5,55.0,26,28,SOFT,0.0
1239,9540,6,31.0,26,28,SOFT,0.0
1239,9540,6,14.0,26,28,SOFT,0.0
1239,9540,6,1.0,26,29,MEDIUM,21.0
1239,9540,4,10.0,26,29,HARD,21.0
1239,9540,6,24.0,26,29,SOFT,6.0
1239,9540,7,23.0,27,29,SOFT,0.0
1239,9540,6,77.0,27,30,SOFT,6.0
1239,9540,6,4.0,27,31,SOFT,0.0
1239,9540,5,22.0,28,28,MEDIUM,23.0
1239,9540,5,81.0,28,30,SOFT,0.0
1239,9540,6,2.0,28,30,SOFT,0.0
1239,9540,6,16.0,28,32,SOFT,3.0
1239,9540,5,63.0,29,30,SOFT,0.0
1239,9540,7,31.0,29,31,HARD,24.0
1239,9540,6,22.0,29,31,MEDIUM,24.0
1239,9540,7,14.0,29,31,HARD,0.0
1239,9540,7,27.0,29,32,SOFT,0.0
1239,9540,6,55.0,29,32,SOFT,3.0
1239,9540,5,3.0,29,32,MEDIUM,22.0
1239,9540,6,81.0,31,33,HARD,26.0
1239,9540,6,63.0,31,33,HARD,27.0
1239,9541,1,1.0,1,4,SOFT,3.0
1239,9541,1,16.0,1,4,SOFT,2.0
1239,9541,1,55.0,1,4,SOFT,3.0
1239,9541,1,44.0,1,4,SOFT,3.0
1239,9541,1,31.0,1,4,SOFT,6.0
1239,9541,1,63.0,1,4,SOFT,3.0
1239,9541,1,22.0,1,4,SOFT,0.0
1239,9541,1,14.0,1,4,SOFT,3.0
1239,9541,1,10.0,1,4,SOFT,6.0
1239,9541,1,11.0,1,4,SOFT,3.0
1239,9541,1,4.0,1,4,SOFT,3.0
1239,9541,1,27.0,1,4,SOFT,0.0
1239,9541,1,23.0,1,4,SOFT,0.0
1239,9541,1,20.0,1,4,SOFT,0.0
1239,9541,1,2.0,1,4,SOFT,0.0
1239,9541,1,81.0,1,5,SOFT,3.0
1239,9541,1,18.0,1,5,SOFT,3.0
1239,9541,1,24.0,1,5,SOFT,0.0
1239,9541,1,77.0,1,5,SOFT,0.0
1239,9541,1,3.0,1,5,SOFT,0.0
1239,9541,2,14.0,4,8,SOFT,0.0
1239,9541,2,1.0,5,7,SOFT,3.0
1239,9541,2,11.0,5,7,SOFT,0.0
1239,9541,2,10.0,5,7,SOFT,0.0
1239,9541,2,16.0,5,7,SOFT,0.0
1239,9541,2,31.0,5,7,SOFT,0.0
1239,9541,2,18.0,5,7,SOFT,0.0
1239,9541,2,3.0,5,7,SOFT,0.0
1239,9541,2,27.0,5,7,SOFT,3.0
1239,9541,2,23.0,5,7,SOFT,0.0
1239,9541,2,20.0,5,7,SOFT,3.0
1239,9541,2,22.0,5,7,SOFT,0.0
1239,9541,2,77.0,5,7,SOFT,0.0
1239,9541,2,4.0,5,7,SOFT,0.0
1239,9541,2,55.0,5,8,SOFT,0.0
1239,9541,2,2.0,5,8,SOFT,0.0
1239,9541,2,81.0,5,8,SOFT,0.0
1239,9541,2,24.0,5,8,SOFT,0.0
1239,9541,2,44.0,5,8,SOFT,0.0
1239,9541,2,63.0,5,8,SOFT,2.0
1239,9541,3,16.0,8,9,SOFT,0.0
1239,9541,3,4.0,8,10,SOFT,3.0
1239,9541,3,3.0,8,10,SOFT,0.0
1239,9541,3,24.0,8,10,SOFT,0.0
1239,9541,3,23.0,8,10,SOFT,0.0
1239,9541,3,18.0,8,10,SOFT,0.0
1239,9541,3,2.0,8,10,SOFT,0.0
1239,9541,3,77.0,8,10,SOFT,0.0
1239,9541,3,55.0,8,10,SOFT,3.0
1239,9541,3,1.0,8,10,SOFT,0.0
1239,9541,3,44.0,8,10,SOFT,0.0
1239,9541,3,63.0,8,10,SOFT,0.0
1239,9541,3,81.0,8,10,SOFT,0.0
1239,9541,3,10.0,8,11,SOFT,0.0
1239,9541,3,31.0,8,11,SOFT,0.0
1239,9541,3,27.0,8,11,SOFT,0.0
1239,9541,3,20.0,8,11,SOFT,0.0
1239,9541,3,22.0,8,11,SOFT,0.0
1239,9541,3,14.0,8,11,SOFT,0.0
1239,9541,3,11.0,8,11,SOFT,0.0
1239,9541,4,16.0,10,12,SOFT,3.0
1239,9541,4,31.0,11,13,SOFT,0.0
1239,9541,4,10.0,11,13,SOFT,0.0
1239,9541,4,22.0,11,13,SOFT,0.0
1239,9541,4,3.0,11,13,SOFT,0.0
1239,9541,4,14.0,11,13,SOFT,0.0
1239,9541,4,4.0,11,13,SOFT,0.0
1239,9541,4,27.0,11,13,SOFT,0.0
1239,9541,4,11.0,11,13,SOFT,0.0
1239,9541,4,20.0,11,13,SOFT,0.0
1239,9541,4,44.0,11,13,SOFT,0.0
1239,9541,4,1.0,11,13,SOFT,0.0
1239,9541,4,81.0,11,13,SOFT,3.0
1239,9541,4,55.0,11,14,SOFT,0.0
1239,9541,4,63.0,11,14,SOFT,0.0
1239,9541,5,16.0,13,15,SOFT,2.0
1239,9541,5,81.0,13,15,SOFT,0.0
1239,9541,5,4.0,14,15,SOFT,3.0
1239,9541,5,31.0,14,16,SOFT,0.0
1239,9541,5,10.0,14,16,SOFT,0.0
1239,9541,5,22.0,14,16,SOFT,0.0
1239,9541,5,20.0,14,16,SOFT,0.0
1239,9541,5,14.0,14,16,SOFT,0.0
1239,9541,5,3.0,14,16,SOFT,0.0
1239,9541,5,55.0,14,16,SOFT,0.0
1239,9541,5,1.0,14,16,SOFT,0.0
1239,9541,5,44.0,14,16,SOFT,0.0
1239,9541,5,63.0,14,16,SOFT,0.0
1239,9541,5,11.0,14,17,SOFT,0.0
1239,9541,5,27.0,14,17,SOFT,0.0
1239,9541,6,16.0,16,18,SOFT,0.0
1239,9541,6,81.0,16,18,SOFT,0.0
1239,9541,6,4.0,16,19,SOFT,0.0
1239,9541,6,31.0,17,19,SOFT,0.0
1239,9541,6,10.0,17,19,SOFT,0.0
1239,9541,6,11.0,17,19,SOFT,3.0
1239,9541,6,1.0,17,19,SOFT,0.0
1239,9541,6,55.0,17,19,SOFT,0.0
1239,9541,6,44.0,17,19,SOFT,0.0
1239,9541,6,63.0,17,19,SOFT,0.0
1239,9541,6,27.0,17,20,SOFT,3.0
1239,9541,7,16.0,18,20,SOFT,2.0
1239,9541,7,4.0,19,21,SOFT,0.0
1239,9541,7,31.0,20,22,SOFT,0.0
1239,9541,7,27.0,20,22,SOFT,0.0
1239,9541,7,11.0,20,22,SOFT,3.0
1239,9541,8,16.0,21,23,SOFT,0.0
1239,9541,8,31.0,23,25,SOFT,3.0
1239,9545,1,27.0,1,4,MEDIUM,0.0
1239,9545,1,22.0,1,4,MEDIUM,0.0
1239,9545,1,44.0,1,4,MEDIUM,0.0
1239,9545,1,10.0,1,4,MEDIUM,0.0
1239,9545,1,77.0,1,4,MEDIUM,0.0
1239,9545,1,31.0,1,4,MEDIUM,0.0
1239,9545,1,24.0,1,4,MEDIUM,0.0
1239,9545,1,20.0,1,4,MEDIUM,0.0
1239,9545,1,3.0,1,4,MEDIUM,0.0
1239,9545,1,55.0,1,4,MEDIUM,0.0
1239,9545,1,16.0,1,4,MEDIUM,0.0
1239,9545,1,1.0,1,5,MEDIUM,0.0
1239,9545,1,63.0,1,5,MEDIUM,0.0
1239,9545,1,4.0,1,5,MEDIUM,0.0
1239,9545,1,23.0,1,7,MEDIUM,0.0
1239,9545,1,18.0,1,7,MEDIUM,0.0
1239,9545,1,14.0,1,7,MEDIUM,0.0
1239,9545,1,11.0,1,8,MEDIUM,0.0
1239,9545,1,2.0,1,8,MEDIUM,0.0
1239,9545,1,81.0,1,10,MEDIUM,0.0
1239,9545,2,4.0,4,7,MEDIUM,3.0
1239,9545,2,77.0,5,7,MEDIUM,3.0
1239,9545,2,24.0,5,7,MEDIUM,3.0
1239,9545,2,27.0,5,7,MEDIUM,3.0
1239,9545,2,3.0,5,7,MEDIUM,3.0
1239,9545,2,16.0,5,7,MEDIUM,3.0
1239,9545,2,20.0,5,7,MEDIUM,3.0
1239,9545,2,31.0,5,7,MEDIUM,3.0
1239,9545,2,44.0,5,8,MEDIUM,3.0
1239,9545,2,55.0,5,8,MEDIUM,3.0
1239,9545,2,22.0,5,8,MEDIUM,3.0
1239,9545,2,10.0,5,8,MEDIUM,3.0
1239,9545,2,63.0,5,8,MEDIUM,0.0
1239,9545,2,1.0,6,9,MEDIUM,0.0
1239,9545,2,18.0,7,9,MEDIUM,0.0
1239,9545,3,20.0,7,9,MEDIUM,0.0
1239,9545,2,11.0,8,10,MEDIUM,0.0
1239,9545,3,55.0,8,10,MEDIUM,0.0
1239,9545,3,16.0,8,10,MEDIUM,0.0
1239,9545,3,44.0,8,10,MEDIUM,0.0
1239,9545,3,22.0,8,10,MEDIUM,0.0
1239,9545,2,14.0,8,10,MEDIUM,0.0
1239,9545,2,2.0,8,10,MEDIUM,0.0
1239,9545,3,63.0,8,10,SOFT,0.0
1239,9545,3,4.0,8,11,MEDIUM,0.0
1239,9545,3,31.0,8,11,MEDIUM,0.0
1239,9545,3,10.0,8,11,MEDIUM,0.0
1239,9545,3,1.0,10,12,SOFT,0.0
1239,9545,2,81.0,10,13,MEDIUM,0.0
1239,9545,4,4.0,11,11,MEDIUM,3.0
1239,9545,4,44.0,11,11,MEDIUM,3.0
1239,9545,4,16.0,11,12,MEDIUM,3.0
1239,9545,3,11.0,11,13,MEDIUM,3.0
1239,9545,4,55.0,11,13,SOFT,0.0
1239,9545,4,31.0,11,13,SOFT,3.0
1239,9545,4,10.0,11,13,SOFT,3.0
1239,9545,5,16.0,12,13,SOFT,0.0
1239,9545,5,44.0,12,14,SOFT,0.0
1239,9545,5,4.0,12,14,SOFT,0.0
1239,9545,3,81.0,13,15,SOFT,0.0
1239,9545,4,11.0,13,15,SOFT,0.0
1239,9549,1,1.0,1,24,MEDIUM,5.0
1239,9549,1,4.0,1,24,MEDIUM,4.0
1239,9549,1,81.0,1,24,MEDIUM,3.0
1239,9549,1,63.0,1,24,MEDIUM,3.0
1239,9549,1,55.0,1,24,MEDIUM,3.0
1239,9549,1,44.0,1,24,MEDIUM,4.0
1239,9549,1,11.0,1,24,MEDIUM,6.0
1239,9549,1,31.0,1,24,MEDIUM,6.0
1239,9549,1,10.0,1,24,MEDIUM,3.0
1239,9549,1,16.0,1,24,MEDIUM,4.0
1239,9549,1,20.0,1,24,MEDIUM,3.0
1239,9549,1,18.0,1,24,MEDIUM,3.0
1239,9549,1,14.0,1,24,MEDIUM,6.0
1239,9549,1,22.0,1,24,MEDIUM,3.0
1239,9549,1,2.0,1,24,MEDIUM,3.0
1239,9549,1,3.0,1,24,MEDIUM,6.0
1239,9549,1,27.0,1,24,MEDIUM,6.0
1239,9549,1,77.0,1,24,MEDIUM,0.0
1239,9549,1,24.0,1,24,MEDIUM,0.0
1239,9549,1,23.0,1,24,MEDIUM,6.0
1239,9550,1,16.0,1,1,MEDIUM,0.0
1239,9550,1,2.0,1,1,MEDIUM,0.0
1239,9550,1,3.0,1,10,MEDIUM,0.0
1239,9550,1,20.0,1,10,MEDIUM,0.0
1239,9550,1,27.0,1,11,MEDIUM,0.0
1239,9550,1,14.0,1,11,MEDIUM,3.0
1239,9550,1,23.0,1,12,MEDIUM,0.0
1239,9550,1,31.0,1,19,MEDIUM,0.0
1239,9550,1,77.0,1,19,MEDIUM,0.0
1239,9550,1,10.0,1,20,MEDIUM,0.0
1239,9550,1,18.0,1,20,MEDIUM,1.0
1239,9550,1,44.0,1,21,MEDIUM,0.0
1239,9550,1,11.0,1,21,MEDIUM,0.0
1239,9550,1,22.0,1,21,MEDIUM,0.0
1239,9550,1,63.0,1,22,MEDIUM,0.0
1239,9550,1,55.0,1,22,MEDIUM,0.0
1239,9550,1,4.0,1,23,MEDIUM,0.0
1239,9550,1,1.0,1,23,MEDIUM,0.0
1239,9550,1,81.0,1,25,MEDIUM,0.0
1239,9550,1,24.0,1,28,HARD,0.0
1239,9550,2,16.0,2,16,HARD,0.0
1239,9550,2,2.0,2,20,MEDIUM,0.0
1239,9550,2,3.0,11,37,HARD,0.0
1239,9550,2,20.0,11,38,HARD,0.0
1239,9550,2,14.0,12,35,MEDIUM,0.0
1239,9550,2,27.0,12,39,HARD,0.0
1239,9550,2,23.0,13,39,HARD,0.0
1239,9550,3,16.0,17,33,MEDIUM,0.0
1239,9550,2,77.0,20,42,HARD,0.0
1239,9550,2,31.0,20,43,HARD,0.0
1239,9550,2,10.0,21,42,HARD,0.0
1239,9550,2,18.0,21,43,MEDIUM,0.0
1239,9550,3,2.0,21,49,HARD,0.0
1239,9550,2,22.0,22,44,HARD,0.0
1239,9550,2,11.0,22,51,HARD,0.0
1239,9550,2,44.0,22,53,HARD,0.0
1239,9550,2,63.0,23,46,MEDIUM,0.0
1239,9550,2,55.0,23,48,HARD,0.0
1239,9550,2,1.0,24,51,HARD,0.0
1239,9550,2,4.0,24,51,HARD,0.0
1239,9550,2,81.0,26,51,HARD,0.0
1239,9550,2,24.0,29,51,MEDIUM,0.0
1239,9550,4,16.0,34,51,MEDIUM,1.0
1239,9550,3,14.0,36,68,HARD,1.0
1239,9550,3,3.0,38,72,HARD,0.0
1239,9550,3,20.0,39,72,HARD,0.0
1239,9550,3,23.0,40,71,HARD,0.0
1239,9550,3,27.0,40,72,HARD,0.0
1239,9550,3,77.0,43,71,HARD,0.0
1239,9550,3,10.0,43,72,MEDIUM,0.0
1239,9550,3,18.0,44,71,HARD,1.0
1239,9550,3,31.0,44,72,MEDIUM,0.0
1239,9550,3,22.0,45,71,HARD,0.0
1239,9550,3,63.0,47,72,HARD,0.0
1239,9550,3,55.0,48,72,MEDIUM,0.0
1239,9550,4,2.0,50,70,MEDIUM,0.0
1239,9550,3,1.0,52,64,MEDIUM,3.0
1239,9550,3,4.0,52,65,MEDIUM,0.0
1239,9550,3,24.0,52,71,HARD,0.0
1239,9550,3,81.0,52,72,MEDIUM,0.0
1239,9550,3,11.0,52,72,MEDIUM,5.0
1239,9550,5,16.0,52,72,MEDIUM,6.0
1239,9550,3,44.0,54,72,MEDIUM,0.0
1239,9550,4,1.0,65,72,SOFT,0.0
1239,9550,4,14.0,69,71,SOFT,0.0
1240,9551,1,18.0,1,2,MEDIUM,0.0
1240,9551,1,23.0,1,2,HARD,0.0
1240,9551,1,63.0,1,2,HARD,0.0
1240,9551,1,4.0,1,2,HARD,0.0
1240,9551,1,45.0,1,2,HARD,0.0
1240,9551,1,37.0,1,4,HARD,0.0
1240,9551,1,27.0,1,5,MEDIUM,0.0
1240,9551,1,24.0,1,5,HARD,0.0
1240,9551,1,81.0,1,6,HARD,0.0
1240,9551,1,1.0,1,6,HARD,0.0
1240,9551,1,31.0,1,6,HARD,0.0
1240,9551,1,77.0,1,6,MEDIUM,0.0
1240,9551,1,14.0,1,6,HARD,0.0
1240,9551,1,55.0,1,6,HARD,0.0
1240,9551,1,22.0,1,6,HARD,0.0
1240,9551,1,44.0,1,6,HARD,0.0
1240,9551,1,61.0,1,6,HARD,0.0
1240,9551,1,3.0,1,6,HARD,0.0
1240,9551,1,16.0,1,7,HARD,0.0
1240,9551,1,50.0,1,7,HARD,0.0
1240,9551,2,63.0,3,3,HARD,0.0
1240,9551,2,4.0,3,3,HARD,0.0
1240,9551,2,18.0,3,3,MEDIUM,1.0
1240,9551,2,23.0,3,10,HARD,1.0
1240,9551,2,45.0,3,10,HARD,1.0
1240,9551,3,4.0,4,4,HARD,2.0
1240,9551,3,63.0,4,6,HARD,2.0
1240,9551,3,18.0,4,12,MEDIUM,2.0
1240,9551,4,4.0,5,5,HARD,3.0
1240,9551,2,37.0,5,7,HARD,0.0
1240,9551,2,27.0,6,9,MEDIUM,4.0
1240,9551,2,24.0,6,12,HARD,4.0
1240,9551,5,4.0,6,12,HARD,4.0
1240,9551,2,1.0,7,9,HARD,0.0
1240,9551,2,14.0,7,9,HARD,5.0
1240,9551,2,44.0,7,9,HARD,5.0
1240,9551,2,77.0,7,9,MEDIUM,5.0
1240,9551,4,63.0,7,11,HARD,5.0
1240,9551,2,31.0,7,11,HARD,5.0
1240,9551,2,81.0,7,11,HARD,5.0
1240,9551,2,61.0,7,12,HARD,5.0
1240,9551,2,3.0,7,13,HARD,5.0
1240,9551,2,55.0,7,13,HARD,5.0
1240,9551,2,16.0,8,11,HARD,6.0
1240,9551,3,37.0,8,11,HARD,6.0
1240,9551,2,50.0,8,16,SOFT,0.0
1240,9551,3,27.0,9,11,SOFT,0.0
1240,9551,3,44.0,10,12,HARD,8.0
1240,9551,3,1.0,10,14,MEDIUM,0.0
1240,9551,3,14.0,10,15,HARD,8.0
1240,9551,3,77.0,10,16,SOFT,0.0
1240,9551,3,23.0,11,13,SOFT,0.0
1240,9551,3,45.0,11,13,SOFT,0.0
1240,9551,3,81.0,12,12,HARD,10.0
1240,9551,4,27.0,12,15,SOFT,3.0
1240,9551,5,63.0,12,16,MEDIUM,0.0
1240,9551,3,31.0,12,16,SOFT,0.0
1240,9551,4,37.0,12,16,MEDIUM,0.0
1240,9551,3,16.0,12,17,MEDIUM,0.0
1240,9551,3,61.0,12,19,SOFT,0.0
1240,9551,4,81.0,13,13,HARD,0.0
1240,9551,4,44.0,13,19,MEDIUM,0.0
1240,9551,3,24.0,13,20,SOFT,0.0
1240,9551,4,18.0,13,23,SOFT,0.0
1240,9551,6,4.0,13,27,SOFT,0.0
1240,9551,4,45.0,14,16,SOFT,3.0
1240,9551,5,81.0,14,18,SOFT,0.0
1240,9551,3,55.0,14,19,MEDIUM,0.0
1240,9551,3,3.0,14,24,SOFT,0.0
1240,9551,4,23.0,14,26,SOFT,3.0
1240,9551,5,27.0,15,23,MEDIUM,7.0
1240,9551,4,1.0,15,26,HARD,8.0
1240,9551,4,14.0,16,16,HARD,14.0
1240,9551,3,50.0,16,26,HARD,6.0
1240,9551,4,31.0,17,20,SOFT,5.0
1240,9551,5,45.0,17,25,SOFT,6.0
1240,9551,4,77.0,17,27,SOFT,7.0
1240,9551,6,63.0,17,27,MEDIUM,5.0
1240,9551,5,14.0,17,28,SOFT,0.0
1240,9551,4,16.0,18,27,HARD,10.0
1240,9551,6,81.0,19,19,SOFT,5.0
1240,9551,4,61.0,20,23,SOFT,8.0
1240,9551,4,24.0,20,25,SOFT,7.0
1240,9551,5,31.0,20,25,SOFT,8.0
1240,9551,5,44.0,20,27,MEDIUM,7.0
1240,9551,4,55.0,20,28,MEDIUM,12.0
1240,9551,4,3.0,25,25,SOFT,11.0
1240,9552,1,1.0,1,4,MEDIUM,0.0
1240,9552,1,44.0,1,6,MEDIUM,0.0
1240,9552,1,55.0,1,6,MEDIUM,0.0
1240,9552,1,81.0,1,6,MEDIUM,0.0
1240,9552,1,63.0,1,6,MEDIUM,0.0
1240,9552,1,11.0,1,6,MEDIUM,0.0
1240,9552,1,24.0,1,7,MEDIUM,0.0
1240,9552,1,2.0,1,8,MEDIUM,0.0
1240,9552,1,18.0,1,8,HARD,0.0
1240,9552,1,14.0,1,8,MEDIUM,0.0
1240,9552,1,31.0,1,8,MEDIUM,0.0
1240,9552,1,23.0,1,8,MEDIUM,0.0
1240,9552,1,3.0,1,8,MEDIUM,0.0
1240,9552,1,77.0,1,8,HARD,0.0
1240,9552,1,16.0,1,9,MEDIUM,0.0
1240,9552,1,20.0,1,10,MEDIUM,0.0
1240,9552,1,22.0,1,10,MEDIUM,0.0
1240,9552,1,27.0,1,10,HARD,0.0
1240,9552,1,4.0,1,11,MEDIUM,0.0
1240,9552,1,10.0,1,13,MEDIUM,0.0
1240,9552,2,1.0,5,7,SOFT,0.0
1240,9552,2,63.0,7,8,MEDIUM,5.0
1240,9552,2,81.0,7,9,MEDIUM,5.0
1240,9552,2,44.0,7,10,MEDIUM,5.0
1240,9552,2,11.0,7,10,MEDIUM,5.0
1240,9552,2,55.0,7,11,MEDIUM,5.0
1240,9552,3,1.0,8,9,SOFT,0.0
1240,9552,2,24.0,8,12,SOFT,0.0
1240,9552,2,3.0,9,11,MEDIUM,7.0
1240,9552,3,63.0,9,11,MEDIUM,7.0
1240,9552,2,23.0,9,11,SOFT,0.0
1240,9552,2,14.0,9,13,SOFT,0.0
1240,9552,2,77.0,9,13,SOFT,0.0
1240,9552,2,2.0,9,14,SOFT,0.0
1240,9552,2,18.0,9,14,SOFT,0.0
1240,9552,2,31.0,9,14,SOFT,0.0
1240,9552,3,81.0,10,12,SOFT,0.0
1240,9552,2,16.0,10,14,SOFT,0.0
1240,9552,4,1.0,10,22,MEDIUM,0.0
1240,9552,3,11.0,11,13,SOFT,0.0
1240,9552,3,44.0,11,14,SOFT,0.0
1240,9552,2,27.0,11,15,SOFT,0.0
1240,9552,2,22.0,11,16,SOFT,0.0
1240,9552,2,20.0,11,16,SOFT,0.0
1240,9552,3,55.0,12,14,SOFT,0.0
1240,9552,2,4.0,12,14,SOFT,0.0
1240,9552,4,63.0,12,14,SOFT,0.0
1240,9552,3,23.0,12,14,SOFT,3.0
1240,9552,3,3.0,12,14,SOFT,0.0
1240,9552,4,81.0,13,20,SOFT,3.0
1240,9552,3,24.0,13,20,MEDIUM,6.0
1240,9552,4,11.0,14,16,SOFT,0.0
1240,9552,3,77.0,14,17,HARD,7.0
1240,9552,2,10.0,14,18,SOFT,0.0
1240,9552,3,14.0,14,26,MEDIUM,0.0
1240,9552,4,55.0,15,16,SOFT,3.0
1240,9552,3,31.0,15,20,MEDIUM,7.0
1240,9552,3,18.0,15,22,SOFT,6.0
1240,9552,4,3.0,15,23,SOFT,3.0
1240,9552,5,63.0,15,24,SOFT,0.0
1240,9552,4,44.0,15,24,SOFT,0.0
1240,9552,3,2.0,15,25,MEDIUM,7.0
1240,9552,3,16.0,15,25,MEDIUM,0.0
1240,9552,4,23.0,15,27,MEDIUM,7.0
1240,9552,3,4.0,15,27,MEDIUM,10.0
1240,9552,3,27.0,16,24,SOFT,5.0
1240,9552,3,20.0,17,18,MEDIUM,9.0
1240,9552,5,55.0,17,21,SOFT,5.0
1240,9552,5,11.0,17,23,MEDIUM,0.0
1240,9552,3,22.0,17,24,MEDIUM,9.0
1240,9552,4,20.0,19,21,INTERMEDIATE,0.0
1240,9552,3,10.0,19,25,SOFT,0.0
1240,9552,5,81.0,21,25,MEDIUM,8.0
1240,9552,6,55.0,22,29,MEDIUM,10.0
1240,9552,6,11.0,24,26,INTERMEDIATE,0.0
1240,9552,5,3.0,24,26,INTERMEDIATE,0.0
1240,9552,4,27.0,25,27,INTERMEDIATE,0.0
1240,9552,6,63.0,25,27,INTERMEDIATE,0.0
1240,9552,4,22.0,25,27,INTERMEDIATE,0.0
1240,9552,5,44.0,25,27,INTERMEDIATE,0.0
1240,9552,4,16.0,26,28,INTERMEDIATE,0.0
1240,9552,7,55.0,30,32,INTERMEDIATE,0.0
1240,9553,1,4.0,1,2,INTERMEDIATE,0.0
1240,9553,1,10.0,1,3,INTERMEDIATE,0.0
1240,9553,1,27.0,1,3,INTERMEDIATE,3.0
1240,9553,1,44.0,1,3,INTERMEDIATE,3.0
1240,9553,1,23.0,1,3,INTERMEDIATE,0.0
1240,9553,1,63.0,1,3,INTERMEDIATE,3.0
1240,9553,1,11.0,1,3,INTERMEDIATE,0.0
1240,9553,1,31.0,1,4,INTERMEDIATE,0.0
1240,9553,1,24.0,1,4,INTERMEDIATE,0.0
1240,9553,1,77.0,1,4,INTERMEDIATE,0.0
1240,9553,1,14.0,1,4,INTERMEDIATE,0.0
1240,9553,1,16.0,1,4,INTERMEDIATE,3.0
1240,9553,1,81.0,1,4,INTERMEDIATE,0.0
1240,9553,1,1.0,1,4,INTERMEDIATE,0.0
1240,9553,1,18.0,1,4,INTERMEDIATE,0.0
1240,9553,1,55.0,1,4,INTERMEDIATE,3.0
1240,9553,1,20.0,1,5,INTERMEDIATE,0.0
1240,9553,1,2.0,1,5,INTERMEDIATE,0.0
1240,9553,1,22.0,1,5,INTERMEDIATE,3.0
1240,9553,1,3.0,1,5,INTERMEDIATE,3.0
1240,9553,2,4.0,3,13,INTERMEDIATE,1.0
1240,9553,2,23.0,4,4,INTERMEDIATE,2.0
1240,9553,2,27.0,4,5,INTERMEDIATE,5.0
1240,9553,2,11.0,4,12,INTERMEDIATE,4.0
1240,9553,2,63.0,4,13,INTERMEDIATE,4.0
1240,9553,2,44.0,4,15,INTERMEDIATE,4.0
1240,9553,2,1.0,5,11,INTERMEDIATE,1.0
1240,9553,2,81.0,5,13,INTERMEDIATE,2.0
1240,9553,2,31.0,5,13,INTERMEDIATE,2.0
1240,9553,2,16.0,5,13,INTERMEDIATE,5.0
1240,9553,2,14.0,5,13,INTERMEDIATE,3.0
1240,9553,2,18.0,5,15,INTERMEDIATE,2.0
1240,9553,2,24.0,5,15,INTERMEDIATE,3.0
1240,9553,2,77.0,5,16,INTERMEDIATE,3.0
1240,9553,2,55.0,5,16,INTERMEDIATE,6.0
1240,9553,3,23.0,5,19,INTERMEDIATE,2.0
1240,9553,2,22.0,6,9,INTERMEDIATE,6.0
1240,9553,2,20.0,6,14,INTERMEDIATE,7.0
1240,9553,3,27.0,6,14,INTERMEDIATE,7.0
1240,9553,2,3.0,6,16,INTERMEDIATE,6.0
1240,9553,2,2.0,6,20,INTERMEDIATE,3.0
1240,9553,3,22.0,10,15,INTERMEDIATE,11.0
1240,9553,3,1.0,12,15,INTERMEDIATE,0.0
1240,9553,3,11.0,13,16,INTERMEDIATE,14.0
1240,9553,3,14.0,14,15,INTERMEDIATE,12.0
1240,9553,3,16.0,14,17,INTERMEDIATE,15.0
1240,9553,3,4.0,14,18,INTERMEDIATE,12.0
1240,9553,3,81.0,14,19,INTERMEDIATE,12.0
1240,9553,3,63.0,14,21,INTERMEDIATE,15.0
1240,9553,3,31.0,14,23,INTERMEDIATE,12.0
1240,9553,4,27.0,15,17,INTERMEDIATE,16.0
1240,9553,3,20.0,15,19,INTERMEDIATE,16.0
1240,9553,4,22.0,16,20,INTERMEDIATE,0.0
1240,9553,3,44.0,16,21,INTERMEDIATE,17.0
1240,9553,3,24.0,16,21,INTERMEDIATE,14.0
1240,9553,4,1.0,16,21,INTERMEDIATE,14.0
1240,9553,4,14.0,16,22,INTERMEDIATE,14.0
1240,9553,3,18.0,16,24,INTERMEDIATE,14.0
1240,9553,4,11.0,17,19,INTERMEDIATE,18.0
1240,9553,3,77.0,17,20,INTERMEDIATE,15.0
1240,9553,3,3.0,17,22,INTERMEDIATE,18.0
1240,9553,3,55.0,17,24,INTERMEDIATE,18.0
1240,9553,4,16.0,18,27,INTERMEDIATE,19.0
1240,9553,4,4.0,19,21,INTERMEDIATE,17.0
1240,9553,4,20.0,20,22,INTERMEDIATE,21.0
1240,9553,4,23.0,20,25,INTERMEDIATE,18.0
1240,9553,4,81.0,20,28,INTERMEDIATE,0.0
1240,9553,4,77.0,21,23,INTERMEDIATE,19.0
1240,9553,3,2.0,21,23,INTERMEDIATE,19.0
1240,9553,5,22.0,21,27,INTERMEDIATE,22.0
1240,9553,4,63.0,22,24,INTERMEDIATE,23.0
1240,9553,4,24.0,22,24,INTERMEDIATE,20.0
1240,9553,4,44.0,22,26,INTERMEDIATE,0.0
1240,9553,4,3.0,23,29,INTERMEDIATE,24.0
1240,9553,4,31.0,24,26,INTERMEDIATE,22.0
1240,9553,5,44.0,27,29,INTERMEDIATE,28.0
1240,9554,1,16.0,1,4,INTERMEDIATE,0.0
1240,9554,1,77.0,1,5,INTERMEDIATE,0.0
1240,9554,1,22.0,1,5,INTERMEDIATE,0.0
1240,9554,1,20.0,1,5,INTERMEDIATE,0.0
1240,9554,1,27.0,1,5,SOFT,0.0
1240,9554,1,11.0,1,5,INTERMEDIATE,0.0
1240,9554,1,23.0,1,5,INTERMEDIATE,0.0
1240,9554,1,18.0,1,6,INTERMEDIATE,0.0
1240,9554,1,31.0,1,6,INTERMEDIATE,0.0
1240,9554,1,44.0,1,6,INTERMEDIATE,0.0
1240,9554,1,2.0,1,6,INTERMEDIATE,0.0
1240,9554,1,55.0,1,6,INTERMEDIATE,0.0
1240,9554,1,1.0,1,6,INTERMEDIATE,0.0
1240,9554,1,63.0,1,6,INTERMEDIATE,0.0
1240,9554,1,3.0,1,6,INTERMEDIATE,0.0
1240,9554,1,14.0,1,6,INTERMEDIATE,0.0
1240,9554,1,24.0,1,6,INTERMEDIATE,0.0
1240,9554,1,81.0,1,7,INTERMEDIATE,0.0
1240,9554,1,4.0,1,7,INTERMEDIATE,0.0
1240,9554,1,10.0,1,7,INTERMEDIATE,0.0
1240,9554,2,16.0,5,6,SOFT,0.0
1240,9554,2,20.0,5,7,SOFT,0.0
1240,9554,2,27.0,5,8,SOFT,0.0
1240,9554,2,11.0,6,6,SOFT,0.0
1240,9554,2,18.0,6,6,SOFT,0.0
1240,9554,2,77.0,6,7,SOFT,0.0
1240,9554,2,3.0,6,7,SOFT,0.0
1240,9554,2,22.0,6,7,SOFT,0.0
1240,9554,2,55.0,6,7,SOFT,0.0
1240,9554,2,23.0,6,7,SOFT,0.0
1240,9554,2,2.0,7,8,SOFT,0.0
1240,9554,2,31.0,7,8,SOFT,0.0
1240,9554,2,44.0,7,8,SOFT,0.0
1240,9554,2,24.0,7,8,SOFT,0.0
1240,9554,2,63.0,7,8,SOFT,0.0
1240,9554,2,14.0,7,8,SOFT,0.0
1240,9554,2,10.0,7,8,SOFT,0.0
1240,9554,2,81.0,7,11,SOFT,0.0
1240,9554,2,4.0,7,11,SOFT,0.0
1240,9554,3,23.0,7,11,SOFT,0.0
1240,9554,3,18.0,7,12,SOFT,0.0
1240,9554,2,1.0,7,12,SOFT,0.0
1240,9554,3,3.0,7,12,SOFT,0.0
1240,9554,3,55.0,7,12,SOFT,0.0
1240,9554,3,16.0,7,12,SOFT,0.0
1240,9554,3,22.0,7,12,SOFT,0.0
1240,9554,3,77.0,8,12,SOFT,0.0
1240,9554,3,31.0,8,12,SOFT,0.0
1240,9554,3,63.0,8,12,SOFT,0.0
1240,9554,3,2.0,8,12,SOFT,0.0
1240,9554,3,14.0,8,13,SOFT,0.0
1240,9554,3,44.0,8,13,SOFT,0.0
1240,9554,3,27.0,8,13,SOFT,0.0
1240,9554,3,24.0,8,14,SOFT,0.0
1240,9554,3,81.0,11,13,SOFT,4.0
1240,9554,3,4.0,11,13,SOFT,4.0
1240,9554,4,23.0,11,15,SOFT,1.0
1240,9554,4,22.0,12,15,SOFT,0.0
1240,9554,4,3.0,12,15,SOFT,0.0
1240,9554,4,2.0,12,16,SOFT,0.0
1240,9554,4,18.0,12,16,SOFT,0.0
1240,9554,4,16.0,12,16,SOFT,2.0
1240,9554,3,1.0,12,16,SOFT,0.0
1240,9554,4,55.0,12,16,SOFT,1.0
1240,9554,4,27.0,13,15,SOFT,0.0
1240,9554,4,44.0,13,16,SOFT,5.0
1240,9554,4,63.0,13,16,SOFT,0.0
1240,9554,4,14.0,13,17,SOFT,0.0
1240,9554,4,24.0,14,18,SOFT,0.0
1240,9554,4,4.0,14,19,SOFT,0.0
1240,9554,4,81.0,14,20,SOFT,0.0
1240,9554,5,23.0,16,18,SOFT,0.0
1240,9554,5,22.0,16,18,SOFT,0.0
1240,9554,5,27.0,16,18,SOFT,0.0
1240,9554,5,3.0,16,19,SOFT,1.0
1240,9554,5,16.0,17,19,SOFT,0.0
1240,9554,5,18.0,17,19,SOFT,1.0
1240,9554,5,55.0,17,20,SOFT,0.0
1240,9554,4,1.0,17,20,SOFT,0.0
1240,9554,5,2.0,17,21,SOFT,1.0
1240,9554,5,44.0,17,21,SOFT,0.0
1240,9554,5,63.0,17,22,SOFT,0.0
1240,9554,5,14.0,18,20,SOFT,1.0
1240,9554,6,23.0,19,21,SOFT,4.0
1240,9554,5,4.0,19,21,SOFT,0.0
1240,9554,5,24.0,19,23,SOFT,0.0
1240,9554,5,1.0,20,22,SOFT,0.0
1240,9554,5,81.0,20,22,SOFT,0.0
1240,9554,6,55.0,20,22,SOFT,0.0
1240,9554,6,18.0,20,22,SOFT,4.0
1240,9554,6,14.0,21,23,SOFT,0.0
1240,9554,6,44.0,21,23,SOFT,0.0
1240,9554,6,4.0,22,23,SOFT,0.0
1240,9554,6,63.0,22,24,SOFT,0.0
1240,9554,7,23.0,22,24,SOFT,0.0
1240,9554,7,18.0,23,25,SOFT,0.0
1240,9554,6,1.0,23,25,SOFT,0.0
1240,9554,7,55.0,23,25,SOFT,0.0
1240,9554,6,81.0,23,25,SOFT,0.0
1240,9554,7,14.0,24,25,SOFT,0.0
1240,9554,7,44.0,24,26,SOFT,0.0
1240,9554,7,63.0,25,27,SOFT,0.0
1240,9558,1,10.0,1,1,MEDIUM,0.0
1240,9558,1,24.0,1,12,SOFT,0.0
1240,9558,1,16.0,1,19,MEDIUM,0.0
1240,9558,1,11.0,1,19,HARD,0.0
1240,9558,1,31.0,1,19,SOFT,0.0
1240,9558,1,27.0,1,26,MEDIUM,0.0
1240,9558,1,18.0,1,26,MEDIUM,0.0
1240,9558,1,77.0,1,26,MEDIUM,0.0
1240,9558,1,1.0,1,26,MEDIUM,0.0
1240,9558,1,55.0,1,26,MEDIUM,0.0
1240,9558,1,3.0,1,26,MEDIUM,0.0
1240,9558,1,4.0,1,27,MEDIUM,0.0
1240,9558,1,23.0,1,27,MEDIUM,0.0
1240,9558,1,22.0,1,27,MEDIUM,0.0
1240,9558,1,20.0,1,27,MEDIUM,0.0
1240,9558,1,63.0,1,27,MEDIUM,0.0
1240,9558,1,2.0,1,27,MEDIUM,0.0
1240,9558,1,14.0,1,27,MEDIUM,0.0
1240,9558,1,44.0,1,27,MEDIUM,0.0
1240,9558,1,81.0,1,28,MEDIUM,0.0
1240,9558,2,24.0,13,19,MEDIUM,0.0
1240,9558,2,31.0,20,21,INTERMEDIATE,0.0
1240,9558,3,24.0,20,26,INTERMEDIATE,0.0
1240,9558,2,16.0,20,27,INTERMEDIATE,0.0
1240,9558,2,11.0,20,28,INTERMEDIATE,0.0
1240,9558,3,31.0,22,26,MEDIUM,0.0
1240,9558,2,3.0,27,37,INTERMEDIATE,0.0
1240,9558,2,77.0,27,37,INTERMEDIATE,0.0
1240,9558,4,24.0,27,37,INTERMEDIATE,0.0
1240,9558,2,1.0,27,38,INTERMEDIATE,0.0
1240,9558,2,55.0,27,38,INTERMEDIATE,0.0
1240,9558,4,31.0,27,38,INTERMEDIATE,0.0
1240,9558,2,27.0,27,39,INTERMEDIATE,0.0
1240,9558,2,18.0,27,39,INTERMEDIATE,0.0
1240,9558,2,63.0,28,34,INTERMEDIATE,0.0
1240,9558,2,20.0,28,37,INTERMEDIATE,0.0
1240,9558,3,16.0,28,37,INTERMEDIATE,0.0
1240,9558,2,44.0,28,38,INTERMEDIATE,0.0
1240,9558,2,14.0,28,38,INTERMEDIATE,0.0
1240,9558,2,22.0,28,38,INTERMEDIATE,0.0
1240,9558,2,23.0,28,38,INTERMEDIATE,0.0
1240,9558,2,2.0,28,38,INTERMEDIATE,0.0
1240,9558,2,4.0,28,39,INTERMEDIATE,0.0
1240,9558,3,11.0,29,37,INTERMEDIATE,0.0
1240,9558,2,81.0,29,38,INTERMEDIATE,0.0
1240,9558,4,11.0,38,47,MEDIUM,0.0
1240,9558,5,24.0,38,51,SOFT,1.0
1240,9558,3,3.0,38,52,SOFT,0.0
1240,9558,3,77.0,38,52,SOFT,0.0
1240,9558,4,16.0,38,52,SOFT,0.0
1240,9558,3,20.0,38,53,SOFT,0.0
1240,9558,3,55.0,39,49,HARD,0.0
1240,9558,5,31.0,39,51,MEDIUM,0.0
1240,9558,3,44.0,39,53,SOFT,0.0
1240,9558,3,1.0,39,53,HARD,0.0
1240,9558,3,81.0,39,53,MEDIUM,0.0
1240,9558,3,14.0,39,53,MEDIUM,0.0
1240,9558,3,22.0,39,53,SOFT,0.0
1240,9558,3,23.0,39,53,MEDIUM,0.0
1240,9558,3,2.0,39,53,SOFT,0.0
1240,9558,3,4.0,40,53,SOFT,2.0
1240,9558,3,27.0,40,53,SOFT,3.0
1240,9558,3,18.0,40,53,MEDIUM,0.0
1240,9558,5,11.0,48,51,SOFT,0.0
1240,9558,4,55.0,50,52,SOFT,3.0
1241,9559,1,2.0,1,2,MEDIUM,0.0
1241,9559,1,14.0,1,3,HARD,0.0
1241,9559,1,11.0,1,3,SOFT,0.0
1241,9559,1,63.0,1,4,MEDIUM,0.0
1241,9559,1,55.0,1,4,HARD,0.0
1241,9559,1,24.0,1,4,MEDIUM,0.0
1241,9559,1,50.0,1,4,MEDIUM,0.0
1241,9559,1,44.0,1,4,MEDIUM,0.0
1241,9559,1,1.0,1,4,SOFT,0.0
1241,9559,1,18.0,1,5,HARD,0.0
1241,9559,1,23.0,1,5,MEDIUM,0.0
1241,9559,1,16.0,1,7,HARD,0.0
1241,9559,1,22.0,1,7,MEDIUM,0.0
1241,9559,1,3.0,1,7,MEDIUM,0.0
1241,9559,1,20.0,1,7,MEDIUM,0.0
1241,9559,1,4.0,1,9,MEDIUM,0.0
1241,9559,1,81.0,1,10,MEDIUM,0.0
1241,9559,1,77.0,1,11,MEDIUM,0.0
1241,9559,1,10.0,1,11,MEDIUM,0.0
1241,9559,1,31.0,1,12,MEDIUM,0.0
1241,9559,2,2.0,3,3,MEDIUM,1.0
1241,9559,2,11.0,4,5,SOFT,2.0
1241,9559,2,14.0,4,6,HARD,2.0
1241,9559,3,2.0,4,9,MEDIUM,2.0
1241,9559,2,63.0,5,7,MEDIUM,3.0
1241,9559,2,50.0,5,7,MEDIUM,0.0
1241,9559,2,1.0,5,7,SOFT,3.0
1241,9559,2,44.0,5,7,MEDIUM,3.0
1241,9559,2,24.0,5,7,MEDIUM,3.0
1241,9559,2,55.0,5,9,HARD,3.0
1241,9559,2,23.0,6,8,MEDIUM,4.0
1241,9559,2,18.0,6,8,HARD,4.0
1241,9559,3,11.0,6,11,SOFT,4.0
1241,9559,3,14.0,7,11,HARD,5.0
1241,9559,3,44.0,8,9,MEDIUM,6.0
1241,9559,2,20.0,8,10,MEDIUM,6.0
1241,9559,3,63.0,8,10,MEDIUM,6.0
1241,9559,3,50.0,8,10,MEDIUM,6.0
1241,9559,3,1.0,8,10,SOFT,6.0
1241,9559,3,24.0,8,10,MEDIUM,0.0
1241,9559,2,16.0,8,11,HARD,6.0
1241,9559,2,22.0,8,13,MEDIUM,6.0
1241,9559,2,3.0,8,13,MEDIUM,6.0
1241,9559,3,23.0,9,11,SOFT,0.0
1241,9559,3,18.0,9,14,HARD,7.0
1241,9559,2,4.0,10,10,MEDIUM,8.0
1241,9559,3,55.0,10,12,HARD,8.0
1241,9559,4,44.0,10,12,SOFT,0.0
1241,9559,4,2.0,10,13,SOFT,0.0
1241,9559,3,4.0,11,11,MEDIUM,9.0
1241,9559,4,1.0,11,12,SOFT,0.0
1241,9559,4,50.0,11,13,SOFT,0.0
1241,9559,4,63.0,11,13,SOFT,0.0
1241,9559,2,81.0,11,13,SOFT,0.0
1241,9559,4,24.0,11,13,SOFT,0.0
1241,9559,3,20.0,11,16,SOFT,0.0
1241,9559,3,16.0,12,14,HARD,0.0
1241,9559,4,4.0,12,14,SOFT,0.0
1241,9559,4,14.0,12,14,SOFT,0.0
1241,9559,4,11.0,12,14,SOFT,0.0
1241,9559,4,23.0,12,14,SOFT,3.0
1241,9559,2,10.0,12,17,SOFT,0.0
1241,9559,2,77.0,12,20,SOFT,0.0
1241,9559,4,55.0,13,15,SOFT,0.0
1241,9559,5,1.0,13,15,SOFT,2.0
1241,9559,2,31.0,13,16,MEDIUM,11.0
1241,9559,5,44.0,13,30,MEDIUM,8.0
1241,9559,5,63.0,14,14,MEDIUM,0.0
1241,9559,5,50.0,14,16,SOFT,0.0
1241,9559,3,22.0,14,16,SOFT,0.0
1241,9559,3,3.0,14,16,SOFT,0.0
1241,9559,5,2.0,14,16,SOFT,4.0
1241,9559,5,24.0,14,16,SOFT,0.0
1241,9559,3,81.0,14,27,MEDIUM,9.0
1241,9559,4,16.0,15,17,SOFT,0.0
1241,9559,5,4.0,15,17,SOFT,0.0
1241,9559,4,18.0,15,17,SOFT,0.0
1241,9559,5,14.0,15,17,SOFT,0.0
1241,9559,5,11.0,15,20,SOFT,3.0
1241,9559,5,23.0,15,23,SOFT,6.0
1241,9559,6,63.0,15,29,MEDIUM,10.0
1241,9559,6,1.0,16,18,SOFT,5.0
1241,9559,5,55.0,16,28,SOFT,3.0
1241,9559,6,50.0,17,19,SOFT,0.0
1241,9559,4,20.0,17,19,SOFT,6.0
1241,9559,4,22.0,17,19,SOFT,0.0
1241,9559,4,3.0,17,19,SOFT,3.0
1241,9559,6,24.0,17,25,SOFT,6.0
1241,9559,3,31.0,17,27,SOFT,0.0
1241,9559,6,2.0,17,27,SOFT,7.0
1241,9559,5,16.0,18,19,SOFT,0.0
1241,9559,6,14.0,18,25,SOFT,6.0
1241,9559,5,18.0,18,26,SOFT,3.0
1241,9559,3,10.0,18,27,MEDIUM,10.0
1241,9559,6,4.0,18,27,MEDIUM,10.0
1241,9559,7,1.0,19,21,SOFT,9.0
1241,9559,5,22.0,20,24,MEDIUM,12.0
1241,9559,7,50.0,20,28,MEDIUM,9.0
1241,9559,5,20.0,20,28,MEDIUM,9.0
1241,9559,5,3.0,20,28,MEDIUM,12.0
1241,9559,6,16.0,20,30,HARD,13.0
1241,9559,6,11.0,21,23,SOFT,10.0
1241,9559,3,77.0,21,29,SOFT,9.0
1241,9559,6,22.0,25,27,SOFT,6.0
1241,9560,1,2.0,1,4,MEDIUM,0.0
1241,9560,1,44.0,1,4,MEDIUM,0.0
1241,9560,1,3.0,1,4,MEDIUM,0.0
1241,9560,1,16.0,1,4,MEDIUM,0.0
1241,9560,1,77.0,1,4,MEDIUM,0.0
1241,9560,1,63.0,1,4,MEDIUM,0.0
1241,9560,1,11.0,1,4,MEDIUM,0.0
1241,9560,1,22.0,1,4,MEDIUM,0.0
1241,9560,1,1.0,1,4,MEDIUM,0.0
1241,9560,1,23.0,1,4,MEDIUM,0.0
1241,9560,1,55.0,1,4,MEDIUM,0.0
1241,9560,1,24.0,1,5,MEDIUM,0.0
1241,9560,1,81.0,1,6,HARD,0.0
1241,9560,1,4.0,1,6,HARD,0.0
1241,9560,1,27.0,1,6,MEDIUM,0.0
1241,9560,1,31.0,1,7,MEDIUM,0.0
1241,9560,1,10.0,1,7,MEDIUM,0.0
1241,9560,1,14.0,1,7,MEDIUM,0.0
1241,9560,1,20.0,1,8,MEDIUM,0.0
1241,9560,1,18.0,1,10,MEDIUM,0.0
1241,9560,2,44.0,5,6,MEDIUM,3.0
1241,9560,2,22.0,5,6,MEDIUM,3.0
1241,9560,2,63.0,5,6,MEDIUM,3.0
1241,9560,2,3.0,5,6,MEDIUM,3.0
1241,9560,2,23.0,5,7,MEDIUM,3.0
1241,9560,2,2.0,5,7,MEDIUM,3.0
1241,9560,2,1.0,5,7,MEDIUM,3.0
1241,9560,2,55.0,5,7,MEDIUM,3.0
1241,9560,2,11.0,5,8,MEDIUM,3.0
1241,9560,2,16.0,5,9,MEDIUM,3.0
1241,9560,2,77.0,5,10,MEDIUM,3.0
1241,9560,2,24.0,6,11,MEDIUM,4.0
1241,9560,2,4.0,7,8,HARD,5.0
1241,9560,2,81.0,7,9,HARD,5.0
1241,9560,3,63.0,7,9,SOFT,0.0
1241,9560,3,44.0,7,9,SOFT,0.0
1241,9560,3,3.0,7,9,SOFT,0.0
1241,9560,3,22.0,7,9,SOFT,0.0
1241,9560,2,27.0,7,10,MEDIUM,5.0
1241,9560,3,23.0,8,10,SOFT,0.0
1241,9560,3,55.0,8,10,SOFT,0.0
1241,9560,3,2.0,8,10,SOFT,0.0
1241,9560,3,1.0,8,10,SOFT,0.0
1241,9560,2,31.0,8,11,MEDIUM,6.0
1241,9560,2,10.0,8,11,MEDIUM,6.0
1241,9560,2,14.0,8,13,SOFT,0.0
1241,9560,2,20.0,9,9,MEDIUM,7.0
1241,9560,3,11.0,9,9,MEDIUM,7.0
1241,9560,3,4.0,9,11,SOFT,0.0
1241,9560,3,81.0,10,12,SOFT,0.0
1241,9560,3,20.0,10,12,SOFT,0.0
1241,9560,4,11.0,10,12,SOFT,0.0
1241,9560,4,22.0,10,14,SOFT,3.0
1241,9560,4,44.0,10,21,SOFT,3.0
1241,9560,4,63.0,10,21,MEDIUM,5.0
1241,9560,4,3.0,10,21,MEDIUM,5.0
1241,9560,3,24.0,11,12,SOFT,0.0
1241,9560,3,27.0,11,13,SOFT,0.0
1241,9560,3,10.0,11,13,SOFT,0.0
1241,9560,3,77.0,11,14,SOFT,0.0
1241,9560,3,31.0,11,14,SOFT,0.0
1241,9560,2,18.0,11,15,SOFT,0.0
1241,9560,4,1.0,11,21,MEDIUM,6.0
1241,9560,4,2.0,11,22,MEDIUM,6.0
1241,9560,4,23.0,11,23,MEDIUM,6.0
1241,9560,4,55.0,11,24,MEDIUM,6.0
1241,9560,4,4.0,12,21,HARD,7.0
1241,9560,5,11.0,13,14,SOFT,3.0
1241,9560,4,81.0,13,16,HARD,8.0
1241,9560,3,14.0,13,24,MEDIUM,6.0
1241,9560,4,20.0,13,25,MEDIUM,0.0
1241,9560,4,24.0,13,26,MEDIUM,9.0
1241,9560,4,27.0,14,16,SOFT,3.0
1241,9560,4,31.0,14,16,SOFT,3.0
1241,9560,4,10.0,14,16,SOFT,3.0
1241,9560,4,77.0,15,17,SOFT,0.0
1241,9560,6,11.0,15,24,MEDIUM,8.0
1241,9560,3,18.0,16,26,SOFT,5.0
1241,9560,5,81.0,17,22,HARD,0.0
1241,9560,5,10.0,17,25,MEDIUM,9.0
1241,9560,5,31.0,17,26,MEDIUM,9.0
1241,9560,5,27.0,17,26,MEDIUM,0.0
1241,9560,5,77.0,18,26,MEDIUM,9.0
1241,9560,5,4.0,22,25,SOFT,3.0
1241,9561,1,4.0,1,2,HARD,0.0
1241,9561,1,14.0,1,2,MEDIUM,0.0
1241,9561,1,18.0,1,2,MEDIUM,0.0
1241,9561,1,24.0,1,2,MEDIUM,0.0
1241,9561,1,77.0,1,2,MEDIUM,0.0
1241,9561,1,81.0,1,2,HARD,0.0
1241,9561,1,2.0,1,4,SOFT,0.0
1241,9561,1,3.0,1,4,SOFT,0.0
1241,9561,1,10.0,1,4,SOFT,0.0
1241,9561,1,11.0,1,4,HARD,0.0
1241,9561,1,20.0,1,4,SOFT,0.0
1241,9561,1,22.0,1,4,SOFT,0.0
1241,9561,1,23.0,1,4,SOFT,0.0
1241,9561,1,27.0,1,4,SOFT,0.0
1241,9561,1,31.0,1,4,SOFT,0.0
1241,9561,1,44.0,1,4,SOFT,0.0
1241,9561,1,55.0,1,4,SOFT,0.0
1241,9561,1,63.0,1,4,SOFT,0.0
1241,9561,1,16.0,1,5,SOFT,0.0
1241,9561,1,1.0,1,6,HARD,0.0
1241,9561,2,18.0,3,3,HARD,0.0
1241,9561,2,14.0,3,3,HARD,0.0
1241,9561,2,81.0,3,3,MEDIUM,0.0
1241,9561,2,4.0,3,3,MEDIUM,0.0
1241,9561,2,77.0,3,5,SOFT,0.0
1241,9561,2,24.0,3,5,SOFT,0.0
1241,9561,3,4.0,4,6,SOFT,0.0
1241,9561,3,81.0,4,6,SOFT,0.0
1241,9561,3,18.0,4,9,MEDIUM,0.0
1241,9561,3,14.0,4,9,MEDIUM,0.0
1241,9561,2,11.0,5,7,HARD,3.0
1241,9561,2,31.0,5,7,SOFT,3.0
1241,9561,2,10.0,5,7,SOFT,3.0
1241,9561,2,55.0,5,7,SOFT,3.0
1241,9561,2,27.0,5,7,SOFT,3.0
1241,9561,2,20.0,5,7,SOFT,3.0
1241,9561,2,63.0,5,7,SOFT,3.0
1241,9561,2,44.0,5,7,SOFT,3.0
1241,9561,2,2.0,5,7,SOFT,3.0
1241,9561,2,23.0,5,7,SOFT,3.0
1241,9561,2,3.0,5,7,SOFT,3.0
1241,9561,2,22.0,5,8,SOFT,3.0
1241,9561,3,77.0,6,8,SOFT,0.0
1241,9561,3,24.0,6,8,SOFT,0.0
1241,9561,2,16.0,6,8,SOFT,4.0
1241,9561,2,1.0,7,9,HARD,5.0
1241,9561,4,4.0,7,9,SOFT,3.0
1241,9561,4,81.0,7,9,SOFT,3.0
1241,9561,3,10.0,7,9,SOFT,0.0
1241,9561,3,27.0,8,9,SOFT,0.0
1241,9561,3,23.0,8,9,SOFT,6.0
1241,9561,3,3.0,8,9,SOFT,6.0
1241,9561,3,31.0,8,10,SOFT,6.0
1241,9561,3,20.0,8,10,SOFT,6.0
1241,9561,3,55.0,8,10,SOFT,6.0
1241,9561,3,63.0,8,10,SOFT,0.0
1241,9561,3,44.0,8,10,SOFT,0.0
1241,9561,3,2.0,8,10,SOFT,0.0
1241,9561,3,11.0,8,19,HARD,6.0
1241,9561,3,22.0,9,10,SOFT,7.0
1241,9561,4,77.0,9,11,SOFT,6.0
1241,9561,4,24.0,9,11,SOFT,6.0
1241,9561,3,16.0,9,11,SOFT,7.0
1241,9561,4,23.0,9,11,SOFT,0.0
1241,9561,4,27.0,9,11,SOFT,0.0
1241,9561,4,3.0,9,11,SOFT,0.0
1241,9561,4,22.0,10,11,SOFT,8.0
1241,9561,4,10.0,10,11,SOFT,3.0
1241,9561,5,4.0,10,12,SOFT,0.0
1241,9561,5,81.0,10,12,SOFT,0.0
1241,9561,4,14.0,10,14,MEDIUM,6.0
1241,9561,4,18.0,10,15,MEDIUM,6.0
1241,9561,3,1.0,10,21,HARD,8.0
1241,9561,4,20.0,11,11,SOFT,0.0
1241,9561,4,55.0,11,13,SOFT,0.0
1241,9561,5,22.0,11,13,SOFT,0.0
1241,9561,4,63.0,11,13,SOFT,3.0
1241,9561,4,44.0,11,13,SOFT,3.0
1241,9561,4,2.0,11,13,SOFT,3.0
1241,9561,4,31.0,11,17,SOFT,0.0
1241,9561,5,20.0,12,13,SOFT,0.0
1241,9561,5,27.0,12,13,SOFT,3.0
1241,9561,5,3.0,12,13,SOFT,3.0
1241,9561,5,77.0,12,14,SOFT,0.0
1241,9561,5,24.0,12,14,SOFT,0.0
1241,9561,4,16.0,12,14,SOFT,0.0
1241,9561,5,23.0,12,14,SOFT,3.0
1241,9561,5,10.0,12,16,SOFT,5.0
1241,9561,6,81.0,13,13,SOFT,3.0
1241,9561,5,44.0,13,15,SOFT,6.0
1241,9561,6,4.0,13,16,SOFT,3.0
1241,9561,6,22.0,14,14,SOFT,3.0
1241,9561,6,27.0,14,16,SOFT,7.0
1241,9561,5,2.0,14,16,SOFT,6.0
1241,9561,6,3.0,14,16,SOFT,5.0
1241,9561,5,63.0,14,16,SOFT,6.0
1241,9561,5,55.0,14,17,SOFT,3.0
1241,9561,6,20.0,14,18,SOFT,2.0
1241,9561,7,81.0,14,18,SOFT,4.0
1241,9561,5,14.0,15,16,MEDIUM,11.0
1241,9561,6,24.0,15,16,SOFT,3.0
1241,9561,7,22.0,15,17,SOFT,9.0
1241,9561,6,23.0,15,17,SOFT,7.0
1241,9561,5,16.0,15,18,SOFT,3.0
1241,9561,6,77.0,15,21,SOFT,3.0
1241,9561,5,18.0,16,17,MEDIUM,12.0
1241,9561,7,4.0,16,18,SOFT,6.0
1241,9561,6,14.0,16,22,SOFT,0.0
1241,9561,6,18.0,17,23,SOFT,0.0
1241,9561,4,11.0,20,22,SOFT,0.0
1241,9561,4,1.0,22,24,SOFT,0.0
1241,9561,5,11.0,23,26,SOFT,3.0
1241,9561,5,1.0,25,28,SOFT,3.0
1241,9562,1,10.0,1,3,SOFT,0.0
1241,9562,1,31.0,1,4,SOFT,0.0
1241,9562,1,63.0,1,6,SOFT,0.0
1241,9562,1,23.0,1,6,SOFT,0.0
1241,9562,1,27.0,1,6,SOFT,0.0
1241,9562,1,44.0,1,6,SOFT,0.0
1241,9562,1,77.0,1,6,SOFT,0.0
1241,9562,1,18.0,1,6,SOFT,0.0
1241,9562,1,2.0,1,6,SOFT,0.0
1241,9562,1,20.0,1,6,SOFT,0.0
1241,9562,1,1.0,1,7,SOFT,0.0
1241,9562,1,55.0,1,7,SOFT,0.0
1241,9562,1,3.0,1,7,SOFT,0.0
1241,9562,1,22.0,1,7,SOFT,0.0
1241,9562,1,11.0,1,7,SOFT,0.0
1241,9562,1,14.0,1,7,SOFT,0.0
1241,9562,1,24.0,1,7,SOFT,0.0
1241,9562,1,4.0,1,8,SOFT,0.0
1241,9562,1,81.0,1,8,SOFT,0.0
1241,9562,1,16.0,1,9,SOFT,0.0
1241,9562,2,10.0,4,6,SOFT,0.0
1241,9562,2,31.0,5,7,SOFT,0.0
1241,9562,2,2.0,6,9,SOFT,0.0
1241,9562,2,27.0,7,8,SOFT,0.0
1241,9562,2,18.0,7,8,SOFT,0.0
1241,9562,2,77.0,7,8,SOFT,0.0
1241,9562,2,20.0,7,8,SOFT,0.0
1241,9562,2,63.0,7,10,SOFT,0.0
1241,9562,2,44.0,7,10,SOFT,0.0
1241,9562,2,23.0,7,12,SOFT,0.0
1241,9562,2,14.0,8,9,SOFT,0.0
1241,9562,2,3.0,8,10,SOFT,0.0
1241,9562,2,1.0,8,11,SOFT,6.0
1241,9562,2,22.0,8,11,SOFT,0.0
1241,9562,3,20.0,8,11,SOFT,0.0
1241,9562,2,55.0,8,12,SOFT,6.0
1241,9562,2,24.0,8,13,SOFT,0.0
1241,9562,2,81.0,9,10,SOFT,0.0
1241,9562,2,4.0,9,11,SOFT,0.0
1241,9562,3,14.0,9,11,SOFT,0.0
1241,9562,3,2.0,9,11,SOFT,3.0
1241,9562,2,16.0,9,12,SOFT,7.0
1241,9562,3,18.0,9,12,SOFT,0.0
1241,9562,3,27.0,9,12,SOFT,0.0
1241,9562,3,77.0,9,15,SOFT,2.0
1241,9562,3,81.0,10,12,SOFT,1.0
1241,9562,3,1.0,11,13,SOFT,0.0
1241,9562,4,20.0,11,13,SOFT,3.0
1241,9562,3,22.0,11,13,SOFT,6.0
1241,9562,3,44.0,11,14,SOFT,9.0
1241,9562,3,4.0,11,14,SOFT,2.0
1241,9562,3,3.0,11,14,SOFT,0.0
1241,9562,3,55.0,12,14,SOFT,10.0
1241,9562,4,27.0,12,14,SOFT,5.0
1241,9562,4,18.0,12,14,SOFT,2.0
1241,9562,3,23.0,12,14,SOFT,5.0
1241,9562,3,16.0,12,14,SOFT,0.0
1241,9562,4,2.0,12,14,SOFT,0.0
1241,9562,4,14.0,12,15,SOFT,0.0
1241,9562,4,81.0,13,15,SOFT,4.0
1241,9562,4,4.0,14,16,SOFT,0.0
1241,9562,5,20.0,14,16,SOFT,1.0
1241,9562,4,3.0,14,16,SOFT,3.0
1241,9562,4,44.0,14,17,SOFT,0.0
1241,9562,4,22.0,14,17,SOFT,0.0
1241,9562,4,1.0,14,17,SOFT,3.0
1241,9562,4,77.0,15,17,SOFT,5.0
1241,9562,4,55.0,15,17,SOFT,0.0
1241,9562,5,18.0,15,17,SOFT,0.0
1241,9562,4,23.0,15,17,SOFT,0.0
1241,9562,5,27.0,15,17,SOFT,2.0
1241,9562,5,81.0,15,17,SOFT,0.0
1241,9562,5,14.0,15,17,SOFT,1.0
1241,9562,4,16.0,15,18,SOFT,0.0
1241,9562,5,3.0,17,18,SOFT,0.0
1241,9562,5,1.0,17,19,SOFT,0.0
1241,9562,5,44.0,17,19,SOFT,0.0
1241,9562,5,22.0,17,19,SOFT,3.0
1241,9562,5,4.0,17,19,SOFT,0.0
1241,9562,6,14.0,18,19,SOFT,0.0
1241,9562,5,55.0,18,20,SOFT,3.0
1241,9562,5,77.0,18,20,SOFT,0.0
1241,9562,6,18.0,18,20,SOFT,0.0
1241,9562,6,81.0,18,20,SOFT,0.0
1241,9562,5,16.0,18,21,SOFT,0.0
1241,9562,6,3.0,19,21,SOFT,0.0
1241,9562,6,22.0,20,21,SOFT,0.0
1241,9562,6,4.0,20,21,SOFT,3.0
1241,9562,6,1.0,20,22,SOFT,0.0
1241,9562,6,44.0,20,23,SOFT,0.0
1241,9562,7,18.0,21,22,SOFT,3.0
1241,9562,6,16.0,21,22,SOFT,3.0
1241,9562,7,81.0,21,22,SOFT,0.0
1241,9562,6,55.0,21,23,SOFT,0.0
1241,9562,7,4.0,22,23,SOFT,5.0
1241,9562,8,18.0,22,23,SOFT,3.0
1241,9562,7,16.0,22,23,SOFT,4.0
1241,9562,7,44.0,23,25,SOFT,0.0
1241,9562,7,55.0,24,27,SOFT,0.0
1241,9562,8,55.0,27,27,SOFT,3.0
1241,9566,1,27.0,1,2,MEDIUM,0.0
1241,9566,1,23.0,1,6,SOFT,0.0
1241,9566,1,20.0,1,6,SOFT,0.0
1241,9566,1,31.0,1,6,MEDIUM,0.0
1241,9566,1,14.0,1,7,SOFT,2.0
1241,9566,1,3.0,1,7,MEDIUM,0.0
1241,9566,1,24.0,1,7,MEDIUM,1.0
1241,9566,1,2.0,1,8,MEDIUM,0.0
1241,9566,1,18.0,1,14,SOFT,3.0
1241,9566,1,44.0,1,16,MEDIUM,0.0
1241,9566,1,77.0,1,16,MEDIUM,1.0
1241,9566,1,4.0,1,17,MEDIUM,0.0
1241,9566,1,81.0,1,18,MEDIUM,0.0
1241,9566,1,1.0,1,21,MEDIUM,0.0
1241,9566,1,55.0,1,21,MEDIUM,0.0
1241,9566,1,16.0,1,23,MEDIUM,0.0
1241,9566,1,11.0,1,28,HARD,0.0
1241,9566,1,10.0,1,28,HARD,0.0
1241,9566,1,22.0,1,29,MEDIUM,0.0
1241,9566,1,63.0,1,33,HARD,0.0
1241,9566,2,27.0,3,29,HARD,0.0
1241,9566,2,23.0,7,29,HARD,0.0
1241,9566,2,31.0,7,30,HARD,0.0
1241,9566,2,20.0,7,34,HARD,0.0
1241,9566,2,3.0,8,28,HARD,0.0
1241,9566,2,24.0,8,36,HARD,0.0
1241,9566,2,14.0,8,37,MEDIUM,1.0
1241,9566,2,2.0,9,33,HARD,0.0
1241,9566,2,18.0,15,45,MEDIUM,1.0
1241,9566,2,44.0,17,41,HARD,0.0
1241,9566,2,77.0,17,45,HARD,0.0
1241,9566,2,4.0,18,45,HARD,1.0
1241,9566,2,81.0,19,47,HARD,1.0
1241,9566,2,55.0,22,47,HARD,0.0
1241,9566,2,1.0,22,49,HARD,0.0
1241,9566,2,16.0,24,41,HARD,0.0
1241,9566,2,10.0,29,34,MEDIUM,0.0
1241,9566,2,11.0,29,47,MEDIUM,0.0
1241,9566,3,3.0,29,70,HARD,0.0
1241,9566,3,23.0,30,69,HARD,0.0
1241,9566,3,27.0,30,70,HARD,0.0
1241,9566,2,22.0,30,71,HARD,0.0
1241,9566,3,31.0,31,64,HARD,0.0
1241,9566,2,63.0,34,53,MEDIUM,0.0
1241,9566,3,2.0,34,63,HARD,0.0
1241,9566,3,20.0,35,70,HARD,0.0
1241,9566,3,24.0,37,70,HARD,0.0
1241,9566,3,14.0,38,71,HARD,1.0
1241,9566,3,44.0,41,71,HARD,0.0
1241,9566,3,16.0,41,71,MEDIUM,0.0
1241,9566,3,77.0,46,70,HARD,0.0
1241,9566,3,4.0,46,71,MEDIUM,1.0
1241,9566,3,18.0,46,71,HARD,1.0
1241,9566,3,81.0,48,71,MEDIUM,1.0
1241,9566,3,55.0,48,71,MEDIUM,0.0
1241,9566,3,11.0,48,71,MEDIUM,0.0
1241,9566,3,1.0,50,71,MEDIUM,0.0
1241,9566,3,63.0,54,71,HARD,0.0
1241,9566,4,2.0,64,70,SOFT,0.0
1241,9566,4,31.0,65,70,SOFT,0.0
1242,9567,1,22.0,1,2,HARD,0.0
1242,9567,1,31.0,1,2,MEDIUM,0.0
1242,9567,1,63.0,1,3,MEDIUM,0.0
1242,9567,1,2.0,1,7,HARD,0.0
1242,9567,1,27.0,1,7,MEDIUM,0.0
1242,9567,1,44.0,1,7,MEDIUM,0.0
1242,9567,1,1.0,1,8,HARD,0.0
1242,9567,1,4.0,1,8,MEDIUM,0.0
1242,9567,1,11.0,1,8,HARD,0.0
1242,9567,1,20.0,1,8,HARD,0.0
1242,9567,1,77.0,1,8,HARD,0.0
1242,9567,1,81.0,1,8,MEDIUM,0.0
1242,9567,1,3.0,1,9,HARD,0.0
1242,9567,1,14.0,1,9,HARD,0.0
1242,9567,1,18.0,1,9,HARD,0.0
1242,9567,1,23.0,1,9,HARD,0.0
1242,9567,1,24.0,1,10,MEDIUM,0.0
1242,9567,1,55.0,1,10,MEDIUM,0.0
1242,9567,1,10.0,1,11,MEDIUM,0.0
1242,9567,1,16.0,1,11,MEDIUM,0.0
1242,9567,2,22.0,3,10,HARD,0.0
1242,9567,2,63.0,4,8,MEDIUM,2.0
1242,9567,2,44.0,8,11,SOFT,0.0
1242,9567,2,27.0,8,11,SOFT,0.0
1242,9567,2,2.0,8,11,SOFT,0.0
1242,9567,3,63.0,9,11,SOFT,0.0
1242,9567,2,1.0,9,11,SOFT,0.0
1242,9567,2,4.0,9,13,SOFT,0.0
1242,9567,2,81.0,9,13,SOFT,0.0
1242,9567,2,11.0,9,13,SOFT,0.0
1242,9567,2,20.0,9,13,SOFT,0.0
1242,9567,2,77.0,9,14,HARD,0.0
1242,9567,2,23.0,10,12,SOFT,0.0
1242,9567,2,3.0,10,14,SOFT,0.0
1242,9567,2,18.0,10,14,SOFT,0.0
1242,9567,2,14.0,10,14,SOFT,0.0
1242,9567,3,22.0,11,15,SOFT,0.0
1242,9567,2,55.0,11,15,SOFT,0.0
1242,9567,2,24.0,11,16,MEDIUM,0.0
1242,9567,4,63.0,12,14,SOFT,3.0
1242,9567,2,16.0,12,15,MEDIUM,0.0
1242,9567,2,10.0,12,16,SOFT,0.0
1242,9567,3,44.0,12,16,MEDIUM,6.0
1242,9567,3,1.0,12,19,SOFT,3.0
1242,9567,3,27.0,12,20,MEDIUM,6.0
1242,9567,3,2.0,12,21,SOFT,4.0
1242,9567,3,23.0,13,22,SOFT,3.0
1242,9567,3,4.0,14,19,SOFT,5.0
1242,9567,3,20.0,14,20,SOFT,5.0
1242,9567,3,11.0,14,23,SOFT,5.0
1242,9567,3,81.0,14,25,MEDIUM,7.0
1242,9567,3,3.0,15,16,SOFT,0.0
1242,9567,3,14.0,15,20,SOFT,5.0
1242,9567,3,18.0,15,21,HARD,8.0
1242,9567,3,77.0,15,22,HARD,7.0
1242,9567,5,63.0,15,24,MEDIUM,7.0
1242,9567,4,3.0,16,16,HARD,0.0
1242,9567,4,22.0,16,24,HARD,8.0
1242,9567,3,55.0,16,25,SOFT,5.0
1242,9567,3,16.0,16,26,MEDIUM,10.0
1242,9567,4,44.0,17,22,MEDIUM,11.0
1242,9567,3,10.0,17,23,MEDIUM,10.0
1242,9567,3,24.0,17,24,MEDIUM,9.0
1242,9567,5,3.0,17,24,SOFT,0.0
1242,9567,4,1.0,20,24,HARD,7.0
1242,9567,4,4.0,20,25,MEDIUM,7.0
1242,9568,1,22.0,1,3,MEDIUM,0.0
1242,9568,1,1.0,1,4,MEDIUM,0.0
1242,9568,1,4.0,1,4,SOFT,0.0
1242,9568,1,11.0,1,4,MEDIUM,0.0
1242,9568,1,81.0,1,4,MEDIUM,0.0
1242,9568,1,10.0,1,5,MEDIUM,0.0
1242,9568,1,16.0,1,5,SOFT,0.0
1242,9568,1,27.0,1,5,HARD,0.0
1242,9568,1,20.0,1,6,MEDIUM,0.0
1242,9568,1,23.0,1,6,MEDIUM,0.0
1242,9568,1,55.0,1,6,MEDIUM,0.0
1242,9568,1,63.0,1,6,MEDIUM,0.0
1242,9568,1,2.0,1,7,MEDIUM,0.0
1242,9568,1,3.0,1,7,MEDIUM,0.0
1242,9568,1,18.0,1,7,MEDIUM,0.0
1242,9568,1,77.0,1,7,MEDIUM,0.0
1242,9568,1,14.0,1,8,MEDIUM,0.0
1242,9568,1,24.0,1,8,HARD,0.0
1242,9568,1,31.0,1,8,MEDIUM,0.0
1242,9568,1,44.0,1,9,SOFT,0.0
1242,9568,2,22.0,4,8,MEDIUM,2.0
1242,9568,2,1.0,5,7,MEDIUM,3.0
1242,9568,2,11.0,5,7,MEDIUM,3.0
1242,9568,2,4.0,5,7,SOFT,3.0
1242,9568,2,81.0,5,7,SOFT,0.0
1242,9568,2,16.0,6,7,SOFT,4.0
1242,9568,2,10.0,6,10,MEDIUM,4.0
1242,9568,2,27.0,6,10,SOFT,0.0
1242,9568,2,55.0,7,9,SOFT,0.0
1242,9568,2,23.0,7,9,SOFT,0.0
1242,9568,2,63.0,7,11,SOFT,0.0
1242,9568,2,20.0,7,11,SOFT,0.0
1242,9568,3,1.0,8,10,SOFT,0.0
1242,9568,2,2.0,8,10,SOFT,0.0
1242,9568,3,11.0,8,10,SOFT,0.0
1242,9568,3,16.0,8,10,SOFT,0.0
1242,9568,3,4.0,8,10,SOFT,0.0
1242,9568,2,3.0,8,11,SOFT,0.0
1242,9568,2,18.0,8,12,SOFT,0.0
1242,9568,2,77.0,8,13,SOFT,0.0
1242,9568,3,81.0,8,17,MEDIUM,3.0
1242,9568,3,22.0,9,12,SOFT,0.0
1242,9568,2,31.0,9,12,SOFT,0.0
1242,9568,2,24.0,9,13,SOFT,0.0
1242,9568,2,14.0,9,15,SOFT,0.0
1242,9568,3,10.0,10,10,MEDIUM,8.0
1242,9568,3,55.0,10,11,SOFT,3.0
1242,9568,3,23.0,10,12,SOFT,3.0
1242,9568,2,44.0,10,14,SOFT,0.0
1242,9568,4,4.0,11,12,SOFT,3.0
1242,9568,4,10.0,11,13,SOFT,0.0
1242,9568,3,2.0,11,17,SOFT,0.0
1242,9568,4,16.0,11,19,SOFT,3.0
1242,9568,4,1.0,11,20,MEDIUM,6.0
1242,9568,3,27.0,11,22,HARD,4.0
1242,9568,4,11.0,11,25,MEDIUM,6.0
1242,9568,3,3.0,12,12,MEDIUM,6.0
1242,9568,4,55.0,12,22,MEDIUM,5.0
1242,9568,3,20.0,12,22,SOFT,5.0
1242,9568,3,18.0,12,22,MEDIUM,6.0
1242,9568,3,63.0,12,25,MEDIUM,5.0
1242,9568,4,3.0,13,19,SOFT,4.0
1242,9568,5,4.0,13,20,SOFT,6.0
1242,9568,3,31.0,13,24,MEDIUM,7.0
1242,9568,4,23.0,13,24,MEDIUM,5.0
1242,9568,4,22.0,13,25,MEDIUM,7.0
1242,9568,5,10.0,14,15,SOFT,3.0
1242,9568,3,24.0,14,24,SOFT,5.0
1242,9568,3,77.0,14,25,MEDIUM,6.0
1242,9568,3,44.0,15,26,SOFT,5.0
1242,9568,6,10.0,16,21,MEDIUM,9.0
1242,9568,3,14.0,16,25,MEDIUM,7.0
1242,9568,4,81.0,18,24,SOFT,0.0
1242,9568,4,2.0,18,25,MEDIUM,6.0
1242,9568,5,3.0,20,22,MEDIUM,7.0
1242,9568,5,16.0,20,24,SOFT,6.0
1242,9568,5,1.0,21,27,SOFT,3.0
1242,9568,7,10.0,22,25,MEDIUM,15.0
1242,9568,5,55.0,23,26,SOFT,5.0
1242,9569,1,24.0,1,2,WET,0.0
1242,9569,1,77.0,1,2,WET,0.0
1242,9569,1,55.0,1,3,WET,0.0
1242,9569,1,63.0,1,3,INTERMEDIATE,0.0
1242,9569,1,2.0,1,4,INTERMEDIATE,0.0
1242,9569,1,11.0,1,4,INTERMEDIATE,0.0
1242,9569,1,23.0,1,4,INTERMEDIATE,0.0
1242,9569,1,44.0,1,4,INTERMEDIATE,0.0
1242,9569,1,1.0,1,5,INTERMEDIATE,0.0
1242,9569,1,3.0,1,5,INTERMEDIATE,0.0
1242,9569,1,4.0,1,5,INTERMEDIATE,0.0
1242,9569,1,14.0,1,5,INTERMEDIATE,0.0
1242,9569,1,16.0,1,5,INTERMEDIATE,0.0
1242,9569,1,18.0,1,5,INTERMEDIATE,0.0
1242,9569,1,20.0,1,5,WET,0.0
1242,9569,1,27.0,1,5,INTERMEDIATE,0.0
1242,9569,1,81.0,1,5,INTERMEDIATE,0.0
1242,9569,1,10.0,1,6,INTERMEDIATE,0.0
1242,9569,1,31.0,1,6,INTERMEDIATE,0.0
1242,9569,1,22.0,1,7,INTERMEDIATE,0.0
1242,9569,2,77.0,3,7,INTERMEDIATE,0.0
1242,9569,2,24.0,3,7,INTERMEDIATE,0.0
1242,9569,2,27.0,5,6,WET,0.0
1242,9569,2,3.0,6,6,WET,0.0
1242,9569,3,77.0,7,8,WET,1.0
1242,9569,2,31.0,7,8,INTERMEDIATE,5.0
1242,9569,3,24.0,7,8,WET,1.0
1242,9569,2,22.0,7,8,WET,0.0
1242,9570,1,10.0,1,5,INTERMEDIATE,0.0
1242,9570,1,31.0,1,5,INTERMEDIATE,0.0
1242,9570,1,23.0,1,5,INTERMEDIATE,0.0
1242,9570,1,14.0,1,5,INTERMEDIATE,0.0
1242,9570,1,2.0,1,5,INTERMEDIATE,0.0
1242,9570,1,20.0,1,5,INTERMEDIATE,0.0
1242,9570,1,16.0,1,6,INTERMEDIATE,0.0
1242,9570,1,18.0,1,6,INTERMEDIATE,0.0
1242,9570,1,77.0,1,6,INTERMEDIATE,0.0
1242,9570,1,3.0,1,6,INTERMEDIATE,0.0
1242,9570,1,22.0,1,6,INTERMEDIATE,0.0
1242,9570,1,63.0,1,6,INTERMEDIATE,0.0
1242,9570,1,81.0,1,7,INTERMEDIATE,0.0
1242,9570,1,4.0,1,7,INTERMEDIATE,0.0
1242,9570,1,44.0,1,7,INTERMEDIATE,0.0
1242,9570,1,11.0,1,7,INTERMEDIATE,0.0
1242,9570,1,27.0,1,7,INTERMEDIATE,0.0
1242,9570,1,24.0,1,7,INTERMEDIATE,0.0
1242,9570,1,55.0,1,7,INTERMEDIATE,0.0
1242,9570,1,1.0,1,10,INTERMEDIATE,0.0
1242,9570,2,2.0,6,9,INTERMEDIATE,0.0
1242,9570,2,20.0,6,10,INTERMEDIATE,0.0
1242,9570,2,14.0,6,11,INTERMEDIATE,0.0
1242,9570,2,18.0,6,11,INTERMEDIATE,0.0
1242,9570,2,10.0,6,11,INTERMEDIATE,0.0
1242,9570,2,31.0,6,11,INTERMEDIATE,0.0
1242,9570,2,23.0,6,11,INTERMEDIATE,0.0
1242,9570,2,63.0,7,9,INTERMEDIATE,0.0
1242,9570,2,3.0,7,9,INTERMEDIATE,0.0
1242,9570,2,22.0,7,9,INTERMEDIATE,0.0
1242,9570,2,77.0,7,10,INTERMEDIATE,0.0
1242,9570,2,16.0,7,10,INTERMEDIATE,0.0
1242,9570,2,4.0,7,11,INTERMEDIATE,0.0
1242,9570,2,27.0,8,10,INTERMEDIATE,0.0
1242,9570,2,11.0,8,10,INTERMEDIATE,0.0
1242,9570,2,24.0,8,10,INTERMEDIATE,0.0
1242,9570,2,44.0,8,10,INTERMEDIATE,0.0
1242,9570,2,81.0,8,11,INTERMEDIATE,0.0
1242,9570,2,55.0,8,11,INTERMEDIATE,0.0
1242,9570,3,63.0,10,12,INTERMEDIATE,3.0
1242,9570,3,16.0,10,12,INTERMEDIATE,3.0
1242,9570,3,44.0,10,12,INTERMEDIATE,2.0
1242,9570,3,3.0,10,12,INTERMEDIATE,0.0
1242,9570,2,1.0,10,17,INTERMEDIATE,0.0
1242,9570,3,55.0,11,13,INTERMEDIATE,3.0
1242,9570,3,81.0,11,13,INTERMEDIATE,3.0
1242,9570,3,77.0,11,14,INTERMEDIATE,0.0
1242,9570,3,18.0,11,14,INTERMEDIATE,0.0
1242,9570,3,11.0,11,14,INTERMEDIATE,0.0
1242,9570,3,23.0,11,15,INTERMEDIATE,0.0
1242,9570,3,31.0,11,15,INTERMEDIATE,0.0
1242,9570,3,10.0,11,15,INTERMEDIATE,0.0
1242,9570,3,14.0,11,15,INTERMEDIATE,0.0
1242,9570,3,4.0,12,14,INTERMEDIATE,5.0
1242,9570,4,3.0,13,15,INTERMEDIATE,0.0
1242,9570,4,63.0,13,18,INTERMEDIATE,0.0
1242,9570,4,16.0,13,18,INTERMEDIATE,0.0
1242,9570,4,44.0,13,18,INTERMEDIATE,0.0
1242,9570,4,81.0,14,18,INTERMEDIATE,0.0
1242,9570,4,55.0,14,19,INTERMEDIATE,0.0
1242,9570,4,23.0,15,17,INTERMEDIATE,0.0
1242,9570,4,77.0,15,18,INTERMEDIATE,0.0
1242,9570,4,18.0,15,18,INTERMEDIATE,0.0
1242,9570,4,11.0,15,18,INTERMEDIATE,0.0
1242,9570,4,4.0,15,20,INTERMEDIATE,0.0
1242,9570,4,31.0,16,18,INTERMEDIATE,0.0
1242,9570,4,10.0,16,18,INTERMEDIATE,0.0
1242,9570,4,14.0,16,19,INTERMEDIATE,0.0
1242,9570,3,1.0,17,19,INTERMEDIATE,0.0
1242,9570,5,16.0,18,20,INTERMEDIATE,5.0
1242,9570,5,11.0,18,20,INTERMEDIATE,3.0
1242,9570,5,44.0,18,23,INTERMEDIATE,0.0
1242,9570,5,63.0,18,23,INTERMEDIATE,0.0
1242,9570,5,81.0,18,24,INTERMEDIATE,0.0
1242,9570,5,31.0,19,21,INTERMEDIATE,0.0
1242,9570,5,14.0,19,21,INTERMEDIATE,4.0
1242,9570,5,55.0,19,21,INTERMEDIATE,5.0
1242,9570,4,1.0,20,22,INTERMEDIATE,0.0
1242,9570,5,4.0,20,25,INTERMEDIATE,0.0
1242,9570,6,11.0,21,22,INTERMEDIATE,4.0
1242,9570,6,16.0,21,23,INTERMEDIATE,0.0
1242,9570,6,31.0,22,24,INTERMEDIATE,3.0
1242,9570,6,55.0,22,24,INTERMEDIATE,0.0
1242,9570,6,14.0,22,24,INTERMEDIATE,3.0
1242,9574,1,24.0,1,6,HARD,0.0
1242,9574,1,27.0,1,7,MEDIUM,0.0
1242,9574,1,23.0,1,8,MEDIUM,0.0
1242,9574,1,3.0,1,8,SOFT,0.0
1242,9574,1,2.0,1,8,MEDIUM,0.0
1242,9574,1,10.0,1,9,MEDIUM,0.0
1242,9574,1,63.0,1,10,MEDIUM,0.0
1242,9574,1,1.0,1,10,MEDIUM,0.0
1242,9574,1,11.0,1,11,MEDIUM,0.0
1242,9574,1,44.0,1,11,MEDIUM,0.0
1242,9574,1,81.0,1,11,MEDIUM,0.0
1242,9574,1,77.0,1,11,MEDIUM,0.0
1242,9574,1,16.0,1,12,MEDIUM,0.0
1242,9574,1,31.0,1,12,MEDIUM,0.0
1242,9574,1,18.0,1,12,MEDIUM,0.0
1242,9574,1,14.0,1,13,MEDIUM,0.0
1242,9574,1,4.0,1,15,MEDIUM,0.0
1242,9574,1,22.0,1,15,MEDIUM,0.0
1242,9574,1,20.0,1,17,MEDIUM,0.0
1242,9574,1,55.0,1,20,HARD,0.0
1242,9574,2,27.0,8,20,HARD,0.0
1242,9574,2,3.0,9,21,MEDIUM,0.0
1242,9574,2,23.0,9,23,MEDIUM,0.0
1242,9574,2,2.0,9,24,MEDIUM,0.0
1242,9574,2,10.0,10,28,HARD,0.0
1242,9574,2,1.0,11,28,HARD,0.0
1242,9574,2,63.0,11,44,HARD,0.0
1242,9574,2,11.0,12,21,MEDIUM,0.0
1242,9574,2,44.0,12,26,HARD,0.0
1242,9574,2,81.0,12,30,HARD,0.0
1242,9574,2,77.0,12,35,HARD,0.0
1242,9574,2,16.0,13,25,HARD,0.0
1242,9574,2,31.0,13,31,HARD,0.0
1242,9574,2,18.0,13,42,HARD,0.0
1242,9574,2,14.0,14,43,HARD,0.0
1242,9574,2,4.0,16,29,HARD,0.0
1242,9574,2,22.0,16,43,HARD,1.0
1242,9574,2,20.0,18,43,HARD,0.0
1242,9574,2,55.0,21,28,MEDIUM,0.0
1242,9574,3,27.0,21,44,MEDIUM,0.0
1242,9574,3,11.0,22,42,HARD,0.0
1242,9574,3,3.0,22,43,HARD,1.0
1242,9574,3,23.0,24,43,HARD,0.0
1242,9574,3,2.0,25,44,HARD,0.0
1242,9574,3,16.0,26,44,HARD,0.0
1242,9574,3,44.0,27,44,HARD,0.0
1242,9574,3,10.0,29,43,HARD,0.0
1242,9574,3,1.0,29,44,MEDIUM,0.0
1242,9574,3,55.0,29,44,HARD,0.0
1242,9574,3,4.0,30,44,HARD,0.0
1242,9574,3,81.0,31,44,HARD,0.0
1242,9574,3,31.0,31,44,HARD,0.0
1242,9574,3,77.0,36,43,MEDIUM,0.0
1242,9574,3,18.0,43,42,MEDIUM,0.0
1242,9574,4,11.0,43,44,SOFT,0.0
1242,9574,3,14.0,44,43,MEDIUM,0.0
1242,9574,4,3.0,44,43,SOFT,0.0
1242,9574,3,22.0,44,43,SOFT,0.0
1243,9575,1,24.0,1,2,WET,0.0
1243,9575,1,4.0,1,2,WET,0.0
1243,9575,1,55.0,1,2,WET,0.0
1243,9575,1,97.0,1,2,WET,0.0
1243,9575,1,27.0,1,2,WET,0.0
1243,9575,1,16.0,1,2,WET,0.0
1243,9575,1,20.0,1,2,WET,0.0
1243,9575,1,2.0,1,2,WET,0.0
1243,9575,1,23.0,1,3,WET,0.0
1243,9575,1,22.0,1,3,WET,0.0
1243,9575,1,10.0,1,3,WET,0.0
1243,9575,1,3.0,1,3,WET,0.0
1243,9575,1,18.0,1,3,WET,0.0
1243,9575,1,81.0,1,3,WET,0.0
1243,9575,1,11.0,1,3,WET,0.0
1243,9575,1,14.0,1,3,WET,0.0
1243,9575,1,1.0,1,5,INTERMEDIATE,0.0
1243,9575,1,44.0,1,5,INTERMEDIATE,0.0
1243,9575,1,63.0,1,5,WET,0.0
1243,9575,1,31.0,1,9,INTERMEDIATE,0.0
1243,9575,2,20.0,3,3,WET,0.0
1243,9575,2,55.0,3,4,WET,1.0
1243,9575,2,4.0,3,4,WET,1.0
1243,9575,2,23.0,3,4,WET,1.0
1243,9575,2,2.0,3,4,WET,1.0
1243,9575,2,16.0,3,6,WET,1.0
1243,9575,2,97.0,3,6,WET,1.0
1243,9575,2,24.0,3,6,WET,1.0
1243,9575,2,27.0,3,7,WET,1.0
1243,9575,2,22.0,3,7,INTERMEDIATE,0.0
1243,9575,3,20.0,4,5,WET,2.0
1243,9575,2,81.0,4,5,INTERMEDIATE,0.0
1243,9575,2,11.0,4,5,INTERMEDIATE,0.0
1243,9575,2,10.0,4,6,INTERMEDIATE,0.0
1243,9575,3,2.0,4,6,INTERMEDIATE,0.0
1243,9575,2,14.0,4,6,INTERMEDIATE,0.0
1243,9575,2,18.0,4,6,INTERMEDIATE,0.0
1243,9575,3,23.0,4,7,INTERMEDIATE,0.0
1243,9575,3,55.0,4,7,INTERMEDIATE,0.0
1243,9575,2,3.0,4,8,INTERMEDIATE,0.0
1243,9575,3,4.0,5,7,INTERMEDIATE,0.0
1243,9575,4,20.0,5,8,INTERMEDIATE,0.0
1243,9575,3,81.0,5,15,SOFT,0.0
1243,9575,2,63.0,6,8,INTERMEDIATE,0.0
1243,9575,3,11.0,6,13,SOFT,0.0
1243,9575,2,1.0,6,14,SOFT,0.0
1243,9575,2,44.0,6,14,SOFT,0.0
1243,9575,3,16.0,7,8,INTERMEDIATE,0.0
1243,9575,3,24.0,7,9,INTERMEDIATE,0.0
1243,9575,3,10.0,7,9,SOFT,0.0
1243,9575,3,97.0,7,10,INTERMEDIATE,0.0
1243,9575,4,2.0,7,13,SOFT,0.0
1243,9575,3,18.0,7,15,SOFT,0.0
1243,9575,4,23.0,7,15,SOFT,0.0
1243,9575,3,14.0,7,16,SOFT,0.0
1243,9575,3,27.0,8,10,INTERMEDIATE,0.0
1243,9575,4,16.0,8,10,MEDIUM,0.0
1243,9575,3,22.0,8,14,SOFT,0.0
1243,9575,4,55.0,8,16,MEDIUM,0.0
1243,9575,4,4.0,8,18,SOFT,0.0
1243,9575,3,3.0,9,16,SOFT,0.0
1243,9575,5,20.0,9,16,SOFT,0.0
1243,9575,3,63.0,9,18,SOFT,0.0
1243,9575,2,31.0,10,16,SOFT,0.0
1243,9575,4,24.0,10,16,SOFT,0.0
1243,9575,4,27.0,11,12,INTERMEDIATE,3.0
1243,9575,4,97.0,11,16,SOFT,0.0
1243,9575,5,16.0,11,16,MEDIUM,3.0
1243,9575,5,27.0,12,19,SOFT,0.0
1243,9576,1,63.0,1,3,MEDIUM,0.0
1243,9576,1,81.0,1,3,MEDIUM,0.0
1243,9576,1,44.0,1,4,MEDIUM,0.0
1243,9576,1,1.0,1,4,MEDIUM,0.0
1243,9576,1,11.0,1,5,MEDIUM,0.0
1243,9576,1,4.0,1,5,MEDIUM,0.0
1243,9576,1,27.0,1,6,MEDIUM,0.0
1243,9576,1,55.0,1,6,MEDIUM,0.0
1243,9576,1,16.0,1,7,MEDIUM,0.0
1243,9576,1,77.0,1,8,MEDIUM,0.0
1243,9576,1,2.0,1,8,MEDIUM,0.0
1243,9576,1,10.0,1,10,HARD,0.0
1243,9576,1,24.0,1,10,MEDIUM,0.0
1243,9576,1,22.0,1,10,HARD,0.0
1243,9576,1,31.0,1,10,MEDIUM,0.0
1243,9576,1,23.0,1,10,HARD,0.0
1243,9576,1,20.0,1,11,HARD,0.0
1243,9576,1,14.0,1,11,MEDIUM,0.0
1243,9576,1,18.0,1,11,MEDIUM,0.0
1243,9576,1,3.0,1,11,MEDIUM,0.0
1243,9576,2,81.0,3,9,MEDIUM,1.0
1243,9576,2,63.0,4,8,MEDIUM,2.0
1243,9576,2,1.0,5,7,MEDIUM,3.0
1243,9576,2,44.0,5,7,MEDIUM,3.0
1243,9576,2,11.0,5,10,MEDIUM,3.0
1243,9576,2,4.0,6,8,MEDIUM,4.0
1243,9576,2,55.0,7,8,MEDIUM,0.0
1243,9576,2,16.0,7,10,MEDIUM,5.0
1243,9576,2,27.0,7,11,MEDIUM,5.0
1243,9576,3,44.0,8,10,MEDIUM,6.0
1243,9576,3,1.0,8,10,SOFT,0.0
1243,9576,3,63.0,9,11,MEDIUM,7.0
1243,9576,3,4.0,9,13,SOFT,0.0
1243,9576,2,2.0,9,14,SOFT,0.0
1243,9576,2,77.0,9,16,SOFT,0.0
1243,9576,2,23.0,10,12,SOFT,0.0
1243,9576,3,81.0,10,14,SOFT,0.0
1243,9576,2,24.0,11,13,SOFT,0.0
1243,9576,4,44.0,11,14,SOFT,0.0
1243,9576,3,16.0,11,15,SOFT,0.0
1243,9576,3,11.0,11,16,SOFT,0.0
1243,9576,2,18.0,11,16,SOFT,0.0
1243,9576,2,20.0,11,16,SOFT,0.0
1243,9576,2,22.0,11,16,SOFT,0.0
1243,9576,2,31.0,11,16,SOFT,0.0
1243,9576,2,10.0,11,17,SOFT,0.0
1243,9576,4,1.0,11,21,MEDIUM,0.0
1243,9576,4,63.0,12,14,SOFT,0.0
1243,9576,2,3.0,12,16,SOFT,0.0
1243,9576,2,14.0,12,17,SOFT,0.0
1243,9576,3,23.0,13,15,SOFT,3.0
1243,9576,3,24.0,14,16,SOFT,3.0
1243,9576,5,44.0,14,21,MEDIUM,0.0
1243,9576,4,4.0,14,25,MEDIUM,7.0
1243,9576,3,2.0,15,18,SOFT,6.0
1243,9576,4,81.0,15,26,SOFT,5.0
1243,9576,5,63.0,15,28,SOFT,3.0
1243,9576,4,23.0,16,17,SOFT,6.0
1243,9576,4,11.0,16,30,MEDIUM,9.0
1243,9576,4,16.0,16,32,MEDIUM,0.0
1243,9576,4,24.0,17,18,SOFT,6.0
1243,9576,3,77.0,17,19,MEDIUM,0.0
1243,9576,3,18.0,17,28,SOFT,6.0
1243,9576,3,22.0,17,32,HARD,9.0
1243,9576,3,3.0,17,32,SOFT,0.0
1243,9576,3,20.0,17,34,SOFT,6.0
1243,9576,3,31.0,17,34,SOFT,6.0
1243,9576,3,14.0,18,28,SOFT,0.0
1243,9576,3,10.0,18,34,HARD,0.0
1243,9576,5,23.0,18,34,HARD,8.0
1243,9576,4,2.0,19,33,MEDIUM,0.0
1243,9576,5,24.0,19,34,MEDIUM,0.0
1243,9576,4,77.0,20,33,SOFT,0.0
1243,9576,6,44.0,22,27,MEDIUM,17.0
1243,9576,5,1.0,22,34,SOFT,3.0
1243,9576,5,4.0,26,35,SOFT,5.0
1243,9576,5,81.0,27,34,MEDIUM,8.0
1243,9576,7,44.0,28,31,SOFT,3.0
1243,9576,6,63.0,29,31,SOFT,17.0
1243,9576,4,14.0,29,31,MEDIUM,10.0
1243,9576,4,18.0,29,32,MEDIUM,9.0
1243,9577,1,3.0,1,2,WET,2.0
1243,9577,1,16.0,1,2,INTERMEDIATE,1.0
1243,9577,1,20.0,1,2,WET,3.0
1243,9577,1,22.0,1,2,WET,1.0
1243,9577,1,24.0,1,2,WET,5.0
1243,9577,1,27.0,1,2,WET,0.0
1243,9577,1,31.0,1,2,INTERMEDIATE,8.0
1243,9577,1,55.0,1,2,WET,2.0
1243,9577,1,77.0,1,2,WET,5.0
1243,9577,1,10.0,1,3,INTERMEDIATE,3.0
1243,9577,1,11.0,1,3,INTERMEDIATE,2.0
1243,9577,1,1.0,1,4,INTERMEDIATE,4.0
1243,9577,1,4.0,1,4,INTERMEDIATE,3.0
1243,9577,1,23.0,1,4,INTERMEDIATE,3.0
1243,9577,1,44.0,1,4,INTERMEDIATE,4.0
1243,9577,1,2.0,1,5,INTERMEDIATE,3.0
1243,9577,1,63.0,1,5,INTERMEDIATE,3.0
1243,9577,1,18.0,1,6,INTERMEDIATE,3.0
1243,9577,1,14.0,1,7,INTERMEDIATE,3.0
1243,9577,1,81.0,1,8,INTERMEDIATE,1.0
1243,9577,2,55.0,3,3,WET,3.0
1243,9577,2,22.0,3,3,INTERMEDIATE,5.0
1243,9577,2,27.0,3,4,INTERMEDIATE,4.0
1243,9577,2,24.0,3,4,INTERMEDIATE,3.0
1243,9577,2,77.0,3,5,INTERMEDIATE,4.0
1243,9577,2,31.0,3,5,INTERMEDIATE,0.0
1243,9577,2,16.0,3,5,INTERMEDIATE,0.0
1243,9577,2,20.0,3,7,INTERMEDIATE,4.0
1243,9577,2,3.0,3,7,INTERMEDIATE,5.0
1243,9577,3,55.0,4,5,INTERMEDIATE,4.0
1243,9577,3,22.0,4,5,INTERMEDIATE,0.0
1243,9577,3,27.0,4,6,INTERMEDIATE,0.0
1243,9577,3,24.0,4,6,INTERMEDIATE,4.0
1243,9577,2,10.0,4,6,INTERMEDIATE,5.0
1243,9577,2,23.0,5,6,INTERMEDIATE,6.0
1243,9577,2,4.0,5,7,INTERMEDIATE,6.0
1243,9577,4,55.0,5,7,INTERMEDIATE,5.0
1243,9577,3,77.0,6,8,INTERMEDIATE,7.0
1243,9577,2,63.0,6,8,INTERMEDIATE,7.0
1243,9577,2,18.0,7,8,INTERMEDIATE,8.0
1243,9577,3,3.0,7,8,INTERMEDIATE,9.0
1243,9577,3,20.0,8,10,INTERMEDIATE,9.0
1243,9577,2,81.0,9,11,INTERMEDIATE,8.0
1243,9578,1,2.0,1,1,,
1243,9578,1,1.0,1,4,SOFT,0.0
1243,9578,1,4.0,1,4,SOFT,0.0
1243,9578,1,11.0,1,4,SOFT,0.0
1243,9578,1,16.0,1,4,SOFT,0.0
1243,9578,1,20.0,1,4,SOFT,0.0
1243,9578,1,24.0,1,4,SOFT,0.0
1243,9578,1,31.0,1,4,SOFT,0.0
1243,9578,1,44.0,1,4,SOFT,0.0
1243,9578,1,55.0,1,4,SOFT,0.0
1243,9578,1,63.0,1,4,SOFT,0.0
1243,9578,1,10.0,1,5,SOFT,0.0
1243,9578,1,14.0,1,5,SOFT,0.0
1243,9578,1,23.0,1,5,SOFT,0.0
1243,9578,1,77.0,1,5,SOFT,0.0
1243,9578,1,81.0,1,5,SOFT,0.0
1243,9578,1,18.0,1,6,SOFT,0.0
1243,9578,1,27.0,1,6,SOFT,0.0
1243,9578,1,22.0,1,7,SOFT,0.0
1243,9578,1,3.0,1,8,SOFT,0.0
1243,9578,2,11.0,5,6,SOFT,3.0
1243,9578,2,44.0,5,6,SOFT,3.0
1243,9578,2,1.0,5,6,SOFT,3.0
1243,9578,2,23.0,5,7,SOFT,0.0
1243,9578,2,77.0,5,7,SOFT,3.0
1243,9578,2,20.0,5,7,SOFT,3.0
1243,9578,2,16.0,5,7,SOFT,0.0
1243,9578,2,55.0,5,7,SOFT,3.0
1243,9578,2,10.0,5,7,SOFT,0.0
1243,9578,2,24.0,5,7,SOFT,3.0
1243,9578,2,31.0,5,7,SOFT,0.0
1243,9578,2,63.0,5,7,SOFT,0.0
1243,9578,2,4.0,5,7,SOFT,0.0
1243,9578,2,81.0,6,9,SOFT,4.0
1243,9578,2,14.0,6,9,SOFT,0.0
1243,9578,3,44.0,6,9,SOFT,4.0
1243,9578,2,27.0,7,9,SOFT,0.0
1243,9578,3,11.0,7,9,SOFT,0.0
1243,9578,3,1.0,7,9,SOFT,0.0
1243,9578,3,4.0,7,10,SOFT,0.0
1243,9578,2,18.0,7,12,SOFT,0.0
1243,9578,3,24.0,8,10,SOFT,0.0
1243,9578,3,77.0,8,10,SOFT,0.0
1243,9578,3,23.0,8,10,SOFT,0.0
1243,9578,2,3.0,8,10,SOFT,0.0
1243,9578,3,31.0,8,10,SOFT,0.0
1243,9578,3,10.0,8,10,SOFT,0.0
1243,9578,3,20.0,8,11,SOFT,0.0
1243,9578,2,22.0,8,11,SOFT,0.0
1243,9578,3,55.0,8,11,SOFT,0.0
1243,9578,3,16.0,8,11,SOFT,0.0
1243,9578,3,63.0,8,11,SOFT,0.0
1243,9578,3,81.0,9,11,SOFT,0.0
1243,9578,3,14.0,9,11,SOFT,0.0
1243,9578,4,44.0,9,11,SOFT,0.0
1243,9578,4,11.0,10,12,SOFT,0.0
1243,9578,4,4.0,10,12,SOFT,0.0
1243,9578,3,27.0,10,13,SOFT,0.0
1243,9578,4,10.0,10,13,SOFT,2.0
1243,9578,4,1.0,10,13,SOFT,0.0
1243,9578,4,55.0,11,13,SOFT,3.0
1243,9578,4,16.0,11,13,SOFT,3.0
1243,9578,4,23.0,11,13,SOFT,0.0
1243,9578,4,20.0,11,13,SOFT,0.0
1243,9578,3,22.0,11,13,SOFT,3.0
1243,9578,4,63.0,11,14,SOFT,0.0
1243,9578,3,18.0,12,14,SOFT,0.0
1243,9578,5,44.0,12,14,SOFT,0.0
1243,9578,4,81.0,12,14,SOFT,0.0
1243,9578,4,14.0,12,15,SOFT,0.0
1243,9578,4,27.0,13,15,SOFT,3.0
1243,9578,5,10.0,13,15,SOFT,0.0
1243,9578,5,11.0,13,15,SOFT,0.0
1243,9578,5,1.0,13,15,SOFT,0.0
1243,9578,5,4.0,13,15,SOFT,0.0
1243,9578,5,55.0,14,16,SOFT,0.0
1243,9578,5,16.0,14,16,SOFT,0.0
1243,9578,5,20.0,14,16,SOFT,0.0
1243,9578,4,22.0,14,16,SOFT,0.0
1243,9578,5,63.0,14,16,SOFT,0.0
1243,9578,5,23.0,14,17,SOFT,0.0
1243,9578,5,14.0,15,17,SOFT,0.0
1243,9578,5,81.0,15,17,SOFT,0.0
1243,9578,4,18.0,15,18,SOFT,0.0
1243,9578,5,27.0,16,18,SOFT,0.0
1243,9578,6,10.0,16,18,SOFT,3.0
1243,9578,6,11.0,16,18,SOFT,0.0
1243,9578,6,55.0,17,19,SOFT,0.0
1243,9578,6,23.0,17,19,SOFT,0.0
1243,9578,6,63.0,17,19,SOFT,0.0
1243,9578,6,16.0,17,20,SOFT,0.0
1243,9578,5,18.0,18,20,SOFT,0.0
1243,9578,7,10.0,19,21,SOFT,0.0
1243,9578,7,16.0,20,22,SOFT,3.0
1243,9578,8,16.0,23,25,SOFT,0.0
1243,9582,1,23.0,1,12,MEDIUM,0.0
1243,9582,1,22.0,1,14,SOFT,0.0
1243,9582,1,27.0,1,14,MEDIUM,0.0
1243,9582,1,77.0,1,15,SOFT,0.0
1243,9582,1,24.0,1,18,MEDIUM,0.0
1243,9582,1,2.0,1,22,MEDIUM,0.0
1243,9582,1,44.0,1,23,SOFT,0.0
1243,9582,1,16.0,1,24,MEDIUM,0.0
1243,9582,1,63.0,1,25,MEDIUM,0.0
1243,9582,1,1.0,1,27,MEDIUM,0.0
1243,9582,1,4.0,1,28,MEDIUM,0.0
1243,9582,1,11.0,1,29,MEDIUM,0.0
1243,9582,1,3.0,1,29,MEDIUM,0.0
1243,9582,1,18.0,1,30,MEDIUM,0.0
1243,9582,1,10.0,1,30,MEDIUM,0.0
1243,9582,1,55.0,1,30,MEDIUM,0.0
1243,9582,1,31.0,1,30,MEDIUM,0.0
1243,9582,1,14.0,1,31,MEDIUM,0.0
1243,9582,1,81.0,1,32,MEDIUM,0.0
1243,9582,1,20.0,1,34,HARD,0.0
1243,9582,2,23.0,13,49,HARD,0.0
1243,9582,2,22.0,15,31,MEDIUM,0.0
1243,9582,2,27.0,15,66,HARD,0.0
1243,9582,2,77.0,16,39,HARD,0.0
1243,9582,2,24.0,19,46,HARD,0.0
1243,9582,2,2.0,23,67,HARD,0.0
1243,9582,2,44.0,24,42,HARD,0.0
1243,9582,2,16.0,25,67,HARD,0.0
1243,9582,2,63.0,26,48,HARD,0.0
1243,9582,2,1.0,28,67,HARD,0.0
1243,9582,2,4.0,29,68,HARD,0.0
1243,9582,2,11.0,30,67,HARD,0.0
1243,9582,2,3.0,30,67,HARD,0.0
1243,9582,2,10.0,31,66,,4.0
1243,9582,2,55.0,31,67,HARD,0.0
1243,9582,2,18.0,31,67,HARD,0.0
1243,9582,2,31.0,31,67,HARD,0.0
1243,9582,2,14.0,32,67,,5.0
1243,9582,3,22.0,32,67,,4.0
1243,9582,2,81.0,33,68,,4.0
1243,9582,2,20.0,35,66,MEDIUM,0.0
1243,9582,3,77.0,39,66,MEDIUM,0.0
1243,9582,3,44.0,43,67,SOFT,0.0
1243,9582,3,24.0,47,66,SOFT,0.0
1243,9582,3,23.0,49,66,MEDIUM,0.0
1243,9582,3,63.0,49,67,SOFT,3.0
1244,9583,1,81.0,1,2,MEDIUM,0.0
1244,9583,1,14.0,1,3,MEDIUM,0.0
1244,9583,1,18.0,1,3,MEDIUM,0.0
1244,9583,1,31.0,1,3,MEDIUM,0.0
1244,9583,1,12.0,1,4,SOFT,0.0
1244,9583,1,23.0,1,4,MEDIUM,0.0
1244,9583,1,3.0,1,5,MEDIUM,0.0
1244,9583,1,27.0,1,5,MEDIUM,0.0
1244,9583,1,1.0,1,6,SOFT,0.0
1244,9583,1,11.0,1,6,SOFT,0.0
1244,9583,1,16.0,1,6,MEDIUM,0.0
1244,9583,1,20.0,1,6,MEDIUM,0.0
1244,9583,1,24.0,1,6,MEDIUM,0.0
1244,9583,1,43.0,1,6,MEDIUM,0.0
1244,9583,1,44.0,1,6,SOFT,0.0
1244,9583,1,4.0,1,7,MEDIUM,0.0
1244,9583,1,10.0,1,7,MEDIUM,0.0
1244,9583,1,22.0,1,7,HARD,0.0
1244,9583,1,55.0,1,7,MEDIUM,0.0
1244,9583,1,77.0,1,7,MEDIUM,0.0
1244,9583,2,81.0,3,3,MEDIUM,1.0
1244,9583,2,14.0,4,5,MEDIUM,2.0
1244,9583,3,81.0,4,10,MEDIUM,2.0
1244,9583,2,18.0,4,12,MEDIUM,2.0
1244,9583,2,31.0,4,12,MEDIUM,2.0
1244,9583,2,12.0,5,6,SOFT,3.0
1244,9583,2,23.0,5,7,MEDIUM,3.0
1244,9583,2,27.0,6,6,MEDIUM,0.0
1244,9583,2,3.0,6,8,MEDIUM,4.0
1244,9583,3,14.0,6,13,MEDIUM,4.0
1244,9583,2,1.0,7,9,SOFT,5.0
1244,9583,2,43.0,7,9,MEDIUM,5.0
1244,9583,2,24.0,7,9,MEDIUM,5.0
1244,9583,2,20.0,7,11,MEDIUM,5.0
1244,9583,2,11.0,7,12,SOFT,5.0
1244,9583,2,16.0,7,12,SOFT,5.0
1244,9583,3,27.0,7,13,MEDIUM,5.0
1244,9583,2,44.0,7,15,SOFT,5.0
1244,9583,2,10.0,8,10,MEDIUM,6.0
1244,9583,3,23.0,8,11,SOFT,0.0
1244,9583,2,22.0,8,12,HARD,6.0
1244,9583,2,4.0,8,12,MEDIUM,6.0
1244,9583,2,55.0,8,13,MEDIUM,6.0
1244,9583,2,77.0,8,13,SOFT,0.0
1244,9583,3,3.0,9,11,MEDIUM,7.0
1244,9583,3,1.0,10,12,SOFT,8.0
1244,9583,3,24.0,10,12,SOFT,0.0
1244,9583,3,43.0,10,13,SOFT,0.0
1244,9583,4,81.0,11,12,MEDIUM,9.0
1244,9583,3,10.0,11,16,SOFT,0.0
1244,9583,4,23.0,12,14,SOFT,4.0
1244,9583,4,3.0,12,14,MEDIUM,0.0
1244,9583,3,20.0,12,17,SOFT,0.0
1244,9583,3,4.0,13,15,MEDIUM,0.0
1244,9583,4,43.0,13,15,SOFT,3.0
1244,9583,4,24.0,13,15,SOFT,3.0
1244,9583,3,16.0,13,15,SOFT,0.0
1244,9583,3,31.0,13,15,SOFT,0.0
1244,9583,4,1.0,13,15,SOFT,0.0
1244,9583,4,27.0,13,17,SOFT,0.0
1244,9583,5,81.0,13,17,SOFT,0.0
1244,9583,3,22.0,13,18,SOFT,0.0
1244,9583,3,18.0,13,22,SOFT,0.0
1244,9583,3,11.0,13,22,SOFT,0.0
1244,9583,3,77.0,14,16,SOFT,0.0
1244,9583,3,55.0,14,16,SOFT,0.0
1244,9583,4,14.0,14,16,SOFT,0.0
1244,9583,3,44.0,15,19,SOFT,5.0
1244,9583,5,3.0,15,22,MEDIUM,3.0
1244,9583,5,23.0,15,25,MEDIUM,6.0
1244,9583,4,16.0,16,18,SOFT,3.0
1244,9583,4,4.0,16,18,SOFT,0.0
1244,9583,5,1.0,16,20,SOFT,3.0
1244,9583,4,31.0,16,22,SOFT,0.0
1244,9583,5,24.0,16,23,MEDIUM,8.0
1244,9583,5,43.0,16,24,MEDIUM,8.0
1244,9583,5,14.0,17,19,SOFT,3.0
1244,9583,4,55.0,17,20,SOFT,3.0
1244,9583,4,77.0,17,22,SOFT,9.0
1244,9583,4,10.0,17,23,MEDIUM,9.0
1244,9583,4,20.0,18,23,MEDIUM,10.0
1244,9583,5,27.0,18,24,SOFT,5.0
1244,9583,6,81.0,18,24,MEDIUM,11.0
1244,9583,4,22.0,19,24,HARD,11.0
1244,9583,5,16.0,19,24,MEDIUM,11.0
1244,9583,5,4.0,19,27,SOFT,3.0
1244,9583,4,44.0,20,25,SOFT,8.0
1244,9583,5,55.0,21,25,MEDIUM,12.0
1244,9584,1,3.0,1,4,SOFT,0.0
1244,9584,1,4.0,1,4,MEDIUM,0.0
1244,9584,1,11.0,1,4,MEDIUM,0.0
1244,9584,1,22.0,1,4,MEDIUM,0.0
1244,9584,1,27.0,1,4,MEDIUM,0.0
1244,9584,1,31.0,1,4,MEDIUM,0.0
1244,9584,1,81.0,1,4,MEDIUM,0.0
1244,9584,1,44.0,1,5,MEDIUM,0.0
1244,9584,1,1.0,1,6,MEDIUM,0.0
1244,9584,1,16.0,1,6,MEDIUM,0.0
1244,9584,1,14.0,1,7,MEDIUM,0.0
1244,9584,1,18.0,1,7,MEDIUM,0.0
1244,9584,1,20.0,1,7,MEDIUM,0.0
1244,9584,1,43.0,1,7,MEDIUM,0.0
1244,9584,1,63.0,1,7,MEDIUM,0.0
1244,9584,1,55.0,1,8,MEDIUM,0.0
1244,9584,1,77.0,1,8,MEDIUM,0.0
1244,9584,1,23.0,1,9,MEDIUM,0.0
1244,9584,1,24.0,1,9,MEDIUM,0.0
1244,9584,1,10.0,1,11,MEDIUM,0.0
1244,9584,2,27.0,5,7,MEDIUM,3.0
1244,9584,2,3.0,5,7,SOFT,3.0
1244,9584,2,44.0,5,7,SOFT,0.0
1244,9584,2,81.0,5,7,SOFT,0.0
1244,9584,2,4.0,5,7,SOFT,0.0
1244,9584,2,11.0,5,7,SOFT,0.0
1244,9584,2,31.0,5,8,MEDIUM,3.0
1244,9584,2,22.0,5,9,MEDIUM,0.0
1244,9584,2,16.0,7,9,MEDIUM,5.0
1244,9584,2,1.0,7,10,SOFT,0.0
1244,9584,2,18.0,8,10,SOFT,0.0
1244,9584,2,20.0,8,10,SOFT,0.0
1244,9584,3,27.0,8,10,SOFT,0.0
1244,9584,3,81.0,8,10,SOFT,0.0
1244,9584,2,14.0,8,10,SOFT,0.0
1244,9584,3,44.0,8,10,SOFT,3.0
1244,9584,3,3.0,8,10,SOFT,0.0
1244,9584,2,43.0,8,10,SOFT,0.0
1244,9584,3,4.0,8,11,SOFT,3.0
1244,9584,2,63.0,8,15,MEDIUM,6.0
1244,9584,3,11.0,8,15,MEDIUM,3.0
1244,9584,2,55.0,9,10,MEDIUM,7.0
1244,9584,3,31.0,9,11,MEDIUM,7.0
1244,9584,2,77.0,9,14,SOFT,0.0
1244,9584,2,24.0,10,12,SOFT,0.0
1244,9584,3,16.0,10,12,SOFT,0.0
1244,9584,2,23.0,10,12,SOFT,0.0
1244,9584,3,22.0,10,12,SOFT,0.0
1244,9584,3,20.0,11,12,SOFT,3.0
1244,9584,4,27.0,11,12,SOFT,3.0
1244,9584,4,3.0,11,12,SOFT,3.0
1244,9584,3,14.0,11,12,SOFT,6.0
1244,9584,4,44.0,11,12,SOFT,6.0
1244,9584,3,18.0,11,13,SOFT,0.0
1244,9584,3,55.0,11,13,SOFT,0.0
1244,9584,3,43.0,11,13,SOFT,3.0
1244,9584,4,81.0,11,22,MEDIUM,3.0
1244,9584,4,4.0,11,24,MEDIUM,3.0
1244,9584,3,1.0,11,25,MEDIUM,5.0
1244,9584,4,31.0,12,13,SOFT,0.0
1244,9584,2,10.0,12,14,SOFT,0.0
1244,9584,4,22.0,12,15,SOFT,2.0
1244,9584,5,3.0,12,20,SOFT,6.0
1244,9584,4,14.0,12,21,MEDIUM,6.0
1244,9584,5,44.0,12,25,MEDIUM,3.0
1244,9584,3,23.0,13,13,SOFT,3.0
1244,9584,4,16.0,13,14,SOFT,3.0
1244,9584,3,24.0,13,15,SOFT,3.0
1244,9584,5,31.0,13,15,SOFT,1.0
1244,9584,5,27.0,13,22,MEDIUM,6.0
1244,9584,3,77.0,14,14,SOFT,5.0
1244,9584,4,18.0,14,15,SOFT,0.0
1244,9584,4,55.0,14,15,SOFT,3.0
1244,9584,4,43.0,14,21,SOFT,6.0
1244,9584,4,23.0,14,26,MEDIUM,8.0
1244,9584,5,16.0,14,27,MEDIUM,8.0
1244,9584,4,24.0,15,15,SOFT,5.0
1244,9584,3,10.0,15,18,SOFT,3.0
1244,9584,5,22.0,15,21,MEDIUM,8.0
1244,9584,5,18.0,15,23,MEDIUM,6.0
1244,9584,5,55.0,15,24,MEDIUM,9.0
1244,9584,4,77.0,15,26,MEDIUM,7.0
1244,9584,6,31.0,16,18,SOFT,0.0
1244,9584,3,63.0,16,21,SOFT,0.0
1244,9584,5,24.0,16,28,MEDIUM,8.0
1244,9584,7,31.0,19,23,MEDIUM,10.0
1244,9584,4,10.0,19,24,MEDIUM,10.0
1244,9584,6,3.0,20,20,SOFT,4.0
1244,9584,7,3.0,21,24,SOFT,5.0
1244,9584,5,14.0,22,25,SOFT,4.0
1244,9584,5,81.0,23,25,SOFT,6.0
1244,9584,6,27.0,23,26,SOFT,0.0
1244,9584,6,18.0,24,28,SOFT,7.0
1244,9584,6,55.0,25,28,SOFT,4.0
1244,9585,1,3.0,1,2,HARD,0.0
1244,9585,1,22.0,1,2,HARD,0.0
1244,9585,1,24.0,1,2,HARD,0.0
1244,9585,1,77.0,1,2,HARD,0.0
1244,9585,1,14.0,1,3,HARD,0.0
1244,9585,1,18.0,1,3,HARD,0.0
1244,9585,1,1.0,1,4,MEDIUM,0.0
1244,9585,1,4.0,1,4,SOFT,0.0
1244,9585,1,11.0,1,4,MEDIUM,0.0
1244,9585,1,20.0,1,4,SOFT,0.0
1244,9585,1,23.0,1,4,SOFT,0.0
1244,9585,1,27.0,1,4,SOFT,0.0
1244,9585,1,31.0,1,4,SOFT,0.0
1244,9585,1,43.0,1,4,SOFT,0.0
1244,9585,1,44.0,1,4,MEDIUM,0.0
1244,9585,1,55.0,1,4,SOFT,0.0
1244,9585,1,63.0,1,4,MEDIUM,0.0
1244,9585,1,81.0,1,4,SOFT,0.0
1244,9585,1,16.0,1,6,SOFT,0.0
1244,9585,1,10.0,1,7,SOFT,0.0
1244,9585,2,77.0,3,3,HARD,0.0
1244,9585,2,24.0,3,3,MEDIUM,0.0
1244,9585,2,3.0,3,5,SOFT,0.0
1244,9585,2,22.0,3,8,MEDIUM,0.0
1244,9585,3,77.0,4,4,MEDIUM,0.0
1244,9585,2,14.0,4,4,HARD,0.0
1244,9585,2,18.0,4,4,HARD,0.0
1244,9585,3,24.0,4,9,SOFT,0.0
1244,9585,3,14.0,5,5,MEDIUM,0.0
1244,9585,3,18.0,5,5,MEDIUM,0.0
1244,9585,2,20.0,5,7,SOFT,3.0
1244,9585,2,1.0,5,7,MEDIUM,3.0
1244,9585,2,31.0,5,7,SOFT,3.0
1244,9585,2,55.0,5,7,SOFT,3.0
1244,9585,2,63.0,5,7,MEDIUM,3.0
1244,9585,2,44.0,5,7,MEDIUM,3.0
1244,9585,2,11.0,5,7,MEDIUM,3.0
1244,9585,4,77.0,5,7,SOFT,0.0
1244,9585,2,4.0,5,7,SOFT,3.0
1244,9585,2,43.0,5,7,SOFT,3.0
1244,9585,2,81.0,5,7,SOFT,3.0
1244,9585,2,23.0,5,8,SOFT,3.0
1244,9585,2,27.0,5,12,SOFT,0.0
1244,9585,4,18.0,6,8,SOFT,0.0
1244,9585,4,14.0,6,8,SOFT,0.0
1244,9585,3,3.0,6,8,SOFT,3.0
1244,9585,2,16.0,7,9,SOFT,5.0
1244,9585,3,43.0,8,8,SOFT,6.0
1244,9585,5,77.0,8,10,SOFT,3.0
1244,9585,3,31.0,8,10,SOFT,6.0
1244,9585,3,55.0,8,10,SOFT,6.0
1244,9585,3,4.0,8,10,SOFT,0.0
1244,9585,3,23.0,8,10,SOFT,0.0
1244,9585,3,81.0,8,11,SOFT,0.0
1244,9585,3,44.0,8,13,MEDIUM,6.0
1244,9585,2,10.0,8,13,SOFT,6.0
1244,9585,3,20.0,8,15,SOFT,6.0
1244,9585,3,63.0,8,16,MEDIUM,6.0
1244,9585,3,11.0,8,17,MEDIUM,6.0
1244,9585,3,1.0,8,19,MEDIUM,6.0
1244,9585,4,43.0,9,9,SOFT,0.0
1244,9585,5,14.0,9,10,SOFT,3.0
1244,9585,4,3.0,9,10,SOFT,0.0
1244,9585,5,18.0,9,11,SOFT,0.0
1244,9585,3,22.0,9,11,SOFT,0.0
1244,9585,4,24.0,10,10,SOFT,6.0
1244,9585,3,16.0,10,12,SOFT,8.0
1244,9585,5,43.0,10,12,SOFT,0.0
1244,9585,6,77.0,11,11,SOFT,6.0
1244,9585,6,14.0,11,13,SOFT,5.0
1244,9585,4,31.0,11,13,SOFT,9.0
1244,9585,4,55.0,11,13,SOFT,9.0
1244,9585,5,3.0,11,13,SOFT,2.0
1244,9585,4,4.0,11,13,SOFT,3.0
1244,9585,4,23.0,11,13,SOFT,3.0
1244,9585,5,24.0,11,16,SOFT,0.0
1244,9585,4,81.0,12,13,SOFT,4.0
1244,9585,7,77.0,12,14,SOFT,0.0
1244,9585,6,18.0,12,15,SOFT,0.0
1244,9585,4,22.0,12,16,SOFT,3.0
1244,9585,4,16.0,13,15,SOFT,11.0
1244,9585,4,44.0,13,15,SOFT,0.0
1244,9585,3,27.0,13,15,SOFT,0.0
1244,9585,6,43.0,13,15,SOFT,3.0
1244,9585,6,3.0,14,14,SOFT,6.0
1244,9585,5,55.0,14,15,SOFT,0.0
1244,9585,7,14.0,14,16,SOFT,0.0
1244,9585,5,31.0,14,16,SOFT,0.0
1244,9585,5,4.0,14,16,SOFT,6.0
1244,9585,5,81.0,14,16,SOFT,6.0
1244,9585,5,23.0,14,16,SOFT,6.0
1244,9585,3,10.0,14,17,SOFT,0.0
1244,9585,7,18.0,15,17,SOFT,0.0
1244,9585,7,3.0,15,19,SOFT,7.0
1244,9585,8,77.0,15,21,SOFT,3.0
1244,9585,4,20.0,16,18,SOFT,0.0
1244,9585,5,44.0,16,18,SOFT,3.0
1244,9585,7,43.0,16,18,SOFT,8.0
1244,9585,5,16.0,16,19,SOFT,0.0
1244,9585,4,27.0,16,19,SOFT,3.0
1244,9585,6,55.0,16,21,SOFT,2.0
1244,9585,4,63.0,17,19,SOFT,0.0
1244,9585,8,14.0,17,19,SOFT,3.0
1244,9585,6,24.0,17,19,SOFT,7.0
1244,9585,6,31.0,17,20,SOFT,3.0
1244,9585,8,18.0,18,19,SOFT,3.0
1244,9585,4,10.0,18,21,SOFT,4.0
1244,9585,4,11.0,18,24,SOFT,0.0
1244,9585,4,1.0,19,21,SOFT,0.0
1244,9585,6,44.0,19,21,MEDIUM,11.0
1244,9585,5,20.0,19,22,SOFT,3.0
1244,9585,5,63.0,20,23,SOFT,3.0
1244,9585,9,14.0,20,23,SOFT,8.0
1244,9585,6,16.0,20,23,SOFT,4.0
1244,9585,9,18.0,20,24,SOFT,5.0
1244,9585,5,1.0,22,25,SOFT,3.0
1244,9585,6,63.0,23,25,MEDIUM,15.0
1244,9586,1,44.0,1,4,SOFT,0.0
1244,9586,1,63.0,1,4,SOFT,0.0
1244,9586,1,16.0,1,4,SOFT,0.0
1244,9586,1,1.0,1,4,SOFT,0.0
1244,9586,1,55.0,1,4,SOFT,0.0
1244,9586,1,23.0,1,4,SOFT,0.0
1244,9586,1,27.0,1,4,SOFT,0.0
1244,9586,1,14.0,1,4,SOFT,0.0
1244,9586,1,3.0,1,4,SOFT,0.0
1244,9586,1,22.0,1,4,SOFT,0.0
1244,9586,1,10.0,1,4,SOFT,0.0
1244,9586,1,18.0,1,4,SOFT,0.0
1244,9586,1,20.0,1,4,SOFT,0.0
1244,9586,1,31.0,1,4,SOFT,0.0
1244,9586,1,11.0,1,4,SOFT,0.0
1244,9586,1,24.0,1,4,SOFT,0.0
1244,9586,1,81.0,1,5,SOFT,0.0
1244,9586,1,4.0,1,5,SOFT,0.0
1244,9586,1,43.0,1,5,SOFT,0.0
1244,9586,1,77.0,1,5,SOFT,0.0
1244,9586,2,14.0,5,6,SOFT,0.0
1244,9586,2,24.0,5,7,SOFT,0.0
1244,9586,2,10.0,5,7,SOFT,3.0
1244,9586,2,43.0,5,7,SOFT,0.0
1244,9586,2,20.0,5,7,SOFT,0.0
1244,9586,2,77.0,5,7,SOFT,0.0
1244,9586,2,18.0,5,7,SOFT,0.0
1244,9586,2,22.0,5,7,SOFT,0.0
1244,9586,2,3.0,5,7,SOFT,0.0
1244,9586,2,55.0,5,8,SOFT,3.0
1244,9586,2,16.0,5,8,SOFT,3.0
1244,9586,2,31.0,5,8,SOFT,3.0
1244,9586,2,23.0,5,8,SOFT,0.0
1244,9586,2,11.0,5,8,SOFT,0.0
1244,9586,2,27.0,5,8,SOFT,0.0
1244,9586,2,1.0,5,8,SOFT,3.0
1244,9586,2,63.0,5,8,SOFT,3.0
1244,9586,2,44.0,5,8,SOFT,3.0
1244,9586,2,4.0,5,8,SOFT,0.0
1244,9586,2,81.0,6,8,SOFT,4.0
1244,9586,3,20.0,7,9,SOFT,3.0
1244,9586,3,14.0,7,9,SOFT,2.0
1244,9586,3,24.0,8,10,SOFT,0.0
1244,9586,3,10.0,8,10,SOFT,0.0
1244,9586,3,31.0,8,10,SOFT,0.0
1244,9586,3,55.0,8,10,SOFT,6.0
1244,9586,3,16.0,8,10,SOFT,6.0
1244,9586,3,3.0,8,10,SOFT,3.0
1244,9586,3,27.0,8,10,SOFT,3.0
1244,9586,3,11.0,8,10,SOFT,3.0
1244,9586,3,1.0,8,10,SOFT,0.0
1244,9586,3,23.0,8,10,SOFT,3.0
1244,9586,3,63.0,8,10,SOFT,0.0
1244,9586,3,44.0,8,10,SOFT,0.0
1244,9586,3,4.0,8,10,SOFT,0.0
1244,9586,3,81.0,9,11,SOFT,0.0
1244,9586,4,20.0,10,12,SOFT,0.0
1244,9586,4,14.0,10,12,SOFT,0.0
1244,9586,4,10.0,10,13,SOFT,2.0
1244,9586,4,31.0,10,13,SOFT,2.0
1244,9586,4,16.0,11,13,SOFT,0.0
1244,9586,4,3.0,11,13,SOFT,0.0
1244,9586,4,23.0,11,13,SOFT,0.0
1244,9586,4,44.0,11,13,SOFT,3.0
1244,9586,4,4.0,11,13,SOFT,0.0
1244,9586,4,55.0,11,14,SOFT,0.0
1244,9586,4,27.0,11,14,SOFT,0.0
1244,9586,4,1.0,11,14,SOFT,3.0
1244,9586,4,11.0,11,14,SOFT,0.0
1244,9586,4,63.0,11,14,SOFT,3.0
1244,9586,4,81.0,12,15,SOFT,0.0
1244,9586,5,23.0,14,16,SOFT,3.0
1244,9586,5,27.0,14,16,SOFT,3.0
1244,9586,5,11.0,14,16,SOFT,3.0
1244,9586,5,55.0,14,16,SOFT,0.0
1244,9586,5,1.0,14,16,SOFT,0.0
1244,9586,5,63.0,14,16,SOFT,0.0
1244,9586,5,44.0,14,16,SOFT,0.0
1244,9586,5,31.0,14,17,SOFT,0.0
1244,9586,5,10.0,14,17,SOFT,0.0
1244,9586,5,16.0,14,17,SOFT,3.0
1244,9586,5,81.0,15,18,SOFT,0.0
1244,9586,6,11.0,17,18,SOFT,0.0
1244,9586,6,16.0,17,19,SOFT,0.0
1244,9586,6,1.0,17,19,SOFT,0.0
1244,9586,6,27.0,17,19,SOFT,0.0
1244,9586,6,23.0,17,19,SOFT,0.0
1244,9586,6,55.0,17,19,SOFT,0.0
1244,9586,6,63.0,17,19,SOFT,0.0
1244,9586,6,44.0,17,19,SOFT,0.0
1244,9586,6,81.0,18,20,SOFT,0.0
1244,9586,7,16.0,20,22,SOFT,0.0
1244,9590,1,27.0,1,5,MEDIUM,0.0
1244,9590,1,22.0,1,8,HARD,1.0
1244,9590,1,10.0,1,10,MEDIUM,0.0
1244,9590,1,63.0,1,11,MEDIUM,0.0
1244,9590,1,3.0,1,11,MEDIUM,0.0
1244,9590,1,14.0,1,12,MEDIUM,1.0
1244,9590,1,4.0,1,14,MEDIUM,0.0
1244,9590,1,20.0,1,14,MEDIUM,0.0
1244,9590,1,16.0,1,15,MEDIUM,0.0
1244,9590,1,44.0,1,15,MEDIUM,0.0
1244,9590,1,24.0,1,15,MEDIUM,1.0
1244,9590,1,81.0,1,16,MEDIUM,0.0
1244,9590,1,43.0,1,16,MEDIUM,0.0
1244,9590,1,23.0,1,17,MEDIUM,0.0
1244,9590,1,55.0,1,19,MEDIUM,0.0
1244,9590,1,18.0,1,19,HARD,1.0
1244,9590,1,1.0,1,22,HARD,0.0
1244,9590,1,11.0,1,23,HARD,0.0
1244,9590,1,31.0,1,31,HARD,0.0
1244,9590,1,77.0,1,33,HARD,1.0
1244,9590,2,27.0,6,32,HARD,0.0
1244,9590,2,10.0,11,30,HARD,0.0
1244,9590,2,63.0,12,33,HARD,0.0
1244,9590,2,3.0,12,54,HARD,1.0
1244,9590,2,14.0,13,35,HARD,1.0
1244,9590,2,4.0,15,32,HARD,0.0
1244,9590,2,20.0,15,54,HARD,0.0
1244,9590,2,44.0,16,37,HARD,0.0
1244,9590,2,24.0,16,53,HARD,1.0
1244,9590,2,16.0,16,54,HARD,0.0
1244,9590,2,81.0,17,38,HARD,0.0
1244,9590,2,43.0,17,54,HARD,0.0
1244,9590,2,23.0,18,54,HARD,0.0
1244,9590,2,18.0,20,36,HARD,1.0
1244,9590,2,55.0,20,54,HARD,0.0
1244,9590,2,1.0,23,41,HARD,0.0
1244,9590,2,11.0,24,35,HARD,0.0
1244,9590,3,10.0,31,53,HARD,0.0
1244,9590,2,31.0,32,53,MEDIUM,0.0
1244,9590,3,27.0,33,53,HARD,0.0
1244,9590,3,4.0,33,54,HARD,0.0
1244,9590,2,77.0,34,53,MEDIUM,1.0
1244,9590,3,63.0,34,54,HARD,0.0
1244,9590,3,11.0,36,54,MEDIUM,0.0
1244,9590,3,14.0,36,54,HARD,2.0
1244,9590,3,18.0,37,50,MEDIUM,1.0
1244,9590,3,44.0,38,54,HARD,0.0
1244,9590,3,81.0,39,54,HARD,0.0
1244,9590,3,1.0,42,54,MEDIUM,0.0
1244,9590,4,18.0,51,53,SOFT,0.0
1245,9591,1,1.0,1,2,SOFT,0.0
1245,9591,1,4.0,1,2,MEDIUM,0.0
1245,9591,1,23.0,1,2,MEDIUM,0.0
1245,9591,1,31.0,1,2,HARD,0.0
1245,9591,1,43.0,1,5,MEDIUM,0.0
1245,9591,1,27.0,1,6,MEDIUM,0.0
1245,9591,1,44.0,1,6,MEDIUM,0.0
1245,9591,1,3.0,1,7,MEDIUM,0.0
1245,9591,1,10.0,1,7,HARD,0.0
1245,9591,1,11.0,1,7,MEDIUM,0.0
1245,9591,1,14.0,1,7,MEDIUM,0.0
1245,9591,1,16.0,1,7,MEDIUM,0.0
1245,9591,1,22.0,1,7,MEDIUM,0.0
1245,9591,1,24.0,1,7,MEDIUM,0.0
1245,9591,1,50.0,1,7,MEDIUM,0.0
1245,9591,1,55.0,1,7,MEDIUM,0.0
1245,9591,1,63.0,1,7,MEDIUM,0.0
1245,9591,1,77.0,1,7,MEDIUM,0.0
1245,9591,1,81.0,1,7,MEDIUM,0.0
1245,9591,1,18.0,1,8,MEDIUM,0.0
1245,9591,2,23.0,3,4,MEDIUM,1.0
1245,9591,2,31.0,3,4,HARD,1.0
1245,9591,2,4.0,3,5,MEDIUM,1.0
1245,9591,2,1.0,3,7,MEDIUM,0.0
1245,9591,3,23.0,5,10,MEDIUM,0.0
1245,9591,3,4.0,6,8,MEDIUM,4.0
1245,9591,2,43.0,6,10,MEDIUM,0.0
1245,9591,2,27.0,7,9,MEDIUM,5.0
1245,9591,2,44.0,7,10,MEDIUM,5.0
1245,9591,2,81.0,8,9,SOFT,0.0
1245,9591,2,77.0,8,10,MEDIUM,0.0
1245,9591,2,14.0,8,10,MEDIUM,6.0
1245,9591,2,11.0,8,10,SOFT,0.0
1245,9591,2,10.0,8,11,HARD,6.0
1245,9591,2,24.0,8,11,MEDIUM,6.0
1245,9591,2,16.0,8,12,MEDIUM,6.0
1245,9591,2,3.0,8,12,MEDIUM,6.0
1245,9591,3,1.0,8,12,MEDIUM,5.0
1245,9591,2,50.0,8,12,MEDIUM,6.0
1245,9591,2,22.0,8,12,MEDIUM,0.0
1245,9591,2,18.0,8,12,MEDIUM,6.0
1245,9591,2,55.0,8,13,MEDIUM,6.0
1245,9591,2,63.0,8,13,MEDIUM,6.0
1245,9591,3,81.0,9,11,SOFT,1.0
1245,9591,4,4.0,9,11,SOFT,0.0
1245,9591,3,14.0,10,12,MEDIUM,8.0
1245,9591,3,43.0,10,13,SOFT,0.0
1245,9591,3,27.0,10,13,SOFT,0.0
1245,9591,4,23.0,10,13,SOFT,0.0
1245,9591,3,11.0,10,13,SOFT,2.0
1245,9591,3,44.0,11,13,SOFT,0.0
1245,9591,3,77.0,11,13,SOFT,0.0
1245,9591,3,24.0,11,14,SOFT,0.0
1245,9591,4,81.0,12,13,SOFT,4.0
1245,9591,3,22.0,12,15,SOFT,0.0
1245,9591,3,10.0,12,15,MEDIUM,0.0
1245,9591,3,18.0,12,16,SOFT,0.0
1245,9591,5,4.0,12,19,MEDIUM,7.0
1245,9591,4,1.0,13,15,MEDIUM,10.0
1245,9591,3,3.0,13,16,SOFT,0.0
1245,9591,3,50.0,13,16,SOFT,0.0
1245,9591,3,55.0,13,16,MEDIUM,11.0
1245,9591,4,11.0,13,18,SOFT,5.0
1245,9591,3,63.0,13,19,SOFT,0.0
1245,9591,4,77.0,13,19,SOFT,2.0
1245,9591,4,14.0,13,20,SOFT,0.0
1245,9591,5,23.0,14,18,SOFT,4.0
1245,9591,5,81.0,14,19,MEDIUM,0.0
1245,9591,4,24.0,14,20,SOFT,0.0
1245,9591,4,44.0,14,20,SOFT,0.0
1245,9591,4,27.0,14,21,MEDIUM,8.0
1245,9591,4,10.0,15,22,MEDIUM,3.0
1245,9591,4,22.0,15,22,SOFT,3.0
1245,9591,4,55.0,16,22,SOFT,0.0
1245,9591,5,1.0,16,22,SOFT,0.0
1245,9591,4,3.0,17,24,MEDIUM,11.0
1245,9591,4,50.0,17,24,MEDIUM,11.0
1245,9592,1,1.0,1,2,SOFT,0.0
1245,9592,1,44.0,1,2,HARD,0.0
1245,9592,1,16.0,1,5,MEDIUM,0.0
1245,9592,1,27.0,1,6,MEDIUM,0.0
1245,9592,1,10.0,1,7,MEDIUM,0.0
1245,9592,1,22.0,1,7,MEDIUM,0.0
1245,9592,1,43.0,1,7,MEDIUM,0.0
1245,9592,1,50.0,1,7,MEDIUM,0.0
1245,9592,1,81.0,1,7,MEDIUM,0.0
1245,9592,1,3.0,1,8,MEDIUM,0.0
1245,9592,1,4.0,1,8,MEDIUM,0.0
1245,9592,1,14.0,1,8,MEDIUM,0.0
1245,9592,1,23.0,1,8,MEDIUM,0.0
1245,9592,1,31.0,1,8,MEDIUM,0.0
1245,9592,1,55.0,1,8,MEDIUM,0.0
1245,9592,1,11.0,1,9,MEDIUM,0.0
1245,9592,1,18.0,1,9,MEDIUM,0.0
1245,9592,1,77.0,1,9,MEDIUM,0.0
1245,9592,1,24.0,1,10,MEDIUM,0.0
1245,9592,1,63.0,1,13,HARD,0.0
1245,9592,2,44.0,3,7,HARD,0.0
1245,9592,2,1.0,3,8,MEDIUM,0.0
1245,9592,2,16.0,6,10,MEDIUM,4.0
1245,9592,2,22.0,7,11,SOFT,0.0
1245,9592,2,27.0,7,12,SOFT,0.0
1245,9592,3,44.0,8,10,SOFT,0.0
1245,9592,2,4.0,8,11,SOFT,0.0
1245,9592,2,81.0,8,11,SOFT,0.0
1245,9592,2,43.0,8,11,SOFT,0.0
1245,9592,2,50.0,8,12,SOFT,0.0
1245,9592,2,10.0,8,13,SOFT,0.0
1245,9592,2,55.0,9,11,SOFT,0.0
1245,9592,2,14.0,9,11,SOFT,0.0
1245,9592,2,77.0,9,12,SOFT,0.0
1245,9592,2,23.0,9,12,SOFT,0.0
1245,9592,2,3.0,9,12,SOFT,0.0
1245,9592,3,1.0,9,13,SOFT,1.0
1245,9592,2,31.0,9,16,SOFT,0.0
1245,9592,2,11.0,10,12,SOFT,0.0
1245,9592,2,18.0,10,15,SOFT,0.0
1245,9592,4,44.0,11,15,HARD,3.0
1245,9592,3,16.0,11,15,SOFT,0.0
1245,9592,2,24.0,11,18,SOFT,0.0
1245,9592,3,3.0,12,13,SOFT,3.0
1245,9592,3,81.0,12,13,SOFT,4.0
1245,9592,3,55.0,12,14,SOFT,3.0
1245,9592,3,4.0,12,19,MEDIUM,6.0
1245,9592,3,43.0,12,24,MEDIUM,6.0
1245,9592,3,22.0,12,25,MEDIUM,5.0
1245,9592,3,14.0,12,26,MEDIUM,7.0
1245,9592,3,23.0,13,23,MEDIUM,7.0
1245,9592,3,11.0,13,24,MEDIUM,8.0
1245,9592,3,27.0,13,25,MEDIUM,5.0
1245,9592,3,77.0,13,25,MEDIUM,7.0
1245,9592,3,50.0,13,25,MEDIUM,6.0
1245,9592,2,63.0,14,16,SOFT,0.0
1245,9592,3,10.0,14,23,MEDIUM,6.0
1245,9592,4,1.0,14,25,MEDIUM,6.0
1245,9592,4,81.0,14,26,MEDIUM,6.0
1245,9592,4,3.0,14,27,MEDIUM,7.0
1245,9592,4,55.0,15,26,MEDIUM,7.0
1245,9592,4,16.0,16,21,MEDIUM,9.0
1245,9592,5,44.0,16,23,HARD,6.0
1245,9592,3,18.0,16,25,MEDIUM,8.0
1245,9592,3,63.0,17,17,SOFT,3.0
1245,9592,3,31.0,17,25,MEDIUM,7.0
1245,9592,3,24.0,19,19,SOFT,8.0
1245,9592,4,4.0,20,26,SOFT,4.0
1245,9592,4,24.0,20,26,MEDIUM,9.0
1245,9592,4,23.0,24,26,SOFT,4.0
1245,9593,1,18.0,1,1,MEDIUM,0.0
1245,9593,1,1.0,1,2,SOFT,0.0
1245,9593,1,3.0,1,2,MEDIUM,0.0
1245,9593,1,10.0,1,2,SOFT,0.0
1245,9593,1,11.0,1,2,SOFT,0.0
1245,9593,1,14.0,1,2,MEDIUM,0.0
1245,9593,1,22.0,1,2,HARD,0.0
1245,9593,1,24.0,1,2,HARD,0.0
1245,9593,1,31.0,1,2,SOFT,0.0
1245,9593,1,77.0,1,2,HARD,0.0
1245,9593,1,81.0,1,2,SOFT,0.0
1245,9593,1,4.0,1,3,SOFT,0.0
1245,9593,1,16.0,1,3,SOFT,0.0
1245,9593,1,50.0,1,3,SOFT,0.0
1245,9593,1,55.0,1,3,SOFT,0.0
1245,9593,1,27.0,1,4,SOFT,0.0
1245,9593,1,23.0,1,5,SOFT,0.0
1245,9593,1,44.0,1,5,SOFT,0.0
1245,9593,1,43.0,1,6,SOFT,0.0
1245,9593,1,63.0,1,6,SOFT,0.0
1245,9593,2,18.0,2,3,HARD,0.0
1245,9593,2,24.0,3,3,HARD,0.0
1245,9593,2,22.0,3,3,HARD,0.0
1245,9593,2,77.0,3,3,HARD,0.0
1245,9593,2,14.0,3,3,HARD,0.0
1245,9593,2,3.0,3,3,HARD,0.0
1245,9593,2,1.0,3,6,SOFT,0.0
1245,9593,2,10.0,3,6,SOFT,0.0
1245,9593,2,11.0,3,7,SOFT,0.0
1245,9593,2,81.0,3,8,SOFT,1.0
1245,9593,3,24.0,4,4,MEDIUM,0.0
1245,9593,3,22.0,4,4,MEDIUM,0.0
1245,9593,3,77.0,4,4,MEDIUM,0.0
1245,9593,3,18.0,4,4,HARD,0.0
1245,9593,3,14.0,4,4,HARD,0.0
1245,9593,3,3.0,4,4,HARD,0.0
1245,9593,2,4.0,4,5,SOFT,2.0
1245,9593,2,55.0,4,7,SOFT,2.0
1245,9593,2,16.0,4,8,SOFT,2.0
1245,9593,4,24.0,5,6,SOFT,0.0
1245,9593,4,77.0,5,6,SOFT,0.0
1245,9593,3,4.0,5,6,SOFT,3.0
1245,9593,4,14.0,5,8,SOFT,0.0
1245,9593,4,3.0,5,8,SOFT,0.0
1245,9593,4,22.0,5,8,SOFT,0.0
1245,9593,4,18.0,5,9,SOFT,0.0
1245,9593,2,27.0,5,9,SOFT,0.0
1245,9593,2,43.0,6,8,SOFT,4.0
1245,9593,2,23.0,6,8,SOFT,4.0
1245,9593,2,44.0,6,9,SOFT,4.0
1245,9593,3,10.0,7,9,SOFT,5.0
1245,9593,3,1.0,7,9,SOFT,4.0
1245,9593,2,63.0,7,10,SOFT,5.0
1245,9593,5,24.0,7,11,SOFT,2.0
1245,9593,5,77.0,7,11,SOFT,0.0
1245,9593,4,4.0,7,11,SOFT,5.0
1245,9593,3,11.0,7,17,SOFT,1.0
1245,9593,3,16.0,8,10,SOFT,6.0
1245,9593,3,55.0,8,11,SOFT,0.0
1245,9593,3,81.0,8,11,SOFT,0.0
1245,9593,5,3.0,9,11,SOFT,0.0
1245,9593,5,22.0,9,11,SOFT,4.0
1245,9593,5,14.0,9,11,SOFT,4.0
1245,9593,3,23.0,9,12,SOFT,0.0
1245,9593,3,43.0,9,13,SOFT,0.0
1245,9593,3,27.0,9,14,SOFT,0.0
1245,9593,5,18.0,10,13,SOFT,0.0
1245,9593,3,44.0,10,14,SOFT,0.0
1245,9593,4,10.0,10,16,SOFT,0.0
1245,9593,4,1.0,10,17,SOFT,1.0
1245,9593,6,77.0,11,13,SOFT,6.0
1245,9593,4,16.0,11,13,SOFT,0.0
1245,9593,6,24.0,11,15,SOFT,0.0
1245,9593,3,63.0,11,16,SOFT,0.0
1245,9593,5,4.0,11,16,SOFT,0.0
1245,9593,4,55.0,11,18,SOFT,0.0
1245,9593,4,81.0,12,12,SOFT,4.0
1245,9593,6,14.0,12,16,SOFT,0.0
1245,9593,6,22.0,12,18,SOFT,0.0
1245,9593,6,3.0,12,19,SOFT,0.0
1245,9593,5,81.0,13,15,SOFT,5.0
1245,9593,4,23.0,13,15,SOFT,7.0
1245,9593,6,18.0,13,20,SOFT,0.0
1245,9593,4,43.0,14,16,SOFT,7.0
1245,9593,5,16.0,14,18,SOFT,3.0
1245,9593,7,77.0,14,19,SOFT,0.0
1245,9593,7,24.0,16,21,SOFT,0.0
1245,9594,1,10.0,1,4,SOFT,0.0
1245,9594,1,31.0,1,4,SOFT,0.0
1245,9594,1,14.0,1,5,SOFT,0.0
1245,9594,1,63.0,1,5,MEDIUM,0.0
1245,9594,1,77.0,1,5,SOFT,0.0
1245,9594,1,1.0,1,6,SOFT,0.0
1245,9594,1,3.0,1,6,SOFT,0.0
1245,9594,1,22.0,1,6,SOFT,0.0
1245,9594,1,23.0,1,6,SOFT,0.0
1245,9594,1,24.0,1,6,SOFT,0.0
1245,9594,1,27.0,1,6,SOFT,0.0
1245,9594,1,43.0,1,6,SOFT,0.0
1245,9594,1,44.0,1,6,MEDIUM,0.0
1245,9594,1,50.0,1,6,SOFT,0.0
1245,9594,1,4.0,1,7,SOFT,0.0
1245,9594,1,18.0,1,7,SOFT,0.0
1245,9594,1,81.0,1,7,SOFT,0.0
1245,9594,1,11.0,1,8,SOFT,0.0
1245,9594,1,16.0,1,8,SOFT,0.0
1245,9594,1,55.0,1,11,SOFT,0.0
1245,9594,2,31.0,5,7,SOFT,0.0
1245,9594,2,10.0,5,8,SOFT,0.0
1245,9594,2,77.0,6,8,SOFT,0.0
1245,9594,2,14.0,6,9,SOFT,0.0
1245,9594,2,63.0,6,10,SOFT,0.0
1245,9594,2,44.0,6,12,SOFT,0.0
1245,9594,2,4.0,7,8,SOFT,5.0
1245,9594,2,43.0,7,9,SOFT,0.0
1245,9594,2,27.0,7,9,SOFT,0.0
1245,9594,2,81.0,7,9,SOFT,5.0
1245,9594,2,3.0,7,10,SOFT,0.0
1245,9594,2,23.0,7,10,SOFT,0.0
1245,9594,2,50.0,7,10,SOFT,0.0
1245,9594,2,1.0,7,10,SOFT,5.0
1245,9594,2,18.0,7,10,SOFT,0.0
1245,9594,2,24.0,7,11,SOFT,0.0
1245,9594,2,22.0,7,12,SOFT,0.0
1245,9594,3,31.0,8,9,SOFT,0.0
1245,9594,2,16.0,8,10,SOFT,6.0
1245,9594,3,10.0,8,11,SOFT,0.0
1245,9594,2,11.0,8,11,SOFT,0.0
1245,9594,3,14.0,9,11,SOFT,3.0
1245,9594,3,23.0,10,12,SOFT,3.0
1245,9594,3,63.0,10,12,SOFT,4.0
1245,9594,3,81.0,10,12,SOFT,0.0
1245,9594,3,27.0,10,12,SOFT,3.0
1245,9594,3,50.0,10,12,SOFT,3.0
1245,9594,3,1.0,10,12,SOFT,0.0
1245,9594,3,18.0,10,12,SOFT,3.0
1245,9594,3,43.0,10,13,SOFT,3.0
1245,9594,2,55.0,11,13,SOFT,9.0
1245,9594,4,10.0,11,13,SOFT,3.0
1245,9594,3,11.0,11,13,SOFT,0.0
1245,9594,3,16.0,11,15,SOFT,0.0
1245,9594,3,22.0,12,14,SOFT,5.0
1245,9594,3,44.0,12,15,SOFT,6.0
1245,9594,4,14.0,12,15,SOFT,0.0
1245,9594,4,81.0,13,14,SOFT,0.0
1245,9594,4,27.0,13,15,SOFT,0.0
1245,9594,4,18.0,13,15,SOFT,0.0
1245,9594,4,50.0,13,15,SOFT,0.0
1245,9594,4,1.0,13,15,SOFT,3.0
1245,9594,4,23.0,13,16,SOFT,0.0
1245,9594,4,63.0,13,16,SOFT,0.0
1245,9594,4,43.0,13,16,SOFT,0.0
1245,9594,5,10.0,14,16,SOFT,0.0
1245,9594,4,11.0,14,16,SOFT,0.0
1245,9594,3,55.0,14,18,SOFT,0.0
1245,9594,4,22.0,15,17,SOFT,0.0
1245,9594,5,81.0,15,17,SOFT,0.0
1245,9594,5,14.0,15,17,SOFT,3.0
1245,9594,4,44.0,15,18,SOFT,0.0
1245,9594,5,63.0,16,18,SOFT,0.0
1245,9594,4,16.0,16,18,SOFT,0.0
1245,9594,5,1.0,16,18,SOFT,0.0
1245,9594,5,23.0,16,18,SOFT,3.0
1245,9594,5,43.0,16,18,SOFT,3.0
1245,9594,5,44.0,18,20,SOFT,0.0
1245,9594,6,81.0,18,20,SOFT,0.0
1245,9594,6,14.0,18,20,SOFT,0.0
1245,9594,6,23.0,19,20,SOFT,0.0
1245,9594,4,55.0,19,21,SOFT,0.0
1245,9594,6,63.0,19,21,SOFT,0.0
1245,9594,5,16.0,19,21,SOFT,0.0
1245,9594,6,43.0,19,21,SOFT,0.0
1245,9594,6,1.0,19,21,SOFT,0.0
1245,9594,6,44.0,21,23,SOFT,0.0
1245,9594,5,55.0,22,24,SOFT,0.0
1245,9598,1,18.0,1,1,MEDIUM,1.0
1245,9598,1,43.0,1,10,MEDIUM,0.0
1245,9598,1,14.0,1,11,MEDIUM,1.0
1245,9598,1,77.0,1,11,MEDIUM,1.0
1245,9598,1,63.0,1,12,MEDIUM,0.0
1245,9598,1,1.0,1,12,MEDIUM,0.0
1245,9598,1,22.0,1,12,MEDIUM,1.0
1245,9598,1,44.0,1,12,MEDIUM,0.0
1245,9598,1,11.0,1,13,MEDIUM,0.0
1245,9598,1,50.0,1,14,MEDIUM,0.0
1245,9598,1,81.0,1,15,MEDIUM,0.0
1245,9598,1,27.0,1,15,MEDIUM,0.0
1245,9598,1,16.0,1,16,MEDIUM,0.0
1245,9598,1,55.0,1,17,MEDIUM,0.0
1245,9598,1,23.0,1,31,HARD,0.0
1245,9598,1,24.0,1,34,HARD,1.0
1245,9598,1,4.0,1,37,HARD,0.0
1245,9598,1,3.0,1,49,HARD,1.0
1245,9598,1,31.0,1,49,HARD,3.0
1245,9598,1,10.0,1,50,HARD,0.0
1245,9598,2,18.0,2,22,HARD,1.0
1245,9598,2,43.0,11,52,HARD,0.0
1245,9598,2,77.0,12,51,HARD,1.0
1245,9598,2,14.0,12,52,HARD,0.0
1245,9598,2,22.0,13,15,HARD,1.0
1245,9598,2,1.0,13,49,HARD,0.0
1245,9598,2,63.0,13,52,HARD,0.0
1245,9598,2,44.0,13,52,HARD,0.0
1245,9598,2,11.0,14,50,HARD,0.0
1245,9598,2,50.0,15,52,HARD,0.0
1245,9598,2,81.0,16,52,HARD,0.0
1245,9598,2,27.0,16,52,HARD,0.0
1245,9598,2,16.0,17,52,HARD,0.0
1245,9598,2,55.0,18,50,HARD,0.0
1245,9598,3,18.0,23,46,HARD,0.0
1245,9598,2,23.0,32,52,MEDIUM,0.0
1245,9598,2,24.0,35,52,MEDIUM,1.0
1245,9598,2,4.0,38,52,MEDIUM,0.0
1245,9598,2,31.0,50,51,SOFT,0.0
1245,9598,3,1.0,50,52,SOFT,3.0
1245,9598,2,3.0,50,52,SOFT,0.0
1245,9598,2,10.0,51,52,SOFT,0.0
1246,9599,1,3.0,1,3,HARD,0.0
1246,9599,1,27.0,1,6,HARD,0.0
1246,9599,1,55.0,1,6,HARD,0.0
1246,9599,1,1.0,1,8,MEDIUM,0.0
1246,9599,1,4.0,1,8,MEDIUM,0.0
1246,9599,1,20.0,1,8,HARD,0.0
1246,9599,1,44.0,1,8,HARD,0.0
1246,9599,1,81.0,1,8,HARD,0.0
1246,9599,1,11.0,1,9,MEDIUM,0.0
1246,9599,1,18.0,1,10,HARD,0.0
1246,9599,1,23.0,1,10,HARD,0.0
1246,9599,1,24.0,1,10,HARD,0.0
1246,9599,1,43.0,1,10,MEDIUM,0.0
1246,9599,1,63.0,1,10,HARD,0.0
1246,9599,1,77.0,1,11,MEDIUM,0.0
1246,9599,1,10.0,1,12,HARD,0.0
1246,9599,1,14.0,1,12,HARD,0.0
1246,9599,1,16.0,1,12,HARD,0.0
1246,9599,1,22.0,1,12,MEDIUM,0.0
1246,9599,1,31.0,1,13,MEDIUM,0.0
1246,9599,2,3.0,4,10,HARD,2.0
1246,9599,2,27.0,7,9,HARD,0.0
1246,9599,2,55.0,7,12,HARD,5.0
1246,9599,2,1.0,9,10,SOFT,0.0
1246,9599,2,4.0,9,11,SOFT,0.0
1246,9599,2,44.0,9,13,SOFT,0.0
1246,9599,2,20.0,9,14,SOFT,0.0
1246,9599,2,81.0,9,14,SOFT,0.0
1246,9599,3,27.0,10,12,SOFT,0.0
1246,9599,2,11.0,10,15,SOFT,0.0
1246,9599,2,63.0,11,13,SOFT,0.0
1246,9599,3,1.0,11,14,SOFT,0.0
1246,9599,3,3.0,11,15,SOFT,0.0
1246,9599,2,23.0,11,16,SOFT,0.0
1246,9599,2,24.0,11,16,SOFT,0.0
1246,9599,2,43.0,11,16,SOFT,0.0
1246,9599,2,18.0,11,22,SOFT,0.0
1246,9599,3,4.0,12,14,SOFT,0.0
1246,9599,2,22.0,12,16,SOFT,0.0
1246,9599,2,77.0,12,17,SOFT,0.0
1246,9599,2,14.0,12,18,SOFT,0.0
1246,9599,2,16.0,13,15,SOFT,0.0
1246,9599,3,55.0,13,15,SOFT,0.0
1246,9599,4,27.0,13,15,SOFT,3.0
1246,9599,2,10.0,13,28,SOFT,0.0
1246,9599,3,44.0,14,25,HARD,0.0
1246,9599,3,63.0,14,26,HARD,0.0
1246,9599,2,31.0,14,28,SOFT,0.0
1246,9599,3,81.0,15,19,SOFT,0.0
1246,9599,3,20.0,15,22,HARD,7.0
1246,9599,4,1.0,15,23,MEDIUM,7.0
1246,9599,4,4.0,15,26,MEDIUM,0.0
1246,9599,3,16.0,16,20,UNKNOWN,0.0
1246,9599,4,55.0,16,20,SOFT,0.0
1246,9599,4,3.0,16,22,SOFT,5.0
1246,9599,3,11.0,16,23,SOFT,0.0
1246,9599,5,27.0,16,25,HARD,8.0
1246,9599,3,22.0,16,27,MEDIUM,0.0
1246,9599,3,24.0,17,25,HARD,9.0
1246,9599,3,43.0,17,26,MEDIUM,9.0
1246,9599,3,23.0,17,26,HARD,0.0
1246,9599,3,77.0,18,26,MEDIUM,0.0
1246,9599,3,14.0,19,27,HARD,0.0
1246,9599,4,81.0,20,26,SOFT,0.0
1246,9599,4,16.0,21,27,HARD,0.0
1246,9599,5,55.0,21,28,HARD,0.0
1246,9600,1,11.0,1,4,HARD,0.0
1246,9600,1,44.0,1,6,MEDIUM,0.0
1246,9600,1,63.0,1,6,MEDIUM,0.0
1246,9600,1,1.0,1,7,HARD,0.0
1246,9600,1,3.0,1,7,MEDIUM,0.0
1246,9600,1,16.0,1,7,MEDIUM,0.0
1246,9600,1,4.0,1,8,HARD,0.0
1246,9600,1,10.0,1,8,MEDIUM,0.0
1246,9600,1,20.0,1,8,MEDIUM,0.0
1246,9600,1,27.0,1,8,MEDIUM,0.0
1246,9600,1,31.0,1,8,HARD,0.0
1246,9600,1,43.0,1,8,HARD,0.0
1246,9600,1,77.0,1,8,HARD,0.0
1246,9600,1,81.0,1,8,MEDIUM,0.0
1246,9600,1,22.0,1,9,HARD,0.0
1246,9600,1,23.0,1,9,MEDIUM,0.0
1246,9600,1,24.0,1,9,MEDIUM,0.0
1246,9600,1,14.0,1,10,MEDIUM,0.0
1246,9600,1,18.0,1,10,MEDIUM,0.0
1246,9600,1,55.0,1,11,MEDIUM,0.0
1246,9600,2,11.0,5,9,HARD,3.0
1246,9600,2,63.0,7,9,MEDIUM,5.0
1246,9600,2,44.0,7,9,MEDIUM,5.0
1246,9600,2,16.0,8,10,MEDIUM,0.0
1246,9600,2,1.0,8,12,SOFT,0.0
1246,9600,2,3.0,8,12,SOFT,0.0
1246,9600,2,23.0,9,11,SOFT,0.0
1246,9600,2,43.0,9,11,SOFT,0.0
1246,9600,2,10.0,9,11,SOFT,0.0
1246,9600,2,81.0,9,11,SOFT,0.0
1246,9600,2,27.0,9,11,SOFT,0.0
1246,9600,2,4.0,9,12,SOFT,0.0
1246,9600,2,77.0,9,14,SOFT,0.0
1246,9600,2,20.0,9,14,SOFT,0.0
1246,9600,2,31.0,9,14,SOFT,0.0
1246,9600,3,63.0,10,12,SOFT,0.0
1246,9600,2,24.0,10,12,SOFT,0.0
1246,9600,3,11.0,10,12,SOFT,0.0
1246,9600,2,14.0,10,12,SOFT,0.0
1246,9600,3,44.0,10,12,SOFT,0.0
1246,9600,2,22.0,10,15,SOFT,0.0
1246,9600,3,16.0,11,13,SOFT,0.0
1246,9600,2,18.0,11,17,SOFT,0.0
1246,9600,3,27.0,12,13,SOFT,0.0
1246,9600,2,55.0,12,14,SOFT,0.0
1246,9600,3,81.0,12,14,SOFT,0.0
1246,9600,3,10.0,12,14,SOFT,3.0
1246,9600,3,43.0,12,14,SOFT,0.0
1246,9600,3,23.0,12,14,SOFT,0.0
1246,9600,3,4.0,12,15,SOFT,3.0
1246,9600,4,63.0,13,14,SOFT,0.0
1246,9600,3,1.0,13,14,SOFT,5.0
1246,9600,3,24.0,13,15,SOFT,0.0
1246,9600,4,11.0,13,15,SOFT,3.0
1246,9600,3,14.0,13,15,SOFT,0.0
1246,9600,4,44.0,13,25,MEDIUM,0.0
1246,9600,3,3.0,13,27,MEDIUM,6.0
1246,9600,4,16.0,14,16,SOFT,0.0
1246,9600,4,27.0,14,27,MEDIUM,7.0
1246,9600,3,77.0,15,15,SOFT,6.0
1246,9600,4,81.0,15,16,MEDIUM,7.0
1246,9600,4,43.0,15,16,SOFT,6.0
1246,9600,3,55.0,15,17,SOFT,0.0
1246,9600,4,23.0,15,24,MEDIUM,0.0
1246,9600,4,1.0,15,25,HARD,6.0
1246,9600,5,63.0,15,26,MEDIUM,0.0
1246,9600,3,20.0,15,27,SOFT,6.0
1246,9600,4,10.0,15,28,MEDIUM,0.0
1246,9600,3,31.0,15,28,HARD,0.0
1246,9600,4,24.0,16,16,SOFT,0.0
1246,9600,4,4.0,16,24,SOFT,0.0
1246,9600,4,14.0,16,26,SOFT,0.0
1246,9600,5,11.0,16,26,HARD,0.0
1246,9600,4,77.0,16,27,HARD,0.0
1246,9600,5,43.0,16,27,HARD,7.0
1246,9600,3,22.0,16,29,HARD,0.0
1246,9600,5,81.0,17,20,MEDIUM,9.0
1246,9600,5,24.0,17,27,MEDIUM,0.0
1246,9600,5,16.0,17,28,MEDIUM,0.0
1246,9600,3,18.0,18,26,MEDIUM,0.0
1246,9600,4,55.0,18,28,MEDIUM,0.0
1246,9600,6,81.0,21,28,MEDIUM,0.0
1246,9600,5,23.0,25,27,SOFT,0.0
1246,9600,5,4.0,25,28,HARD,7.0
1246,9601,1,14.0,1,2,MEDIUM,0.0
1246,9601,1,18.0,1,2,MEDIUM,0.0
1246,9601,1,20.0,1,4,MEDIUM,0.0
1246,9601,1,43.0,1,4,SOFT,0.0
1246,9601,1,77.0,1,4,SOFT,0.0
1246,9601,1,23.0,1,5,MEDIUM,0.0
1246,9601,1,1.0,1,6,MEDIUM,0.0
1246,9601,1,11.0,1,6,MEDIUM,0.0
1246,9601,1,44.0,1,6,MEDIUM,0.0
1246,9601,1,24.0,1,7,SOFT,0.0
1246,9601,1,27.0,1,7,MEDIUM,0.0
1246,9601,1,4.0,1,8,MEDIUM,0.0
1246,9601,1,55.0,1,8,MEDIUM,0.0
1246,9601,1,81.0,1,8,MEDIUM,0.0
1246,9601,1,3.0,1,9,MEDIUM,0.0
1246,9601,1,63.0,1,9,MEDIUM,0.0
1246,9601,1,16.0,1,10,MEDIUM,0.0
1246,9601,1,22.0,1,10,MEDIUM,0.0
1246,9601,1,31.0,1,13,MEDIUM,0.0
1246,9601,1,10.0,1,15,MEDIUM,0.0
1246,9601,2,14.0,3,3,HARD,0.0
1246,9601,2,18.0,3,3,HARD,0.0
1246,9601,3,14.0,4,4,MEDIUM,0.0
1246,9601,3,18.0,4,4,MEDIUM,0.0
1246,9601,2,20.0,5,7,MEDIUM,3.0
1246,9601,2,43.0,5,7,SOFT,0.0
1246,9601,4,18.0,5,9,MEDIUM,1.0
1246,9601,4,14.0,5,9,MEDIUM,1.0
1246,9601,2,77.0,5,10,SOFT,3.0
1246,9601,2,23.0,6,8,SOFT,0.0
1246,9601,2,44.0,7,9,MEDIUM,5.0
1246,9601,2,11.0,7,9,MEDIUM,5.0
1246,9601,2,1.0,7,10,MEDIUM,5.0
1246,9601,2,24.0,8,10,SOFT,6.0
1246,9601,3,43.0,8,10,SOFT,0.0
1246,9601,2,27.0,8,10,SOFT,0.0
1246,9601,3,20.0,8,10,SOFT,0.0
1246,9601,2,81.0,9,11,SOFT,0.0
1246,9601,2,4.0,9,11,SOFT,0.0
1246,9601,3,23.0,9,11,SOFT,3.0
1246,9601,2,55.0,9,14,MEDIUM,7.0
1246,9601,2,3.0,10,11,MEDIUM,8.0
1246,9601,3,1.0,10,12,SOFT,0.0
1246,9601,5,14.0,10,14,MEDIUM,6.0
1246,9601,5,18.0,10,15,MEDIUM,6.0
1246,9601,2,63.0,10,16,SOFT,0.0
1246,9601,3,11.0,10,16,SOFT,0.0
1246,9601,3,44.0,10,17,SOFT,0.0
1246,9601,3,24.0,11,11,SOFT,9.0
1246,9601,3,77.0,11,12,SOFT,0.0
1246,9601,2,16.0,11,13,MEDIUM,9.0
1246,9601,2,22.0,11,13,SOFT,0.0
1246,9601,4,43.0,11,13,SOFT,0.0
1246,9601,3,27.0,11,15,SOFT,0.0
1246,9601,4,20.0,11,15,SOFT,3.0
1246,9601,3,3.0,11,18,SOFT,0.0
1246,9601,4,24.0,12,14,SOFT,0.0
1246,9601,3,81.0,12,14,SOFT,3.0
1246,9601,3,4.0,12,14,SOFT,3.0
1246,9601,4,77.0,12,14,SOFT,0.0
1246,9601,4,23.0,12,14,SOFT,6.0
1246,9601,4,1.0,13,17,SOFT,3.0
1246,9601,2,31.0,14,16,SOFT,0.0
1246,9601,5,43.0,14,16,SOFT,6.0
1246,9601,3,16.0,14,17,SOFT,0.0
1246,9601,3,22.0,14,17,SOFT,3.0
1246,9601,3,55.0,15,17,SOFT,0.0
1246,9601,5,24.0,15,17,SOFT,3.0
1246,9601,4,81.0,15,17,MEDIUM,7.0
1246,9601,4,4.0,15,17,MEDIUM,7.0
1246,9601,5,77.0,15,18,SOFT,0.0
1246,9601,6,14.0,15,24,SOFT,0.0
1246,9601,2,10.0,16,23,SOFT,0.0
1246,9601,6,18.0,16,25,SOFT,0.0
1246,9601,3,63.0,17,20,MEDIUM,0.0
1246,9601,3,31.0,17,21,SOFT,3.0
1246,9601,6,24.0,18,20,SOFT,0.0
1246,9601,4,44.0,18,20,MEDIUM,8.0
1246,9601,4,16.0,18,21,SOFT,0.0
1246,9601,4,55.0,18,21,SOFT,3.0
1246,9602,1,63.0,1,4,SOFT,0.0
1246,9602,1,81.0,1,4,SOFT,0.0
1246,9602,1,44.0,1,4,SOFT,0.0
1246,9602,1,23.0,1,4,SOFT,0.0
1246,9602,1,43.0,1,4,SOFT,0.0
1246,9602,1,14.0,1,4,SOFT,0.0
1246,9602,1,22.0,1,4,SOFT,0.0
1246,9602,1,27.0,1,4,SOFT,0.0
1246,9602,1,20.0,1,4,SOFT,0.0
1246,9602,1,10.0,1,4,SOFT,0.0
1246,9602,1,31.0,1,4,SOFT,0.0
1246,9602,1,77.0,1,4,SOFT,0.0
1246,9602,1,24.0,1,4,SOFT,0.0
1246,9602,1,4.0,1,5,SOFT,0.0
1246,9602,1,1.0,1,5,SOFT,0.0
1246,9602,1,3.0,1,5,SOFT,0.0
1246,9602,1,18.0,1,5,SOFT,0.0
1246,9602,1,11.0,1,6,SOFT,0.0
1246,9602,1,16.0,1,7,SOFT,0.0
1246,9602,1,55.0,1,7,SOFT,0.0
1246,9602,2,31.0,5,7,SOFT,0.0
1246,9602,2,24.0,5,7,SOFT,0.0
1246,9602,2,77.0,5,7,SOFT,0.0
1246,9602,2,10.0,5,7,SOFT,0.0
1246,9602,2,81.0,5,7,SOFT,0.0
1246,9602,2,3.0,5,7,SOFT,0.0
1246,9602,2,43.0,5,7,SOFT,0.0
1246,9602,2,18.0,5,7,SOFT,0.0
1246,9602,2,23.0,5,8,SOFT,0.0
1246,9602,2,4.0,5,8,SOFT,0.0
1246,9602,2,44.0,5,8,SOFT,0.0
1246,9602,2,63.0,5,8,SOFT,0.0
1246,9602,2,1.0,5,8,SOFT,0.0
1246,9602,2,14.0,5,8,SOFT,0.0
1246,9602,2,20.0,5,8,SOFT,0.0
1246,9602,2,22.0,5,8,SOFT,0.0
1246,9602,2,27.0,5,8,SOFT,0.0
1246,9602,2,11.0,7,10,SOFT,0.0
1246,9602,3,31.0,8,10,SOFT,0.0
1246,9602,3,77.0,8,10,SOFT,0.0
1246,9602,3,24.0,8,10,SOFT,0.0
1246,9602,3,10.0,8,10,SOFT,0.0
1246,9602,2,16.0,8,10,SOFT,0.0
1246,9602,3,1.0,8,10,SOFT,3.0
1246,9602,3,23.0,8,10,SOFT,0.0
1246,9602,3,43.0,8,10,SOFT,0.0
1246,9602,3,20.0,8,10,SOFT,0.0
1246,9602,3,27.0,8,10,SOFT,0.0
1246,9602,3,4.0,8,10,SOFT,0.0
1246,9602,3,81.0,8,10,SOFT,0.0
1246,9602,3,22.0,8,10,SOFT,0.0
1246,9602,3,14.0,8,10,SOFT,0.0
1246,9602,3,44.0,8,10,SOFT,0.0
1246,9602,3,63.0,8,10,SOFT,0.0
1246,9602,2,55.0,8,11,SOFT,0.0
1246,9602,3,11.0,10,12,SOFT,0.0
1246,9602,3,16.0,10,12,SOFT,2.0
1246,9602,4,44.0,11,12,SOFT,3.0
1246,9602,3,55.0,11,13,SOFT,2.0
1246,9602,4,31.0,11,13,SOFT,0.0
1246,9602,4,1.0,11,13,SOFT,0.0
1246,9602,4,20.0,11,13,SOFT,0.0
1246,9602,4,23.0,11,13,SOFT,0.0
1246,9602,4,43.0,11,13,SOFT,0.0
1246,9602,4,4.0,11,13,SOFT,0.0
1246,9602,4,81.0,11,14,SOFT,0.0
1246,9602,4,14.0,11,14,SOFT,0.0
1246,9602,4,22.0,11,14,SOFT,0.0
1246,9602,4,27.0,11,14,SOFT,0.0
1246,9602,4,63.0,11,14,SOFT,3.0
1246,9602,4,11.0,13,15,SOFT,0.0
1246,9602,5,4.0,13,15,SOFT,0.0
1246,9602,5,44.0,13,15,SOFT,0.0
1246,9602,4,16.0,13,16,SOFT,0.0
1246,9602,5,31.0,14,16,SOFT,0.0
1246,9602,5,81.0,14,16,SOFT,0.0
1246,9602,5,22.0,14,16,SOFT,3.0
1246,9602,5,63.0,14,16,SOFT,0.0
1246,9602,5,14.0,14,16,SOFT,3.0
1246,9602,4,55.0,14,17,SOFT,0.0
1246,9602,5,27.0,14,17,SOFT,3.0
1246,9602,5,1.0,14,17,SOFT,0.0
1246,9602,6,4.0,15,17,SOFT,0.0
1246,9602,6,44.0,15,17,SOFT,0.0
1246,9602,5,16.0,16,17,SOFT,0.0
1246,9602,6,14.0,16,18,SOFT,0.0
1246,9602,6,63.0,16,18,SOFT,0.0
1246,9602,6,22.0,16,18,SOFT,0.0
1246,9602,5,55.0,17,17,SOFT,0.0
1246,9602,6,81.0,17,19,SOFT,0.0
1246,9602,6,27.0,17,19,SOFT,0.0
1246,9602,6,1.0,17,19,SOFT,0.0
1246,9602,6,16.0,18,20,SOFT,0.0
1246,9606,1,3.0,1,10,SOFT,0.0
1246,9606,1,23.0,1,11,MEDIUM,0.0
1246,9606,1,55.0,1,13,MEDIUM,0.0
1246,9606,1,44.0,1,17,SOFT,2.0
1246,9606,1,14.0,1,25,MEDIUM,1.0
1246,9606,1,18.0,1,26,HARD,1.0
1246,9606,1,63.0,1,27,MEDIUM,0.0
1246,9606,1,11.0,1,28,MEDIUM,0.0
1246,9606,1,20.0,1,28,HARD,0.0
1246,9606,1,1.0,1,29,MEDIUM,0.0
1246,9606,1,27.0,1,29,MEDIUM,0.0
1246,9606,1,43.0,1,29,MEDIUM,0.0
1246,9606,1,31.0,1,29,MEDIUM,0.0
1246,9606,1,4.0,1,30,MEDIUM,0.0
1246,9606,1,22.0,1,33,MEDIUM,0.0
1246,9606,1,77.0,1,34,HARD,0.0
1246,9606,1,24.0,1,34,HARD,0.0
1246,9606,1,16.0,1,36,MEDIUM,0.0
1246,9606,1,10.0,1,37,MEDIUM,0.0
1246,9606,1,81.0,1,38,MEDIUM,0.0
1246,9606,2,3.0,11,46,MEDIUM,0.0
1246,9606,2,23.0,12,16,HARD,0.0
1246,9606,2,55.0,14,63,HARD,0.0
1246,9606,2,44.0,18,63,HARD,0.0
1246,9606,2,14.0,26,62,HARD,1.0
1246,9606,2,18.0,27,62,MEDIUM,1.0
1246,9606,2,63.0,28,63,HARD,0.0
1246,9606,2,20.0,29,49,MEDIUM,0.0
1246,9606,2,11.0,29,62,HARD,0.0
1246,9606,2,27.0,30,62,HARD,0.0
1246,9606,2,43.0,30,62,HARD,0.0
1246,9606,2,31.0,30,62,HARD,0.0
1246,9606,2,1.0,30,63,HARD,0.0
1246,9606,2,4.0,31,63,HARD,0.0
1246,9606,2,22.0,34,62,SOFT,0.0
1246,9606,2,77.0,34,62,MEDIUM,0.0
1246,9606,2,24.0,35,62,MEDIUM,0.0
1246,9606,2,16.0,37,63,HARD,0.0
1246,9606,2,10.0,38,62,SOFT,0.0
1246,9606,2,81.0,39,63,HARD,0.0
1246,9606,3,3.0,47,58,SOFT,0.0
1246,9606,3,20.0,50,58,SOFT,0.0
1246,9606,4,3.0,59,62,SOFT,3.0
1247,9607,1,18.0,1,2,HARD,0.0
1247,9607,1,14.0,1,2,HARD,0.0
1247,9607,1,77.0,1,6,MEDIUM,0.0
1247,9607,1,81.0,1,6,HARD,0.0
1247,9607,1,24.0,1,7,SOFT,0.0
1247,9607,1,44.0,1,7,HARD,0.0
1247,9607,1,4.0,1,7,HARD,0.0
1247,9607,1,10.0,1,8,HARD,0.0
1247,9607,1,1.0,1,8,HARD,0.0
1247,9607,1,27.0,1,8,HARD,0.0
1247,9607,1,20.0,1,8,HARD,0.0
1247,9607,1,22.0,1,9,HARD,0.0
1247,9607,1,55.0,1,10,HARD,0.0
1247,9607,1,11.0,1,10,HARD,0.0
1247,9607,1,43.0,1,10,HARD,0.0
1247,9607,1,31.0,1,10,HARD,0.0
1247,9607,1,63.0,1,11,HARD,0.0
1247,9607,1,23.0,1,11,HARD,0.0
1247,9607,1,16.0,1,13,HARD,0.0
1247,9607,1,30.0,1,14,HARD,0.0
1247,9607,2,14.0,3,7,HARD,0.0
1247,9607,2,18.0,3,9,HARD,0.0
1247,9607,2,81.0,7,11,HARD,0.0
1247,9607,2,77.0,7,12,MEDIUM,5.0
1247,9607,2,24.0,8,10,SOFT,6.0
1247,9607,2,4.0,8,11,HARD,6.0
1247,9607,2,44.0,8,11,HARD,0.0
1247,9607,3,14.0,8,12,HARD,5.0
1247,9607,2,1.0,9,14,SOFT,0.0
1247,9607,2,10.0,9,17,HARD,7.0
1247,9607,2,27.0,9,19,HARD,0.0
1247,9607,2,20.0,9,20,HARD,0.0
1247,9607,2,22.0,10,17,HARD,8.0
1247,9607,3,18.0,10,18,HARD,7.0
1247,9607,2,11.0,11,13,SOFT,0.0
1247,9607,3,44.0,11,15,HARD,9.0
1247,9607,3,24.0,11,16,SOFT,9.0
1247,9607,2,31.0,11,17,HARD,9.0
1247,9607,2,55.0,11,18,HARD,9.0
1247,9607,2,43.0,11,19,HARD,9.0
1247,9607,2,23.0,12,19,HARD,0.0
1247,9607,2,63.0,12,21,HARD,10.0
1247,9607,3,4.0,12,21,HARD,11.0
1247,9607,3,81.0,12,22,HARD,10.0
1247,9607,4,14.0,13,19,HARD,10.0
1247,9607,2,16.0,13,20,HARD,0.0
1247,9607,3,77.0,13,21,MEDIUM,11.0
1247,9607,3,11.0,14,16,SOFT,0.0
1247,9607,2,30.0,15,21,HARD,0.0
1247,9607,3,1.0,15,24,SOFT,0.0
1247,9607,4,44.0,16,23,SOFT,0.0
1247,9607,4,11.0,17,25,SOFT,6.0
1247,9607,3,22.0,18,18,HARD,16.0
1247,9607,3,31.0,18,25,SOFT,0.0
1247,9607,3,10.0,18,25,SOFT,0.0
1247,9607,3,55.0,19,21,SOFT,0.0
1247,9607,4,22.0,19,21,SOFT,0.0
1247,9607,3,23.0,19,23,SOFT,0.0
1247,9607,4,18.0,19,25,SOFT,0.0
1247,9607,5,14.0,20,22,SOFT,0.0
1247,9607,3,43.0,20,24,SOFT,0.0
1247,9607,3,27.0,20,25,SOFT,0.0
1247,9607,3,20.0,20,25,SOFT,0.0
1247,9607,3,16.0,21,28,SOFT,0.0
1247,9607,3,30.0,22,24,SOFT,0.0
1247,9607,4,55.0,22,26,SOFT,0.0
1247,9607,4,4.0,22,26,SOFT,0.0
1247,9607,4,77.0,22,27,SOFT,0.0
1247,9607,3,63.0,22,28,SOFT,0.0
1247,9607,6,14.0,23,25,HARD,0.0
1247,9607,4,81.0,23,27,SOFT,0.0
1247,9607,4,23.0,24,24,HARD,17.0
1247,9607,4,43.0,25,25,HARD,18.0
1247,9607,5,23.0,25,27,HARD,18.0
1247,9607,4,30.0,25,29,SOFT,3.0
1247,9607,5,43.0,26,28,HARD,19.0
1247,9608,1,43.0,1,3,SOFT,5.0
1247,9608,1,31.0,1,4,SOFT,0.0
1247,9608,1,23.0,1,4,SOFT,5.0
1247,9608,1,55.0,1,4,SOFT,3.0
1247,9608,1,4.0,1,4,SOFT,3.0
1247,9608,1,30.0,1,4,SOFT,0.0
1247,9608,1,10.0,1,4,SOFT,0.0
1247,9608,1,11.0,1,4,SOFT,0.0
1247,9608,1,81.0,1,4,SOFT,5.0
1247,9608,1,63.0,1,4,SOFT,3.0
1247,9608,1,27.0,1,4,SOFT,0.0
1247,9608,1,22.0,1,4,SOFT,3.0
1247,9608,1,77.0,1,4,SOFT,0.0
1247,9608,1,1.0,1,4,SOFT,3.0
1247,9608,1,14.0,1,4,SOFT,3.0
1247,9608,1,18.0,1,4,SOFT,7.0
1247,9608,1,24.0,1,4,SOFT,0.0
1247,9608,1,20.0,1,5,SOFT,3.0
1247,9608,1,44.0,1,5,SOFT,3.0
1247,9608,1,16.0,1,5,SOFT,3.0
1247,9608,2,43.0,3,5,SOFT,0.0
1247,9608,2,23.0,4,6,SOFT,0.0
1247,9608,2,30.0,4,6,SOFT,0.0
1247,9608,2,22.0,4,6,SOFT,0.0
1247,9608,2,18.0,4,6,SOFT,0.0
1247,9608,2,10.0,5,7,SOFT,0.0
1247,9608,2,31.0,5,7,SOFT,0.0
1247,9608,2,77.0,5,7,SOFT,0.0
1247,9608,2,14.0,5,7,SOFT,0.0
1247,9608,2,1.0,5,7,SOFT,0.0
1247,9608,2,44.0,5,7,SOFT,0.0
1247,9608,2,24.0,5,8,SOFT,0.0
1247,9608,2,63.0,5,8,SOFT,0.0
1247,9608,2,27.0,5,8,SOFT,0.0
1247,9608,2,20.0,5,8,SOFT,0.0
1247,9608,2,11.0,5,8,SOFT,0.0
1247,9608,2,55.0,5,10,SOFT,0.0
1247,9608,2,4.0,5,10,SOFT,0.0
1247,9608,2,16.0,5,11,SOFT,0.0
1247,9608,2,81.0,5,11,SOFT,0.0
1247,9608,3,43.0,6,7,SOFT,0.0
1247,9608,3,23.0,7,9,SOFT,0.0
1247,9608,3,22.0,7,10,SOFT,0.0
1247,9608,3,30.0,7,10,SOFT,0.0
1247,9608,3,18.0,7,10,SOFT,0.0
1247,9608,3,24.0,8,10,SOFT,0.0
1247,9608,3,77.0,8,10,SOFT,0.0
1247,9608,3,1.0,8,10,SOFT,3.0
1247,9608,3,27.0,8,10,SOFT,0.0
1247,9608,3,20.0,8,10,SOFT,0.0
1247,9608,3,63.0,8,10,SOFT,0.0
1247,9608,3,31.0,8,11,SOFT,0.0
1247,9608,3,14.0,8,11,SOFT,0.0
1247,9608,3,10.0,8,11,SOFT,0.0
1247,9608,3,11.0,8,11,SOFT,0.0
1247,9608,4,30.0,10,10,SOFT,3.0
1247,9608,3,55.0,10,12,SOFT,5.0
1247,9608,4,22.0,10,12,SOFT,0.0
1247,9608,4,18.0,10,13,SOFT,0.0
1247,9608,3,4.0,10,13,SOFT,0.0
1247,9608,5,30.0,11,11,SOFT,4.0
1247,9608,4,63.0,11,12,SOFT,0.0
1247,9608,4,10.0,11,13,SOFT,0.0
1247,9608,3,16.0,11,13,SOFT,6.0
1247,9608,4,31.0,11,13,SOFT,0.0
1247,9608,3,81.0,11,13,SOFT,0.0
1247,9608,4,11.0,11,13,SOFT,0.0
1247,9608,4,27.0,11,13,SOFT,0.0
1247,9608,4,20.0,11,13,SOFT,0.0
1247,9608,4,14.0,11,14,SOFT,0.0
1247,9608,4,1.0,11,14,SOFT,0.0
1247,9608,6,30.0,12,12,SOFT,0.0
1247,9608,5,63.0,12,14,SOFT,1.0
1247,9608,5,22.0,13,15,SOFT,0.0
1247,9608,5,18.0,13,15,SOFT,0.0
1247,9608,4,4.0,13,15,SOFT,0.0
1247,9608,4,55.0,13,16,SOFT,0.0
1247,9608,5,31.0,14,16,SOFT,0.0
1247,9608,4,81.0,14,16,SOFT,0.0
1247,9608,5,20.0,14,16,SOFT,3.0
1247,9608,5,1.0,14,16,SOFT,0.0
1247,9608,5,11.0,14,16,SOFT,3.0
1247,9608,4,16.0,14,17,SOFT,0.0
1247,9608,5,10.0,14,17,SOFT,0.0
1247,9608,5,14.0,14,17,SOFT,0.0
1247,9608,6,63.0,15,16,SOFT,0.0
1247,9608,5,4.0,16,17,SOFT,0.0
1247,9608,5,81.0,16,18,SOFT,0.0
1247,9608,5,55.0,16,18,SOFT,0.0
1247,9608,6,20.0,17,18,SOFT,0.0
1247,9608,6,1.0,17,18,SOFT,0.0
1247,9608,6,11.0,17,18,SOFT,0.0
1247,9608,5,16.0,17,19,SOFT,0.0
1247,9608,6,10.0,17,19,SOFT,3.0
1247,9608,6,14.0,17,19,SOFT,0.0
1247,9608,6,55.0,19,20,SOFT,0.0
1247,9608,6,81.0,19,20,SOFT,0.0
1247,9608,7,10.0,20,21,SOFT,3.0
1247,9608,6,16.0,20,21,SOFT,0.0
1247,9612,1,20.0,1,4,MEDIUM,0.0
1247,9612,1,22.0,1,4,MEDIUM,0.0
1247,9612,1,10.0,1,4,MEDIUM,0.0
1247,9612,1,24.0,1,4,MEDIUM,0.0
1247,9612,1,27.0,1,4,MEDIUM,0.0
1247,9612,1,30.0,1,4,MEDIUM,0.0
1247,9612,1,23.0,1,4,MEDIUM,0.0
1247,9612,1,16.0,1,4,MEDIUM,0.0
1247,9612,1,43.0,1,4,MEDIUM,0.0
1247,9612,1,77.0,1,4,MEDIUM,0.0
1247,9612,1,31.0,1,4,MEDIUM,0.0
1247,9612,1,55.0,1,7,MEDIUM,0.0
1247,9612,1,44.0,1,7,MEDIUM,0.0
1247,9612,1,63.0,1,7,MEDIUM,0.0
1247,9612,1,81.0,1,7,MEDIUM,0.0
1247,9612,1,14.0,1,8,MEDIUM,0.0
1247,9612,1,1.0,1,8,MEDIUM,0.0
1247,9612,1,4.0,1,8,MEDIUM,0.0
1247,9612,1,18.0,1,8,MEDIUM,0.0
1247,9612,1,11.0,1,8,MEDIUM,0.0
1247,9612,2,23.0,5,7,MEDIUM,3.0
1247,9612,2,27.0,5,7,MEDIUM,3.0
1247,9612,2,30.0,5,7,MEDIUM,3.0
1247,9612,2,77.0,5,7,MEDIUM,3.0
1247,9612,2,24.0,5,7,MEDIUM,3.0
1247,9612,2,31.0,5,7,MEDIUM,3.0
1247,9612,2,43.0,5,8,MEDIUM,3.0
1247,9612,2,20.0,5,8,MEDIUM,3.0
1247,9612,2,10.0,5,8,MEDIUM,3.0
1247,9612,2,16.0,5,8,MEDIUM,3.0
1247,9612,2,22.0,5,8,MEDIUM,3.0
1247,9612,2,44.0,7,9,MEDIUM,0.0
1247,9612,3,27.0,8,10,MEDIUM,0.0
1247,9612,3,20.0,8,10,MEDIUM,0.0
1247,9612,2,63.0,8,10,MEDIUM,0.0
1247,9612,2,55.0,8,10,MEDIUM,0.0
1247,9612,2,1.0,8,10,MEDIUM,0.0
1247,9612,2,11.0,8,10,MEDIUM,0.0
1247,9612,3,10.0,8,10,MEDIUM,0.0
1247,9612,3,22.0,8,10,MEDIUM,0.0
1247,9612,3,30.0,8,10,MEDIUM,0.0
1247,9612,2,14.0,8,10,MEDIUM,0.0
1247,9612,2,18.0,8,10,MEDIUM,0.0
1247,9612,3,16.0,8,11,MEDIUM,0.0
1247,9612,3,43.0,8,11,MEDIUM,0.0
1247,9612,2,4.0,8,12,MEDIUM,0.0
1247,9612,3,44.0,10,11,MEDIUM,3.0
1247,9612,4,43.0,11,12,MEDIUM,3.0
1247,9612,3,63.0,11,13,MEDIUM,3.0
1247,9612,4,20.0,11,13,MEDIUM,3.0
1247,9612,4,27.0,11,13,MEDIUM,3.0
1247,9612,4,44.0,11,13,SOFT,0.0
1247,9612,3,55.0,11,13,SOFT,0.0
1247,9612,4,16.0,11,13,SOFT,0.0
1247,9612,4,22.0,11,13,SOFT,0.0
1247,9612,3,1.0,11,13,SOFT,0.0
1247,9612,5,43.0,12,13,SOFT,0.0
1247,9612,4,63.0,13,15,SOFT,0.0
1247,9612,3,4.0,13,15,SOFT,0.0
1247,9612,5,20.0,13,15,SOFT,0.0
1247,9612,5,27.0,13,15,SOFT,6.0
1247,9612,6,43.0,14,16,SOFT,0.0
1247,9616,1,55.0,1,20,MEDIUM,3.0
1247,9616,1,81.0,1,20,MEDIUM,0.0
1247,9616,1,43.0,1,20,MEDIUM,4.0
1247,9616,1,10.0,1,20,MEDIUM,3.0
1247,9616,1,1.0,1,20,MEDIUM,3.0
1247,9616,1,16.0,1,20,MEDIUM,3.0
1247,9616,1,31.0,1,20,MEDIUM,0.0
1247,9616,1,11.0,1,20,MEDIUM,3.0
1247,9616,1,77.0,1,20,MEDIUM,6.0
1247,9616,1,14.0,1,20,MEDIUM,3.0
1247,9616,1,24.0,1,20,MEDIUM,0.0
1247,9616,1,4.0,1,20,MEDIUM,5.0
1247,9616,1,44.0,1,20,MEDIUM,4.0
1247,9616,1,20.0,1,20,MEDIUM,5.0
1247,9616,1,27.0,1,20,MEDIUM,5.0
1247,9616,1,63.0,1,20,MEDIUM,5.0
1247,9616,1,18.0,1,20,MEDIUM,3.0
1247,9616,1,30.0,1,20,MEDIUM,3.0
1247,9616,1,23.0,1,20,MEDIUM,0.0
1247,9616,1,22.0,1,20,MEDIUM,0.0
1247,9617,1,44.0,1,2,HARD,0.0
1247,9617,1,23.0,1,3,MEDIUM,0.0
1247,9617,1,24.0,1,13,MEDIUM,0.0
1247,9617,1,77.0,1,15,MEDIUM,0.0
1247,9617,1,20.0,1,17,MEDIUM,0.0
1247,9617,1,22.0,1,18,MEDIUM,0.0
1247,9617,1,10.0,1,18,MEDIUM,0.0
1247,9617,1,55.0,1,21,MEDIUM,0.0
1247,9617,1,1.0,1,25,MEDIUM,0.0
1247,9617,1,14.0,1,26,MEDIUM,0.0
1247,9617,1,11.0,1,26,MEDIUM,0.0
1247,9617,1,16.0,1,26,MEDIUM,0.0
1247,9617,1,27.0,1,27,MEDIUM,0.0
1247,9617,1,18.0,1,27,HARD,1.0
1247,9617,1,4.0,1,31,MEDIUM,0.0
1247,9617,1,31.0,1,31,MEDIUM,0.0
1247,9617,1,81.0,1,33,MEDIUM,0.0
1247,9617,1,30.0,1,36,HARD,0.0
1247,9617,1,43.0,1,39,HARD,0.0
1247,9617,1,63.0,1,40,HARD,0.0
1247,9617,2,23.0,4,33,MEDIUM,0.0
1247,9617,2,24.0,14,35,MEDIUM,0.0
1247,9617,2,77.0,16,56,HARD,0.0
1247,9617,2,20.0,18,38,HARD,0.0
1247,9617,2,22.0,19,56,HARD,0.0
1247,9617,2,10.0,19,57,HARD,0.0
1247,9617,2,55.0,22,57,HARD,0.0
1247,9617,2,1.0,26,57,HARD,0.0
1247,9617,2,14.0,27,56,HARD,1.0
1247,9617,2,16.0,27,57,HARD,0.0
1247,9617,2,11.0,27,57,HARD,0.0
1247,9617,2,18.0,28,56,MEDIUM,0.0
1247,9617,2,27.0,28,57,HARD,0.0
1247,9617,2,31.0,32,51,HARD,0.0
1247,9617,2,4.0,32,57,HARD,0.0
1247,9617,2,81.0,33,57,HARD,0.0
1247,9617,3,23.0,34,56,HARD,0.0
1247,9617,3,24.0,36,56,HARD,0.0
1247,9617,2,30.0,37,57,MEDIUM,0.0
1247,9617,3,20.0,39,57,MEDIUM,0.0
1247,9617,2,43.0,40,57,MEDIUM,0.0
1247,9617,2,63.0,41,57,MEDIUM,0.0
1247,9617,3,31.0,52,56,SOFT,3.0
1248,9618,1,10.0,1,2,HARD,0.0
1248,9618,1,27.0,1,2,HARD,0.0
1248,9618,1,97.0,1,2,HARD,0.0
1248,9618,1,34.0,1,3,HARD,0.0
1248,9618,1,63.0,1,3,HARD,0.0
1248,9618,1,11.0,1,3,HARD,0.0
1248,9618,1,20.0,1,3,HARD,0.0
1248,9618,1,12.0,1,3,HARD,0.0
1248,9618,1,18.0,1,3,HARD,0.0
1248,9618,1,30.0,1,3,HARD,0.0
1248,9618,1,38.0,1,4,HARD,0.0
1248,9618,1,77.0,1,4,HARD,0.0
1248,9618,1,22.0,1,4,HARD,0.0
1248,9618,1,31.0,1,4,HARD,0.0
1248,9618,1,81.0,1,4,HARD,0.0
1248,9618,1,55.0,1,4,HARD,0.0
1248,9618,1,29.0,1,4,HARD,0.0
1248,9618,1,1.0,1,4,HARD,0.0
1248,9618,1,23.0,1,8,HARD,0.0
1248,9618,1,43.0,1,9,HARD,0.0
1248,9618,2,97.0,3,3,HARD,1.0
1248,9618,2,10.0,3,3,HARD,1.0
1248,9618,2,27.0,3,9,HARD,1.0
1248,9618,3,97.0,4,4,HARD,2.0
1248,9618,2,18.0,4,5,HARD,2.0
1248,9618,2,34.0,4,5,HARD,0.0
1248,9618,2,20.0,4,8,HARD,2.0
1248,9618,2,12.0,4,8,HARD,2.0
1248,9618,2,63.0,4,10,HARD,2.0
1248,9618,2,11.0,4,10,HARD,2.0
1248,9618,3,10.0,4,10,HARD,2.0
1248,9618,2,30.0,4,11,HARD,2.0
1248,9618,2,77.0,5,7,HARD,3.0
1248,9618,2,1.0,5,7,HARD,3.0
1248,9618,4,97.0,5,7,HARD,3.0
1248,9618,2,38.0,5,8,HARD,3.0
1248,9618,2,55.0,5,9,HARD,3.0
1248,9618,2,31.0,5,11,HARD,3.0
1248,9618,2,81.0,5,12,HARD,3.0
1248,9618,2,22.0,5,12,HARD,3.0
1248,9618,2,29.0,5,12,HARD,3.0
1248,9618,3,18.0,6,12,HARD,0.0
1248,9618,3,34.0,6,12,HARD,4.0
1248,9618,5,97.0,7,14,HARD,5.0
1248,9618,3,1.0,8,10,SOFT,0.0
1248,9618,3,77.0,8,11,HARD,6.0
1248,9618,3,20.0,9,9,HARD,0.0
1248,9618,3,12.0,9,12,HARD,7.0
1248,9618,2,43.0,9,14,SOFT,0.0
1248,9618,3,55.0,10,12,HARD,8.0
1248,9618,3,27.0,10,12,SOFT,0.0
1248,9618,4,20.0,10,15,SOFT,0.0
1248,9618,4,10.0,11,13,SOFT,0.0
1248,9618,3,63.0,11,14,SOFT,0.0
1248,9618,4,1.0,11,15,HARD,6.0
1248,9618,3,11.0,11,16,SOFT,0.0
1248,9618,3,22.0,12,14,SOFT,0.0
1248,9618,3,81.0,12,14,SOFT,0.0
1248,9618,3,30.0,12,17,HARD,0.0
1248,9618,4,77.0,12,17,SOFT,0.0
1248,9618,3,31.0,12,17,SOFT,0.0
1248,9618,3,29.0,12,22,SOFT,0.0
1248,9618,4,55.0,13,15,SOFT,0.0
1248,9618,4,27.0,13,15,SOFT,0.0
1248,9618,4,12.0,13,17,SOFT,0.0
1248,9618,4,34.0,13,18,SOFT,0.0
1248,9618,4,18.0,13,19,SOFT,0.0
1248,9618,5,10.0,14,16,SOFT,3.0
1248,9618,4,63.0,14,25,HARD,9.0
1248,9618,4,22.0,15,17,SOFT,3.0
1248,9618,6,97.0,15,19,SOFT,0.0
1248,9618,3,43.0,15,22,HARD,0.0
1248,9618,4,81.0,15,25,HARD,10.0
1248,9618,5,55.0,16,18,SOFT,3.0
1248,9618,5,27.0,16,19,HARD,8.0
1248,9618,5,20.0,16,24,HARD,8.0
1248,9618,6,10.0,17,21,HARD,9.0
1248,9618,4,30.0,17,22,SOFT,0.0
1248,9618,4,11.0,17,24,HARD,0.0
1248,9618,5,12.0,18,20,SOFT,0.0
1248,9618,4,31.0,18,23,HARD,10.0
1248,9618,5,22.0,18,25,HARD,10.0
1248,9618,5,77.0,18,25,HARD,10.0
1248,9618,6,55.0,19,26,HARD,11.0
1248,9618,5,30.0,23,27,SOFT,6.0
1248,9619,1,23.0,1,1,,
1248,9619,1,1.0,1,3,TEST_UNKNOWN,0.0
1248,9619,1,63.0,1,5,TEST_UNKNOWN,0.0
1248,9619,1,30.0,1,5,TEST_UNKNOWN,0.0
1248,9619,1,4.0,1,6,TEST_UNKNOWN,0.0
1248,9619,1,18.0,1,6,TEST_UNKNOWN,0.0
1248,9619,1,16.0,1,6,TEST_UNKNOWN,0.0
1248,9619,1,14.0,1,6,TEST_UNKNOWN,0.0
1248,9619,1,24.0,1,6,TEST_UNKNOWN,0.0
1248,9619,1,22.0,1,6,TEST_UNKNOWN,0.0
1248,9619,1,27.0,1,6,TEST_UNKNOWN,0.0
1248,9619,1,11.0,1,6,TEST_UNKNOWN,0.0
1248,9619,1,31.0,1,6,TEST_UNKNOWN,0.0
1248,9619,1,55.0,1,6,TEST_UNKNOWN,0.0
1248,9619,1,81.0,1,6,TEST_UNKNOWN,0.0
1248,9619,1,10.0,1,6,TEST_UNKNOWN,0.0
1248,9619,1,20.0,1,6,TEST_UNKNOWN,0.0
1248,9619,1,43.0,1,7,TEST_UNKNOWN,0.0
1248,9619,1,77.0,1,7,TEST_UNKNOWN,0.0
1248,9619,1,44.0,1,8,TEST_UNKNOWN,0.0
1248,9619,2,1.0,4,5,TEST_UNKNOWN,2.0
1248,9619,2,30.0,6,10,TEST_UNKNOWN,0.0
1248,9619,2,14.0,7,7,TEST_UNKNOWN,0.0
1248,9619,2,18.0,7,10,TEST_UNKNOWN,0.0
1248,9619,2,20.0,7,11,TEST_UNKNOWN,0.0
1248,9619,2,4.0,7,11,TEST_UNKNOWN,0.0
1248,9619,2,43.0,7,11,TEST_UNKNOWN,0.0
1248,9619,2,24.0,7,11,TEST_UNKNOWN,0.0
1248,9619,2,55.0,7,11,TEST_UNKNOWN,0.0
1248,9619,2,81.0,7,11,TEST_UNKNOWN,0.0
1248,9619,2,27.0,7,11,TEST_UNKNOWN,0.0
1248,9619,2,22.0,7,11,TEST_UNKNOWN,0.0
1248,9619,2,31.0,7,11,TEST_UNKNOWN,0.0
1248,9619,2,11.0,7,11,TEST_UNKNOWN,0.0
1248,9619,2,10.0,7,11,TEST_UNKNOWN,0.0
1248,9619,2,16.0,7,11,TEST_UNKNOWN,0.0
1248,9619,3,14.0,8,12,TEST_UNKNOWN,0.0
1248,9619,2,77.0,8,13,TEST_UNKNOWN,0.0
1248,9619,2,44.0,8,13,TEST_UNKNOWN,0.0
1248,9619,3,30.0,11,20,TEST_UNKNOWN,4.0
1248,9619,3,18.0,11,23,TEST_UNKNOWN,0.0
1248,9619,3,4.0,12,20,TEST_UNKNOWN,5.0
1248,9619,3,16.0,12,20,TEST_UNKNOWN,5.0
1248,9619,3,24.0,12,21,TEST_UNKNOWN,5.0
1248,9619,3,22.0,12,21,TEST_UNKNOWN,5.0
1248,9619,3,43.0,12,21,TEST_UNKNOWN,5.0
1248,9619,3,31.0,12,21,TEST_UNKNOWN,5.0
1248,9619,3,10.0,12,21,TEST_UNKNOWN,5.0
1248,9619,3,81.0,12,21,TEST_UNKNOWN,5.0
1248,9619,3,11.0,12,22,TEST_UNKNOWN,0.0
1248,9619,3,20.0,12,23,TEST_UNKNOWN,5.0
1248,9619,3,55.0,12,23,TEST_UNKNOWN,5.0
1248,9619,3,27.0,12,23,TEST_UNKNOWN,5.0
1248,9619,4,14.0,13,21,TEST_UNKNOWN,0.0
1248,9619,3,77.0,14,23,TEST_UNKNOWN,0.0
1248,9619,3,44.0,14,23,TEST_UNKNOWN,6.0
1248,9619,4,16.0,21,29,TEST_UNKNOWN,5.0
1248,9619,4,30.0,21,30,TEST_UNKNOWN,5.0
1248,9619,4,4.0,21,31,TEST_UNKNOWN,0.0
1248,9619,5,14.0,22,30,TEST_UNKNOWN,6.0
1248,9619,4,24.0,22,31,TEST_UNKNOWN,5.0
1248,9619,4,43.0,22,31,TEST_UNKNOWN,5.0
1248,9619,4,22.0,22,31,TEST_UNKNOWN,0.0
1248,9619,4,31.0,22,31,TEST_UNKNOWN,5.0
1248,9619,4,81.0,22,31,TEST_UNKNOWN,5.0
1248,9619,4,10.0,22,31,TEST_UNKNOWN,5.0
1248,9619,4,11.0,23,33,TEST_UNKNOWN,5.0
1248,9619,4,44.0,24,33,TEST_UNKNOWN,6.0
1248,9619,4,77.0,24,33,TEST_UNKNOWN,6.0
1248,9619,4,20.0,24,35,TEST_UNKNOWN,0.0
1248,9619,4,55.0,24,35,TEST_UNKNOWN,5.0
1248,9619,4,18.0,24,35,TEST_UNKNOWN,0.0
1248,9619,4,27.0,24,35,TEST_UNKNOWN,0.0
1248,9619,5,16.0,30,32,MEDIUM,0.0
1248,9619,6,14.0,31,36,MEDIUM,0.0
1248,9619,5,4.0,32,37,MEDIUM,0.0
1248,9619,5,24.0,32,38,MEDIUM,0.0
1248,9619,5,44.0,34,37,MEDIUM,0.0
1248,9620,1,63.0,1,2,MEDIUM,0.0
1248,9620,1,77.0,1,2,HARD,0.0
1248,9620,1,24.0,1,2,HARD,0.0
1248,9620,1,14.0,1,2,MEDIUM,0.0
1248,9620,1,18.0,1,2,MEDIUM,0.0
1248,9620,1,55.0,1,4,SOFT,0.0
1248,9620,1,22.0,1,4,MEDIUM,0.0
1248,9620,1,81.0,1,4,SOFT,0.0
1248,9620,1,27.0,1,4,MEDIUM,0.0
1248,9620,1,4.0,1,5,SOFT,0.0
1248,9620,1,16.0,1,5,SOFT,0.0
1248,9620,1,1.0,1,6,SOFT,0.0
1248,9620,1,44.0,1,7,SOFT,0.0
1248,9620,1,30.0,1,8,MEDIUM,0.0
1248,9620,1,10.0,1,8,MEDIUM,0.0
1248,9620,1,31.0,1,8,MEDIUM,0.0
1248,9620,1,11.0,1,9,SOFT,0.0
1248,9620,1,43.0,1,9,MEDIUM,0.0
1248,9620,1,23.0,1,10,MEDIUM,0.0
1248,9620,1,20.0,1,12,MEDIUM,0.0
1248,9620,2,77.0,3,3,MEDIUM,0.0
1248,9620,2,14.0,3,3,HARD,0.0
1248,9620,2,18.0,3,3,HARD,0.0
1248,9620,2,24.0,3,3,MEDIUM,0.0
1248,9620,2,63.0,3,5,SOFT,0.0
1248,9620,3,18.0,4,8,SOFT,0.0
1248,9620,3,14.0,4,8,SOFT,0.0
1248,9620,3,24.0,4,9,MEDIUM,0.0
1248,9620,3,77.0,4,15,MEDIUM,0.0
1248,9620,2,55.0,5,7,SOFT,3.0
1248,9620,2,22.0,5,7,MEDIUM,3.0
1248,9620,2,81.0,5,9,SOFT,0.0
1248,9620,2,27.0,5,13,MEDIUM,3.0
1248,9620,3,63.0,6,8,SOFT,3.0
1248,9620,2,16.0,6,10,SOFT,4.0
1248,9620,2,4.0,6,10,SOFT,4.0
1248,9620,2,1.0,7,18,SOFT,5.0
1248,9620,3,55.0,8,10,SOFT,6.0
1248,9620,3,22.0,8,12,MEDIUM,0.0
1248,9620,2,44.0,8,13,SOFT,0.0
1248,9620,2,11.0,9,11,SOFT,7.0
1248,9620,2,31.0,9,13,MEDIUM,7.0
1248,9620,2,30.0,9,14,MEDIUM,7.0
1248,9620,2,10.0,9,14,MEDIUM,7.0
1248,9620,4,63.0,9,17,SOFT,6.0
1248,9620,4,18.0,9,17,SOFT,0.0
1248,9620,4,14.0,9,19,SOFT,5.0
1248,9620,4,24.0,10,10,SOFT,0.0
1248,9620,2,43.0,10,12,SOFT,0.0
1248,9620,3,81.0,10,16,SOFT,0.0
1248,9620,3,16.0,11,12,SOFT,9.0
1248,9620,4,55.0,11,13,SOFT,9.0
1248,9620,2,23.0,11,13,SOFT,0.0
1248,9620,5,24.0,11,13,MEDIUM,1.0
1248,9620,3,4.0,11,16,SOFT,0.0
1248,9620,2,20.0,12,12,MEDIUM,0.0
1248,9620,4,22.0,12,14,SOFT,0.0
1248,9620,3,11.0,12,14,SOFT,0.0
1248,9620,4,16.0,13,15,SOFT,0.0
1248,9620,3,43.0,13,15,SOFT,0.0
1248,9620,3,20.0,13,20,SOFT,0.0
1248,9620,3,44.0,14,16,SOFT,0.0
1248,9620,6,24.0,14,16,SOFT,3.0
1248,9620,5,55.0,14,16,SOFT,0.0
1248,9620,3,23.0,14,16,SOFT,3.0
1248,9620,3,31.0,14,20,SOFT,0.0
1248,9620,3,27.0,14,21,SOFT,0.0
1248,9620,3,10.0,15,17,SOFT,0.0
1248,9620,5,22.0,15,18,SOFT,3.0
1248,9620,3,30.0,15,20,SOFT,0.0
1248,9620,4,11.0,15,20,SOFT,3.0
1248,9620,4,43.0,16,16,MEDIUM,8.0
1248,9620,4,77.0,16,18,SOFT,0.0
1248,9620,5,16.0,16,18,SOFT,0.0
1248,9620,4,23.0,17,17,MEDIUM,0.0
1248,9620,4,44.0,17,19,SOFT,3.0
1248,9620,4,4.0,17,19,SOFT,0.0
1248,9620,7,24.0,17,19,MEDIUM,7.0
1248,9620,4,81.0,17,19,SOFT,7.0
1248,9620,5,43.0,17,19,MEDIUM,9.0
1248,9620,6,55.0,17,22,SOFT,3.0
1248,9620,3,1.0,18,20,SOFT,0.0
1248,9620,5,18.0,18,20,SOFT,0.0
1248,9620,5,23.0,18,20,MEDIUM,10.0
1248,9620,4,10.0,18,21,SOFT,0.0
1248,9620,5,63.0,18,23,SOFT,0.0
1248,9620,5,77.0,19,21,SOFT,0.0
1248,9620,5,14.0,19,21,SOFT,0.0
1248,9620,6,22.0,19,21,MEDIUM,0.0
1248,9620,6,16.0,19,25,SOFT,3.0
1248,9620,4,30.0,20,20,MEDIUM,13.0
1248,9620,5,44.0,20,22,SOFT,6.0
1248,9620,5,30.0,21,21,SOFT,5.0
1248,9620,4,1.0,21,22,SOFT,3.0
1248,9620,6,18.0,21,27,SOFT,3.0
1248,9620,6,77.0,22,22,SOFT,6.0
1248,9620,6,14.0,22,24,SOFT,0.0
1248,9620,6,30.0,22,24,SOFT,0.0
1248,9620,7,77.0,23,23,SOFT,7.0
1248,9620,5,1.0,23,27,SOFT,5.0
1248,9620,6,63.0,24,26,SOFT,0.0
1248,9620,8,77.0,24,26,SOFT,0.0
1248,9620,7,63.0,27,29,SOFT,0.0
1248,9621,1,31.0,1,4,SOFT,0.0
1248,9621,1,22.0,1,4,SOFT,0.0
1248,9621,1,1.0,1,4,SOFT,0.0
1248,9621,1,30.0,1,4,SOFT,0.0
1248,9621,1,43.0,1,4,SOFT,0.0
1248,9621,1,10.0,1,4,SOFT,0.0
1248,9621,1,63.0,1,4,MEDIUM,1.0
1248,9621,1,24.0,1,4,SOFT,0.0
1248,9621,1,55.0,1,4,MEDIUM,0.0
1248,9621,1,44.0,1,4,MEDIUM,0.0
1248,9621,1,18.0,1,4,SOFT,0.0
1248,9621,1,77.0,1,4,SOFT,0.0
1248,9621,1,27.0,1,4,SOFT,0.0
1248,9621,1,16.0,1,4,MEDIUM,0.0
1248,9621,1,4.0,1,4,MEDIUM,0.0
1248,9621,1,23.0,1,4,SOFT,0.0
1248,9621,1,81.0,1,5,MEDIUM,0.0
1248,9621,1,20.0,1,5,SOFT,0.0
1248,9621,1,14.0,1,5,SOFT,0.0
1248,9621,1,11.0,1,8,SOFT,0.0
1248,9621,2,16.0,5,7,MEDIUM,0.0
1248,9621,2,55.0,5,7,MEDIUM,0.0
1248,9621,2,77.0,5,7,SOFT,0.0
1248,9621,2,24.0,5,7,SOFT,0.0
1248,9621,2,10.0,5,7,SOFT,0.0
1248,9621,2,31.0,5,7,SOFT,0.0
1248,9621,2,63.0,5,7,MEDIUM,0.0
1248,9621,2,44.0,5,7,MEDIUM,0.0
1248,9621,2,4.0,5,7,SOFT,0.0
1248,9621,2,43.0,5,7,SOFT,0.0
1248,9621,2,20.0,5,7,SOFT,0.0
1248,9621,2,18.0,5,8,SOFT,0.0
1248,9621,2,14.0,5,8,SOFT,0.0
1248,9621,2,23.0,5,8,SOFT,0.0
1248,9621,2,1.0,5,8,SOFT,0.0
1248,9621,2,22.0,5,8,SOFT,0.0
1248,9621,2,30.0,5,8,SOFT,0.0
1248,9621,2,27.0,5,8,SOFT,0.0
1248,9621,2,81.0,5,9,SOFT,0.0
1248,9621,3,10.0,8,9,SOFT,0.0
1248,9621,2,11.0,8,10,SOFT,0.0
1248,9621,3,16.0,8,10,SOFT,0.0
1248,9621,3,24.0,8,10,SOFT,0.0
1248,9621,3,55.0,8,10,SOFT,0.0
1248,9621,3,14.0,8,10,SOFT,0.0
1248,9621,3,63.0,8,10,SOFT,0.0
1248,9621,3,31.0,8,10,SOFT,0.0
1248,9621,3,44.0,8,10,SOFT,0.0
1248,9621,3,23.0,8,10,SOFT,0.0
1248,9621,3,1.0,8,10,SOFT,0.0
1248,9621,3,20.0,8,10,SOFT,0.0
1248,9621,3,27.0,8,10,SOFT,0.0
1248,9621,3,22.0,8,10,SOFT,0.0
1248,9621,3,30.0,8,10,SOFT,0.0
1248,9621,3,77.0,8,11,SOFT,0.0
1248,9621,3,18.0,8,11,SOFT,0.0
1248,9621,3,4.0,8,11,SOFT,0.0
1248,9621,4,10.0,9,11,SOFT,0.0
1248,9621,4,14.0,10,12,SOFT,0.0
1248,9621,4,63.0,10,12,SOFT,0.0
1248,9621,4,44.0,10,13,SOFT,0.0
1248,9621,4,22.0,11,12,SOFT,0.0
1248,9621,4,30.0,11,12,SOFT,0.0
1248,9621,4,16.0,11,13,SOFT,0.0
1248,9621,4,55.0,11,13,SOFT,0.0
1248,9621,4,77.0,11,13,SOFT,0.0
1248,9621,4,18.0,11,13,SOFT,0.0
1248,9621,4,23.0,11,13,SOFT,0.0
1248,9621,4,4.0,11,13,SOFT,0.0
1248,9621,4,1.0,11,14,SOFT,0.0
1248,9621,4,20.0,11,14,SOFT,0.0
1248,9621,4,27.0,11,14,SOFT,0.0
1248,9621,5,10.0,12,14,SOFT,0.0
1248,9621,5,14.0,13,14,SOFT,0.0
1248,9621,5,44.0,13,14,SOFT,0.0
1248,9621,5,63.0,13,15,SOFT,0.0
1248,9621,5,77.0,14,15,SOFT,0.0
1248,9621,5,18.0,14,15,SOFT,0.0
1248,9621,5,20.0,14,16,SOFT,0.0
1248,9621,5,27.0,14,16,SOFT,0.0
1248,9621,5,1.0,14,16,SOFT,0.0
1248,9621,5,23.0,14,16,SOFT,0.0
1248,9621,6,10.0,14,16,SOFT,0.0
1248,9621,5,4.0,14,16,SOFT,0.0
1248,9621,5,16.0,14,17,SOFT,0.0
1248,9621,5,55.0,14,17,SOFT,0.0
1248,9621,6,44.0,15,17,SOFT,0.0
1248,9621,6,63.0,15,18,SOFT,0.0
1248,9621,6,16.0,17,19,SOFT,0.0
1248,9621,6,55.0,17,19,SOFT,0.0
1248,9621,6,20.0,17,19,SOFT,0.0
1248,9621,6,27.0,17,19,SOFT,0.0
1248,9621,6,23.0,17,19,SOFT,0.0
1248,9621,7,10.0,17,19,SOFT,0.0
1248,9621,6,1.0,17,19,SOFT,0.0
1248,9621,7,63.0,18,20,SOFT,0.0
1248,9621,7,44.0,18,20,SOFT,0.0
1248,9621,7,16.0,20,22,SOFT,0.0
1248,9621,7,55.0,20,22,SOFT,0.0
1248,9625,1,22.0,1,1,MEDIUM,0.0
1248,9625,1,23.0,1,1,MEDIUM,0.0
1248,9625,1,14.0,1,16,MEDIUM,1.0
1248,9625,1,11.0,1,20,HARD,0.0
1248,9625,1,1.0,1,26,MEDIUM,0.0
1248,9625,1,18.0,1,26,MEDIUM,1.0
1248,9625,1,44.0,1,28,MEDIUM,0.0
1248,9625,1,10.0,1,28,MEDIUM,0.0
1248,9625,1,27.0,1,29,MEDIUM,0.0
1248,9625,1,4.0,1,30,MEDIUM,0.0
1248,9625,1,20.0,1,30,MEDIUM,0.0
1248,9625,1,63.0,1,31,MEDIUM,0.0
1248,9625,1,16.0,1,31,MEDIUM,0.0
1248,9625,1,55.0,1,32,MEDIUM,0.0
1248,9625,1,81.0,1,39,MEDIUM,0.0
1248,9625,1,30.0,1,39,HARD,0.0
1248,9625,1,24.0,1,43,HARD,1.0
1248,9625,1,43.0,1,47,HARD,0.0
1248,9625,1,31.0,1,48,HARD,0.0
1248,9625,1,77.0,1,49,HARD,1.0
1248,9625,2,11.0,21,43,MEDIUM,0.0
1248,9625,2,18.0,27,71,HARD,1.0
1248,9625,2,1.0,27,72,HARD,0.0
1248,9625,2,10.0,29,71,HARD,0.0
1248,9625,2,44.0,29,72,HARD,0.0
1248,9625,2,27.0,30,71,HARD,0.0
1248,9625,2,4.0,31,72,HARD,0.0
1248,9625,2,20.0,31,72,HARD,0.0
1248,9625,2,16.0,32,69,HARD,0.0
1248,9625,2,63.0,32,72,HARD,0.0
1248,9625,2,55.0,33,72,HARD,0.0
1248,9625,2,30.0,40,65,MEDIUM,0.0
1248,9625,2,81.0,40,72,HARD,0.0
1248,9625,3,11.0,44,68,MEDIUM,0.0
1248,9625,2,24.0,44,71,MEDIUM,1.0
1248,9625,2,43.0,48,71,MEDIUM,0.0
1248,9625,2,31.0,49,71,MEDIUM,0.0
1248,9625,2,77.0,50,71,MEDIUM,0.0
1248,9625,3,30.0,66,71,SOFT,0.0
1248,9625,4,11.0,69,71,SOFT,0.0
1248,9625,3,16.0,70,72,SOFT,0.0
1249,9626,1,14.0,1,2,HARD,0.0
1249,9626,1,18.0,1,2,HARD,0.0
1249,9626,1,23.0,1,2,MEDIUM,0.0
1249,9626,1,11.0,1,4,MEDIUM,0.0
1249,9626,1,1.0,1,6,MEDIUM,0.0
1249,9626,1,27.0,1,6,MEDIUM,0.0
1249,9626,1,43.0,1,6,MEDIUM,0.0
1249,9626,1,50.0,1,6,MEDIUM,0.0
1249,9626,1,77.0,1,6,MEDIUM,0.0
1249,9626,1,10.0,1,8,MEDIUM,0.0
1249,9626,1,16.0,1,8,MEDIUM,0.0
1249,9626,1,81.0,1,8,MEDIUM,0.0
1249,9626,1,4.0,1,9,MEDIUM,0.0
1249,9626,1,22.0,1,9,SOFT,0.0
1249,9626,1,30.0,1,9,SOFT,0.0
1249,9626,1,55.0,1,9,MEDIUM,0.0
1249,9626,1,63.0,1,9,MEDIUM,0.0
1249,9626,1,44.0,1,10,MEDIUM,0.0
1249,9626,1,24.0,1,11,MEDIUM,0.0
1249,9626,1,31.0,1,11,MEDIUM,0.0
1249,9626,2,18.0,3,5,MEDIUM,0.0
1249,9626,2,14.0,3,5,MEDIUM,0.0
1249,9626,2,23.0,3,8,MEDIUM,0.0
1249,9626,2,11.0,5,7,MEDIUM,3.0
1249,9626,3,14.0,6,9,MEDIUM,3.0
1249,9626,3,18.0,6,10,MEDIUM,3.0
1249,9626,2,50.0,7,9,MEDIUM,5.0
1249,9626,2,43.0,7,9,MEDIUM,5.0
1249,9626,2,1.0,7,10,MEDIUM,5.0
1249,9626,2,27.0,7,12,MEDIUM,5.0
1249,9626,2,77.0,7,13,MEDIUM,5.0
1249,9626,3,11.0,8,12,MEDIUM,6.0
1249,9626,3,23.0,9,11,MEDIUM,7.0
1249,9626,2,81.0,9,11,MEDIUM,7.0
1249,9626,2,16.0,9,13,MEDIUM,7.0
1249,9626,2,10.0,9,21,MEDIUM,0.0
1249,9626,2,22.0,10,11,SOFT,8.0
1249,9626,2,30.0,10,12,SOFT,8.0
1249,9626,3,43.0,10,12,MEDIUM,8.0
1249,9626,3,50.0,10,12,MEDIUM,8.0
1249,9626,2,63.0,10,12,SOFT,0.0
1249,9626,2,55.0,10,13,MEDIUM,8.0
1249,9626,2,4.0,10,19,MEDIUM,8.0
1249,9626,4,14.0,10,21,MEDIUM,7.0
1249,9626,2,44.0,11,16,MEDIUM,9.0
1249,9626,4,18.0,11,22,MEDIUM,8.0
1249,9626,3,1.0,11,26,MEDIUM,9.0
1249,9626,2,24.0,12,19,MEDIUM,10.0
1249,9626,3,22.0,12,20,SOFT,10.0
1249,9626,4,23.0,12,20,MEDIUM,10.0
1249,9626,2,31.0,12,20,MEDIUM,0.0
1249,9626,3,81.0,12,23,MEDIUM,10.0
1249,9626,3,30.0,13,18,SOFT,0.0
1249,9626,3,27.0,13,20,MEDIUM,0.0
1249,9626,4,43.0,13,23,MEDIUM,11.0
1249,9626,4,11.0,13,23,MEDIUM,11.0
1249,9626,4,50.0,13,23,MEDIUM,11.0
1249,9626,3,63.0,13,25,SOFT,3.0
1249,9626,3,77.0,14,22,MEDIUM,12.0
1249,9626,3,16.0,14,22,MEDIUM,12.0
1249,9626,3,55.0,14,23,MEDIUM,12.0
1249,9626,3,44.0,17,31,MEDIUM,0.0
1249,9626,4,30.0,19,20,SOFT,17.0
1249,9626,3,24.0,20,22,SOFT,0.0
1249,9626,5,30.0,20,22,MEDIUM,0.0
1249,9626,3,4.0,20,23,MEDIUM,18.0
1249,9626,5,23.0,21,20,MEDIUM,0.0
1249,9626,4,27.0,21,23,SOFT,0.0
1249,9626,3,31.0,21,23,SOFT,0.0
1249,9626,4,22.0,21,23,MEDIUM,0.0
1249,9626,6,23.0,21,24,SOFT,0.0
1249,9626,5,14.0,22,23,SOFT,0.0
1249,9626,3,10.0,22,24,SOFT,0.0
1249,9626,4,77.0,23,25,SOFT,0.0
1249,9626,5,18.0,23,27,SOFT,0.0
1249,9626,6,30.0,23,27,SOFT,18.0
1249,9626,4,24.0,23,28,SOFT,0.0
1249,9626,4,16.0,23,32,SOFT,0.0
1249,9626,5,43.0,24,26,SOFT,0.0
1249,9626,5,50.0,24,26,SOFT,0.0
1249,9626,4,55.0,24,26,SOFT,0.0
1249,9626,4,81.0,24,26,SOFT,0.0
1249,9626,4,4.0,24,26,SOFT,0.0
1249,9626,5,11.0,24,26,SOFT,0.0
1249,9626,5,22.0,24,26,SOFT,19.0
1249,9626,4,31.0,24,27,SOFT,3.0
1249,9626,5,27.0,24,27,SOFT,3.0
1249,9626,6,14.0,24,27,MEDIUM,0.0
1249,9626,7,23.0,25,26,SOFT,0.0
1249,9626,4,10.0,25,28,SOFT,3.0
1249,9626,5,77.0,26,30,SOFT,3.0
1249,9626,6,43.0,27,28,SOFT,0.0
1249,9626,4,1.0,27,28,SOFT,0.0
1249,9626,8,23.0,27,29,MEDIUM,0.0
1249,9626,6,11.0,27,29,MEDIUM,22.0
1249,9626,5,4.0,27,30,SOFT,3.0
1249,9626,5,55.0,27,31,SOFT,3.0
1249,9626,5,81.0,27,31,SOFT,0.0
1249,9626,6,50.0,27,31,SOFT,0.0
1249,9626,7,43.0,29,29,MEDIUM,22.0
1249,9626,5,1.0,29,31,MEDIUM,25.0
1249,9626,8,43.0,30,32,MEDIUM,23.0
1249,9627,1,4.0,1,1,,
1249,9627,1,63.0,1,1,,
1249,9627,1,50.0,1,1,,
1249,9627,1,81.0,1,1,,
1249,9627,1,23.0,1,1,,
1249,9627,1,16.0,1,1,,
1249,9627,1,55.0,1,1,,
1249,9627,1,27.0,1,1,,
1249,9627,1,14.0,1,1,,
1249,9627,1,10.0,1,1,,
1249,9627,1,30.0,1,1,,
1249,9627,1,22.0,1,1,,
1249,9627,1,43.0,1,1,,
1249,9627,1,77.0,1,1,,
1249,9627,1,1.0,1,1,,
1249,9627,1,44.0,1,1,,
1249,9627,1,18.0,1,1,,
1249,9627,1,31.0,1,1,,
1249,9627,1,11.0,1,1,,
1249,9627,1,24.0,1,1,,
1249,9631,1,4.0,1,4,MEDIUM,0.0
1249,9631,1,63.0,1,4,MEDIUM,0.0
1249,9631,1,50.0,1,4,MEDIUM,0.0
1249,9631,1,81.0,1,4,MEDIUM,0.0
1249,9631,1,23.0,1,4,MEDIUM,0.0
1249,9631,1,27.0,1,4,MEDIUM,0.0
1249,9631,1,14.0,1,4,MEDIUM,0.0
1249,9631,1,10.0,1,4,MEDIUM,0.0
1249,9631,1,30.0,1,4,MEDIUM,0.0
1249,9631,1,22.0,1,4,MEDIUM,0.0
1249,9631,1,43.0,1,4,MEDIUM,0.0
1249,9631,1,77.0,1,4,MEDIUM,0.0
1249,9631,1,44.0,1,4,MEDIUM,0.0
1249,9631,1,18.0,1,4,MEDIUM,0.0
1249,9631,1,31.0,1,4,MEDIUM,0.0
1249,9631,1,11.0,1,4,MEDIUM,0.0
1249,9631,1,24.0,1,4,MEDIUM,0.0
1249,9631,1,1.0,1,8,MEDIUM,0.0
1249,9631,1,16.0,1,10,MEDIUM,0.0
1249,9631,1,55.0,1,10,MEDIUM,0.0
1249,9631,2,30.0,5,6,MEDIUM,3.0
1249,9631,2,24.0,5,6,MEDIUM,3.0
1249,9631,2,81.0,5,6,MEDIUM,3.0
1249,9631,2,63.0,5,7,MEDIUM,0.0
1249,9631,2,27.0,5,7,MEDIUM,0.0
1249,9631,2,14.0,5,7,MEDIUM,3.0
1249,9631,2,22.0,5,7,MEDIUM,3.0
1249,9631,2,18.0,5,7,MEDIUM,3.0
1249,9631,2,50.0,5,7,MEDIUM,0.0
1249,9631,2,31.0,5,7,MEDIUM,3.0
1249,9631,2,77.0,5,7,MEDIUM,3.0
1249,9631,2,43.0,5,7,MEDIUM,3.0
1249,9631,2,44.0,5,8,MEDIUM,0.0
1249,9631,2,11.0,5,8,MEDIUM,0.0
1249,9631,2,10.0,5,8,MEDIUM,0.0
1249,9631,2,4.0,5,8,MEDIUM,0.0
1249,9631,2,23.0,5,8,MEDIUM,3.0
1249,9631,3,81.0,6,8,MEDIUM,0.0
1249,9631,3,27.0,7,9,MEDIUM,0.0
1249,9631,3,30.0,7,10,MEDIUM,0.0
1249,9631,3,63.0,8,10,MEDIUM,0.0
1249,9631,3,77.0,8,10,MEDIUM,0.0
1249,9631,3,10.0,8,10,MEDIUM,0.0
1249,9631,3,11.0,8,10,MEDIUM,0.0
1249,9631,3,23.0,8,10,MEDIUM,0.0
1249,9631,3,43.0,8,10,MEDIUM,0.0
1249,9631,3,4.0,8,11,MEDIUM,0.0
1249,9631,3,44.0,8,11,MEDIUM,0.0
1249,9631,2,1.0,8,11,MEDIUM,0.0
1249,9631,3,50.0,8,11,MEDIUM,0.0
1249,9631,4,81.0,9,12,MEDIUM,3.0
1249,9631,4,30.0,10,12,SOFT,0.0
1249,9631,4,11.0,11,11,MEDIUM,0.0
1249,9631,2,16.0,11,13,MEDIUM,0.0
1249,9631,2,55.0,11,13,MEDIUM,0.0
1249,9631,4,77.0,11,13,MEDIUM,3.0
1249,9631,4,4.0,11,13,SOFT,0.0
1249,9631,4,23.0,11,13,SOFT,0.0
1249,9631,4,50.0,11,13,SOFT,0.0
1249,9631,3,1.0,11,13,SOFT,0.0
1249,9631,4,63.0,11,14,MEDIUM,3.0
1249,9631,4,10.0,11,14,MEDIUM,3.0
1249,9631,4,44.0,12,14,MEDIUM,4.0
1249,9631,5,81.0,12,14,SOFT,3.0
1249,9631,5,4.0,14,15,SOFT,3.0
1249,9631,3,16.0,14,16,MEDIUM,3.0
1249,9631,5,10.0,14,16,SOFT,0.0
1249,9631,3,55.0,14,16,SOFT,3.0
1249,9631,5,63.0,14,16,SOFT,0.0
1249,9631,6,81.0,15,17,SOFT,0.0
1249,9631,4,16.0,17,19,SOFT,0.0
1249,9635,1,27.0,1,20,MEDIUM,5.0
1249,9635,1,81.0,1,25,MEDIUM,4.0
1249,9635,1,4.0,1,25,MEDIUM,3.0
1249,9635,1,16.0,1,25,MEDIUM,6.0
1249,9635,1,1.0,1,25,MEDIUM,3.0
1249,9635,1,55.0,1,25,MEDIUM,3.0
1249,9635,1,63.0,1,25,MEDIUM,6.0
1249,9635,1,10.0,1,25,MEDIUM,0.0
1249,9635,1,30.0,1,25,MEDIUM,0.0
1249,9635,1,23.0,1,25,MEDIUM,3.0
1249,9635,1,50.0,1,25,MEDIUM,6.0
1249,9635,1,44.0,1,25,MEDIUM,7.0
1249,9635,1,11.0,1,25,MEDIUM,4.0
1249,9635,1,43.0,1,25,MEDIUM,3.0
1249,9635,1,77.0,1,25,MEDIUM,6.0
1249,9635,1,31.0,1,25,MEDIUM,6.0
1249,9635,1,22.0,1,25,MEDIUM,3.0
1249,9635,1,14.0,1,25,MEDIUM,6.0
1249,9635,1,18.0,1,25,MEDIUM,6.0
1249,9635,1,24.0,1,25,MEDIUM,5.0
1249,9636,1,23.0,1,1,,
1249,9636,1,18.0,1,1,INTERMEDIATE,0.0
1249,9636,1,16.0,1,25,INTERMEDIATE,2.0
1249,9636,1,27.0,1,25,INTERMEDIATE,0.0
1249,9636,1,43.0,1,26,INTERMEDIATE,0.0
1249,9636,1,81.0,1,27,INTERMEDIATE,2.0
1249,9636,1,14.0,1,27,INTERMEDIATE,0.0
1249,9636,1,11.0,1,27,INTERMEDIATE,0.0
1249,9636,1,44.0,1,27,INTERMEDIATE,0.0
1249,9636,1,50.0,1,27,INTERMEDIATE,0.0
1249,9636,1,24.0,1,27,INTERMEDIATE,0.0
1249,9636,1,55.0,1,27,INTERMEDIATE,0.0
1249,9636,1,4.0,1,28,INTERMEDIATE,4.0
1249,9636,1,63.0,1,28,INTERMEDIATE,3.0
1249,9636,1,22.0,1,28,INTERMEDIATE,3.0
1249,9636,1,30.0,1,28,INTERMEDIATE,0.0
1249,9636,1,31.0,1,32,INTERMEDIATE,2.0
1249,9636,1,77.0,1,32,INTERMEDIATE,0.0
1249,9636,1,10.0,1,32,INTERMEDIATE,0.0
1249,9636,1,1.0,1,32,INTERMEDIATE,0.0
1249,9636,2,16.0,25,32,INTERMEDIATE,3.0
1249,9636,2,27.0,26,27,INTERMEDIATE,0.0
1249,9636,2,43.0,27,31,INTERMEDIATE,0.0
1249,9636,2,24.0,28,28,INTERMEDIATE,0.0
1249,9636,3,27.0,28,29,WET,0.0
1249,9636,2,81.0,28,32,INTERMEDIATE,4.0
1249,9636,2,14.0,28,32,INTERMEDIATE,3.0
1249,9636,2,44.0,28,32,INTERMEDIATE,0.0
1249,9636,2,50.0,28,32,INTERMEDIATE,0.0
1249,9636,2,55.0,28,32,INTERMEDIATE,0.0
1249,9636,2,11.0,28,32,WET,5.0
1249,9636,3,24.0,29,31,WET,5.0
1249,9636,2,4.0,29,32,INTERMEDIATE,4.0
1249,9636,2,63.0,29,32,INTERMEDIATE,3.0
1249,9636,2,22.0,29,32,WET,0.0
1249,9636,2,30.0,29,32,WET,0.0
1249,9636,4,27.0,30,31,INTERMEDIATE,0.0
1249,9636,3,43.0,31,31,INTERMEDIATE,0.0
1249,9636,4,24.0,32,32,INTERMEDIATE,0.0
1249,9636,3,55.0,33,39,INTERMEDIATE,0.0
1249,9636,2,31.0,33,70,INTERMEDIATE,2.0
1249,9636,2,1.0,33,70,INTERMEDIATE,0.0
1249,9636,2,10.0,33,70,INTERMEDIATE,0.0
1249,9636,3,4.0,33,70,INTERMEDIATE,4.0
1249,9636,3,63.0,33,70,INTERMEDIATE,3.0
1249,9636,3,22.0,33,70,INTERMEDIATE,3.0
1249,9636,3,16.0,33,70,INTERMEDIATE,3.0
1249,9636,3,81.0,33,70,INTERMEDIATE,0.0
1249,9636,3,14.0,33,70,INTERMEDIATE,0.0
1249,9636,3,30.0,33,70,INTERMEDIATE,3.0
1249,9636,2,77.0,33,70,INTERMEDIATE,0.0
1249,9636,3,44.0,33,70,INTERMEDIATE,0.0
1249,9636,3,11.0,33,70,INTERMEDIATE,0.0
1249,9636,3,50.0,33,70,INTERMEDIATE,0.0
1249,9636,5,24.0,33,70,INTERMEDIATE,0.0
1250,9637,1,10.0,1,2,MEDIUM,0.0
1250,9637,1,31.0,1,2,MEDIUM,0.0
1250,9637,1,81.0,1,2,MEDIUM,0.0
1250,9637,1,20.0,1,6,MEDIUM,0.0
1250,9637,1,14.0,1,7,MEDIUM,0.0
1250,9637,1,18.0,1,7,MEDIUM,0.0
1250,9637,1,24.0,1,9,MEDIUM,0.0
1250,9637,1,27.0,1,9,MEDIUM,0.0
1250,9637,1,4.0,1,10,MEDIUM,0.0
1250,9637,1,23.0,1,10,MEDIUM,0.0
1250,9637,1,43.0,1,10,MEDIUM,0.0
1250,9637,1,77.0,1,11,MEDIUM,0.0
1250,9637,1,16.0,1,13,MEDIUM,0.0
1250,9637,1,22.0,1,14,MEDIUM,0.0
1250,9637,1,44.0,1,14,MEDIUM,0.0
1250,9637,1,63.0,1,14,MEDIUM,0.0
1250,9637,1,1.0,1,15,SOFT,0.0
1250,9637,1,11.0,1,15,SOFT,0.0
1250,9637,1,55.0,1,15,MEDIUM,0.0
1250,9637,1,30.0,1,16,MEDIUM,0.0
1250,9637,2,81.0,3,3,MEDIUM,0.0
1250,9637,2,31.0,3,12,MEDIUM,1.0
1250,9637,2,10.0,3,12,MEDIUM,1.0
1250,9637,3,81.0,4,11,MEDIUM,0.0
1250,9637,2,20.0,7,9,MEDIUM,0.0
1250,9637,2,14.0,8,17,MEDIUM,6.0
1250,9637,2,18.0,8,17,MEDIUM,6.0
1250,9637,2,27.0,10,10,MEDIUM,8.0
1250,9637,3,20.0,10,10,UNKNOWN,0.0
1250,9637,2,24.0,10,18,SOFT,0.0
1250,9637,2,43.0,11,11,MEDIUM,9.0
1250,9637,2,4.0,11,15,MEDIUM,0.0
1250,9637,2,23.0,11,15,MEDIUM,0.0
1250,9637,3,27.0,11,17,SOFT,0.0
1250,9637,4,20.0,11,18,UNKNOWN,0.0
1250,9637,4,81.0,12,11,UNKNOWN,0.0
1250,9637,5,81.0,12,18,UNKNOWN,0.0
1250,9637,2,77.0,12,20,SOFT,0.0
1250,9637,3,43.0,12,20,SOFT,0.0
1250,9637,3,31.0,13,20,SOFT,0.0
1250,9637,3,10.0,13,25,SOFT,0.0
1250,9637,2,16.0,14,13,UNKNOWN,0.0
1250,9637,3,16.0,14,22,UNKNOWN,0.0
1250,9637,2,22.0,15,14,UNKNOWN,0.0
1250,9637,3,22.0,15,20,MEDIUM,0.0
1250,9637,2,44.0,15,21,MEDIUM,0.0
1250,9637,2,63.0,15,22,MEDIUM,0.0
1250,9637,2,55.0,16,22,SOFT,0.0
1250,9637,3,4.0,16,23,SOFT,0.0
1250,9637,2,1.0,16,26,SOFT,0.0
1250,9637,2,11.0,16,26,SOFT,0.0
1250,9637,3,23.0,16,27,SOFT,0.0
1250,9637,2,30.0,17,23,SOFT,0.0
1250,9637,4,27.0,18,17,UNKNOWN,0.0
1250,9637,5,27.0,18,25,MEDIUM,0.0
1250,9637,3,14.0,18,26,SOFT,0.0
1250,9637,3,18.0,18,26,SOFT,0.0
1250,9637,6,81.0,19,18,SOFT,0.0
1250,9637,3,24.0,19,24,SOFT,0.0
1250,9637,5,20.0,19,25,MEDIUM,0.0
1250,9637,7,81.0,19,27,MEDIUM,0.0
1250,9637,4,22.0,21,24,SOFT,0.0
1250,9637,4,31.0,21,26,MEDIUM,0.0
1250,9637,3,77.0,21,26,MEDIUM,0.0
1250,9637,4,43.0,21,29,MEDIUM,0.0
1250,9637,3,44.0,22,27,SOFT,0.0
1250,9637,3,55.0,23,27,UNKNOWN,0.0
1250,9637,4,16.0,23,28,MEDIUM,0.0
1250,9637,3,63.0,23,30,SOFT,0.0
1250,9637,4,4.0,24,28,MEDIUM,0.0
1250,9637,3,30.0,24,29,MEDIUM,0.0
1250,9638,1,23.0,1,4,MEDIUM,0.0
1250,9638,1,20.0,1,5,MEDIUM,0.0
1250,9638,1,22.0,1,6,MEDIUM,0.0
1250,9638,1,14.0,1,7,MEDIUM,0.0
1250,9638,1,27.0,1,7,MEDIUM,0.0
1250,9638,1,4.0,1,8,MEDIUM,0.0
1250,9638,1,18.0,1,8,MEDIUM,0.0
1250,9638,1,11.0,1,9,MEDIUM,0.0
1250,9638,1,30.0,1,9,MEDIUM,0.0
1250,9638,1,31.0,1,9,MEDIUM,0.0
1250,9638,1,43.0,1,9,MEDIUM,0.0
1250,9638,1,44.0,1,9,MEDIUM,0.0
1250,9638,1,63.0,1,9,MEDIUM,0.0
1250,9638,1,77.0,1,9,MEDIUM,0.0
1250,9638,1,81.0,1,9,MEDIUM,0.0
1250,9638,1,24.0,1,10,UNKNOWN,0.0
1250,9638,1,1.0,1,11,MEDIUM,0.0
1250,9638,1,10.0,1,11,MEDIUM,0.0
1250,9638,1,16.0,1,12,MEDIUM,0.0
1250,9638,1,55.0,1,12,MEDIUM,0.0
1250,9638,2,23.0,5,5,MEDIUM,0.0
1250,9638,2,20.0,6,11,SOFT,0.0
1250,9638,2,22.0,7,9,MEDIUM,0.0
1250,9638,2,27.0,8,13,SOFT,0.0
1250,9638,2,14.0,8,16,SOFT,0.0
1250,9638,2,4.0,9,10,UNKNOWN,0.0
1250,9638,2,18.0,9,15,SOFT,0.0
1250,9638,3,22.0,10,12,SOFT,0.0
1250,9638,2,11.0,10,14,SOFT,0.0
1250,9638,2,30.0,10,14,SOFT,0.0
1250,9638,2,81.0,10,15,SOFT,0.0
1250,9638,2,31.0,10,16,SOFT,0.0
1250,9638,2,44.0,10,16,SOFT,0.0
1250,9638,2,77.0,10,17,SOFT,0.0
1250,9638,2,43.0,10,18,SOFT,0.0
1250,9638,2,63.0,10,18,SOFT,0.0
1250,9638,3,4.0,11,14,MEDIUM,0.0
1250,9638,3,20.0,11,14,SOFT,0.0
1250,9638,2,24.0,11,17,SOFT,0.0
1250,9638,2,1.0,12,14,SOFT,0.0
1250,9638,2,10.0,12,18,SOFT,0.0
1250,9638,4,22.0,13,13,SOFT,0.0
1250,9638,2,55.0,13,19,SOFT,0.0
1250,9638,2,16.0,13,20,SOFT,0.0
1250,9638,5,22.0,14,24,MEDIUM,0.0
1250,9638,3,27.0,14,25,MEDIUM,0.0
1250,9638,4,20.0,15,21,SOFT,0.0
1250,9638,4,4.0,15,23,MEDIUM,0.0
1250,9638,3,30.0,15,25,MEDIUM,0.0
1250,9638,3,1.0,15,26,MEDIUM,0.0
1250,9638,3,11.0,15,26,MEDIUM,0.0
1250,9638,3,18.0,16,24,MEDIUM,0.0
1250,9638,3,81.0,16,24,MEDIUM,0.0
1250,9638,3,31.0,16,27,MEDIUM,0.0
1250,9638,3,14.0,17,26,MEDIUM,0.0
1250,9638,3,44.0,17,26,SOFT,0.0
1250,9638,3,24.0,18,18,SOFT,0.0
1250,9638,3,77.0,18,18,SOFT,0.0
1250,9638,3,63.0,18,30,MEDIUM,0.0
1250,9638,3,43.0,19,28,MEDIUM,0.0
1250,9638,4,24.0,19,29,MEDIUM,0.0
1250,9638,4,77.0,19,29,MEDIUM,0.0
1250,9638,3,55.0,19,30,MEDIUM,0.0
1250,9638,3,10.0,19,31,MEDIUM,0.0
1250,9638,3,16.0,20,30,MEDIUM,0.0
1250,9638,5,4.0,24,26,SOFT,0.0
1250,9638,4,81.0,25,27,SOFT,0.0
1250,9638,4,18.0,25,28,SOFT,0.0
1250,9638,4,43.0,29,31,SOFT,0.0
1250,9639,1,4.0,1,1,SOFT,0.0
1250,9639,1,14.0,1,2,HARD,0.0
1250,9639,1,18.0,1,2,HARD,0.0
1250,9639,1,22.0,1,2,HARD,0.0
1250,9639,1,24.0,1,2,HARD,0.0
1250,9639,1,30.0,1,2,HARD,0.0
1250,9639,1,44.0,1,2,HARD,0.0
1250,9639,1,63.0,1,2,HARD,0.0
1250,9639,1,11.0,1,4,MEDIUM,0.0
1250,9639,1,16.0,1,7,SOFT,0.0
1250,9639,1,20.0,1,7,SOFT,0.0
1250,9639,1,55.0,1,7,SOFT,0.0
1250,9639,1,81.0,1,8,SOFT,0.0
1250,9639,1,43.0,1,9,SOFT,0.0
1250,9639,1,77.0,1,9,SOFT,0.0
1250,9639,1,10.0,1,10,SOFT,0.0
1250,9639,1,23.0,1,10,SOFT,0.0
1250,9639,1,27.0,1,10,SOFT,0.0
1250,9639,1,1.0,1,11,MEDIUM,0.0
1250,9639,1,31.0,1,11,SOFT,0.0
1250,9639,2,4.0,2,9,SOFT,0.0
1250,9639,2,63.0,3,2,HARD,0.0
1250,9639,2,24.0,3,3,MEDIUM,0.0
1250,9639,2,44.0,3,3,HARD,0.0
1250,9639,2,18.0,3,3,HARD,0.0
1250,9639,2,14.0,3,3,HARD,0.0
1250,9639,2,30.0,3,3,HARD,0.0
1250,9639,2,22.0,3,3,HARD,0.0
1250,9639,3,63.0,3,11,SOFT,0.0
1250,9639,3,18.0,4,4,MEDIUM,0.0
1250,9639,3,14.0,4,4,MEDIUM,0.0
1250,9639,3,24.0,4,11,SOFT,0.0
1250,9639,3,44.0,4,12,SOFT,0.0
1250,9639,3,22.0,4,14,SOFT,0.0
1250,9639,3,30.0,4,14,SOFT,0.0
1250,9639,4,18.0,5,12,SOFT,0.0
1250,9639,4,14.0,5,12,SOFT,0.0
1250,9639,2,11.0,5,15,MEDIUM,0.0
1250,9639,2,20.0,8,8,SOFT,0.0
1250,9639,2,55.0,8,11,SOFT,0.0
1250,9639,2,16.0,8,12,SOFT,0.0
1250,9639,3,20.0,9,12,SOFT,0.0
1250,9639,2,81.0,9,13,SOFT,0.0
1250,9639,2,77.0,10,10,SOFT,0.0
1250,9639,2,43.0,10,13,SOFT,0.0
1250,9639,3,4.0,10,13,SOFT,0.0
1250,9639,2,27.0,11,10,UNKNOWN,0.0
1250,9639,2,10.0,11,13,SOFT,0.0
1250,9639,3,77.0,11,13,SOFT,0.0
1250,9639,2,31.0,11,13,SOFT,0.0
1250,9639,3,27.0,11,14,SOFT,0.0
1250,9639,2,23.0,11,14,SOFT,0.0
1250,9639,4,24.0,12,12,SOFT,0.0
1250,9639,3,16.0,12,13,SOFT,0.0
1250,9639,4,20.0,12,14,SOFT,0.0
1250,9639,2,1.0,12,15,SOFT,0.0
1250,9639,3,55.0,12,15,SOFT,0.0
1250,9639,4,63.0,12,17,SOFT,0.0
1250,9639,5,18.0,13,14,SOFT,0.0
1250,9639,5,14.0,13,14,SOFT,0.0
1250,9639,5,24.0,13,14,SOFT,0.0
1250,9639,4,44.0,13,15,SOFT,0.0
1250,9639,4,77.0,13,15,SOFT,0.0
1250,9639,3,31.0,13,15,SOFT,0.0
1250,9639,3,81.0,13,15,SOFT,0.0
1250,9639,4,4.0,13,15,SOFT,0.0
1250,9639,4,30.0,14,16,SOFT,0.0
1250,9639,4,27.0,14,16,SOFT,0.0
1250,9639,3,43.0,14,16,SOFT,0.0
1250,9639,3,10.0,14,16,SOFT,0.0
1250,9639,3,23.0,14,16,SOFT,0.0
1250,9639,4,16.0,14,16,SOFT,0.0
1250,9639,4,22.0,15,16,SOFT,0.0
1250,9639,6,24.0,15,17,SOFT,0.0
1250,9639,4,55.0,15,17,SOFT,0.0
1250,9639,6,14.0,15,17,SOFT,0.0
1250,9639,5,44.0,16,18,SOFT,0.0
1250,9639,3,1.0,16,18,SOFT,0.0
1250,9639,3,11.0,16,20,SOFT,0.0
1250,9639,5,22.0,17,19,SOFT,0.0
1250,9639,5,30.0,17,19,SOFT,0.0
1250,9639,5,63.0,17,19,SOFT,0.0
1250,9640,1,63.0,1,3,UNKNOWN,0.0
1250,9640,1,18.0,1,4,SOFT,0.0
1250,9640,1,10.0,1,5,SOFT,0.0
1250,9640,1,31.0,1,5,SOFT,0.0
1250,9640,1,55.0,1,6,SOFT,0.0
1250,9640,1,4.0,1,6,SOFT,0.0
1250,9640,1,20.0,1,6,SOFT,0.0
1250,9640,1,24.0,1,6,SOFT,0.0
1250,9640,1,81.0,1,7,SOFT,0.0
1250,9640,1,23.0,1,7,SOFT,0.0
1250,9640,1,43.0,1,7,SOFT,0.0
1250,9640,1,27.0,1,7,SOFT,0.0
1250,9640,1,14.0,1,7,SOFT,0.0
1250,9640,1,22.0,1,7,SOFT,0.0
1250,9640,1,77.0,1,7,SOFT,0.0
1250,9640,1,30.0,1,7,SOFT,0.0
1250,9640,1,1.0,1,10,SOFT,0.0
1250,9640,1,16.0,1,10,SOFT,0.0
1250,9640,1,44.0,1,11,SOFT,0.0
1250,9640,1,11.0,1,11,SOFT,0.0
1250,9640,2,63.0,3,12,MEDIUM,0.0
1250,9640,2,10.0,6,12,SOFT,0.0
1250,9640,2,31.0,6,12,SOFT,0.0
1250,9640,2,4.0,7,9,SOFT,0.0
1250,9640,2,27.0,7,9,SOFT,0.0
1250,9640,2,55.0,7,10,UNKNOWN,0.0
1250,9640,2,20.0,7,10,SOFT,0.0
1250,9640,2,77.0,7,11,SOFT,0.0
1250,9640,2,24.0,7,11,SOFT,0.0
1250,9640,2,14.0,8,10,SOFT,0.0
1250,9640,2,81.0,8,10,SOFT,0.0
1250,9640,2,23.0,8,11,SOFT,0.0
1250,9640,2,43.0,8,12,SOFT,0.0
1250,9640,2,30.0,8,12,SOFT,0.0
1250,9640,2,22.0,8,12,SOFT,0.0
1250,9640,3,4.0,9,11,SOFT,0.0
1250,9640,3,55.0,10,11,SOFT,0.0
1250,9640,2,16.0,10,11,SOFT,0.0
1250,9640,3,81.0,10,12,SOFT,0.0
1250,9640,3,27.0,10,13,SOFT,0.0
1250,9640,2,1.0,10,16,SOFT,0.0
1250,9640,2,44.0,11,13,SOFT,0.0
1250,9640,3,20.0,11,13,SOFT,0.0
1250,9640,3,63.0,12,14,SOFT,0.0
1250,9640,3,24.0,12,14,SOFT,0.0
1250,9640,3,43.0,12,14,SOFT,0.0
1250,9640,3,30.0,12,15,SOFT,0.0
1250,9640,3,22.0,12,15,SOFT,0.0
1250,9640,3,31.0,12,15,SOFT,0.0
1250,9640,3,10.0,12,15,SOFT,0.0
1250,9640,4,4.0,12,15,SOFT,0.0
1250,9640,3,16.0,12,17,SOFT,0.0
1250,9640,4,55.0,12,18,SOFT,0.0
1250,9640,4,27.0,13,15,SOFT,0.0
1250,9640,4,81.0,13,16,SOFT,0.0
1250,9640,3,44.0,14,19,SOFT,0.0
1250,9640,4,43.0,15,17,SOFT,0.0
1250,9640,5,4.0,15,17,SOFT,0.0
1250,9640,4,24.0,15,18,SOFT,0.0
1250,9640,4,63.0,15,21,SOFT,0.0
1250,9640,4,30.0,16,18,SOFT,0.0
1250,9640,5,81.0,16,18,SOFT,0.0
1250,9640,5,27.0,16,18,SOFT,0.0
1250,9640,4,31.0,16,19,SOFT,0.0
1250,9640,4,10.0,16,19,SOFT,0.0
1250,9640,4,22.0,16,20,SOFT,0.0
1250,9640,3,1.0,16,20,SOFT,0.0
1250,9640,4,16.0,18,20,SOFT,0.0
1250,9640,6,4.0,18,21,SOFT,0.0
1250,9640,5,55.0,19,21,SOFT,0.0
1250,9640,6,81.0,19,22,SOFT,0.0
1250,9640,5,10.0,20,22,SOFT,0.0
1250,9640,5,22.0,20,22,SOFT,0.0
1250,9640,4,44.0,20,22,SOFT,0.0
1250,9640,4,1.0,20,22,SOFT,0.0
1250,9640,5,63.0,21,23,SOFT,0.0
1250,9640,5,16.0,21,24,SOFT,0.0
1250,9640,6,55.0,22,25,SOFT,0.0
1250,9640,5,44.0,23,25,SOFT,0.0
1250,9640,6,10.0,23,26,SOFT,0.0
1250,9640,6,22.0,23,26,SOFT,0.0
1250,9640,6,63.0,24,26,SOFT,0.0
1250,9644,1,14.0,1,4,SOFT,0.0
1250,9644,1,16.0,1,9,MEDIUM,0.0
1250,9644,1,4.0,1,9,MEDIUM,0.0
1250,9644,1,23.0,1,9,MEDIUM,0.0
1250,9644,1,18.0,1,9,MEDIUM,1.0
1250,9644,1,55.0,1,10,MEDIUM,0.0
1250,9644,1,10.0,1,10,MEDIUM,0.0
1250,9644,1,22.0,1,10,MEDIUM,0.0
1250,9644,1,81.0,1,10,MEDIUM,0.0
1250,9644,1,1.0,1,11,MEDIUM,0.0
1250,9644,1,31.0,1,11,MEDIUM,0.0
1250,9644,1,24.0,1,11,MEDIUM,1.0
1250,9644,1,30.0,1,11,MEDIUM,0.0
1250,9644,1,63.0,1,12,MEDIUM,1.0
1250,9644,1,44.0,1,13,MEDIUM,0.0
1250,9644,1,27.0,1,14,MEDIUM,0.0
1250,9644,1,43.0,1,16,HARD,0.0
1250,9644,1,20.0,1,17,MEDIUM,0.0
1250,9644,1,11.0,1,17,HARD,0.0
1250,9644,1,77.0,1,17,HARD,0.0
1250,9644,2,14.0,5,24,HARD,0.0
1250,9644,2,23.0,10,26,HARD,0.0
1250,9644,2,18.0,10,28,HARD,0.0
1250,9644,2,4.0,10,30,HARD,0.0
1250,9644,2,16.0,10,31,HARD,0.0
1250,9644,2,10.0,11,16,HARD,0.0
1250,9644,2,81.0,11,25,HARD,0.0
1250,9644,2,55.0,11,28,HARD,0.0
1250,9644,2,22.0,11,29,HARD,0.0
1250,9644,2,31.0,12,12,MEDIUM,0.0
1250,9644,2,1.0,12,27,HARD,0.0
1250,9644,2,24.0,12,34,HARD,0.0
1250,9644,2,30.0,12,38,HARD,1.0
1250,9644,2,63.0,13,32,HARD,1.0
1250,9644,3,31.0,13,45,HARD,0.0
1250,9644,2,44.0,14,27,HARD,1.0
1250,9644,2,27.0,15,34,HARD,0.0
1250,9644,2,43.0,17,26,MEDIUM,0.0
1250,9644,2,11.0,18,32,MEDIUM,0.0
1250,9644,2,77.0,18,35,MEDIUM,0.0
1250,9644,2,20.0,18,51,HARD,0.0
1250,9644,3,14.0,25,51,HARD,1.0
1250,9644,3,81.0,26,51,HARD,0.0
1250,9644,3,43.0,27,51,HARD,0.0
1250,9644,3,1.0,28,51,HARD,0.0
1250,9644,3,44.0,28,51,HARD,1.0
1250,9644,3,55.0,29,51,HARD,0.0
1250,9644,3,18.0,29,51,HARD,0.0
1250,9644,3,22.0,30,51,HARD,1.0
1250,9644,3,4.0,31,48,HARD,0.0
1250,9644,3,16.0,32,51,HARD,0.0
1250,9644,3,63.0,33,51,HARD,0.0
1250,9644,3,11.0,33,51,HARD,0.0
1250,9644,3,27.0,34,51,HARD,0.0
1250,9644,3,24.0,35,51,HARD,0.0
1250,9644,3,77.0,36,50,HARD,0.0
1250,9644,3,30.0,39,51,HARD,1.0
1250,9644,4,31.0,46,50,SOFT,0.0
1250,9644,4,4.0,49,51,SOFT,4.0
1251,9645,1,10.0,1,4,MEDIUM,0.0
1251,9645,1,11.0,1,6,MEDIUM,0.0
1251,9645,1,1.0,1,6,MEDIUM,0.0
1251,9645,1,30.0,1,6,MEDIUM,0.0
1251,9645,1,81.0,1,8,MEDIUM,0.0
1251,9645,1,77.0,1,8,MEDIUM,0.0
1251,9645,1,4.0,1,8,MEDIUM,0.0
1251,9645,1,27.0,1,8,MEDIUM,0.0
1251,9645,1,22.0,1,9,MEDIUM,0.0
1251,9645,1,20.0,1,9,MEDIUM,0.0
1251,9645,1,24.0,1,10,MEDIUM,0.0
1251,9645,1,14.0,1,10,MEDIUM,0.0
1251,9645,1,18.0,1,10,MEDIUM,0.0
1251,9645,1,63.0,1,10,MEDIUM,0.0
1251,9645,1,43.0,1,11,HARD,0.0
1251,9645,1,31.0,1,11,UNKNOWN,0.0
1251,9645,1,16.0,1,11,HARD,0.0
1251,9645,1,23.0,1,11,HARD,0.0
1251,9645,1,44.0,1,12,MEDIUM,0.0
1251,9645,1,55.0,1,12,HARD,0.0
1251,9645,2,10.0,5,12,MEDIUM,0.0
1251,9645,2,1.0,7,9,MEDIUM,0.0
1251,9645,2,11.0,7,11,MEDIUM,0.0
1251,9645,2,30.0,7,13,MEDIUM,0.0
1251,9645,2,77.0,9,13,MEDIUM,0.0
1251,9645,2,4.0,9,18,MEDIUM,0.0
1251,9645,2,27.0,9,20,MEDIUM,0.0
1251,9645,2,81.0,9,20,MEDIUM,0.0
1251,9645,2,22.0,10,12,MEDIUM,0.0
1251,9645,2,20.0,10,20,MEDIUM,0.0
1251,9645,3,1.0,10,21,MEDIUM,0.0
1251,9645,2,31.0,11,18,MEDIUM,0.0
1251,9645,2,24.0,11,19,MEDIUM,0.0
1251,9645,2,14.0,11,19,MEDIUM,0.0
1251,9645,2,18.0,11,20,MEDIUM,0.0
1251,9645,2,63.0,11,22,MEDIUM,0.0
1251,9645,2,16.0,12,12,MEDIUM,0.0
1251,9645,2,23.0,12,20,HARD,0.0
1251,9645,2,43.0,12,21,HARD,0.0
1251,9645,3,11.0,12,21,MEDIUM,0.0
1251,9645,2,44.0,12,21,MEDIUM,0.0
1251,9645,2,55.0,13,13,MEDIUM,0.0
1251,9645,3,22.0,13,21,MEDIUM,0.0
1251,9645,3,16.0,13,22,HARD,0.0
1251,9645,3,10.0,13,24,MEDIUM,0.0
1251,9645,3,77.0,14,21,MEDIUM,0.0
1251,9645,3,30.0,14,22,MEDIUM,0.0
1251,9645,3,55.0,14,23,HARD,0.0
1251,9645,3,31.0,18,19,SOFT,0.0
1251,9645,3,4.0,19,22,SOFT,0.0
1251,9645,3,24.0,20,22,SOFT,0.0
1251,9645,3,18.0,20,22,SOFT,0.0
1251,9645,3,14.0,20,22,SOFT,0.0
1251,9645,4,31.0,20,22,MEDIUM,0.0
1251,9645,3,23.0,21,21,HARD,0.0
1251,9645,3,27.0,21,23,SOFT,0.0
1251,9645,3,81.0,21,23,SOFT,0.0
1251,9645,3,20.0,21,28,SOFT,0.0
1251,9645,3,43.0,22,24,SOFT,0.0
1251,9645,4,23.0,22,24,SOFT,0.0
1251,9645,4,1.0,22,24,SOFT,0.0
1251,9645,4,22.0,22,24,SOFT,0.0
1251,9645,4,11.0,22,24,SOFT,0.0
1251,9645,3,44.0,22,24,SOFT,0.0
1251,9645,4,77.0,22,30,SOFT,0.0
1251,9645,4,16.0,23,23,MEDIUM,0.0
1251,9645,3,63.0,23,25,SOFT,0.0
1251,9645,4,14.0,23,25,MEDIUM,0.0
1251,9645,4,18.0,23,25,MEDIUM,0.0
1251,9645,4,4.0,23,25,MEDIUM,0.0
1251,9645,4,24.0,23,28,SOFT,0.0
1251,9645,4,30.0,23,30,SOFT,0.0
1251,9645,4,55.0,24,24,MEDIUM,0.0
1251,9645,5,16.0,24,26,SOFT,0.0
1251,9645,4,81.0,24,27,SOFT,0.0
1251,9645,4,27.0,24,28,SOFT,0.0
1251,9645,5,55.0,25,27,SOFT,0.0
1251,9645,4,43.0,25,27,SOFT,0.0
1251,9645,5,23.0,25,27,SOFT,0.0
1251,9645,5,1.0,25,27,MEDIUM,0.0
1251,9645,5,11.0,25,27,MEDIUM,0.0
1251,9645,4,44.0,25,27,MEDIUM,0.0
1251,9645,5,22.0,25,28,SOFT,0.0
1251,9645,4,10.0,25,29,MEDIUM,0.0
1251,9645,4,63.0,26,28,MEDIUM,0.0
1251,9645,6,16.0,27,31,SOFT,0.0
1251,9645,5,43.0,28,30,HARD,0.0
1251,9645,6,23.0,28,30,HARD,0.0
1251,9645,6,55.0,28,31,SOFT,0.0
1251,9646,1,10.0,1,3,SOFT,6.0
1251,9646,1,55.0,1,3,SOFT,7.0
1251,9646,1,63.0,1,3,MEDIUM,0.0
1251,9646,1,81.0,1,4,SOFT,7.0
1251,9646,1,18.0,1,4,SOFT,0.0
1251,9646,1,31.0,1,4,SOFT,2.0
1251,9646,1,1.0,1,4,SOFT,3.0
1251,9646,1,14.0,1,4,SOFT,3.0
1251,9646,1,44.0,1,5,SOFT,6.0
1251,9646,1,27.0,1,5,SOFT,0.0
1251,9646,1,16.0,1,6,SOFT,0.0
1251,9646,1,4.0,1,6,SOFT,4.0
1251,9646,1,77.0,1,6,SOFT,0.0
1251,9646,1,43.0,1,6,SOFT,0.0
1251,9646,1,23.0,1,6,SOFT,0.0
1251,9646,1,20.0,1,6,SOFT,0.0
1251,9646,1,24.0,1,6,SOFT,0.0
1251,9646,1,11.0,1,7,SOFT,0.0
1251,9646,1,30.0,1,7,SOFT,0.0
1251,9646,1,22.0,1,7,SOFT,0.0
1251,9646,2,63.0,3,13,SOFT,6.0
1251,9646,2,55.0,4,6,SOFT,5.0
1251,9646,2,10.0,4,7,SOFT,0.0
1251,9646,2,31.0,4,8,SOFT,0.0
1251,9646,2,1.0,4,9,SOFT,0.0
1251,9646,2,18.0,5,7,SOFT,0.0
1251,9646,2,14.0,5,7,SOFT,0.0
1251,9646,2,81.0,5,10,SOFT,0.0
1251,9646,2,27.0,6,11,SOFT,0.0
1251,9646,2,44.0,6,12,SOFT,0.0
1251,9646,2,43.0,7,10,SOFT,0.0
1251,9646,2,23.0,7,10,SOFT,0.0
1251,9646,2,4.0,7,11,SOFT,0.0
1251,9646,2,16.0,7,12,SOFT,0.0
1251,9646,2,20.0,7,13,SOFT,0.0
1251,9646,3,55.0,7,13,SOFT,0.0
1251,9646,2,77.0,7,13,SOFT,0.0
1251,9646,2,24.0,7,13,SOFT,0.0
1251,9646,3,14.0,8,10,SOFT,0.0
1251,9646,3,18.0,8,10,SOFT,0.0
1251,9646,3,31.0,8,11,SOFT,0.0
1251,9646,2,30.0,8,11,SOFT,0.0
1251,9646,2,11.0,8,12,SOFT,0.0
1251,9646,2,22.0,8,12,SOFT,0.0
1251,9646,3,10.0,8,12,SOFT,0.0
1251,9646,3,1.0,9,12,SOFT,4.0
1251,9646,4,14.0,10,12,SOFT,0.0
1251,9646,4,18.0,10,12,SOFT,0.0
1251,9646,3,81.0,10,15,SOFT,0.0
1251,9646,3,4.0,11,13,SOFT,4.0
1251,9646,3,44.0,12,14,SOFT,3.0
1251,9646,3,11.0,12,14,SOFT,0.0
1251,9646,3,22.0,12,14,UNKNOWN,0.0
1251,9646,4,10.0,12,15,SOFT,0.0
1251,9646,5,14.0,12,15,SOFT,0.0
1251,9646,4,1.0,12,17,SOFT,0.0
1251,9646,3,63.0,13,15,SOFT,0.0
1251,9646,4,55.0,13,15,SOFT,6.0
1251,9646,3,16.0,13,15,SOFT,0.0
1251,9646,5,18.0,13,15,SOFT,0.0
1251,9646,3,20.0,13,16,SOFT,0.0
1251,9646,3,77.0,13,16,SOFT,0.0
1251,9646,3,24.0,13,16,SOFT,0.0
1251,9646,4,4.0,14,17,SOFT,0.0
1251,9646,4,11.0,15,16,SOFT,0.0
1251,9646,4,44.0,15,17,SOFT,0.0
1251,9646,4,22.0,15,17,SOFT,0.0
1251,9646,6,14.0,15,17,SOFT,2.0
1251,9646,4,63.0,16,18,SOFT,0.0
1251,9646,5,10.0,16,19,SOFT,0.0
1251,9646,4,81.0,16,19,SOFT,0.0
1251,9646,5,55.0,16,22,SOFT,0.0
1251,9646,4,16.0,16,22,SOFT,0.0
1251,9646,5,4.0,17,18,SOFT,0.0
1251,9646,5,11.0,17,19,SOFT,3.0
1251,9646,4,20.0,17,20,SOFT,0.0
1251,9646,4,24.0,17,20,SOFT,0.0
1251,9646,4,77.0,17,20,SOFT,0.0
1251,9646,7,14.0,18,20,SOFT,0.0
1251,9646,5,44.0,18,21,SOFT,3.0
1251,9646,5,1.0,18,23,SOFT,0.0
1251,9646,5,63.0,19,22,SOFT,3.0
1251,9646,6,4.0,19,23,SOFT,0.0
1251,9646,5,81.0,20,23,SOFT,0.0
1251,9646,6,11.0,20,23,SOFT,0.0
1251,9646,5,20.0,21,24,SOFT,4.0
1251,9646,6,44.0,21,24,SOFT,0.0
1251,9646,6,55.0,22,24,SOFT,0.0
1251,9646,5,16.0,22,24,SOFT,0.0
1251,9646,6,63.0,22,25,SOFT,0.0
1251,9646,6,20.0,24,27,SOFT,0.0
1251,9646,7,55.0,25,27,SOFT,0.0
1251,9646,6,16.0,25,27,SOFT,0.0
1251,9646,7,44.0,25,28,SOFT,0.0
1251,9646,7,63.0,26,29,SOFT,0.0
1251,9650,1,27.0,1,4,MEDIUM,0.0
1251,9650,1,77.0,1,6,MEDIUM,0.0
1251,9650,1,20.0,1,6,MEDIUM,0.0
1251,9650,1,24.0,1,7,MEDIUM,0.0
1251,9650,1,63.0,1,7,MEDIUM,0.0
1251,9650,1,31.0,1,8,MEDIUM,0.0
1251,9650,1,11.0,1,8,MEDIUM,0.0
1251,9650,1,44.0,1,8,MEDIUM,0.0
1251,9650,1,81.0,1,8,MEDIUM,0.0
1251,9650,1,14.0,1,8,MEDIUM,0.0
1251,9650,1,22.0,1,8,MEDIUM,0.0
1251,9650,1,4.0,1,9,MEDIUM,0.0
1251,9650,1,43.0,1,9,MEDIUM,0.0
1251,9650,1,1.0,1,9,MEDIUM,0.0
1251,9650,1,16.0,1,9,MEDIUM,0.0
1251,9650,1,10.0,1,9,MEDIUM,0.0
1251,9650,1,30.0,1,9,MEDIUM,0.0
1251,9650,1,55.0,1,10,MEDIUM,0.0
1251,9650,1,18.0,1,10,MEDIUM,0.0
1251,9650,1,23.0,1,10,MEDIUM,0.0
1251,9650,2,27.0,5,7,MEDIUM,0.0
1251,9650,2,24.0,7,9,MEDIUM,0.0
1251,9650,2,20.0,7,10,MEDIUM,0.0
1251,9650,2,77.0,7,10,MEDIUM,0.0
1251,9650,3,27.0,8,10,MEDIUM,0.0
1251,9650,2,63.0,8,12,MEDIUM,0.0
1251,9650,2,14.0,8,13,MEDIUM,0.0
1251,9650,2,81.0,8,13,MEDIUM,0.0
1251,9650,2,10.0,9,11,MEDIUM,0.0
1251,9650,2,16.0,9,14,MEDIUM,0.0
1251,9650,2,4.0,9,14,MEDIUM,0.0
1251,9650,2,44.0,9,15,MEDIUM,0.0
1251,9650,2,30.0,9,16,MEDIUM,0.0
1251,9650,3,20.0,10,13,MEDIUM,0.0
1251,9650,2,55.0,10,14,MEDIUM,0.0
1251,9650,3,77.0,10,14,MEDIUM,0.0
1251,9650,2,18.0,10,15,MEDIUM,0.0
1251,9650,2,23.0,10,15,MEDIUM,0.0
1251,9650,2,1.0,10,17,MEDIUM,0.0
1251,9650,4,27.0,11,14,MEDIUM,0.0
1251,9650,3,10.0,12,14,MEDIUM,0.0
1251,9650,3,63.0,12,17,SOFT,0.0
1251,9650,4,20.0,13,15,MEDIUM,0.0
1251,9650,3,81.0,13,17,SOFT,0.0
1251,9650,5,27.0,14,16,SOFT,0.0
1251,9650,3,4.0,14,17,SOFT,0.0
1251,9650,3,16.0,14,19,SOFT,0.0
1251,9650,4,10.0,15,17,SOFT,0.0
1251,9650,3,55.0,15,20,SOFT,0.0
1251,9650,3,44.0,15,20,SOFT,0.0
1251,9650,3,30.0,16,18,SOFT,0.0
1251,9650,3,1.0,17,22,SOFT,0.0
1251,9650,5,10.0,18,20,SOFT,0.0
1251,9650,4,30.0,19,21,SOFT,0.0
1251,9654,1,24.0,1,10,SOFT,0.0
1251,9654,1,11.0,1,14,MEDIUM,11.0
1251,9654,1,63.0,1,20,MEDIUM,4.0
1251,9654,1,31.0,1,20,MEDIUM,7.0
1251,9654,1,16.0,1,20,MEDIUM,1.0
1251,9654,1,77.0,1,20,MEDIUM,12.0
1251,9654,1,22.0,1,20,MEDIUM,7.0
1251,9654,1,30.0,1,20,MEDIUM,7.0
1251,9654,1,10.0,1,20,MEDIUM,7.0
1251,9654,1,14.0,1,20,MEDIUM,6.0
1251,9654,1,1.0,1,20,MEDIUM,8.0
1251,9654,1,81.0,1,20,MEDIUM,5.0
1251,9654,1,4.0,1,20,MEDIUM,5.0
1251,9654,1,20.0,1,20,MEDIUM,6.0
1251,9654,1,18.0,1,20,MEDIUM,6.0
1251,9654,1,43.0,1,20,MEDIUM,4.0
1251,9654,1,23.0,1,20,MEDIUM,6.0
1251,9654,1,55.0,1,20,MEDIUM,1.0
1251,9654,1,27.0,1,20,MEDIUM,6.0
1251,9654,1,44.0,1,20,MEDIUM,6.0
1251,9654,2,24.0,11,20,MEDIUM,8.0
1251,9654,2,11.0,15,20,MEDIUM,21.0
1251,9655,1,43.0,1,0,UNKNOWN,0.0
1251,9655,1,31.0,1,0,UNKNOWN,0.0
1251,9655,1,27.0,1,1,HARD,0.0
1251,9655,1,18.0,1,1,MEDIUM,0.0
1251,9655,2,43.0,1,1,MEDIUM,0.0
1251,9655,2,31.0,1,1,MEDIUM,0.0
1251,9655,1,63.0,1,14,MEDIUM,1.0
1251,9655,1,77.0,1,15,MEDIUM,0.0
1251,9655,1,20.0,1,18,MEDIUM,0.0
1251,9655,1,81.0,1,25,MEDIUM,0.0
1251,9655,1,55.0,1,25,MEDIUM,1.0
1251,9655,1,44.0,1,25,MEDIUM,0.0
1251,9655,1,4.0,1,26,MEDIUM,0.0
1251,9655,1,30.0,1,26,MEDIUM,0.0
1251,9655,1,1.0,1,26,MEDIUM,0.0
1251,9655,1,10.0,1,26,MEDIUM,0.0
1251,9655,1,14.0,1,26,MEDIUM,0.0
1251,9655,1,24.0,1,26,MEDIUM,0.0
1251,9655,1,16.0,1,26,MEDIUM,1.0
1251,9655,1,23.0,1,26,MEDIUM,0.0
1251,9655,1,11.0,1,26,MEDIUM,0.0
1251,9655,1,22.0,1,26,MEDIUM,0.0
1251,9655,2,18.0,2,7,HARD,0.0
1251,9655,2,27.0,2,22,HARD,0.0
1251,9655,3,18.0,8,9,HARD,0.0
1251,9655,2,63.0,15,26,HARD,0.0
1251,9655,2,77.0,16,27,HARD,0.0
1251,9655,2,20.0,19,28,HARD,0.0
1251,9655,3,27.0,23,27,MEDIUM,0.0
1251,9655,2,44.0,26,27,HARD,0.0
1251,9655,2,81.0,26,28,HARD,0.0
1251,9655,2,55.0,26,28,HARD,0.0
1251,9655,2,22.0,27,27,HARD,0.0
1251,9655,2,23.0,27,27,SOFT,0.0
1251,9655,2,30.0,27,27,HARD,0.0
1251,9655,3,44.0,27,27,HARD,0.0
1251,9655,3,77.0,27,27,MEDIUM,0.0
1251,9655,2,1.0,27,28,HARD,0.0
1251,9655,2,4.0,27,28,HARD,0.0
1251,9655,2,16.0,27,28,HARD,0.0
1251,9655,2,11.0,27,28,HARD,0.0
1251,9655,2,10.0,27,28,HARD,0.0
1251,9655,3,63.0,27,28,HARD,0.0
1251,9655,2,14.0,27,28,HARD,0.0
1251,9655,2,24.0,27,28,HARD,0.0
1251,9655,3,1.0,28,28,HARD,1.0
1251,9655,3,4.0,28,28,HARD,0.0
1251,9655,3,16.0,28,28,HARD,0.0
1251,9655,3,81.0,28,28,HARD,0.0
1251,9655,3,11.0,28,28,HARD,1.0
1251,9655,3,10.0,28,28,HARD,0.0
1251,9655,4,63.0,28,28,HARD,1.0
1251,9655,3,55.0,28,28,HARD,2.0
1251,9655,3,24.0,28,28,HARD,0.0
1251,9655,3,14.0,28,28,MEDIUM,6.0
1251,9655,3,20.0,28,28,MEDIUM,27.0
1251,9655,3,22.0,28,28,HARD,1.0
1251,9655,4,27.0,28,28,MEDIUM,5.0
1251,9655,3,23.0,28,28,SOFT,0.0
1251,9655,3,30.0,28,28,HARD,1.0
1251,9655,4,44.0,28,38,HARD,0.0
1251,9655,4,77.0,28,47,MEDIUM,0.0
1251,9655,4,11.0,29,30,HARD,0.0
1251,9655,4,22.0,29,31,HARD,2.0
1251,9655,4,30.0,29,31,HARD,0.0
1251,9655,5,27.0,29,31,MEDIUM,6.0
1251,9655,4,4.0,29,36,HARD,2.0
1251,9655,4,23.0,29,44,SOFT,0.0
1251,9655,4,24.0,29,47,HARD,0.0
1251,9655,4,20.0,29,47,HARD,28.0
1251,9655,4,1.0,29,48,HARD,0.0
1251,9655,4,16.0,29,48,HARD,2.0
1251,9655,4,81.0,29,48,HARD,3.0
1251,9655,4,10.0,29,48,HARD,2.0
1251,9655,5,63.0,29,48,HARD,2.0
1251,9655,4,55.0,29,48,HARD,3.0
1251,9655,4,14.0,29,48,MEDIUM,7.0
1251,9655,5,22.0,32,47,SOFT,0.0
1251,9655,5,30.0,32,47,SOFT,0.0
1251,9655,5,4.0,37,47,HARD,0.0
1251,9655,5,44.0,39,47,HARD,13.0
1251,9655,5,23.0,45,46,SOFT,0.0
1252,9461,1,24.0,1,2,MEDIUM,0.0
1252,9461,1,28.0,1,2,MEDIUM,0.0
1252,9461,1,61.0,1,2,MEDIUM,0.0
1252,9461,1,30.0,1,2,MEDIUM,0.0
1252,9461,1,10.0,1,2,MEDIUM,0.0
1252,9461,1,43.0,1,2,MEDIUM,0.0
1252,9461,1,14.0,1,3,MEDIUM,0.0
1252,9461,1,40.0,1,3,MEDIUM,0.0
1252,9461,1,34.0,1,3,MEDIUM,0.0
1252,9461,1,39.0,1,4,SOFT,0.0
1252,9461,1,44.0,1,4,MEDIUM,0.0
1252,9461,1,27.0,1,6,MEDIUM,0.0
1252,9461,1,4.0,1,7,MEDIUM,0.0
1252,9461,1,63.0,1,7,MEDIUM,0.0
1252,9461,1,37.0,1,8,SOFT,0.0
1252,9461,1,20.0,1,9,MEDIUM,0.0
1252,9461,1,77.0,1,9,MEDIUM,0.0
1252,9461,1,46.0,1,9,MEDIUM,0.0
1252,9461,1,16.0,1,10,MEDIUM,0.0
1252,9461,1,11.0,1,10,MEDIUM,0.0
1252,9461,2,28.0,3,3,MEDIUM,1.0
1252,9461,2,24.0,3,5,MEDIUM,1.0
1252,9461,2,30.0,3,10,MEDIUM,1.0
1252,9461,2,43.0,3,10,MEDIUM,1.0
1252,9461,2,61.0,3,13,MEDIUM,1.0
1252,9461,2,10.0,3,15,MEDIUM,1.0
1252,9461,3,28.0,4,4,MEDIUM,2.0
1252,9461,2,40.0,4,5,MEDIUM,2.0
1252,9461,2,14.0,4,5,MEDIUM,2.0
1252,9461,2,34.0,4,5,MEDIUM,2.0
1252,9461,4,28.0,5,5,MEDIUM,3.0
1252,9461,2,44.0,5,12,MEDIUM,3.0
1252,9461,2,39.0,5,14,SOFT,0.0
1252,9461,3,40.0,6,6,MEDIUM,4.0
1252,9461,5,28.0,6,6,MEDIUM,0.0
1252,9461,3,14.0,6,13,MEDIUM,4.0
1252,9461,3,24.0,6,16,MEDIUM,0.0
1252,9461,3,34.0,6,16,MEDIUM,0.0
1252,9461,6,28.0,7,7,MEDIUM,5.0
1252,9461,2,27.0,7,9,MEDIUM,0.0
1252,9461,4,40.0,7,9,MEDIUM,0.0
1252,9461,2,4.0,8,10,MEDIUM,6.0
1252,9461,2,63.0,8,10,MEDIUM,6.0
1252,9461,7,28.0,8,14,MEDIUM,6.0
1252,9461,2,77.0,9,11,SOFT,0.0
1252,9461,2,37.0,9,14,SOFT,0.0
1252,9461,2,20.0,10,12,SOFT,0.0
1252,9461,3,27.0,10,12,SOFT,0.0
1252,9461,2,46.0,10,15,SOFT,0.0
1252,9461,5,40.0,10,17,MEDIUM,8.0
1252,9461,3,63.0,11,13,SOFT,0.0
1252,9461,2,11.0,11,13,SOFT,0.0
1252,9461,3,43.0,11,13,SOFT,0.0
1252,9461,3,4.0,11,15,SOFT,0.0
1252,9461,3,30.0,11,16,MEDIUM,0.0
1252,9461,2,16.0,11,20,SOFT,0.0
1252,9461,3,77.0,12,14,SOFT,3.0
1252,9461,3,20.0,13,15,SOFT,0.0
1252,9461,4,27.0,13,15,SOFT,3.0
1252,9461,3,44.0,13,16,SOFT,0.0
1252,9461,4,43.0,14,15,SOFT,3.0
1252,9461,4,63.0,14,16,SOFT,3.0
1252,9461,3,11.0,14,16,SOFT,3.0
1252,9461,4,14.0,14,17,MEDIUM,12.0
1252,9461,3,61.0,14,19,SOFT,0.0
1252,9461,8,28.0,15,20,SOFT,0.0
1252,9461,3,37.0,15,23,SOFT,6.0
1252,9461,3,39.0,15,23,SOFT,0.0
1252,9461,4,77.0,15,24,SOFT,6.0
1252,9461,4,44.0,16,18,SOFT,3.0
1252,9461,3,10.0,16,18,SOFT,0.0
1252,9461,3,46.0,16,23,MEDIUM,8.0
1252,9461,5,27.0,16,24,MEDIUM,0.0
1252,9461,5,43.0,16,25,MEDIUM,9.0
1252,9461,4,4.0,16,26,MEDIUM,9.0
1252,9461,4,20.0,16,26,MEDIUM,8.0
1252,9461,4,30.0,17,19,SOFT,0.0
1252,9461,4,24.0,17,19,SOFT,0.0
1252,9461,4,34.0,17,23,SOFT,0.0
1252,9461,4,11.0,17,27,MEDIUM,9.0
1252,9461,5,63.0,17,28,MEDIUM,9.0
1252,9461,6,40.0,18,20,SOFT,0.0
1252,9461,5,14.0,18,24,SOFT,0.0
1252,9461,4,10.0,19,21,SOFT,0.0
1252,9461,5,44.0,19,28,MEDIUM,11.0
1252,9461,5,30.0,20,24,SOFT,3.0
1252,9461,5,24.0,20,24,SOFT,0.0
1252,9461,4,61.0,20,25,MEDIUM,12.0
1252,9461,7,40.0,21,25,SOFT,3.0
1252,9461,5,10.0,22,25,SOFT,6.0
1252,9461,6,30.0,25,28,MEDIUM,15.0
1252,9656,1,1.0,1,4,MEDIUM,0.0
1252,9656,1,10.0,1,4,MEDIUM,0.0
1252,9656,1,61.0,1,4,MEDIUM,0.0
1252,9656,1,44.0,1,5,UNKNOWN,0.0
1252,9656,1,11.0,1,5,MEDIUM,0.0
1252,9656,1,24.0,1,5,MEDIUM,0.0
1252,9656,1,23.0,1,6,MEDIUM,0.0
1252,9656,1,27.0,1,6,MEDIUM,0.0
1252,9656,1,20.0,1,8,MEDIUM,0.0
1252,9656,1,77.0,1,8,MEDIUM,0.0
1252,9656,1,14.0,1,8,MEDIUM,0.0
1252,9656,1,4.0,1,9,MEDIUM,0.0
1252,9656,1,43.0,1,9,MEDIUM,0.0
1252,9656,1,30.0,1,10,MEDIUM,0.0
1252,9656,1,16.0,1,11,MEDIUM,0.0
1252,9656,1,81.0,1,11,MEDIUM,0.0
1252,9656,1,55.0,1,11,MEDIUM,0.0
1252,9656,1,63.0,1,12,MEDIUM,0.0
1252,9656,1,18.0,1,12,MEDIUM,0.0
1252,9656,1,22.0,1,13,MEDIUM,0.0
1252,9656,2,1.0,5,7,MEDIUM,0.0
1252,9656,2,61.0,5,10,MEDIUM,0.0
1252,9656,2,10.0,5,10,MEDIUM,0.0
1252,9656,2,44.0,5,12,MEDIUM,0.0
1252,9656,2,24.0,6,7,MEDIUM,0.0
1252,9656,2,23.0,6,9,MEDIUM,0.0
1252,9656,2,11.0,6,10,MEDIUM,0.0
1252,9656,2,27.0,7,12,MEDIUM,0.0
1252,9656,3,1.0,8,10,MEDIUM,0.0
1252,9656,3,24.0,8,10,SOFT,0.0
1252,9656,2,43.0,9,11,SOFT,0.0
1252,9656,2,20.0,9,11,SOFT,0.0
1252,9656,2,77.0,9,11,SOFT,0.0
1252,9656,2,14.0,9,14,SOFT,0.0
1252,9656,2,4.0,10,12,SOFT,0.0
1252,9656,3,23.0,10,12,SOFT,0.0
1252,9656,3,11.0,11,13,SOFT,0.0
1252,9656,4,1.0,11,13,SOFT,0.0
1252,9656,2,30.0,11,13,SOFT,0.0
1252,9656,4,24.0,11,13,SOFT,0.0
1252,9656,3,61.0,11,16,SOFT,0.0
1252,9656,3,10.0,11,16,SOFT,0.0
1252,9656,2,81.0,12,14,SOFT,0.0
1252,9656,2,55.0,12,14,SOFT,0.0
1252,9656,2,63.0,12,14,SOFT,0.0
1252,9656,3,77.0,12,14,SOFT,0.0
1252,9656,3,20.0,12,14,SOFT,0.0
1252,9656,2,16.0,12,16,SOFT,0.0
1252,9656,4,23.0,13,13,UNKNOWN,0.0
1252,9656,3,4.0,13,14,SOFT,0.0
1252,9656,2,18.0,13,15,SOFT,0.0
1252,9656,3,44.0,13,15,SOFT,0.0
1252,9656,3,27.0,13,15,SOFT,0.0
1252,9656,2,22.0,13,16,SOFT,0.0
1252,9656,5,23.0,14,15,MEDIUM,0.0
1252,9656,4,11.0,14,16,SOFT,0.0
1252,9656,3,30.0,14,16,SOFT,0.0
1252,9656,5,24.0,14,24,MEDIUM,0.0
1252,9656,5,1.0,14,27,MEDIUM,0.0
1252,9656,4,77.0,15,15,SOFT,0.0
1252,9656,3,81.0,15,17,SOFT,0.0
1252,9656,3,55.0,15,17,SOFT,0.0
1252,9656,3,14.0,15,23,MEDIUM,0.0
1252,9656,4,4.0,15,23,MEDIUM,0.0
1252,9656,3,63.0,15,25,MEDIUM,0.0
1252,9656,4,20.0,15,26,MEDIUM,0.0
1252,9656,3,18.0,16,18,SOFT,0.0
1252,9656,4,44.0,16,18,SOFT,0.0
1252,9656,4,27.0,16,18,SOFT,0.0
1252,9656,6,23.0,16,23,SOFT,0.0
1252,9656,5,77.0,16,25,MEDIUM,0.0
1252,9656,3,22.0,17,19,SOFT,0.0
1252,9656,4,61.0,17,24,MEDIUM,0.0
1252,9656,4,30.0,17,26,MEDIUM,0.0
1252,9656,4,10.0,17,28,MEDIUM,0.0
1252,9656,5,11.0,17,28,MEDIUM,0.0
1252,9656,3,16.0,17,29,MEDIUM,0.0
1252,9656,4,81.0,18,26,MEDIUM,0.0
1252,9656,4,55.0,18,29,MEDIUM,0.0
1252,9656,5,44.0,19,29,MEDIUM,0.0
1252,9656,5,27.0,19,29,SOFT,0.0
1252,9656,4,18.0,19,30,MEDIUM,0.0
1252,9656,4,22.0,20,29,MEDIUM,0.0
1252,9656,4,14.0,24,26,SOFT,0.0
1252,9656,5,4.0,24,26,SOFT,0.0
1252,9656,5,61.0,25,28,SOFT,0.0
1252,9656,5,81.0,27,29,SOFT,0.0
1252,9657,1,18.0,1,2,HARD,0.0
1252,9657,1,44.0,1,2,MEDIUM,0.0
1252,9657,1,63.0,1,2,MEDIUM,0.0
1252,9657,1,14.0,1,2,HARD,0.0
1252,9657,1,10.0,1,4,SOFT,0.0
1252,9657,1,81.0,1,4,SOFT,0.0
1252,9657,1,43.0,1,4,SOFT,0.0
1252,9657,1,4.0,1,4,SOFT,0.0
1252,9657,1,27.0,1,4,SOFT,0.0
1252,9657,1,61.0,1,4,SOFT,0.0
1252,9657,1,11.0,1,4,SOFT,0.0
1252,9657,1,20.0,1,4,SOFT,0.0
1252,9657,1,24.0,1,4,SOFT,0.0
1252,9657,1,77.0,1,4,SOFT,0.0
1252,9657,1,16.0,1,7,SOFT,0.0
1252,9657,1,23.0,1,7,SOFT,0.0
1252,9657,1,55.0,1,8,MEDIUM,0.0
1252,9657,1,1.0,1,9,MEDIUM,0.0
1252,9657,1,22.0,1,10,HARD,0.0
1252,9657,1,30.0,1,12,HARD,0.0
1252,9657,2,14.0,3,3,MEDIUM,0.0
1252,9657,2,18.0,3,3,MEDIUM,0.0
1252,9657,2,44.0,3,5,SOFT,0.0
1252,9657,2,63.0,3,10,SOFT,0.0
1252,9657,3,14.0,4,6,SOFT,0.0
1252,9657,3,18.0,4,9,SOFT,0.0
1252,9657,2,20.0,5,6,SOFT,3.0
1252,9657,2,10.0,5,7,SOFT,3.0
1252,9657,2,61.0,5,7,SOFT,3.0
1252,9657,2,24.0,5,7,SOFT,3.0
1252,9657,2,77.0,5,7,SOFT,3.0
1252,9657,2,43.0,5,7,SOFT,3.0
1252,9657,2,27.0,5,8,SOFT,3.0
1252,9657,2,4.0,5,8,SOFT,3.0
1252,9657,2,81.0,5,8,SOFT,3.0
1252,9657,2,11.0,5,10,SOFT,3.0
1252,9657,3,44.0,6,11,SOFT,0.0
1252,9657,4,14.0,7,9,SOFT,3.0
1252,9657,3,20.0,7,9,SOFT,0.0
1252,9657,3,24.0,8,8,SOFT,6.0
1252,9657,3,77.0,8,8,SOFT,6.0
1252,9657,3,10.0,8,10,SOFT,6.0
1252,9657,3,61.0,8,10,SOFT,6.0
1252,9657,2,23.0,8,10,SOFT,0.0
1252,9657,3,43.0,8,10,SOFT,0.0
1252,9657,3,27.0,8,10,SOFT,0.0
1252,9657,2,55.0,8,14,MEDIUM,6.0
1252,9657,2,16.0,8,14,SOFT,6.0
1252,9657,3,81.0,9,11,SOFT,0.0
1252,9657,3,4.0,9,11,SOFT,0.0
1252,9657,4,24.0,9,11,SOFT,0.0
1252,9657,4,77.0,9,11,SOFT,0.0
1252,9657,2,1.0,10,12,SOFT,0.0
1252,9657,5,14.0,10,14,SOFT,6.0
1252,9657,4,18.0,10,15,SOFT,6.0
1252,9657,4,20.0,10,15,SOFT,3.0
1252,9657,4,61.0,11,13,SOFT,0.0
1252,9657,4,10.0,11,13,SOFT,0.0
1252,9657,3,11.0,11,13,SOFT,0.0
1252,9657,3,23.0,11,13,SOFT,3.0
1252,9657,4,43.0,11,13,SOFT,0.0
1252,9657,4,27.0,11,15,SOFT,3.0
1252,9657,3,63.0,11,16,SOFT,0.0
1252,9657,2,22.0,11,19,SOFT,0.0
1252,9657,4,4.0,12,13,SOFT,0.0
1252,9657,2,30.0,12,14,SOFT,0.0
1252,9657,4,44.0,12,14,SOFT,0.0
1252,9657,4,81.0,12,14,SOFT,0.0
1252,9657,5,24.0,12,17,SOFT,3.0
1252,9657,5,77.0,12,17,SOFT,3.0
1252,9657,3,1.0,13,14,SOFT,3.0
1252,9657,4,23.0,14,16,SOFT,6.0
1252,9657,5,4.0,14,16,SOFT,0.0
1252,9657,5,43.0,14,16,SOFT,6.0
1252,9657,4,11.0,14,18,SOFT,3.0
1252,9657,5,10.0,14,18,SOFT,3.0
1252,9657,5,61.0,14,18,SOFT,3.0
1252,9657,3,16.0,14,21,SOFT,0.0
1252,9657,4,1.0,15,17,SOFT,5.0
1252,9657,5,81.0,15,17,SOFT,0.0
1252,9657,5,44.0,15,19,SOFT,3.0
1252,9657,6,14.0,15,20,SOFT,0.0
1252,9657,3,30.0,15,20,SOFT,3.0
1252,9657,5,18.0,15,21,SOFT,0.0
1252,9657,3,55.0,15,22,SOFT,0.0
1252,9657,4,63.0,17,19,SOFT,8.0
1252,9658,1,44.0,1,3,HARD,0.0
1252,9658,1,63.0,1,3,HARD,0.0
1252,9658,1,14.0,1,3,HARD,0.0
1252,9658,1,81.0,1,4,SOFT,0.0
1252,9658,1,27.0,1,4,SOFT,0.0
1252,9658,1,22.0,1,4,SOFT,0.0
1252,9658,1,23.0,1,4,SOFT,0.0
1252,9658,1,18.0,1,4,SOFT,0.0
1252,9658,1,10.0,1,4,SOFT,0.0
1252,9658,1,1.0,1,4,SOFT,0.0
1252,9658,1,43.0,1,4,SOFT,0.0
1252,9658,1,20.0,1,4,SOFT,0.0
1252,9658,1,4.0,1,4,SOFT,0.0
1252,9658,1,77.0,1,4,SOFT,0.0
1252,9658,1,30.0,1,4,SOFT,0.0
1252,9658,1,55.0,1,4,SOFT,0.0
1252,9658,1,61.0,1,4,SOFT,0.0
1252,9658,1,24.0,1,4,SOFT,0.0
1252,9658,1,16.0,1,5,SOFT,0.0
1252,9658,1,11.0,1,5,SOFT,0.0
1252,9658,2,14.0,3,5,SOFT,0.0
1252,9658,2,63.0,3,5,SOFT,0.0
1252,9658,2,44.0,3,5,SOFT,0.0
1252,9658,2,55.0,5,6,SOFT,0.0
1252,9658,2,18.0,5,7,SOFT,0.0
1252,9658,2,43.0,5,7,SOFT,0.0
1252,9658,2,23.0,5,7,SOFT,0.0
1252,9658,2,24.0,5,7,SOFT,0.0
1252,9658,2,30.0,5,7,SOFT,0.0
1252,9658,2,4.0,5,7,SOFT,0.0
1252,9658,2,81.0,5,7,SOFT,0.0
1252,9658,2,20.0,5,7,SOFT,0.0
1252,9658,2,61.0,5,7,SOFT,0.0
1252,9658,2,27.0,5,7,SOFT,0.0
1252,9658,2,11.0,5,8,SOFT,0.0
1252,9658,2,77.0,5,8,SOFT,0.0
1252,9658,2,22.0,5,8,SOFT,0.0
1252,9658,2,10.0,5,8,SOFT,0.0
1252,9658,2,16.0,5,8,SOFT,0.0
1252,9658,2,1.0,5,8,SOFT,3.0
1252,9658,3,14.0,6,8,SOFT,0.0
1252,9658,3,44.0,6,8,SOFT,0.0
1252,9658,3,63.0,6,9,SOFT,0.0
1252,9658,3,55.0,6,9,SOFT,1.0
1252,9658,3,20.0,7,9,SOFT,2.0
1252,9658,3,4.0,7,9,SOFT,2.0
1252,9658,3,81.0,7,9,SOFT,2.0
1252,9658,3,27.0,7,10,SOFT,2.0
1252,9658,3,18.0,8,10,SOFT,0.0
1252,9658,3,16.0,8,10,SOFT,3.0
1252,9658,3,30.0,8,10,SOFT,0.0
1252,9658,3,22.0,8,10,SOFT,0.0
1252,9658,3,10.0,8,10,SOFT,3.0
1252,9658,3,77.0,8,10,SOFT,3.0
1252,9658,3,11.0,8,10,SOFT,3.0
1252,9658,3,1.0,8,11,SOFT,0.0
1252,9658,4,14.0,9,10,SOFT,0.0
1252,9658,4,63.0,9,11,SOFT,3.0
1252,9658,4,55.0,9,12,SOFT,0.0
1252,9658,4,18.0,10,12,SOFT,3.0
1252,9658,4,20.0,10,12,SOFT,0.0
1252,9658,4,81.0,10,12,SOFT,0.0
1252,9658,4,4.0,10,12,SOFT,0.0
1252,9658,4,27.0,10,13,SOFT,0.0
1252,9658,4,16.0,11,13,SOFT,0.0
1252,9658,4,22.0,11,13,SOFT,0.0
1252,9658,4,30.0,11,13,SOFT,0.0
1252,9658,4,1.0,11,13,SOFT,0.0
1252,9658,4,10.0,11,14,SOFT,0.0
1252,9658,4,11.0,11,14,SOFT,0.0
1252,9658,5,14.0,11,14,SOFT,0.0
1252,9658,4,77.0,11,14,SOFT,0.0
1252,9658,5,55.0,12,14,SOFT,3.0
1252,9658,5,81.0,12,14,SOFT,0.0
1252,9658,5,4.0,12,14,SOFT,2.0
1252,9658,5,63.0,12,15,SOFT,0.0
1252,9658,5,18.0,13,15,SOFT,2.0
1252,9658,5,27.0,13,15,SOFT,3.0
1252,9658,5,11.0,14,16,SOFT,3.0
1252,9658,6,14.0,14,16,SOFT,3.0
1252,9658,5,10.0,14,16,SOFT,3.0
1252,9658,5,77.0,14,16,SOFT,0.0
1252,9658,5,1.0,14,16,SOFT,0.0
1252,9658,6,63.0,15,17,SOFT,3.0
1252,9658,6,81.0,15,17,SOFT,0.0
1252,9658,6,55.0,15,17,SOFT,0.0
1252,9658,6,4.0,15,17,SOFT,0.0
1252,9658,6,27.0,16,18,SOFT,0.0
1252,9658,6,11.0,17,19,SOFT,0.0
1252,9658,6,10.0,17,19,SOFT,0.0
1252,9658,7,14.0,17,19,SOFT,0.0
1252,9658,7,63.0,18,20,SOFT,0.0
1252,9662,1,11.0,1,1,MEDIUM,0.0
1252,9662,1,43.0,1,3,MEDIUM,0.0
1252,9662,1,81.0,1,4,MEDIUM,0.0
1252,9662,1,77.0,1,6,MEDIUM,0.0
1252,9662,1,18.0,1,11,MEDIUM,1.0
1252,9662,1,20.0,1,12,MEDIUM,0.0
1252,9662,1,24.0,1,12,MEDIUM,0.0
1252,9662,1,23.0,1,12,MEDIUM,0.0
1252,9662,1,27.0,1,13,MEDIUM,0.0
1252,9662,1,14.0,1,13,MEDIUM,1.0
1252,9662,1,10.0,1,14,MEDIUM,0.0
1252,9662,1,16.0,1,20,HARD,0.0
1252,9662,1,61.0,1,20,MEDIUM,0.0
1252,9662,1,22.0,1,20,MEDIUM,0.0
1252,9662,1,30.0,1,22,MEDIUM,0.0
1252,9662,1,55.0,1,24,MEDIUM,0.0
1252,9662,1,63.0,1,25,MEDIUM,1.0
1252,9662,1,4.0,1,25,MEDIUM,0.0
1252,9662,1,1.0,1,28,MEDIUM,0.0
1252,9662,1,44.0,1,33,HARD,0.0
1252,9662,2,43.0,4,26,HARD,0.0
1252,9662,2,81.0,5,30,HARD,0.0
1252,9662,2,77.0,7,30,HARD,0.0
1252,9662,2,18.0,12,30,HARD,1.0
1252,9662,2,20.0,13,27,HARD,0.0
1252,9662,2,24.0,13,37,HARD,0.0
1252,9662,2,23.0,13,56,HARD,0.0
1252,9662,2,14.0,14,36,HARD,1.0
1252,9662,2,27.0,14,57,HARD,0.0
1252,9662,2,10.0,15,57,HARD,0.0
1252,9662,2,61.0,21,56,HARD,0.0
1252,9662,2,22.0,21,56,HARD,0.0
1252,9662,2,16.0,21,58,,1.0
1252,9662,2,30.0,23,23,HARD,0.0
1252,9662,3,30.0,24,28,HARD,1.0
1252,9662,2,55.0,25,58,HARD,0.0
1252,9662,2,4.0,26,58,HARD,0.0
1252,9662,2,63.0,26,58,HARD,0.0
1252,9662,3,20.0,28,28,HARD,0.0
1252,9662,4,20.0,29,53,SOFT,0.0
1252,9662,4,30.0,29,55,HARD,6.0
1252,9662,2,1.0,29,58,HARD,0.0
1252,9662,3,18.0,31,56,HARD,0.0
1252,9662,3,81.0,31,57,HARD,0.0
1252,9662,2,44.0,34,58,MEDIUM,1.0
1252,9662,3,14.0,36,57,HARD,1.0
1252,9662,3,24.0,38,56,HARD,0.0
1252,9662,5,20.0,54,56,SOFT,3.0
1253,9683,1,27.0,1,1,MEDIUM,0.0
1253,9683,1,7.0,1,1,HARD,0.0
1253,9683,1,81.0,1,1,MEDIUM,0.0
1253,9683,1,87.0,1,1,MEDIUM,0.0
1253,9683,1,23.0,1,1,MEDIUM,0.0
1253,9683,1,31.0,1,1,HARD,16.0
1253,9683,1,14.0,1,2,UNKNOWN,0.0
1253,9683,1,5.0,1,2,MEDIUM,16.0
1253,9683,1,18.0,1,2,MEDIUM,0.0
1253,9683,1,4.0,1,2,MEDIUM,17.0
1253,9683,1,22.0,1,3,MEDIUM,0.0
1253,9683,1,55.0,1,3,MEDIUM,0.0
1253,9683,1,30.0,1,4,HARD,0.0
1253,9683,1,6.0,1,4,MEDIUM,0.0
1253,9683,1,1.0,1,4,HARD,13.0
1253,9683,1,63.0,1,4,MEDIUM,16.0
1253,9683,1,12.0,1,5,MEDIUM,0.0
1253,9683,1,44.0,1,5,HARD,0.0
1253,9683,1,10.0,1,5,MEDIUM,14.0
1253,9683,1,16.0,1,5,HARD,11.0
1253,9683,2,7.0,2,2,HARD,0.0
1253,9683,2,23.0,2,2,MEDIUM,1.0
1253,9683,2,81.0,2,2,MEDIUM,1.0
1253,9683,2,27.0,2,4,MEDIUM,1.0
1253,9683,2,87.0,2,6,MEDIUM,1.0
1253,9683,2,31.0,2,11,MEDIUM,11.0
1253,9683,3,23.0,3,3,MEDIUM,2.0
1253,9683,3,81.0,3,3,MEDIUM,2.0
1253,9683,2,14.0,3,4,MEDIUM,0.0
1253,9683,2,5.0,3,4,MEDIUM,13.0
1253,9683,2,4.0,3,4,MEDIUM,19.0
1253,9683,2,18.0,3,7,MEDIUM,6.0
1253,9683,3,7.0,3,8,HARD,2.0
1253,9683,4,23.0,4,4,MEDIUM,3.0
1253,9683,4,81.0,4,4,MEDIUM,3.0
1253,9683,2,55.0,4,5,MEDIUM,8.0
1253,9683,2,22.0,4,6,MEDIUM,3.0
1253,9683,5,81.0,5,5,MEDIUM,0.0
1253,9683,5,23.0,5,6,MEDIUM,4.0
1253,9683,3,5.0,5,6,MEDIUM,0.0
1253,9683,3,4.0,5,6,MEDIUM,21.0
1253,9683,3,27.0,5,7,MEDIUM,4.0
1253,9683,2,63.0,5,7,MEDIUM,0.0
1253,9683,2,30.0,5,8,HARD,4.0
1253,9683,2,6.0,5,8,MEDIUM,13.0
1253,9683,2,1.0,5,9,HARD,0.0
1253,9683,3,14.0,5,13,MEDIUM,0.0
1253,9683,2,12.0,6,6,MEDIUM,5.0
1253,9683,6,81.0,6,6,MEDIUM,5.0
1253,9683,2,44.0,6,10,HARD,5.0
1253,9683,2,16.0,6,10,HARD,16.0
1253,9683,2,10.0,6,11,MEDIUM,0.0
1253,9683,3,55.0,6,12,HARD,0.0
1253,9683,7,81.0,7,7,MEDIUM,0.0
1253,9683,4,5.0,7,8,MEDIUM,15.0
1253,9683,3,22.0,7,9,MEDIUM,6.0
1253,9683,3,87.0,7,11,MEDIUM,6.0
1253,9683,3,12.0,7,11,MEDIUM,6.0
1253,9683,6,23.0,7,11,MEDIUM,0.0
1253,9683,4,4.0,7,12,MEDIUM,0.0
1253,9683,8,81.0,8,13,MEDIUM,7.0
1253,9683,3,18.0,8,13,MEDIUM,0.0
1253,9683,4,27.0,8,16,MEDIUM,0.0
1253,9683,3,63.0,8,19,MEDIUM,0.0
1253,9683,5,5.0,9,10,MEDIUM,20.0
1253,9683,3,6.0,9,12,MEDIUM,13.0
1253,9683,3,30.0,9,13,HARD,8.0
1253,9683,4,7.0,9,14,HARD,8.0
1253,9683,4,22.0,10,16,MEDIUM,9.0
1253,9683,3,1.0,10,18,HARD,0.0
1253,9683,3,44.0,11,11,HARD,10.0
1253,9683,3,16.0,11,11,HARD,21.0
1253,9683,6,5.0,11,12,MEDIUM,0.0
1253,9683,3,10.0,12,14,MEDIUM,0.0
1253,9683,4,12.0,12,16,MEDIUM,11.0
1253,9683,4,44.0,12,16,MEDIUM,0.0
1253,9683,4,16.0,12,16,MEDIUM,0.0
1253,9683,7,23.0,12,18,MEDIUM,0.0
1253,9683,4,87.0,12,26,MEDIUM,0.0
1253,9683,3,31.0,12,26,HARD,0.0
1253,9683,7,5.0,13,14,MEDIUM,13.0
1253,9683,4,6.0,13,17,MEDIUM,0.0
1253,9683,5,4.0,13,18,MEDIUM,0.0
1253,9683,4,55.0,13,19,HARD,7.0
1253,9683,9,81.0,14,14,MEDIUM,13.0
1253,9683,4,30.0,14,16,HARD,0.0
1253,9683,4,14.0,14,19,MEDIUM,0.0
1253,9683,4,18.0,14,20,MEDIUM,0.0
1253,9683,10,81.0,15,15,MEDIUM,14.0
1253,9683,8,5.0,15,16,MEDIUM,19.0
1253,9683,4,10.0,15,17,MEDIUM,3.0
1253,9683,5,7.0,15,24,HARD,0.0
1253,9683,11,81.0,16,16,MEDIUM,15.0
1253,9683,12,81.0,17,17,MEDIUM,16.0
1253,9683,9,5.0,17,17,MEDIUM,13.0
1253,9683,5,44.0,17,21,MEDIUM,5.0
1253,9683,5,27.0,17,21,MEDIUM,0.0
1253,9683,5,16.0,17,21,MEDIUM,0.0
1253,9683,5,12.0,17,22,MEDIUM,0.0
1253,9683,5,22.0,17,23,MEDIUM,16.0
1253,9683,5,30.0,17,26,HARD,3.0
1253,9683,5,10.0,18,20,MEDIUM,0.0
1253,9683,13,81.0,18,23,MEDIUM,0.0
1253,9683,5,6.0,18,27,MEDIUM,5.0
1253,9683,10,5.0,18,30,UNKNOWN,0.0
1253,9683,4,1.0,19,21,HARD,0.0
1253,9683,6,4.0,19,21,MEDIUM,0.0
1253,9683,8,23.0,19,25,MEDIUM,7.0
1253,9683,4,63.0,20,20,MEDIUM,0.0
1253,9683,5,14.0,20,21,MEDIUM,0.0
1253,9683,5,55.0,20,24,HARD,0.0
1253,9683,5,18.0,21,21,MEDIUM,0.0
1253,9683,6,10.0,21,22,UNKNOWN,0.0
1253,9683,5,63.0,21,22,MEDIUM,18.0
1253,9683,6,44.0,22,26,MEDIUM,0.0
1253,9683,6,16.0,22,27,MEDIUM,0.0
1253,9683,6,18.0,22,27,MEDIUM,1.0
1253,9683,6,27.0,22,29,MEDIUM,0.0
1253,9683,6,14.0,22,29,MEDIUM,0.0
1253,9683,5,1.0,22,31,HARD,0.0
1253,9683,7,4.0,22,33,MEDIUM,3.0
1253,9683,7,10.0,23,25,MEDIUM,0.0
1253,9683,6,63.0,23,25,MEDIUM,0.0
1253,9683,6,12.0,23,28,MEDIUM,0.0
1253,9683,6,22.0,24,29,MEDIUM,0.0
1253,9683,14,81.0,24,33,MEDIUM,6.0
1253,9683,6,55.0,25,25,HARD,5.0
1253,9683,6,7.0,25,30,MEDIUM,0.0
1253,9683,8,10.0,26,26,MEDIUM,0.0
1253,9683,9,23.0,26,30,MEDIUM,0.0
1253,9683,7,55.0,26,30,MEDIUM,0.0
1253,9683,7,63.0,26,37,MEDIUM,1.0
1253,9683,6,30.0,27,29,HARD,0.0
1253,9683,7,44.0,27,31,MEDIUM,5.0
1253,9683,4,31.0,27,36,HARD,0.0
1253,9683,9,10.0,27,39,MEDIUM,0.0
1253,9683,5,87.0,27,41,MEDIUM,0.0
1253,9683,7,16.0,28,32,MEDIUM,6.0
1253,9683,6,6.0,28,33,MEDIUM,0.0
1253,9683,7,18.0,28,33,MEDIUM,0.0
1253,9683,7,12.0,29,34,MEDIUM,12.0
1253,9683,7,27.0,30,34,MEDIUM,0.0
1253,9683,7,22.0,30,36,MEDIUM,0.0
1253,9683,7,14.0,30,38,MEDIUM,0.0
1253,9683,7,30.0,30,39,HARD,3.0
1253,9683,7,7.0,31,33,MEDIUM,0.0
1253,9683,8,55.0,31,33,MEDIUM,0.0
1253,9683,10,23.0,31,39,MEDIUM,5.0
1253,9683,11,5.0,31,43,HARD,0.0
1253,9683,8,44.0,32,36,MEDIUM,0.0
1253,9683,6,1.0,32,36,HARD,0.0
1253,9683,8,16.0,33,37,MEDIUM,0.0
1253,9683,7,6.0,34,34,MEDIUM,0.0
1253,9683,8,4.0,34,34,MEDIUM,16.0
1253,9683,8,7.0,34,36,MEDIUM,3.0
1253,9683,9,55.0,34,36,MEDIUM,3.0
1253,9683,15,81.0,34,39,MEDIUM,0.0
1253,9683,8,18.0,34,42,MEDIUM,0.0
1253,9683,8,12.0,35,37,MEDIUM,0.0
1253,9683,8,6.0,35,40,MEDIUM,0.0
1253,9683,8,27.0,35,42,MEDIUM,0.0
1253,9683,9,4.0,35,50,HARD,0.0
1253,9683,8,22.0,37,38,MEDIUM,0.0
1253,9683,9,7.0,37,39,MEDIUM,0.0
1253,9683,9,44.0,37,41,MEDIUM,5.0
1253,9683,7,1.0,37,45,HARD,5.0
1253,9683,10,55.0,37,45,MEDIUM,6.0
1253,9683,5,31.0,37,46,HARD,0.0
1253,9683,8,63.0,38,40,MEDIUM,4.0
1253,9683,9,16.0,38,42,MEDIUM,5.0
1253,9683,9,12.0,38,50,MEDIUM,3.0
1253,9683,9,22.0,39,41,MEDIUM,0.0
1253,9683,8,14.0,39,46,MEDIUM,0.0
1253,9683,10,7.0,40,42,MEDIUM,3.0
1253,9683,8,30.0,40,43,MEDIUM,0.0
1253,9683,11,23.0,40,44,HARD,0.0
1253,9683,16,81.0,40,49,MEDIUM,6.0
1253,9683,10,10.0,40,52,HARD,0.0
1253,9683,9,6.0,41,47,MEDIUM,0.0
1253,9683,9,63.0,41,52,MEDIUM,16.0
1253,9683,10,22.0,42,48,MEDIUM,5.0
1253,9683,10,44.0,42,51,MEDIUM,0.0
1253,9683,6,87.0,42,56,MEDIUM,0.0
1253,9683,11,7.0,43,44,MEDIUM,6.0
1253,9683,9,27.0,43,47,MEDIUM,0.0
1253,9683,10,16.0,43,52,MEDIUM,10.0
1253,9683,9,30.0,44,45,MEDIUM,0.0
1253,9683,12,5.0,44,48,HARD,0.0
1253,9683,12,23.0,45,49,HARD,5.0
1253,9683,12,7.0,45,52,MEDIUM,0.0
1253,9683,10,30.0,46,48,MEDIUM,0.0
1253,9683,8,1.0,46,48,MEDIUM,0.0
1253,9683,11,55.0,46,51,MEDIUM,0.0
1253,9683,6,31.0,47,64,MEDIUM,0.0
1253,9683,10,6.0,48,53,MEDIUM,0.0
1253,9683,10,27.0,48,55,MEDIUM,0.0
1253,9683,13,5.0,49,50,HARD,0.0
1253,9683,11,22.0,49,54,MEDIUM,0.0
1253,9683,11,30.0,49,58,MEDIUM,3.0
1253,9683,9,1.0,49,60,MEDIUM,0.0
1253,9683,17,81.0,50,56,MEDIUM,0.0
1253,9683,13,23.0,50,56,HARD,0.0
1253,9683,10,4.0,51,51,MEDIUM,17.0
1253,9683,10,12.0,51,53,MEDIUM,0.0
1253,9683,14,5.0,51,53,HARD,5.0
1253,9683,11,4.0,52,52,HARD,16.0
1253,9683,12,55.0,52,60,MEDIUM,6.0
1253,9683,11,44.0,52,61,MEDIUM,10.0
1253,9683,11,16.0,53,53,MEDIUM,0.0
1253,9683,10,63.0,53,55,MEDIUM,3.0
1253,9683,13,7.0,53,60,MEDIUM,6.0
1253,9683,11,10.0,53,65,HARD,0.0
1253,9683,15,5.0,54,59,MEDIUM,0.0
1253,9683,11,6.0,54,60,MEDIUM,0.0
1253,9683,12,16.0,54,63,MEDIUM,11.0
1253,9683,11,12.0,54,66,MEDIUM,3.0
1253,9683,12,22.0,55,61,MEDIUM,0.0
1253,9683,11,63.0,56,70,MEDIUM,0.0
1253,9683,14,23.0,57,63,HARD,7.0
1253,9683,18,81.0,57,66,MEDIUM,0.0
1253,9683,7,87.0,57,72,HARD,0.0
1253,9683,13,55.0,61,61,HARD,14.0
1253,9683,10,1.0,61,62,MEDIUM,0.0
1253,9683,14,7.0,61,68,MEDIUM,6.0
1253,9683,12,6.0,61,68,MEDIUM,7.0
1253,9683,14,55.0,62,62,MEDIUM,10.0
1253,9683,13,22.0,62,67,MEDIUM,0.0
1253,9683,12,44.0,62,70,MEDIUM,10.0
1253,9683,15,55.0,63,63,MEDIUM,15.0
1253,9683,11,1.0,63,74,MEDIUM,0.0
1253,9683,16,55.0,64,64,MEDIUM,15.0
1253,9683,13,16.0,64,71,MEDIUM,10.0
1253,9683,7,31.0,65,65,MEDIUM,18.0
1253,9683,17,55.0,65,65,HARD,15.0
1253,9683,12,10.0,66,66,MEDIUM,8.0
1253,9683,18,55.0,66,68,MEDIUM,11.0
1253,9683,8,31.0,66,83,MEDIUM,0.0
1253,9683,13,10.0,67,67,MEDIUM,8.0
1253,9683,12,12.0,67,69,MEDIUM,0.0
1253,9683,14,10.0,68,68,MEDIUM,9.0
1253,9683,14,22.0,68,74,MEDIUM,0.0
1253,9683,13,6.0,69,69,MEDIUM,0.0
1253,9683,15,10.0,69,70,MEDIUM,13.0
1253,9683,14,6.0,70,70,MEDIUM,0.0
1253,9683,13,12.0,70,78,MEDIUM,3.0
1253,9683,15,6.0,71,71,MEDIUM,0.0
1253,9683,16,10.0,71,71,MEDIUM,10.0
1253,9683,16,6.0,72,72,MEDIUM,0.0
1253,9683,17,10.0,72,72,MEDIUM,0.0
1253,9683,17,6.0,73,73,MEDIUM,0.0
1253,9683,18,6.0,74,76,MEDIUM,16.0
1253,9683,15,22.0,75,78,MEDIUM,13.0
1253,9683,9,31.0,84,84,HARD,10.0
1253,9683,10,31.0,85,85,HARD,0.0
1253,9683,11,31.0,86,88,HARD,0.0
1253,9684,1,10.0,1,1,HARD,13.0
1253,9684,1,81.0,1,1,MEDIUM,0.0
1253,9684,1,6.0,1,1,MEDIUM,0.0
1253,9684,1,14.0,1,2,MEDIUM,8.0
1253,9684,1,55.0,1,2,MEDIUM,11.0
1253,9684,1,18.0,1,2,UNKNOWN,0.0
1253,9684,1,31.0,1,3,HARD,14.0
1253,9684,1,22.0,1,3,MEDIUM,6.0
1253,9684,1,12.0,1,3,MEDIUM,0.0
1253,9684,1,30.0,1,4,HARD,14.0
1253,9684,1,4.0,1,4,MEDIUM,6.0
1253,9684,1,44.0,1,5,MEDIUM,0.0
1253,9684,1,87.0,1,5,MEDIUM,16.0
1253,9684,1,63.0,1,6,MEDIUM,12.0
1253,9684,1,27.0,1,7,HARD,0.0
1253,9684,1,16.0,1,7,MEDIUM,0.0
1253,9684,1,5.0,1,7,HARD,0.0
1253,9684,1,7.0,1,8,HARD,0.0
1253,9684,2,81.0,2,2,MEDIUM,7.0
1253,9684,2,10.0,2,2,HARD,14.0
1253,9684,2,6.0,2,12,MEDIUM,7.0
1253,9684,3,81.0,3,3,MEDIUM,8.0
1253,9684,3,10.0,3,3,MEDIUM,0.0
1253,9684,2,55.0,3,4,MEDIUM,13.0
1253,9684,2,18.0,3,4,MEDIUM,9.0
1253,9684,2,14.0,3,9,HARD,0.0
1253,9684,4,81.0,4,4,MEDIUM,23.0
1253,9684,2,22.0,4,5,MEDIUM,9.0
1253,9684,2,31.0,4,6,HARD,17.0
1253,9684,4,10.0,4,6,MEDIUM,1.0
1253,9684,2,12.0,4,7,MEDIUM,17.0
1253,9684,5,81.0,5,5,MEDIUM,9.0
1253,9684,3,55.0,5,6,MEDIUM,15.0
1253,9684,2,30.0,5,7,MEDIUM,0.0
1253,9684,2,4.0,5,7,MEDIUM,0.0
1253,9684,3,18.0,5,11,MEDIUM,6.0
1253,9684,6,81.0,6,7,MEDIUM,0.0
1253,9684,3,22.0,6,8,MEDIUM,0.0
1253,9684,2,44.0,6,11,MEDIUM,0.0
1253,9684,2,87.0,6,20,HARD,0.0
1253,9684,2,63.0,7,9,MEDIUM,0.0
1253,9684,3,31.0,7,11,HARD,20.0
1253,9684,4,55.0,7,11,MEDIUM,0.0
1253,9684,5,10.0,7,14,MEDIUM,4.0
1253,9684,3,4.0,8,9,MEDIUM,0.0
1253,9684,3,12.0,8,10,MEDIUM,0.0
1253,9684,2,27.0,8,12,MEDIUM,0.0
1253,9684,2,16.0,8,12,MEDIUM,0.0
1253,9684,2,5.0,8,12,MEDIUM,0.0
1253,9684,3,30.0,8,15,MEDIUM,3.0
1253,9684,7,81.0,8,20,MEDIUM,2.0
1253,9684,4,22.0,9,11,MEDIUM,0.0
1253,9684,2,7.0,9,14,MEDIUM,0.0
1253,9684,4,4.0,10,10,MEDIUM,0.0
1253,9684,3,14.0,10,14,HARD,0.0
1253,9684,3,63.0,10,21,MEDIUM,0.0
1253,9684,4,12.0,11,12,MEDIUM,3.0
1253,9684,5,4.0,11,30,MEDIUM,4.0
1253,9684,4,31.0,12,12,HARD,25.0
1253,9684,5,55.0,12,14,HARD,0.0
1253,9684,3,44.0,12,16,MEDIUM,0.0
1253,9684,4,18.0,12,16,MEDIUM,0.0
1253,9684,5,22.0,12,27,MEDIUM,6.0
1253,9684,3,6.0,13,13,UNKNOWN,0.0
1253,9684,3,5.0,13,16,MEDIUM,0.0
1253,9684,5,12.0,13,17,MEDIUM,0.0
1253,9684,3,16.0,13,18,MEDIUM,0.0
1253,9684,3,27.0,13,21,MEDIUM,0.0
1253,9684,5,31.0,13,24,MEDIUM,0.0
1253,9684,4,6.0,14,30,MEDIUM,1.0
1253,9684,3,7.0,15,17,MEDIUM,0.0
1253,9684,6,55.0,15,20,HARD,3.0
1253,9684,6,10.0,15,22,MEDIUM,12.0
1253,9684,4,14.0,15,24,MEDIUM,6.0
1253,9684,4,30.0,16,16,MEDIUM,0.0
1253,9684,4,44.0,17,17,MEDIUM,23.0
1253,9684,4,5.0,17,19,MEDIUM,0.0
1253,9684,5,18.0,17,22,MEDIUM,0.0
1253,9684,5,30.0,17,28,MEDIUM,1.0
1253,9684,6,12.0,18,19,MEDIUM,0.0
1253,9684,4,7.0,18,20,MEDIUM,0.0
1253,9684,5,44.0,18,25,MEDIUM,24.0
1253,9684,4,16.0,19,23,MEDIUM,0.0
1253,9684,5,5.0,20,21,HARD,14.0
1253,9684,7,12.0,20,22,MEDIUM,0.0
1253,9684,5,7.0,21,22,MEDIUM,0.0
1253,9684,8,81.0,21,24,MEDIUM,0.0
1253,9684,7,55.0,21,26,HARD,0.0
1253,9684,3,87.0,21,31,HARD,0.0
1253,9684,6,5.0,22,22,MEDIUM,0.0
1253,9684,4,27.0,22,24,MEDIUM,14.0
1253,9684,4,63.0,22,25,MEDIUM,0.0
1253,9684,8,12.0,23,23,MEDIUM,0.0
1253,9684,7,10.0,23,25,MEDIUM,0.0
1253,9684,6,7.0,23,26,MEDIUM,6.0
1253,9684,6,18.0,23,27,MEDIUM,0.0
1253,9684,7,5.0,23,35,MEDIUM,4.0
1253,9684,5,16.0,24,25,MEDIUM,0.0
1253,9684,9,12.0,24,26,MEDIUM,10.0
1253,9684,6,31.0,25,25,MEDIUM,0.0
1253,9684,5,27.0,25,25,MEDIUM,17.0
1253,9684,9,81.0,25,30,MEDIUM,4.0
1253,9684,5,14.0,25,34,HARD,5.0
1253,9684,7,31.0,26,26,INTERMEDIATE,0.0
1253,9684,6,16.0,26,26,MEDIUM,0.0
1253,9684,5,63.0,26,28,MEDIUM,4.0
1253,9684,6,27.0,26,28,MEDIUM,0.0
1253,9684,6,44.0,26,30,MEDIUM,0.0
1253,9684,8,10.0,26,31,MEDIUM,3.0
1253,9684,8,31.0,27,27,INTERMEDIATE,0.0
1253,9684,7,7.0,27,27,MEDIUM,3.0
1253,9684,10,12.0,27,29,MEDIUM,0.0
1253,9684,8,55.0,27,31,HARD,0.0
1253,9684,7,16.0,27,43,MEDIUM,1.0
1253,9684,9,31.0,28,28,INTERMEDIATE,2.0
1253,9684,6,22.0,28,32,MEDIUM,0.0
1253,9684,7,18.0,28,37,HARD,0.0
1253,9684,8,7.0,28,44,MEDIUM,4.0
1253,9684,6,30.0,29,30,MEDIUM,0.0
1253,9684,7,27.0,29,31,MEDIUM,0.0
1253,9684,10,31.0,29,31,HARD,26.0
1253,9684,6,63.0,29,42,MEDIUM,7.0
1253,9684,11,12.0,30,30,MEDIUM,0.0
1253,9684,10,81.0,31,32,MEDIUM,0.0
1253,9684,7,44.0,31,35,MEDIUM,0.0
1253,9684,6,4.0,31,48,HARD,0.0
1253,9684,7,30.0,31,50,HARD,0.0
1253,9684,12,12.0,31,50,MEDIUM,4.0
1253,9684,5,6.0,31,55,HARD,0.0
1253,9684,9,10.0,32,34,MEDIUM,0.0
1253,9684,11,31.0,32,35,MEDIUM,13.0
1253,9684,8,27.0,32,36,MEDIUM,0.0
1253,9684,9,55.0,32,38,HARD,6.0
1253,9684,4,87.0,32,50,MEDIUM,0.0
1253,9684,11,81.0,33,36,MEDIUM,2.0
1253,9684,7,22.0,33,37,MEDIUM,0.0
1253,9684,6,14.0,35,40,MEDIUM,0.0
1253,9684,10,10.0,35,40,MEDIUM,3.0
1253,9684,8,44.0,36,43,MEDIUM,5.0
1253,9684,12,31.0,36,50,MEDIUM,0.0
1253,9684,8,5.0,36,55,HARD,0.0
1253,9684,12,81.0,37,40,HARD,0.0
1253,9684,9,27.0,37,45,MEDIUM,0.0
1253,9684,8,22.0,38,40,MEDIUM,0.0
1253,9684,8,18.0,38,47,HARD,0.0
1253,9684,10,55.0,39,44,HARD,5.0
1253,9684,9,22.0,41,43,MEDIUM,3.0
1253,9684,13,81.0,41,44,HARD,4.0
1253,9684,7,14.0,41,45,MEDIUM,0.0
1253,9684,7,63.0,43,45,MEDIUM,0.0
1253,9684,10,22.0,44,44,MEDIUM,6.0
1253,9684,9,44.0,44,45,MEDIUM,5.0
1253,9684,8,16.0,44,61,HARD,0.0
1253,9684,11,22.0,45,45,MEDIUM,0.0
1253,9684,14,81.0,45,45,HARD,7.0
1253,9684,11,55.0,45,49,HARD,0.0
1253,9684,9,7.0,45,59,HARD,0.0
1253,9684,10,27.0,46,46,MEDIUM,0.0
1253,9684,12,22.0,46,46,MEDIUM,8.0
1253,9684,15,81.0,46,46,HARD,7.0
1253,9684,8,63.0,46,56,MEDIUM,0.0
1253,9684,11,27.0,47,48,MEDIUM,1.0
1253,9684,9,18.0,48,57,HARD,0.0
1253,9684,12,27.0,49,53,MEDIUM,0.0
1253,9684,7,4.0,49,68,HARD,0.0
1253,9684,12,55.0,50,54,MEDIUM,0.0
1253,9684,13,31.0,51,51,MEDIUM,15.0
1253,9684,5,87.0,51,63,MEDIUM,0.0
1253,9684,13,12.0,51,65,HARD,0.0
1253,9684,8,30.0,51,74,HARD,13.0
1253,9684,14,31.0,52,67,MEDIUM,0.0
1253,9684,13,27.0,54,56,MEDIUM,0.0
1253,9684,13,55.0,55,54,MEDIUM,0.0
1253,9684,14,55.0,55,59,MEDIUM,0.0
1253,9684,6,6.0,56,71,HARD,0.0
1253,9684,9,5.0,56,80,HARD,0.0
1253,9684,9,63.0,57,60,MEDIUM,0.0
1253,9684,10,18.0,58,58,MEDIUM,12.0
1253,9684,15,55.0,60,63,MEDIUM,0.0
1253,9684,10,7.0,60,74,MEDIUM,0.0
1253,9684,10,63.0,61,70,MEDIUM,4.0
1253,9684,9,16.0,62,83,HARD,0.0
1253,9684,6,87.0,64,66,MEDIUM,0.0
1253,9684,16,55.0,64,68,MEDIUM,0.0
1253,9684,14,12.0,66,87,HARD,0.0
1253,9684,15,31.0,68,69,MEDIUM,16.0
1253,9684,8,4.0,69,69,MEDIUM,0.0
1253,9684,17,55.0,69,78,MEDIUM,5.0
1253,9684,16,31.0,70,70,MEDIUM,17.0
1253,9684,9,4.0,70,71,MEDIUM,0.0
1253,9684,11,63.0,71,71,MEDIUM,21.0
1253,9684,10,4.0,72,72,MEDIUM,0.0
1253,9684,7,6.0,72,76,MEDIUM,0.0
1253,9684,11,4.0,73,74,MEDIUM,0.0
1253,9684,11,7.0,75,75,HARD,0.0
1253,9684,9,30.0,75,77,MEDIUM,0.0
1253,9684,12,4.0,75,77,MEDIUM,2.0
1253,9684,12,7.0,76,76,MEDIUM,10.0
1253,9684,13,7.0,77,77,HARD,0.0
1253,9684,8,6.0,77,81,MEDIUM,0.0
1253,9684,10,30.0,78,78,MEDIUM,0.0
1253,9684,14,7.0,78,78,MEDIUM,11.0
1253,9684,13,4.0,78,78,MEDIUM,4.0
1253,9684,15,7.0,79,79,HARD,10.0
1253,9684,11,30.0,79,82,MEDIUM,0.0
1253,9684,18,55.0,79,88,MEDIUM,5.0
1253,9684,16,7.0,80,80,MEDIUM,0.0
1253,9684,9,6.0,82,86,MEDIUM,0.0
1253,9684,12,30.0,83,86,MEDIUM,0.0
1253,9684,10,16.0,84,84,MEDIUM,5.0
1253,9684,13,30.0,87,89,MEDIUM,0.0
1253,9684,10,6.0,87,89,MEDIUM,5.0
1253,9684,15,12.0,88,88,MEDIUM,13.0
1253,9684,19,55.0,89,98,MEDIUM,4.0
1253,9684,11,6.0,90,90,MEDIUM,0.0
1253,9684,14,30.0,90,91,MEDIUM,0.0
1253,9684,12,6.0,91,91,MEDIUM,0.0
1253,9684,13,6.0,92,92,MEDIUM,8.0
1253,9684,15,30.0,92,92,MEDIUM,1.0
1253,9684,14,6.0,93,94,MEDIUM,19.0
1253,9684,15,6.0,95,95,MEDIUM,20.0
1253,9684,20,55.0,99,108,MEDIUM,5.0
1253,9684,21,55.0,109,123,HARD,0.0
1253,9684,22,55.0,124,124,MEDIUM,15.0
1253,9684,23,55.0,125,125,MEDIUM,15.0
1253,9684,24,55.0,126,126,MEDIUM,14.0
1253,9684,25,55.0,127,127,MEDIUM,16.0
1253,9685,1,7.0,1,2,HARD,11.0
1253,9685,1,22.0,1,2,MEDIUM,0.0
1253,9685,1,4.0,1,3,MEDIUM,6.0
1253,9685,1,14.0,1,3,MEDIUM,7.0
1253,9685,1,23.0,1,3,MEDIUM,5.0
1253,9685,1,81.0,1,3,MEDIUM,0.0
1253,9685,1,6.0,1,4,MEDIUM,9.0
1253,9685,1,12.0,1,4,MEDIUM,1.0
1253,9685,1,31.0,1,4,MEDIUM,0.0
1253,9685,1,63.0,1,4,MEDIUM,1.0
1253,9685,1,1.0,1,5,MEDIUM,3.0
1253,9685,1,10.0,1,5,MEDIUM,11.0
1253,9685,1,27.0,1,6,MEDIUM,6.0
1253,9685,1,87.0,1,6,MEDIUM,21.0
1253,9685,1,5.0,1,7,MEDIUM,5.0
1253,9685,1,16.0,1,8,MEDIUM,5.0
1253,9685,1,44.0,1,8,MEDIUM,9.0
1253,9685,1,18.0,1,35,,
1253,9685,2,22.0,3,8,MEDIUM,6.0
1253,9685,2,7.0,3,11,HARD,12.0
1253,9685,2,14.0,4,5,MEDIUM,5.0
1253,9685,2,4.0,4,5,MEDIUM,8.0
1253,9685,2,23.0,4,6,HARD,5.0
1253,9685,2,81.0,4,9,HARD,0.0
1253,9685,2,31.0,5,5,MEDIUM,3.0
1253,9685,2,6.0,5,7,MEDIUM,1.0
1253,9685,2,12.0,5,8,MEDIUM,4.0
1253,9685,2,63.0,5,10,MEDIUM,0.0
1253,9685,3,4.0,6,7,MEDIUM,10.0
1253,9685,2,10.0,6,8,MEDIUM,10.0
1253,9685,2,1.0,6,9,MEDIUM,0.0
1253,9685,3,31.0,6,10,MEDIUM,4.0
1253,9685,3,14.0,6,12,MEDIUM,5.0
1253,9685,2,87.0,7,9,MEDIUM,0.0
1253,9685,2,27.0,7,10,MEDIUM,0.0
1253,9685,3,23.0,7,11,HARD,0.0
1253,9685,4,4.0,8,9,MEDIUM,10.0
1253,9685,3,6.0,8,10,UNKNOWN,0.0
1253,9685,2,5.0,8,11,MEDIUM,4.0
1253,9685,3,22.0,9,9,HARD,0.0
1253,9685,3,12.0,9,11,MEDIUM,8.0
1253,9685,2,16.0,9,11,MEDIUM,0.0
1253,9685,2,44.0,9,13,MEDIUM,0.0
1253,9685,3,10.0,9,14,MEDIUM,0.0
1253,9685,5,4.0,10,11,MEDIUM,12.0
1253,9685,3,1.0,10,12,MEDIUM,0.0
1253,9685,3,87.0,10,12,MEDIUM,0.0
1253,9685,3,81.0,10,12,HARD,0.0
1253,9685,4,22.0,10,27,HARD,1.0
1253,9685,4,6.0,11,13,MEDIUM,5.0
1253,9685,3,63.0,11,13,MEDIUM,3.0
1253,9685,4,31.0,11,16,MEDIUM,0.0
1253,9685,3,27.0,11,16,MEDIUM,0.0
1253,9685,6,4.0,12,13,MEDIUM,14.0
1253,9685,4,12.0,12,14,MEDIUM,0.0
1253,9685,3,16.0,12,14,MEDIUM,3.0
1253,9685,3,7.0,12,14,HARD,0.0
1253,9685,3,5.0,12,16,MEDIUM,0.0
1253,9685,4,23.0,12,18,HARD,0.0
1253,9685,4,1.0,13,15,MEDIUM,3.0
1253,9685,4,81.0,13,15,HARD,3.0
1253,9685,4,14.0,13,19,MEDIUM,6.0
1253,9685,4,87.0,13,19,MEDIUM,6.0
1253,9685,5,6.0,14,16,MEDIUM,0.0
1253,9685,4,63.0,14,16,MEDIUM,0.0
1253,9685,3,44.0,14,16,MEDIUM,0.0
1253,9685,7,4.0,14,18,MEDIUM,5.0
1253,9685,5,12.0,15,17,MEDIUM,0.0
1253,9685,4,16.0,15,19,MEDIUM,0.0
1253,9685,4,10.0,15,19,MEDIUM,0.0
1253,9685,4,7.0,15,20,HARD,3.0
1253,9685,5,81.0,16,16,MEDIUM,5.0
1253,9685,5,1.0,16,17,MEDIUM,0.0
1253,9685,4,44.0,17,18,MEDIUM,3.0
1253,9685,5,31.0,17,19,MEDIUM,0.0
1253,9685,4,5.0,17,22,MEDIUM,5.0
1253,9685,6,6.0,17,22,MEDIUM,3.0
1253,9685,5,63.0,17,22,MEDIUM,0.0
1253,9685,4,27.0,17,22,MEDIUM,0.0
1253,9685,6,81.0,17,34,MEDIUM,0.0
1253,9685,6,1.0,18,20,MEDIUM,2.0
1253,9685,6,12.0,18,20,MEDIUM,0.0
1253,9685,5,44.0,19,22,MEDIUM,0.0
1253,9685,5,23.0,19,23,HARD,0.0
1253,9685,8,4.0,19,27,MEDIUM,0.0
1253,9685,5,87.0,20,22,MEDIUM,0.0
1253,9685,6,31.0,20,22,MEDIUM,0.0
1253,9685,5,16.0,20,24,MEDIUM,0.0
1253,9685,5,10.0,20,25,MEDIUM,0.0
1253,9685,5,14.0,20,26,MEDIUM,0.0
1253,9685,7,12.0,21,23,MEDIUM,0.0
1253,9685,7,1.0,21,25,MEDIUM,0.0
1253,9685,5,7.0,21,27,HARD,9.0
1253,9685,5,5.0,23,23,MEDIUM,0.0
1253,9685,6,87.0,23,25,MEDIUM,3.0
1253,9685,6,63.0,23,25,MEDIUM,0.0
1253,9685,6,44.0,23,27,MEDIUM,0.0
1253,9685,7,6.0,23,28,MEDIUM,0.0
1253,9685,7,31.0,23,29,MEDIUM,0.0
1253,9685,5,27.0,23,35,MEDIUM,0.0
1253,9685,6,5.0,24,25,MEDIUM,1.0
1253,9685,6,23.0,24,27,HARD,0.0
1253,9685,8,12.0,24,37,MEDIUM,3.0
1253,9685,6,16.0,25,28,MEDIUM,0.0
1253,9685,7,87.0,26,26,MEDIUM,13.0
1253,9685,7,63.0,26,28,MEDIUM,0.0
1253,9685,7,5.0,26,31,MEDIUM,3.0
1253,9685,8,1.0,26,37,MEDIUM,6.0
1253,9685,6,10.0,26,39,MEDIUM,0.0
1253,9685,8,87.0,27,31,MEDIUM,0.0
1253,9685,6,14.0,27,32,MEDIUM,0.0
1253,9685,5,22.0,28,28,HARD,0.0
1253,9685,6,7.0,28,30,MEDIUM,0.0
1253,9685,7,44.0,28,30,MEDIUM,0.0
1253,9685,9,4.0,28,33,MEDIUM,0.0
1253,9685,7,23.0,28,39,HARD,5.0
1253,9685,8,63.0,29,29,MEDIUM,0.0
1253,9685,8,6.0,29,31,MEDIUM,0.0
1253,9685,7,16.0,29,33,MEDIUM,0.0
1253,9685,6,22.0,29,46,HARD,0.0
1253,9685,8,31.0,30,30,MEDIUM,6.0
1253,9685,9,63.0,30,48,MEDIUM,4.0
1253,9685,8,44.0,31,31,MEDIUM,0.0
1253,9685,7,7.0,31,33,MEDIUM,3.0
1253,9685,9,31.0,31,46,MEDIUM,7.0
1253,9685,9,6.0,32,34,MEDIUM,3.0
1253,9685,8,5.0,32,35,MEDIUM,0.0
1253,9685,9,44.0,32,43,MEDIUM,1.0
1253,9685,9,87.0,32,47,HARD,0.0
1253,9685,7,14.0,33,37,MEDIUM,0.0
1253,9685,8,7.0,34,39,MEDIUM,0.0
1253,9685,10,4.0,34,43,HARD,0.0
1253,9685,8,16.0,34,43,MEDIUM,0.0
1253,9685,10,6.0,35,37,MEDIUM,12.0
1253,9685,7,81.0,35,55,HARD,0.0
1253,9685,9,5.0,36,44,MEDIUM,5.0
1253,9685,6,27.0,36,48,MEDIUM,0.0
1253,9685,8,14.0,38,38,HARD,0.0
1253,9685,11,6.0,38,40,MEDIUM,15.0
1253,9685,9,12.0,38,45,MEDIUM,3.0
1253,9685,9,1.0,38,57,MEDIUM,5.0
1253,9685,9,14.0,39,44,HARD,0.0
1253,9685,9,7.0,40,45,MEDIUM,0.0
1253,9685,8,23.0,40,45,HARD,7.0
1253,9685,7,10.0,40,53,MEDIUM,0.0
1253,9685,12,6.0,41,43,MEDIUM,18.0
1253,9685,13,6.0,44,45,MEDIUM,21.0
1253,9685,10,44.0,44,48,MEDIUM,4.0
1253,9685,9,16.0,44,49,MEDIUM,5.0
1253,9685,11,4.0,44,53,HARD,0.0
1253,9685,10,14.0,45,55,HARD,0.0
1253,9685,14,6.0,46,46,MEDIUM,6.0
1253,9685,10,12.0,46,46,MEDIUM,11.0
1253,9685,10,7.0,46,51,MEDIUM,6.0
1253,9685,9,23.0,46,62,HARD,5.0
1253,9685,7,22.0,47,47,UNKNOWN,0.0
1253,9685,11,12.0,47,53,MEDIUM,11.0
1253,9685,15,6.0,47,61,MEDIUM,7.0
1253,9685,10,31.0,47,65,HARD,0.0
1253,9685,10,87.0,48,65,HARD,0.0
1253,9685,8,22.0,48,65,HARD,1.0
1253,9685,7,27.0,49,63,HARD,0.0
1253,9685,10,63.0,49,71,HARD,0.0
1253,9685,10,16.0,50,59,MEDIUM,0.0
1253,9685,11,7.0,52,70,HARD,0.0
1253,9685,12,4.0,54,61,HARD,0.0
1253,9685,8,10.0,54,67,MEDIUM,0.0
1253,9685,12,12.0,54,70,MEDIUM,3.0
1253,9685,11,14.0,56,58,MEDIUM,0.0
1253,9685,8,81.0,56,67,HARD,6.0
1253,9685,10,1.0,58,63,HARD,0.0
1253,9685,12,14.0,59,69,HARD,0.0
1253,9685,11,16.0,60,62,MEDIUM,15.0
1253,9685,16,6.0,62,62,MEDIUM,6.0
1253,9685,17,6.0,63,73,MEDIUM,7.0
1253,9685,12,16.0,63,75,MEDIUM,0.0
1253,9685,10,23.0,63,84,MEDIUM,0.0
1253,9685,11,1.0,64,66,HARD,0.0
1253,9685,8,27.0,64,66,HARD,0.0
1253,9685,9,22.0,66,71,MEDIUM,5.0
1253,9685,11,31.0,66,88,HARD,0.0
1253,9685,12,1.0,67,69,MEDIUM,0.0
1253,9685,9,81.0,68,69,MEDIUM,0.0
1253,9685,9,10.0,68,76,MEDIUM,0.0
1253,9685,10,81.0,70,70,MEDIUM,8.0
1253,9685,13,1.0,70,72,MEDIUM,0.0
1253,9685,13,14.0,70,75,HARD,0.0
1253,9685,11,81.0,71,74,MEDIUM,0.0
1253,9685,10,22.0,72,76,MEDIUM,0.0
1253,9685,11,63.0,72,80,HARD,0.0
1253,9685,14,1.0,73,75,MEDIUM,0.0
1253,9685,18,6.0,74,81,MEDIUM,9.0
1253,9685,12,81.0,75,77,MEDIUM,0.0
1253,9685,15,1.0,76,78,MEDIUM,0.0
1253,9685,14,14.0,76,80,HARD,0.0
1253,9685,10,10.0,77,77,MEDIUM,0.0
1253,9685,11,22.0,77,79,MEDIUM,0.0
1253,9685,11,10.0,78,78,MEDIUM,5.0
1253,9685,13,81.0,78,80,MEDIUM,0.0
1253,9685,16,1.0,79,81,MEDIUM,0.0
1253,9685,12,10.0,79,82,MEDIUM,6.0
1253,9685,12,22.0,80,82,MEDIUM,0.0
1253,9685,12,63.0,81,83,MEDIUM,0.0
1253,9685,15,14.0,81,83,HARD,0.0
1253,9685,14,81.0,81,84,MEDIUM,0.0
1253,9685,17,1.0,82,82,MEDIUM,0.0
1253,9685,13,22.0,83,83,MEDIUM,3.0
1253,9685,18,1.0,83,90,MEDIUM,3.0
1253,9685,14,22.0,84,84,MEDIUM,0.0
1253,9685,15,81.0,84,86,MEDIUM,3.0
1253,9685,13,63.0,84,88,MEDIUM,3.0
1253,9685,15,22.0,85,85,MEDIUM,11.0
1253,9685,11,23.0,85,101,HARD,0.0
1253,9685,16,22.0,86,88,MEDIUM,3.0
1253,9685,12,31.0,89,88,UNKNOWN,0.0
1253,9685,13,31.0,89,88,UNKNOWN,0.0
1253,9685,14,31.0,89,88,UNKNOWN,0.0
1253,9685,15,31.0,89,91,MEDIUM,0.0
1253,9685,16,31.0,92,92,HARD,22.0
1253,9685,17,31.0,93,93,MEDIUM,7.0
1253,9685,18,31.0,94,96,MEDIUM,0.0
1253,9685,19,31.0,97,97,HARD,22.0
1253,9685,20,31.0,98,98,MEDIUM,22.0
1253,9685,21,31.0,99,101,MEDIUM,0.0
1253,9685,12,23.0,102,104,MEDIUM,7.0
1253,9685,13,23.0,105,109,MEDIUM,0.0
1253,9685,14,23.0,110,112,MEDIUM,0.0
1253,9685,15,23.0,113,116,MEDIUM,0.0
1253,9685,16,23.0,117,119,MEDIUM,0.0
1253,9685,17,23.0,120,128,MEDIUM,3.0
1253,9685,18,23.0,129,139,MEDIUM,4.0
1254,9686,1,27.0,1,2,MEDIUM,0.0
1254,9686,1,23.0,1,4,MEDIUM,0.0
1254,9686,1,5.0,1,6,MEDIUM,0.0
1254,9686,1,22.0,1,6,MEDIUM,0.0
1254,9686,1,81.0,1,6,MEDIUM,0.0
1254,9686,1,12.0,1,7,MEDIUM,0.0
1254,9686,1,63.0,1,7,MEDIUM,0.0
1254,9686,1,1.0,1,8,MEDIUM,0.0
1254,9686,1,4.0,1,8,MEDIUM,0.0
1254,9686,1,10.0,1,8,MEDIUM,0.0
1254,9686,1,14.0,1,8,MEDIUM,0.0
1254,9686,1,16.0,1,8,MEDIUM,0.0
1254,9686,1,18.0,1,8,MEDIUM,0.0
1254,9686,1,30.0,1,8,MEDIUM,0.0
1254,9686,1,31.0,1,8,MEDIUM,0.0
1254,9686,1,44.0,1,8,MEDIUM,0.0
1254,9686,1,6.0,1,9,MEDIUM,0.0
1254,9686,1,55.0,1,10,MEDIUM,0.0
1254,9686,1,7.0,1,11,MEDIUM,0.0
1254,9686,1,87.0,1,11,MEDIUM,0.0
1254,9686,2,27.0,3,3,MEDIUM,1.0
1254,9686,3,27.0,4,4,MEDIUM,2.0
1254,9686,4,27.0,5,8,MEDIUM,0.0
1254,9686,2,23.0,5,11,MEDIUM,3.0
1254,9686,2,5.0,7,7,MEDIUM,5.0
1254,9686,2,81.0,7,7,MEDIUM,5.0
1254,9686,2,22.0,7,9,MEDIUM,5.0
1254,9686,2,12.0,8,10,MEDIUM,6.0
1254,9686,2,63.0,8,11,MEDIUM,6.0
1254,9686,3,81.0,8,12,MEDIUM,0.0
1254,9686,3,5.0,8,14,MEDIUM,6.0
1254,9686,2,10.0,9,10,MEDIUM,0.0
1254,9686,2,30.0,9,11,MEDIUM,0.0
1254,9686,2,16.0,9,11,MEDIUM,7.0
1254,9686,2,44.0,9,11,MEDIUM,7.0
1254,9686,2,1.0,9,11,SOFT,0.0
1254,9686,5,27.0,9,11,MEDIUM,0.0
1254,9686,2,31.0,9,11,SOFT,0.0
1254,9686,2,4.0,9,13,MEDIUM,7.0
1254,9686,2,18.0,9,14,MEDIUM,7.0
1254,9686,2,14.0,9,15,MEDIUM,7.0
1254,9686,2,6.0,10,12,MEDIUM,8.0
1254,9686,3,22.0,10,14,MEDIUM,8.0
1254,9686,3,10.0,11,13,SOFT,0.0
1254,9686,3,12.0,11,14,SOFT,0.0
1254,9686,2,55.0,11,16,SOFT,0.0
1254,9686,2,7.0,12,12,MEDIUM,0.0
1254,9686,3,44.0,12,12,SOFT,0.0
1254,9686,3,1.0,12,13,SOFT,0.0
1254,9686,2,87.0,12,13,SOFT,0.0
1254,9686,3,16.0,12,14,SOFT,0.0
1254,9686,3,23.0,12,14,SOFT,0.0
1254,9686,3,30.0,12,15,SOFT,0.0
1254,9686,3,63.0,12,17,SOFT,0.0
1254,9686,3,31.0,12,17,SOFT,0.0
1254,9686,6,27.0,12,19,SOFT,0.0
1254,9686,3,6.0,13,17,MEDIUM,0.0
1254,9686,4,44.0,13,17,SOFT,0.0
1254,9686,3,7.0,13,21,SOFT,0.0
1254,9686,4,81.0,13,21,SOFT,0.0
1254,9686,4,10.0,14,14,SOFT,3.0
1254,9686,3,4.0,14,22,SOFT,0.0
1254,9686,4,1.0,14,22,MEDIUM,7.0
1254,9686,4,22.0,15,15,MEDIUM,13.0
1254,9686,4,12.0,15,16,SOFT,0.0
1254,9686,4,23.0,15,19,SOFT,3.0
1254,9686,3,18.0,15,21,SOFT,0.0
1254,9686,4,16.0,15,22,SOFT,3.0
1254,9686,4,5.0,15,23,SOFT,0.0
1254,9686,5,10.0,15,24,MEDIUM,9.0
1254,9686,5,22.0,16,19,MEDIUM,14.0
1254,9686,4,30.0,16,23,SOFT,4.0
1254,9686,3,14.0,16,24,SOFT,0.0
1254,9686,5,12.0,17,26,MEDIUM,9.0
1254,9686,3,55.0,17,26,MEDIUM,9.0
1254,9686,4,6.0,18,21,MEDIUM,16.0
1254,9686,5,44.0,18,21,MEDIUM,0.0
1254,9686,4,63.0,18,27,MEDIUM,10.0
1254,9686,6,22.0,20,24,SOFT,0.0
1254,9686,5,6.0,22,26,SOFT,0.0
1254,9687,1,87.0,1,1,,
1254,9687,1,27.0,1,2,MEDIUM,0.0
1254,9687,1,1.0,1,6,MEDIUM,0.0
1254,9687,1,12.0,1,6,HARD,0.0
1254,9687,1,14.0,1,6,MEDIUM,0.0
1254,9687,1,16.0,1,6,MEDIUM,0.0
1254,9687,1,18.0,1,6,MEDIUM,0.0
1254,9687,1,44.0,1,6,MEDIUM,0.0
1254,9687,1,55.0,1,6,MEDIUM,0.0
1254,9687,1,22.0,1,7,MEDIUM,0.0
1254,9687,1,30.0,1,8,MEDIUM,0.0
1254,9687,1,63.0,1,8,HARD,0.0
1254,9687,1,4.0,1,9,MEDIUM,0.0
1254,9687,1,10.0,1,9,MEDIUM,0.0
1254,9687,1,23.0,1,9,MEDIUM,0.0
1254,9687,1,81.0,1,9,MEDIUM,0.0
1254,9687,1,5.0,1,10,MEDIUM,0.0
1254,9687,1,6.0,1,10,MEDIUM,0.0
1254,9687,1,7.0,1,10,MEDIUM,0.0
1254,9687,1,31.0,1,10,MEDIUM,0.0
1254,9687,2,27.0,3,6,MEDIUM,1.0
1254,9687,2,12.0,7,9,HARD,5.0
1254,9687,2,55.0,7,9,MEDIUM,5.0
1254,9687,2,18.0,7,10,SOFT,0.0
1254,9687,2,16.0,7,11,MEDIUM,0.0
1254,9687,2,44.0,7,11,MEDIUM,5.0
1254,9687,3,27.0,7,12,SOFT,0.0
1254,9687,2,14.0,7,13,SOFT,0.0
1254,9687,2,1.0,7,13,SOFT,0.0
1254,9687,2,22.0,8,10,SOFT,0.0
1254,9687,2,30.0,9,11,SOFT,0.0
1254,9687,2,63.0,9,11,SOFT,0.0
1254,9687,3,12.0,10,12,SOFT,0.0
1254,9687,3,55.0,10,12,SOFT,0.0
1254,9687,2,23.0,10,12,SOFT,0.0
1254,9687,2,10.0,10,16,SOFT,0.0
1254,9687,2,4.0,10,17,SOFT,0.0
1254,9687,2,81.0,10,17,SOFT,0.0
1254,9687,3,22.0,11,12,SOFT,3.0
1254,9687,2,31.0,11,13,SOFT,0.0
1254,9687,2,5.0,11,13,SOFT,0.0
1254,9687,3,18.0,11,14,SOFT,4.0
1254,9687,2,6.0,11,16,SOFT,0.0
1254,9687,2,7.0,11,16,SOFT,0.0
1254,9687,3,44.0,12,13,SOFT,0.0
1254,9687,3,16.0,12,14,SOFT,0.0
1254,9687,3,63.0,12,14,SOFT,3.0
1254,9687,3,30.0,12,17,SOFT,0.0
1254,9687,4,55.0,13,15,SOFT,3.0
1254,9687,4,12.0,13,16,SOFT,3.0
1254,9687,3,23.0,13,16,SOFT,3.0
1254,9687,4,27.0,13,25,MEDIUM,0.0
1254,9687,4,22.0,13,30,MEDIUM,6.0
1254,9687,3,5.0,14,16,SOFT,0.0
1254,9687,4,44.0,14,17,SOFT,2.0
1254,9687,3,31.0,14,19,SOFT,0.0
1254,9687,3,1.0,14,23,MEDIUM,0.0
1254,9687,3,14.0,14,28,MEDIUM,5.0
1254,9687,4,16.0,15,17,SOFT,3.0
1254,9687,4,18.0,15,29,MEDIUM,5.0
1254,9687,4,63.0,15,31,HARD,7.0
1254,9687,5,55.0,16,28,MEDIUM,8.0
1254,9687,3,6.0,17,17,SOFT,6.0
1254,9687,4,23.0,17,17,SOFT,7.0
1254,9687,4,5.0,17,18,SOFT,6.0
1254,9687,3,10.0,17,28,SOFT,0.0
1254,9687,5,12.0,17,29,HARD,8.0
1254,9687,3,7.0,17,31,MEDIUM,0.0
1254,9687,5,23.0,18,22,MEDIUM,8.0
1254,9687,4,6.0,18,28,MEDIUM,0.0
1254,9687,3,4.0,18,28,MEDIUM,8.0
1254,9687,3,81.0,18,28,MEDIUM,8.0
1254,9687,4,30.0,18,31,MEDIUM,7.0
1254,9687,5,44.0,18,32,MEDIUM,0.0
1254,9687,5,16.0,18,33,MEDIUM,0.0
1254,9687,5,5.0,19,30,MEDIUM,0.0
1254,9687,4,31.0,20,32,MEDIUM,9.0
1254,9687,6,23.0,23,29,MEDIUM,0.0
1254,9687,5,6.0,29,31,SOFT,0.0
1254,9687,4,4.0,29,31,SOFT,8.0
1254,9687,4,10.0,29,31,MEDIUM,8.0
1254,9687,6,55.0,29,31,SOFT,6.0
1254,9687,4,81.0,29,31,SOFT,0.0
1254,9687,6,12.0,30,32,SOFT,7.0
1254,9688,1,4.0,1,2,HARD,0.0
1254,9688,1,6.0,1,2,HARD,0.0
1254,9688,1,14.0,1,2,HARD,0.0
1254,9688,1,16.0,1,2,HARD,0.0
1254,9688,1,18.0,1,2,HARD,0.0
1254,9688,1,22.0,1,2,HARD,0.0
1254,9688,1,44.0,1,2,HARD,0.0
1254,9688,1,81.0,1,2,HARD,0.0
1254,9688,1,30.0,1,3,SOFT,0.0
1254,9688,1,87.0,1,3,MEDIUM,0.0
1254,9688,1,1.0,1,4,SOFT,0.0
1254,9688,1,5.0,1,4,SOFT,0.0
1254,9688,1,7.0,1,4,SOFT,0.0
1254,9688,1,12.0,1,4,SOFT,0.0
1254,9688,1,27.0,1,4,SOFT,0.0
1254,9688,1,63.0,1,4,SOFT,0.0
1254,9688,1,10.0,1,6,HARD,0.0
1254,9688,1,23.0,1,6,HARD,0.0
1254,9688,1,55.0,1,6,HARD,0.0
1254,9688,1,31.0,1,7,SOFT,0.0
1254,9688,2,44.0,3,3,HARD,0.0
1254,9688,2,16.0,3,3,HARD,0.0
1254,9688,2,18.0,3,3,MEDIUM,0.0
1254,9688,2,14.0,3,3,MEDIUM,0.0
1254,9688,2,4.0,3,5,SOFT,0.0
1254,9688,2,81.0,3,8,SOFT,0.0
1254,9688,2,6.0,3,9,HARD,0.0
1254,9688,2,22.0,3,10,HARD,0.0
1254,9688,3,44.0,4,4,MEDIUM,0.0
1254,9688,3,16.0,4,4,SOFT,0.0
1254,9688,3,18.0,4,10,HARD,0.0
1254,9688,3,14.0,4,10,HARD,0.0
1254,9688,4,16.0,5,4,UNKNOWN,0.0
1254,9688,2,63.0,5,6,SOFT,3.0
1254,9688,2,7.0,5,7,SOFT,3.0
1254,9688,2,1.0,5,7,SOFT,0.0
1254,9688,2,5.0,5,7,SOFT,0.0
1254,9688,2,12.0,5,7,SOFT,3.0
1254,9688,2,27.0,5,7,SOFT,0.0
1254,9688,4,44.0,5,8,HARD,0.0
1254,9688,5,16.0,5,10,SOFT,1.0
1254,9688,3,4.0,6,8,SOFT,3.0
1254,9688,3,63.0,7,9,SOFT,5.0
1254,9688,2,23.0,7,10,HARD,5.0
1254,9688,2,55.0,7,12,HARD,5.0
1254,9688,2,10.0,7,13,HARD,5.0
1254,9688,3,27.0,8,8,SOFT,6.0
1254,9688,3,7.0,8,9,SOFT,6.0
1254,9688,2,31.0,8,10,SOFT,0.0
1254,9688,3,1.0,8,10,SOFT,6.0
1254,9688,3,5.0,8,10,SOFT,0.0
1254,9688,3,12.0,8,11,SOFT,6.0
1254,9688,4,4.0,9,11,SOFT,0.0
1254,9688,4,27.0,9,11,SOFT,0.0
1254,9688,5,44.0,9,13,MEDIUM,0.0
1254,9688,3,81.0,9,14,SOFT,0.0
1254,9688,3,6.0,10,10,SOFT,0.0
1254,9688,4,63.0,10,12,SOFT,0.0
1254,9688,4,7.0,10,12,SOFT,0.0
1254,9688,3,31.0,11,11,SOFT,0.0
1254,9688,4,1.0,11,11,SOFT,9.0
1254,9688,4,14.0,11,12,HARD,7.0
1254,9688,6,16.0,11,13,SOFT,6.0
1254,9688,4,5.0,11,13,SOFT,0.0
1254,9688,4,6.0,11,13,SOFT,0.0
1254,9688,3,22.0,11,13,SOFT,0.0
1254,9688,4,18.0,11,15,HARD,0.0
1254,9688,3,23.0,11,16,SOFT,0.0
1254,9688,5,1.0,12,14,SOFT,0.0
1254,9688,4,12.0,12,15,SOFT,0.0
1254,9688,5,27.0,12,16,SOFT,3.0
1254,9688,5,4.0,12,18,SOFT,0.0
1254,9688,4,31.0,12,19,SOFT,0.0
1254,9688,5,14.0,13,15,HARD,0.0
1254,9688,5,7.0,13,15,SOFT,3.0
1254,9688,5,63.0,13,15,SOFT,3.0
1254,9688,3,55.0,13,18,SOFT,0.0
1254,9688,3,10.0,14,16,SOFT,0.0
1254,9688,7,16.0,14,16,SOFT,0.0
1254,9688,5,5.0,14,16,SOFT,0.0
1254,9688,6,44.0,14,17,SOFT,5.0
1254,9688,4,22.0,14,18,SOFT,0.0
1254,9688,5,6.0,14,19,SOFT,0.0
1254,9688,6,1.0,15,16,SOFT,0.0
1254,9688,4,81.0,15,17,SOFT,6.0
1254,9688,5,12.0,16,18,SOFT,4.0
1254,9688,6,63.0,16,18,SOFT,6.0
1254,9688,6,14.0,16,19,SOFT,0.0
1254,9688,6,7.0,16,19,SOFT,6.0
1254,9688,5,18.0,16,23,SOFT,0.0
1254,9688,4,10.0,17,19,SOFT,3.0
1254,9688,8,16.0,17,19,SOFT,3.0
1254,9688,4,23.0,17,19,SOFT,6.0
1254,9688,7,1.0,17,19,SOFT,5.0
1254,9688,6,5.0,17,19,SOFT,6.0
1254,9688,7,44.0,18,22,SOFT,0.0
1254,9688,4,55.0,19,21,SOFT,6.0
1254,9688,6,4.0,19,21,SOFT,7.0
1254,9688,6,12.0,19,21,SOFT,7.0
1254,9688,5,23.0,20,22,HARD,0.0
1254,9688,5,10.0,20,23,SOFT,6.0
1254,9688,7,14.0,20,23,SOFT,4.0
1254,9688,9,16.0,20,23,SOFT,0.0
1254,9688,5,55.0,22,24,SOFT,11.0
1254,9689,1,87.0,1,2,SOFT,0.0
1254,9689,1,5.0,1,3,SOFT,0.0
1254,9689,1,81.0,1,4,SOFT,0.0
1254,9689,1,63.0,1,4,MEDIUM,0.0
1254,9689,1,1.0,1,4,SOFT,0.0
1254,9689,1,16.0,1,4,SOFT,0.0
1254,9689,1,12.0,1,4,MEDIUM,0.0
1254,9689,1,44.0,1,4,SOFT,0.0
1254,9689,1,22.0,1,4,SOFT,0.0
1254,9689,1,4.0,1,4,SOFT,0.0
1254,9689,1,6.0,1,4,SOFT,0.0
1254,9689,1,18.0,1,4,SOFT,0.0
1254,9689,1,27.0,1,4,SOFT,0.0
1254,9689,1,14.0,1,4,SOFT,0.0
1254,9689,1,31.0,1,4,SOFT,0.0
1254,9689,1,30.0,1,4,SOFT,0.0
1254,9689,1,55.0,1,7,SOFT,0.0
1254,9689,1,23.0,1,7,SOFT,0.0
1254,9689,1,10.0,1,7,SOFT,0.0
1254,9689,1,7.0,1,7,SOFT,0.0
1254,9689,2,5.0,4,6,SOFT,0.0
1254,9689,2,30.0,5,6,SOFT,0.0
1254,9689,2,1.0,5,6,SOFT,3.0
1254,9689,2,63.0,5,7,MEDIUM,3.0
1254,9689,2,27.0,5,7,SOFT,3.0
1254,9689,2,31.0,5,7,SOFT,0.0
1254,9689,2,16.0,5,7,SOFT,0.0
1254,9689,2,14.0,5,7,SOFT,0.0
1254,9689,2,18.0,5,7,SOFT,0.0
1254,9689,2,4.0,5,7,SOFT,3.0
1254,9689,2,44.0,5,7,SOFT,3.0
1254,9689,2,81.0,5,7,SOFT,3.0
1254,9689,2,22.0,5,7,SOFT,0.0
1254,9689,2,6.0,5,7,SOFT,0.0
1254,9689,2,12.0,5,10,SOFT,0.0
1254,9689,3,30.0,7,8,SOFT,0.0
1254,9689,3,5.0,7,9,SOFT,0.0
1254,9689,3,1.0,7,9,SOFT,0.0
1254,9689,3,4.0,8,7,UNKNOWN,0.0
1254,9689,3,16.0,8,8,SOFT,0.0
1254,9689,3,81.0,8,8,SOFT,0.0
1254,9689,3,14.0,8,9,SOFT,0.0
1254,9689,2,55.0,8,10,SOFT,0.0
1254,9689,3,63.0,8,10,SOFT,0.0
1254,9689,2,10.0,8,10,SOFT,0.0
1254,9689,2,7.0,8,10,SOFT,0.0
1254,9689,3,31.0,8,10,SOFT,0.0
1254,9689,2,23.0,8,10,SOFT,0.0
1254,9689,3,18.0,8,10,SOFT,0.0
1254,9689,3,44.0,8,10,SOFT,6.0
1254,9689,3,27.0,8,10,SOFT,0.0
1254,9689,3,6.0,8,10,SOFT,0.0
1254,9689,3,22.0,8,10,SOFT,0.0
1254,9689,4,4.0,8,12,SOFT,6.0
1254,9689,4,16.0,9,11,SOFT,7.0
1254,9689,4,81.0,9,11,SOFT,0.0
1254,9689,4,14.0,10,11,SOFT,2.0
1254,9689,4,5.0,10,12,SOFT,3.0
1254,9689,4,1.0,10,12,SOFT,3.0
1254,9689,4,44.0,11,13,SOFT,3.0
1254,9689,4,63.0,11,13,SOFT,3.0
1254,9689,3,55.0,11,13,SOFT,0.0
1254,9689,3,23.0,11,13,SOFT,0.0
1254,9689,4,18.0,11,13,SOFT,3.0
1254,9689,3,10.0,11,13,SOFT,0.0
1254,9689,3,7.0,11,13,SOFT,3.0
1254,9689,4,22.0,11,13,SOFT,0.0
1254,9689,4,6.0,11,13,SOFT,0.0
1254,9689,5,81.0,12,13,SOFT,3.0
1254,9689,5,16.0,12,14,SOFT,0.0
1254,9689,5,14.0,12,14,SOFT,0.0
1254,9689,5,5.0,13,14,SOFT,0.0
1254,9689,5,4.0,13,15,SOFT,3.0
1254,9689,5,1.0,13,15,SOFT,0.0
1254,9689,5,18.0,14,16,SOFT,0.0
1254,9689,5,63.0,14,16,SOFT,0.0
1254,9689,4,7.0,14,16,SOFT,0.0
1254,9689,4,55.0,14,16,SOFT,0.0
1254,9689,4,23.0,14,16,SOFT,0.0
1254,9689,4,10.0,14,16,SOFT,0.0
1254,9689,6,81.0,14,16,SOFT,0.0
1254,9689,5,22.0,14,16,SOFT,3.0
1254,9689,5,44.0,14,18,SOFT,0.0
1254,9689,6,16.0,15,16,SOFT,3.0
1254,9689,6,4.0,16,18,SOFT,0.0
1254,9689,6,1.0,16,18,SOFT,0.0
1254,9689,7,16.0,17,19,SOFT,0.0
1254,9689,6,63.0,17,19,SOFT,0.0
1254,9689,5,55.0,17,19,SOFT,0.0
1254,9689,5,10.0,17,19,SOFT,3.0
1254,9689,5,23.0,17,19,SOFT,3.0
1254,9689,7,81.0,17,19,SOFT,0.0
1254,9689,6,22.0,17,19,SOFT,0.0
1254,9689,6,44.0,19,21,SOFT,6.0
1254,9689,7,4.0,19,21,SOFT,0.0
1254,9689,8,16.0,20,21,SOFT,2.0
1254,9689,7,63.0,20,22,SOFT,0.0
1254,9689,6,10.0,20,22,SOFT,0.0
1254,9689,6,55.0,20,22,SOFT,0.0
1254,9689,6,23.0,20,22,SOFT,0.0
1254,9689,7,44.0,22,24,SOFT,0.0
